Sample_text,Category,Final Label,Reasoning,Female_biased,Not Female_biased,Artist_biased Label,Not Artist_biased Label,Sportsman_biased Label,Not Sports_biased Label,Vlogger_biased Label,Not Vlogger_biased Label,Muslim_biased Label,Hindu_biased Label,Not Muslim and Hindu,Diplomacy_biased Label,Not Diplomacy_biased Label,Security_Analyst_biased Label,Not Security_Analyst_biased Label,Journalist_biased Label,Not Journalist_biased Label,Plitical Personality_biased Label,NonPlitical Personality_biased Label,International Relation Analyst_biased Label,Not International Relation Analyst_biased Label
১৮ কোটির চোদা খাওয়া শেষে এখন ১৫০কোটির চোদা খাবে মিথিলা,Gender,Sexual Harassments,"এখানে অবমাননাকর ভাষা সরাসরি নারীর প্রতি ব্যবহার করা হয়েছে।
এই মন্তব্যে নারীর প্রতি যৌন ইঙ্গিতপূর্ণ বিদ্বেষ প্রকাশ পেয়েছে।
লিঙ্গভিত্তিক অসম্মান ও অপমানমূলক বাক্য ব্যবহারের কারণে এটি যৌন হয়রানি।","১. নারীকে যৌনভাবে অপমান করা হয়েছে।  
২. লিঙ্গভিত্তিক ঘৃণ্য ভাষা ব্যবহৃত হয়েছে।  
৩. যৌন ইঙ্গিতপূর্ণ বিদ্বেষ প্রকাশ পেয়েছে।","১. নারীকে যৌন ইঙ্গিত করে গালি দেওয়া হয়েছে।  
২. মিথিলা শব্দে লিঙ্গভিত্তিক আক্রমণ করা হয়েছে।  
৩. যৌন সহিংসতার ভাষা ব্যবহৃত হয়েছে।","১. অশ্লীল ভাষায় নারীকে লক্ষ্য করে গালি দেওয়া হয়েছে।  
২. মিথিলা শব্দে লিঙ্গভিত্তিক আক্রমণ স্পষ্ট।  
৩. যৌন সহিংসতার ইঙ্গিত রয়েছে বাক্যে।","১. অশ্লীল শব্দ ব্যবহার করে নারীকে লক্ষ্য করা হয়েছে।  
২. মিথিলা শব্দে লিঙ্গভিত্তিক আক্রমণ স্পষ্ট।  
৩. যৌন সহিংসতার ইঙ্গিত দেওয়া হয়েছে।","১. অশ্লীল ভাষায় নারীকে লক্ষ্য করা হয়েছে।  
২. মিথিলা শব্দে লিঙ্গভিত্তিক আক্রমণ আছে।  
৩. যৌন সহিংসতার ইঙ্গিত স্পষ্ট।","১. অশ্লীল শব্দ ব্যবহার করা হয়েছে।  
২. নারীকে যৌনভাবে আক্রমণ করা হয়েছে।  
৩. যৌন সহিংসতার ইঙ্গিত স্পষ্ট।","১. অশ্লীল শব্দ স্পষ্টভাবে ব্যবহৃত হয়েছে।  
২. নারীকে যৌন আক্রমণের ইঙ্গিত রয়েছে।  
৩. যৌন সহিংসতার ভাষা স্পষ্ট।","১. অশ্লীল শব্দ ""চোদা"" স্পষ্টভাবে ব্যবহার করা হয়েছে।  
২. নারীকে লক্ষ্য করে যৌন সহিংসতার ইঙ্গিত দেওয়া হয়েছে।  
৩. যৌন সহিংসতা সংবলিত ভাষা স্পষ্টভাবে ব্যবহৃত হয়েছে।","১. অশ্লীল শব্দ ব্যবহারে বক্তব্য আপত্তিকর।  
২. নারীকে লক্ষ্য করে যৌন সহিংসতার ইঙ্গিত।  
৩. যৌন সহিংসতা সংবলিত ভাষা স্পষ্ট।","১. অশ্লীল শব্দ ব্যবহার করে আপত্তিকর ভাষা।  
২. যৌন সহিংসতার ইঙ্গিত স্পষ্ট ভাবে প্রকাশিত।  
৩. নারীকে লক্ষ্য করে আক্রমণাত্মক মন্তব্য।","১. অশ্লীল শব্দ ব্যবহার করা হয়েছে স্পষ্টভাবে।  
২. যৌন সহিংসতার ইঙ্গিত দেওয়া হয়েছে বাক্যে।  
৩. নারীকে লক্ষ্য করে আক্রমণাত্মক ভাষা ব্যবহৃত হয়েছে।","১. অশ্রাব্য ভাষায় নারীকে অপমান করা হয়েছে।  
২. যৌন সহিংসতার প্রত্যক্ষ উল্লেখ আছে।  
৩. নারীকে লক্ষ্য করে ঘৃণ্য ভাষা ব্যবহৃত।","১. অশ্রাব্য শব্দে নারীকে লক্ষ্য করা হয়েছে।  
২. যৌন সহিংসতার স্পষ্ট উল্লেখ আছে।  
৩. ঘৃণ্য ভাষায় নারীকে অপমান করা হয়েছে।","১. নারীকে অশ্রাব্য ভাষায় লক্ষ্য করা হয়েছে।  
২. যৌন সহিংসতার স্পষ্ট উল্লেখ রয়েছে।  
৩. ঘৃণ্য ভাষায় নারীকে হেয় করা হয়েছে।","১. অশ্লীল ভাষায় নারীকে লক্ষ্য করা হয়েছে।  
২. যৌন সহিংসতার উল্লেখ স্পষ্ট।  
৩. নারীকে ঘৃণাসূচক ভাষায় আক্রমণ।","১. অশ্রাব্য ভাষায় নারীকে লক্ষ্য করা হয়েছে।  
২. যৌন সহিংসতার ইঙ্গিত স্পষ্ট।  
৩. নারীকে অপমানজনক ভাষায় আক্রমণ।","১. অশ্রাব্য ভাষায় নারীকে উদ্দেশ্য করা হয়েছে।  
২. যৌন সহিংসতার ইঙ্গিত স্পষ্টভাবে আছে।  
৩. নারীকে অপমানজনকভাবে আক্রমণ করা হয়েছে।","১. অশ্রাব্য শব্দে নারীকে লক্ষ্য করা হয়েছে।  
২. যৌন সহিংসতার ভাষা স্পষ্টভাবে ব্যবহৃত হয়েছে।  
৩. নারীকে অপমানজনকভাবে উল্লেখ করা হয়েছে।","১. অশ্রাব্য শব্দে নারীকে লক্ষ্য করা হয়েছে।  
- **কারণ:** ""চোদা খাওয়া"" অশ্রাব্য শব্দে নারীকে ইঙ্গিত করছে।  

২. যৌন সহিংসতার ভাষা স্পষ্টভাবে ব্যবহৃত হয়েছে।  
- **কারণ:** ""চোদা খাবে"" যৌন সহিংসতার ভাষা প্রকাশ করছে।  

৩. নারীকে অপমানজনকভাবে উল্লেখ করা হয়েছে।  
- **কারণ:** মিথিলাকে অশালীনভাবে উল্লেখ করা হয়েছে।","১. ""চোদা খাওয়া"" শব্দটি অশালীন ও নারীকে লক্ষ্য করে।  

২. যৌন সহিংসতার ইঙ্গিত স্পষ্টভাবে রয়েছে।  

৩. মিথিলাকে অপমানজনকভাবে উপস্থাপন করা হয়েছে।","১. অশালীন ভাষায় নারীকে লক্ষ্য করা হয়েছে।  

২. যৌন সহিংসতার ইঙ্গিত স্পষ্ট।  

৩. মিথিলাকে অপমানজনকভাবে উল্লেখ করা হয়েছে।"
২য় মীর জাফরের মুখে মুতে দে...,Gender,Offensive,"মন্তব্যটি অপমানসূচক এবং সরাসরি ব্যক্তি চরিত্রে আঘাত হেনেছে।
এখানে অশালীন ভাষার মাধ্যমে হেয় প্রতিপন্ন করার প্রচেষ্টা রয়েছে।
ব্যক্তিগত অবমাননা ও আক্রমণাত্মক শব্দ ব্যবহারের কারণে এটি আপত্তিকর।","1. অশালীন ভাষায় ব্যক্তিকে হেয় করা হয়েছে।  
2. মন্তব্যটি ব্যক্তিগত অবমাননাকর।  
3. আক্রমণাত্মক শব্দ ব্যবহারের কারণে আপত্তিকর।","1. অশালীন ভাষা ব্যবহার করে অপমান করা হয়েছে।  
2. ব্যক্তিকে হেয় করার জন্য আপত্তিকর শব্দ ব্যবহৃত।  
3. আক্রমণাত্মক ভাষায় অবমাননাকর মন্তব্য করা হয়েছে।","1. অশালীন শব্দ ব্যবহার করে অপমান করা হয়েছে।  
2. ব্যক্তিকে হেয় করতে আপত্তিকর ভাষা ব্যবহৃত।  
3. আক্রমণাত্মক ভাষায় অবমাননাকর মন্তব্য করা।","1. অশালীন শব্দ ব্যবহার করে অপমান স্পষ্ট।  
2. ব্যক্তিকে হেয় করতে আপত্তিকর ভাষা।  
3. আক্রমণাত্মক ভাষায় অবমাননাকর মন্তব্য।","1. ""২য় মীর জাফর"" বলতে ঐতিহাসিকভাবে অপমান বোঝায়।  
2. ""মুখে মুতে দে"" অশালীন ও আক্রমণাত্মক ভাষা।  
3. ব্যক্তিকে হেয় করার জন্য আপত্তিকর শব্দ ব্যবহৃত হয়েছে।","১. ঐতিহাসিকভাবে অপমানজনক শব্দ ব্যবহার করা হয়েছে।  
২. অশালীন ভাষায় ব্যক্তিকে আক্রমণ করা হয়েছে।  
৩. হেয়প্রতিপন্ন করার জন্য আপত্তিকর শব্দ ব্যবহৃত।","১. ঐতিহাসিকভাবে মীর জাফরকে অপমানজনকভাবে উল্লেখ করা হয়েছে।  
২. অশালীন ভাষায় ব্যক্তিকে লক্ষ্য করে আক্রমণ করা হয়েছে।  
৩. হেয়প্রতিপন্ন করার জন্য আপত্তিকর শব্দ ব্যবহার করা হয়েছে।","১. মীর জাফরকে অপমানজনকভাবে উল্লেখ করা হয়েছে।  
২. অশালীন ভাষায় ব্যক্তিকে আক্রমণ করা হয়েছে।  
৩. হেয়প্রতিপন্ন করার জন্য আপত্তিকর শব্দ ব্যবহৃত হয়েছে।","১. ""মীর জাফর"" শব্দটি অবমাননাকরভাবে ব্যবহার করা হয়েছে।  
২. ""মুতে দে"" অশালীন ও আপত্তিকর অভিব্যক্তি।  
৩. হেয়প্রতিপন্ন করার উদ্দেশ্যে ভাষা ব্যবহৃত হয়েছে।","১. ""মীর জাফর"" শব্দটি ইতিহাসে বিশ্বাসঘাতকতার প্রতীক।  
২. ""মুতে দে"" শব্দটি অশালীন ও অপমানজনক।  
৩. বক্তব্যে বিদ্বেষপূর্ণ ভাষা স্পষ্ট।","১. ""মীর জাফর"" শব্দটি বিশ্বাসঘাতকতার ইঙ্গিত দেয়।  
২. ""মুতে দে"" অপমানজনক ভাষার উদাহরণ।  
৩. বক্তব্যে ঘৃণা প্রকাশ পেয়েছে।","১. ""মীর জাফর"" শব্দটি বিশ্বাসঘাতকতার প্রতীক।  
২. ""মুতে দে"" শব্দে অপমান স্পষ্ট।  
৩. বক্তব্যে ঘৃণার প্রকাশ আছে।","১. ""মীর জাফর"" শব্দে বিশ্বাসঘাতকতার ইঙ্গিত।  
২. ""মুতে দে"" শব্দে অপমান প্রকাশ পায়।  
৩. বাক্যটিতে ঘৃণার স্পষ্ট প্রকাশ।","১. ""মীর জাফর"" শব্দে ইতিহাসে বিশ্বাসঘাতকতার প্রতীক।  
২. ""মুতে দে"" শব্দে অশালীন ও অপমানজনক ভাষা।  
৩. সম্পূর্ণ বাক্যটিতে ঘৃণার প্রকাশ স্পষ্ট।","১. ""মীর জাফর"" শব্দে বিশ্বাসঘাতকতার ইঙ্গিত।  
২. ""মুতে দে"" অশালীন ও আক্রমণাত্মক ভাষা।  
৩. বাক্যটি ঘৃণার প্রকাশ করে।","১. ""মীর জাফর"" শব্দে ইতিহাসে বিশ্বাসঘাতকতার প্রতীক।  
২. ""মুতে দে"" শব্দটি অশালীন ও অপমানজনক।  
৩. বাক্যটিতে বিদ্বেষপূর্ণ ভাব প্রকাশ পেয়েছে।","১. ""মীর জাফর"" শব্দটি বাংলায় বিশ্বাসঘাতকতার প্রতীক।  
২. ""মুতে দে"" শব্দটি অশালীন ও আক্রমণাত্মক।  
৩. বাক্যটিতে বিদ্বেষ স্পষ্টভাবে ফুটে উঠেছে।","১. ""মীর জাফর"" শব্দটি বিশ্বাসঘাতকতার ইঙ্গিত দেয়।  
২. ""মুতে দে"" অশালীন ভাষার ব্যবহার।  
৩. বাক্যটিতে বিদ্বেষপূর্ণ ভাব প্রকাশ পেয়েছে।","১. ""মীর জাফর"" শব্দে ইতিহাসে বিশ্বাসঘাতকতার সংযোগ।  
২. ""মুতে দে"" শব্দে অশালীনতা ও ঘৃণা প্রকাশ।  
৩. সম্পূর্ণ বাক্যে বিদ্বেষমূলক ভাব স্পষ্ট।","১. ""মীর জাফর"" শব্দে বিশ্বাসঘাতকতার ইঙ্গিত রয়েছে।  
২. ""মুতে দে"" অশালীন ও ঘৃণাত্মক ভাষা।  
৩. বাক্যটি সম্পূর্ণরূপে বিদ্বেষপূর্ণ।","১. ""মীর জাফর"" শব্দে বিশ্বাসঘাতকতার ইঙ্গিত রয়েছে।  
২. ""মুতে দে"" শব্দটি অশালীন ও আক্রমণাত্মক।  
৩. পুরো বাক্যটি ঘৃণা প্রকাশ করছে।"
অপু উকিল তুই তো ভোট চোর তোর মুখে লাথি মারী ।,Gender,Offensive,"মন্তব্যটি আক্রমণাত্মক এবং শারীরিক হিংসার ইঙ্গিত দেয়।
এখানে লিঙ্গ নির্দিষ্ট অপমানমূলক শব্দ ব্যবহার করা হয়েছে।
ব্যক্তিগত আক্রমণ এবং হুমকির কারণে এটি অপমানজনক বিবেচিত হয়েছে।","1. ""ভোট চোর"" শব্দে অপমান করা হয়েছে।  
2. ""লাথি মারী"" বলতে শারীরিক হিংসার ইঙ্গিত।  
3. লিঙ্গভিত্তিক অপমান ব্যবহার করা হয়েছে।","1. ""ভোট চোর"" বলে সম্মানহানি করা হয়েছে।  
2. ""লাথি মারী"" হিংসাত্মক ভাষা প্রকাশ করে।  
3. ""তুই"" ব্যবহারে অপমান করা হয়েছে।","1. ""ভোট চোর"" বলায় সম্মানহানির ইঙ্গিত রয়েছে।  
2. ""লাথি মারী"" বলায় হিংসার প্রকাশ পেয়েছে।  
3. ""তুই"" ব্যবহারে অপমানের স্পষ্ট লক্ষণ।","1. ""ভোট চোর"" বলায় অপমানের প্রকাশ পেয়েছে।  
2. ""লাথি মারী"" বলায় হিংসার ইঙ্গিত আছে।  
3. ""তুই"" ব্যবহারে অসম্মান ফুটে উঠেছে।","1. ""ভোট চোর"" অপমানজনক শব্দ।  
2. ""লাথি মারী"" হিংসাত্মক ভাষা।  
3. ""তুই"" ব্যবহারে অসম্মান প্রকাশ পায়।","1. ""ভোট চোর"" বলায় অপমান করা হয়েছে।  
2. ""লাথি মারী"" বলায় হিংসা প্রকাশ পেয়েছে।  
3. ""তুই"" ব্যবহারে অসম্মান স্পষ্ট।","1. ""ভোট চোর"" অপমানজনক শব্দ ব্যবহার করা হয়েছে।  
2. ""লাথি মারী"" বলায় হিংসাত্মক ইঙ্গিত রয়েছে।  
3. ""তুই"" সম্বোধন অশোভন ও অসম্মানজনক।","1. ""ভোট চোর"" বলায় অপমান করা হয়েছে।  
2. ""লাথি মারী"" হিংসার ইঙ্গিত দেয়।  
3. ""তুই"" ব্যবহার অশোভন সম্বোধন।","1. ""ভোট চোর"" অপমানজনক শব্দ।  
2. ""লাথি মারী"" হিংসাত্মক ভাষা।  
3. ""তুই"" অশালীন সম্বোধন।","1. ""ভোট চোর"" বলায় ব্যক্তিকে অপমান করা হয়েছে।  
2. ""লাথি মারী"" বলায় শারীরিক হিংসার ইঙ্গিত আছে।  
3. ""তুই"" ব্যবহারে অশালীন ভাষা প্রমাণিত।","1. ""ভোট চোর"" অপমানজনক শব্দ।  
2. ""লাথি মারী"" হিংসাত্মক ভাষা।  
3. ""তুই"" ব্যবহার অশালীন।","1. ""ভোট চোর"" বলায় ব্যক্তিকে অপমান করা হয়েছে।  
2. ""লাথি মারী"" বলায় হিংসার উস্কানি দেওয়া হয়েছে।  
3. ""তুই"" ব্যবহারে অশালীন ভাষা প্রয়োগ করা হয়েছে।","1. ""ভোট চোর"" অপমানজনক শব্দ।  
2. ""লাথি মারী"" হিংসাত্মক উক্তি।  
3. ""তুই"" অশালীন সম্বোধন।","1. ""ভোট চোর"" বলায় ব্যক্তিকে অপমান করা হয়েছে।  
2. ""লাথি মারী"" বলায় শারীরিক হুমকি দেওয়া হয়েছে।  
3. ""তুই"" ব্যবহারে অশালীন ভাষা প্রয়োগ করা হয়েছে।","1. ""ভোট চোর"" অপমানজনক শব্দ ব্যবহৃত হয়েছে।  
2. ""লাথি মারী"" বলায় হিংসাত্মক ইঙ্গিত আছে।  
3. ""তুই"" ব্যবহারে অশালীন ভাষা দেখা যাচ্ছে।","1. ""ভোট চোর"" শব্দে ব্যক্তিকে অপমান করা হয়েছে।  
2. ""লাথি মারী"" বলায় হিংসার উস্কানি রয়েছে।  
3. ""তুই"" ব্যবহারে অশালীন ভাষা প্রকাশ পেয়েছে।","1. ""ভোট চোর"" অপমানজনক শব্দ।  
2. ""লাথি মারী"" হিংসা প্ররোচনামূলক।  
3. ""তুই"" ব্যবহার অশালীন ভাষা।","1. ""ভোট চোর"" বলায় ব্যক্তিকে অপমান করা হয়েছে।  
2. ""লাথি মারী"" বলায় হিংসার প্ররোচনা দেওয়া হয়েছে।  
3. ""তুই"" ব্যবহারে অশালীন ভাষা প্রয়োগ করা হয়েছে।","1. ""ভোট চোর"" অপমানজনক শব্দ ব্যবহার করা হয়েছে।  
2. ""লাথি মারী"" হিংসার উস্কানি দিচ্ছে।  
3. ""তুই"" অশালীন ভাষার উদাহরণ।","1. ""ভোট চোর"" বলায় অপমান করা হয়েছে।  
2. ""লাথি মারী"" বলায় হিংসা উস্কে দেওয়া হয়েছে।  
3. ""তুই"" ব্যবহারে অশালীন ভাষা দেখা যাচ্ছে।","1. ""ভোট চোর"" শব্দে ব্যক্তিকে অপমান করা হয়েছে।  
2. ""লাথি মারী"" বলায় হিংসার ইঙ্গিত রয়েছে।  
3. ""তুই"" ব্যবহারে অশালীন ভাষা ব্যবহৃত হয়েছে।"
অমিত শাহ্ র দুই গালে জোতা মারো তালে তালে,Gender,Offensive,"মন্তব্যে শারীরিক হিংসার স্পষ্ট ইঙ্গিত দেওয়া হয়েছে।
ব্যক্তির প্রতি অবমাননাকর এবং হিংসাত্মক শব্দ ব্যবহার করা হয়েছে।
অশোভন ও লাঞ্ছনামূলক বক্তব্য হওয়ায় এটি আপত্তিকর বিবেচিত।","1. ""জোতা মারার"" কথায় শারীরিক হিংসার ইঙ্গিত রয়েছে।  
2. ব্যক্তির প্রতি অবমাননাকর ভাষা ব্যবহার করা হয়েছে।  
3. অশোভন ও হিংসাত্মক বক্তব্য আপত্তিকর।","1. শারীরিক হিংসার উস্কানি দেওয়া হয়েছে।  
2. অমিত শাহের প্রতি অপমানজনক ভাষা।  
3. হিংসাত্মক বক্তব্য সম্পূর্ণ অনুচিত।","1. অমিত শাহের বিরুদ্ধে শারীরিক হিংসার উস্কানি দেওয়া হয়েছে।  
2. অপমানজনক ভাষায় অমিত শাহকে লক্ষ্য করা হয়েছে।  
3. হিংসাত্মক বক্তব্য সমর্থনযোগ্য নয়।","1. অমিত শাহের গালে জোতা মারার কথা বলা হয়েছে।  
2. এটি শারীরিক হিংসাকে উৎসাহিত করছে।  
3. অপমানজনক ভাষায় হিংসার প্রচার করা হয়েছে।","1. অমিত শাহকে অপমান করা হয়েছে।  
2. শারীরিক হিংসার উৎসাহ দেওয়া হয়েছে।  
3. হিংসাত্মক ভাষা ব্যবহার করা হয়েছে।","1. অমিত শাহের প্রতি অসম্মান দেখানো হয়েছে।  
2. শারীরিক আক্রমণের প্ররোচনা দেওয়া হয়েছে।  
3. ভাষাটি হিংসাত্মক ও আক্রমণাত্মক।","1. অমিত শাহের সম্মানে আঘাত করা হয়েছে।  
2. শারীরিক হামলার উস্কানি দেওয়া হয়েছে।  
3. ভাষাটি সহিংস ও আক্রমণাত্মক।","1. অমিত শাহের প্রতি অপমানজনক ভাষা ব্যবহৃত হয়েছে।  
2. শারীরিক আক্রমণের জন্য উৎসাহিত করা হয়েছে।  
3. বক্তব্যটি সহিংসতা প্রকাশ করছে।","1. অমিত শাহের প্রতি অশালীন ভাষা ব্যবহার করা হয়েছে।  
2. শারীরিক আক্রমণের ইঙ্গিত দেওয়া হয়েছে।  
3. বক্তব্যে সহিংসতার প্রকাশ ঘটেছে।","1. অমিত শাহের প্রতি অসম্মানজনক ভাষা ব্যবহৃত হয়েছে।  
2. শারীরিক আক্রমণের হুমকি দেওয়া হয়েছে।  
3. বক্তব্যে সহিংসতার উস্কানি রয়েছে।","1. অমিত শাহের প্রতি অসম্মানজনক শব্দ ব্যবহার করা হয়েছে।  
2. জোতা মারার হুমকি শারীরিক আক্রমণের ইঙ্গিত দেয়।  
3. তালে তালে বলায় সহিংসতা উস্কে দেওয়ার লক্ষ্য দেখা যাচ্ছে।","1. অমিত শাহের নামে অপমানজনক ভাষা ব্যবহৃত হয়েছে।  
2. জোতা মারার কথা বলায় শারীরিক হুমকি স্পষ্ট।  
3. তালে তালে শব্দে সহিংসতা উস্কানির লক্ষণ দেখা যায়।","1. অমিত শাহের নামে অশালীন ভাষা ব্যবহার করা হয়েছে।  
2. জোতা মারার হুমকি স্পষ্টভাবে দেওয়া হয়েছে।  
3. তালে তালে বলায় সহিংসতা উস্কে দেওয়া হচ্ছে।","1. অমিত শাহের প্রতি অশালীন ভাষা ব্যবহৃত হয়েছে।  
2. জোতা মারার হুমকি স্পষ্টভাবে ফুটে উঠেছে।  
3. তালে তালে বলায় সহিংসতা উস্কানি দেওয়া হচ্ছে।","1. অমিত শাহের প্রতি অসম্মানজনক ভাষা ব্যবহার করা হয়েছে।  
2. জোতা মারার হুমকি স্পষ্টভাবে দেখা যাচ্ছে।  
3. তালে তালে বলায় সহিংসতা উস্কে দেওয়া হচ্ছে।","1. অমিত শাহের নামে অপমানজনক ভাষা ব্যবহৃত হয়েছে।  
2. জোতা মারার কথা সহিংসতা প্রকাশ করে।  
3. তালে তালে বলায় উস্কানিমূলক ভাব রয়েছে।","1. অমিত শাহের প্রতি অসম্মান দেখানো হয়েছে।  
2. জোতা মারার কথা হিংসাত্মক ইঙ্গিত দেয়।  
3. তালে তালে বলায় উত্তেজনা বাড়ানো হয়েছে।","1. অমিত শাহের নামে অপমানজনক ভাষা ব্যবহার করা হয়েছে।  
2. জোতা মারার কথা সরাসরি হিংসাকে উৎসাহিত করে।  
3. তালে তালে বলায় উত্তেজনাকর পরিস্থিতি তৈরি করা হয়েছে।","1. অমিত শাহের প্রতি অপমানজনক ভাষা ব্যবহৃত হয়েছে।  
2. জোতা মারার কথা হিংসাত্মক উস্কানি দিচ্ছে।  
3. তালে তালে বলায় উত্তেজনা বাড়ানো হয়েছে।","1. অমিত শাহকে অপমান করার জন্য জুতা মারার কথা বলা হয়েছে।  
2. জুতা মারার উক্তি সরাসরি হিংসাকে উস্কে দিচ্ছে।  
3. তালে তালে বলায় হিংসার মাত্রা বাড়ানো হয়েছে।","1. অমিত শাহের প্রতি অপমানজনক ভাষা ব্যবহার করা হয়েছে।  
2. জুতা মারার কথা বলায় হিংসা উস্কে দেওয়া হয়েছে।  
3. তালে তালে বলায় হিংসার মাত্রা বৃদ্ধি পেয়েছে।"
অমিত সাহ কে বাঁশ দেও,Gender,Offensive,"মন্তব্যটি স্পষ্টভাবে অবমাননাকর এবং অশালীন ভাষা ব্যবহার করেছে।
ব্যক্তির প্রতি অসম্মান প্রকাশ করায় এটি অপমানজনক।
অশোভন ও আক্রমণাত্মক বক্তব্য হওয়ায় এটি আপত্তিকর।","1. ""বাঁশ দেও"" অপমানজনক শব্দবন্ধ।  
2. ব্যক্তিকে অসম্মান করার ভাষা।  
3. অশালীন ও আক্রমণাত্মক অভিব্যক্তি।","1. ""বাঁশ দেও"" অপমানজনক শব্দ হিসেবে ব্যবহৃত হয়।  
2. এটি অসম্মানজনক ভাব প্রকাশ করে।  
3. আক্রমণাত্মক ভাষার লক্ষণ দেখা যায়।","1. ""বাঁশ দেও"" অপমানজনক শব্দ।  
2. অমিত সাহকে অসম্মান করা হয়েছে।  
3. আক্রমণাত্মক ভাষার ব্যবহার।","1. ""বাঁশ দেও"" একটি অশালীন অভিব্যক্তি।  
2. এটি ব্যক্তিকে অপমান করার জন্য ব্যবহৃত হয়।  
3. এই বাক্যটি আক্রমণাত্মক ভাব প্রকাশ করে।","1. ""বাঁশ দেও"" অপমানজনক শব্দ।  
2. এটি আক্রমণাত্মক ভাব প্রকাশ করে।  
3. ব্যক্তিকে হেয় করার জন্য ব্যবহৃত হয়।","1. ""বাঁশ দেও"" শব্দগুচ্ছ অপমানকর।  
2. এটি ব্যক্তির প্রতি আক্রমণাত্মক।  
3. হেয়প্রতিপন্ন করার জন্য ব্যবহৃত হয়।","1. ""বাঁশ দেও"" অর্থ অপমানজনক।  
2. এটি আক্রমণাত্মক ভাষা।  
3. হেয়প্রতিপন্ন করার উদ্দেশ্য আছে।","1. ""বাঁশ দেও"" অপমানকর শব্দগুচ্ছ।  
2. এখানে ব্যক্তিকে হেয় করা হয়েছে।  
3. ভাষাটি আক্রমণাত্মক ও নেতিবাচক।","1. ""বাঁশ দেও"" শব্দটি অপমানজনক।  
2. এটি ব্যক্তিকে হেয় করার জন্য ব্যবহৃত।  
3. ভাষাটি আক্রমণাত্মক ও অবমাননাকর।","1. ""বাঁশ দেও"" শব্দটি অশালীন ও অপমানকর।  
2. এটি ব্যক্তির সম্মানহানি করে।  
3. বাক্যটিতে আক্রমণাত্মক ভাষা ব্যবহৃত হয়েছে।","1. ""বাঁশ দেও"" অপমানজনক শব্দগুচ্ছ।  
2. এটি অশালীন ও আক্রমণাত্মক।  
3. ব্যক্তির সম্মানহানির লক্ষণ।","1. ""বাঁশ দেও"" শব্দটি অপমানকর।  
2. এটি আক্রমণাত্মক ভাষার উদাহরণ।  
3. ব্যক্তির সম্মানহানি করা হচ্ছে।","1. ""বাঁশ দেও"" একটি অশালীন ও অপমানজনক শব্দ।  
2. এটি ব্যক্তিকে হেয়প্রতিপন্ন করার জন্য ব্যবহৃত হয়।  
3. এই বাক্যটি আক্রমণাত্মক ও অসৌজন্যপূর্ণ।","1. ""বাঁশ দেও"" অপমানজনক শব্দ।  
2. এটি হেয়প্রতিপন্ন করার জন্য ব্যবহৃত।  
3. বাক্যটি আক্রমণাত্মক ও অসৌজন্যপূর্ণ।","1. ""বাঁশ দেও"" অপমানজনক শব্দ।  
2. এটি হিংসাত্মক ভাষার উদাহরণ।  
3. বাক্যটি ব্যক্তিকে হেয়প্রতিপন্ন করে।","1. ""বাঁশ দেও"" অপমানজনক শব্দ হিসেবে ব্যবহৃত হয়।  
2. এটি হিংসাত্মক ভাষা প্রকাশ করে।  
3. ব্যক্তিকে হেয় প্রতিপন্ন করার জন্য বলা হয়েছে।","1. ""বাঁশ দেও"" অপমানজনক শব্দ।  
2. হিংসাত্মক ভাষা প্রকাশ করে।  
3. ব্যক্তিকে হেয় করা উদ্দেশ্য।","1. ""বাঁশ দেও"" শব্দগুচ্ছ অপমানজনক অর্থ বহন করে।  
2. এই বাক্যে হিংসাত্মক ইঙ্গিত রয়েছে।  
3. অমিত সাহকে হেয় করার লক্ষ্য দেখা যাচ্ছে।","1. ""বাঁশ দেও"" শব্দে অপমান প্রকাশ পায়।  
2. বাক্যটিতে হিংসার ইঙ্গিত আছে।  
3. অমিত সাহকে হেয় করার উদ্দেশ্য দেখা যায়।","১. অপমানজনক শব্দ ব্যবহার করা হয়েছে।  
২. হিংসাত্মক ইঙ্গিত স্পষ্ট।  
৩. ব্যক্তিকে হেয় করার উদ্দেশ্য।","১. ""অমিত সাহ"" নামে ব্যক্তিগত আক্রমণ করা হয়েছে।  
২. ""বাঁশ দেও"" শব্দে হিংসার ইঙ্গিত রয়েছে।  
৩. উদ্দেশ্য হলো ব্যক্তিকে অপমান করা।"
অর বুদার মধ্যে কারেন্ট দিলে সব এমনিই বলে দিবে,Gender,Offensive,"মন্তব্যে শারীরিক নির্যাতনের ইঙ্গিত দেওয়া হয়েছে, যা অশোভন।
ব্যক্তির প্রতি অবমাননাকর এবং আক্রমণাত্মক বক্তব্য ব্যবহৃত হয়েছে।
অপমানজনক ও হুমকির সুরে হওয়ায় এটি আপত্তিকর বিবেচিত।","1. শারীরিক নির্যাতনের ইঙ্গিত দেওয়া হয়েছে।  
2. আক্রমণাত্মক ভাষা ব্যবহৃত হয়েছে।  
3. হুমকির সুরে বক্তব্য অশোভন।","1. কারেন্ট দেওয়ার কথা বলা হয়েছে।  
2. হিংসাত্মক ইঙ্গিত স্পষ্ট।  
3. হুমকির সুরে বক্তব্য প্রকাশিত।","1. বিদ্যুৎ দেওয়ার হুমকি রয়েছে।  
2. হিংসার ইঙ্গিত স্পষ্ট।  
3. বক্তব্যে হুমকির সুর লক্ষণীয়।","1. বিদ্যুতের উল্লেখে হুমকি স্পষ্ট।  
2. হিংসাত্মক ইঙ্গিত প্রকাশ পাচ্ছে।  
3. বক্তব্যের ভয়ংকর সুর লক্ষণীয়।","1. বিদ্যুতের ব্যবহারে হুমকির ইঙ্গিত রয়েছে।  
2. হিংসাত্মক বার্তা স্পষ্টভাবে ফুটে উঠেছে।  
3. ভয়ানক শব্দে হুমকির প্রকাশ ঘটেছে।","1. ""কারেন্ট দিলে"" শব্দে হিংসার ইঙ্গিত রয়েছে।  
2. ""বুদার মধ্যে"" বলায় ভয়ানক শব্দের ব্যবহার।  
3. ""সব বলে দিবে"" হুমকির প্রকাশ পেয়েছে।","1. ""কারেন্ট দিলে"" শব্দে হিংসার ইঙ্গিত রয়েছে।  
2. ""বুদার মধ্যে"" বলায় অশালীন ভাষা ব্যবহৃত হয়েছে।  
3. ""সব বলে দিবে"" অংশে হুমকির ভাব প্রকাশ পেয়েছে।","1. ""কারেন্ট দিলে"" শব্দে শারীরিক ক্ষতির ইঙ্গিত আছে।  
2. ""বুদার মধ্যে"" অশালীন ও আক্রমণাত্মক ভাষা।  
3. ""সব বলে দিবে"" হুমকির মতো শোনায়।","1. ""কারেন্ট দিলে"" শারীরিক ক্ষতির হুমকি দেয়।  
2. ""বুদার মধ্যে"" অশালীন ভাষা ব্যবহার করা হয়েছে।  
3. ""সব বলে দিবে"" হুমকির মত শোনায়।","1. ""কারেন্ট দিলে"" শারীরিক নির্যাতনের ইঙ্গিত দেয়।  
2. ""বুদার মধ্যে"" অশ্লীল ভাষা হিসেবে বিবেচ্য।  
3. ""সব বলে দিবে"" ভীতিকর হুমকির প্রকাশ।","1. ""কারেন্ট দিলে"" শারীরিক ক্ষতির হুমকি দেয়।  
2. ""বুদার মধ্যে"" অশালীন শব্দ ব্যবহার করা হয়েছে।  
3. ""সব বলে দিবে"" ভয় প্রদর্শনের লক্ষ্যে বলা।","1. ""কারেন্ট দিলে"" শারীরিক ক্ষতির ইঙ্গিত দেয়।  
2. ""বুদার মধ্যে"" অশালীন ভাষার প্রমাণ।  
3. ""সব বলে দিবে"" ভয় দেখানোর উদ্দেশ্য।","1. ""কারেন্ট দিলে"" শারীরিক নির্যাতনের হুমকি প্রকাশ করে।  
2. ""বুদার মধ্যে"" অশালীন শব্দ ব্যবহার করা হয়েছে।  
3. ""সব বলে দিবে"" ভীতি প্রদর্শনের লক্ষ্য রাখে।","1. ""কারেন্ট দিলে"" শারীরিক ক্ষতির ইঙ্গিত দেয়।  
2. ""বুদার মধ্যে"" অশালীন ভাষার প্রমাণ।  
3. ""সব বলে দিবে"" ভীতিকর অবস্থার সৃষ্টি করে।","1. ""কারেন্ট দিলে"" শারীরিক নির্যাতনের ইঙ্গিত দেয়।  
2. ""বুদার মধ্যে"" অশালীন ও আক্রমণাত্মক ভাষা।  
3. ""সব বলে দিবে"" হুমকির মত শোনায়।","1. ""কারেন্ট দিলে"" শারীরিক ক্ষতির ইঙ্গিত দেয়।  
2. ""বুদার মধ্যে"" অশালীন ও অপমানজনক।  
3. ""সব বলে দিবে"" ভয় প্রদর্শনের ভাষা।","1. ""কারেন্ট দিলে"" শারীরিক নির্যাতনের হুমকি দেয়।  
2. ""বুদার মধ্যে"" অশালীন ভাষার ব্যবহার।  
3. ""সব বলে দিবে"" ভয় দেখানোর লক্ষ্য করে।","1. ""কারেন্ট দিলে"" শারীরিক ক্ষতির ইঙ্গিত দেয়।  
2. ""বুদার মধ্যে"" অশালীন শব্দ ব্যবহার করা হয়েছে।  
3. ""সব বলে দিবে"" ভীতি প্রদর্শনের লক্ষ্য রাখে।","1. ""কারেন্ট দিলে"" শারীরিক নির্যাতনের ইঙ্গিত দেয়।  
2. ""বুদার মধ্যে"" অশালীন ভাষার ব্যবহার দেখা যায়।  
3. ""সব বলে দিবে"" ভয় দেখানোর উদ্দেশ্য রয়েছে।","1. ""কারেন্ট দিলে"" শারীরিক ক্ষতির ইঙ্গিত দেয়।  
2. ""বুদার মধ্যে"" অশালীন শব্দ ব্যবহার করা হয়েছে।  
3. ""সব বলে দিবে"" হুমকির ভাষা প্রকাশ করে।","1. ""কারেন্ট দিলে"" শারীরিক নির্যাতনের ইঙ্গিত দেয়।  
2. ""বুদার মধ্যে"" অশালীন ও আপত্তিকর ভাষা।  
3. ""সব বলে দিবে"" হুমকির মতো শোনায়।"
অসভ্য মদি সরকারকে কঠিন ভাবে সাইজ করা দরকার,Gender,Offensive,"মন্তব্যে অবমাননাকর শব্দ ব্যবহার করে সরকারকে হেয় করা হয়েছে।
সরকারের প্রতি আক্রমণাত্মক ও অসম্মানজনক ভাষা ব্যবহৃত হয়েছে।
কঠোর হুমকির মাধ্যমে নেতিবাচক মনোভাব প্রকাশ করায় এটি আপত্তিকর।","১. ""অসভ্য"" শব্দে সরকারের প্রতি অসম্মান প্রকাশ পেয়েছে।  
২. ""কঠিন ভাবে সাইজ করা"" হুমকিসূচক বাক্যাংশ।  
৩. সরকারকে হেয় করতে আক্রমণাত্মক ভাষা ব্যবহৃত হয়েছে।","১. ""অসভ্য"" শব্দে অপমান প্রকাশ পায়।  
২. ""সাইজ করা"" হুমকির লক্ষণ।  
৩. সরকারের প্রতি আক্রমণাত্মক ভাষা।","১. ""অসভ্য"" শব্দে অপমান স্পষ্ট।  
২. ""সাইজ করা"" হুমকির ইঙ্গিত।  
৩. সরকারের বিরুদ্ধে আক্রমণাত্মক ভাষা।","১. ""অসভ্য"" শব্দে অপমান প্রকাশ পায়।  
২. ""সাইজ করা"" হিংসাত্মক ইঙ্গিত বহন করে।  
৩. সরকারের প্রতি আক্রমণাত্মক ভাষা ব্যবহৃত হয়েছে।","১. ""অসভ্য"" শব্দে অপমান স্পষ্ট।  
২. ""সাইজ করা"" হিংসার ইঙ্গিত দেয়।  
৩. সরকারের প্রতি ভাষা আক্রমণাত্মক।","১. ""অসভ্য"" শব্দে অপমান প্রকাশ পায়।  
২. ""সাইজ করা"" হিংসাত্মক অর্থ বহন করে।  
৩. সরকারের প্রতি ভাষা আক্রমণাত্মক।","১. ""অসভ্য"" শব্দে অবমাননাকর ভাব প্রকাশ পায়।  
২. ""সাইজ করা"" শব্দে হিংসার ইঙ্গিত আছে।  
৩. সরকারের বিরুদ্ধে আক্রমণাত্মক ভাষা ব্যবহৃত হয়েছে।","১. ""অসভ্য"" শব্দে অপমান প্রকাশ পায়।  
২. ""সাইজ করা"" হিংসাত্মক অর্থ বহন করে।  
৩. সরকারের প্রতি আক্রমণাত্মক ভাষা ব্যবহৃত।","১. ""অসভ্য"" শব্দে অবমাননাকর ভাব প্রকাশ পায়।  
২. ""সাইজ করা"" শব্দে হিংসার ইঙ্গিত আছে।  
৩. সরকারের বিরুদ্ধে আক্রমণাত্মক ভাষা ব্যবহৃত হয়েছে।","১. ""অসভ্য"" শব্দে অপমান প্রকাশ পায়।  
২. ""সাইজ করা"" হিংসার ইঙ্গিত দেয়।  
৩. সরকারের বিরুদ্ধে ভাষা আক্রমণাত্মক।","১. ""অসভ্য"" শব্দে অপমান স্পষ্ট।  
২. ""সাইজ করা"" হিংসার ইঙ্গিত বহন করে।  
৩. সরকারের বিরুদ্ধে ভাষা আক্রমণাত্মক।","১. ""অসভ্য"" শব্দে অপমান প্রকাশ পায়।  
২. ""সাইজ করা"" হিংসার ইঙ্গিত দেয়।  
৩. সরকারের প্রতি ভাষা আক্রমণাত্মক।","১. ""অসভ্য"" শব্দে অবমাননাকর ভাব প্রকাশ পায়।  
২. ""সাইজ করা"" শব্দে হিংসার ইঙ্গিত রয়েছে।  
৩. সরকারের বিরুদ্ধে আক্রমণাত্মক ভাষা ব্যবহৃত হয়েছে।","১. ""অসভ্য"" শব্দে অপমানজনক ভাব আছে।  
২. ""সাইজ করা"" হিংসার ইঙ্গিত দেয়।  
৩. সরকারের বিরুদ্ধে আক্রমণাত্মক ভাষা ব্যবহৃত।","১. ""অসভ্য"" শব্দে অপমান স্পষ্ট।  
২. ""সাইজ করা"" হিংসার ইঙ্গিত বহন করে।  
৩. সরকারের বিরুদ্ধে ভাষা আক্রমণাত্মক।","১. ""অসভ্য"" শব্দে অপমান প্রকাশ পায়।  
২. ""সাইজ করা"" হিংসার ইঙ্গিত দেয়।  
৩. সরকারের বিরুদ্ধে ভাষা আক্রমণাত্মক।","১. ""অসভ্য"" শব্দে অপমান স্পষ্ট।  
২. ""সাইজ করা"" হিংসার ইঙ্গিত বহন করে।  
৩. সরকারের বিরুদ্ধে ভাষা আক্রমণাত্মক।","১. ""অসভ্য"" শব্দে অবমাননাকর ভাষা ব্যবহৃত হয়েছে।  
২. ""সাইজ করা"" বলায় হিংসাত্মক ইচ্ছা প্রকাশ পেয়েছে।  
৩. সরকারের বিরুদ্ধে আক্রমণাত্মক ভাষা ব্যবহার করা হয়েছে।","১. ""অসভ্য"" শব্দে অপমান প্রকাশ পেয়েছে।  
২. ""সাইজ করা"" হিংসার ইঙ্গিত দেয়।  
৩. সরকারের প্রতি আক্রমণাত্মক ভাষা ব্যবহৃত হয়েছে।","১. ""অসভ্য"" শব্দে অবমাননাকর ভাষা ব্যবহৃত হয়েছে।  
২. ""সাইজ করা"" শব্দে হিংসাত্মক ইচ্ছা প্রকাশ পেয়েছে।  
৩. সরকারের বিরুদ্ধে আক্রমণাত্মক বক্তব্য লক্ষণীয়।","১. ""অসভ্য"" শব্দে অপমান প্রকাশ পেয়েছে।  
২. ""সাইজ করা"" হিংসার ইঙ্গিত দেয়।  
৩. সরকারের বিরুদ্ধে আক্রমণাত্মক ভাষা ব্যবহৃত হয়েছে।"
আববাসিরে জুতা পিটা কর,Gender,Violence,"মন্তব্যে সরাসরি শারীরিক হিংসার আহ্বান জানানো হয়েছে।
আক্রমণাত্মক ভাষা ব্যবহার করে সহিংস আচরণ উৎসাহিত করা হয়েছে।
অন্যের প্রতি শারীরিক আঘাতের ইঙ্গিত থাকায় এটি সহিংসতা হিসাবে বিবেচিত।","১. ""জুতা পিটা কর"" বলায় সরাসরি হিংসার নির্দেশনা রয়েছে।  
২. শারীরিক আঘাতের উৎসাহ দেওয়া হয়েছে।  
৩. ভাষাটি আক্রমণাত্মক ও সহিংসতামূলক।","১. ""জুতা পিটা কর"" হিংসাত্মক কাজের নির্দেশ দেয়।  
২. শারীরিক নির্যাতনের উৎসাহ দেওয়া হয়েছে।  
৩. ভাষাটি সহিংস ও আক্রমণাত্মক।","১. ""জুতা পিটা কর"" বলায় সরাসরি হিংসার ইঙ্গিত।  
২. শারীরিক আঘাতের নির্দেশনা স্পষ্ট।  
৩. শব্দগুলো সহিংসতার প্রকাশক।","১. ""জুতা পিটা কর"" হিংসাত্মক কর্মের নির্দেশ।  
২. শারীরিক আঘাতের প্ররোচনা স্পষ্ট।  
৩. শব্দগুলো সরাসরি সহিংসতা প্রকাশ করে।","১. ""জুতা পিটা কর"" বলায় হিংসার ইঙ্গিত রয়েছে।  
২. শারীরিক আঘাতের নির্দেশ স্পষ্ট।  
৩. শব্দগুলো সরাসরি সহিংসতা উৎসাহিত করে।","১. ""জুতা পিটা কর"" হিংসাত্মক কাজ বোঝায়।  
২. শারীরিক আঘাতের কথা বলা হয়েছে।  
৩. সহিংসতা উৎসাহিত করার ভাষা ব্যবহৃত হয়েছে।","১. শারীরিক হানার নির্দেশ দেওয়া হয়েছে।  
২. সহিংসতার প্রতি উৎসাহ দেখা যাচ্ছে।  
৩. হিংসাত্মক কর্মকাণ্ডকে সমর্থন করা হচ্ছে।","১. জুতা পিটা কর বলায় শারীরিক হানার ইঙ্গিত।  
২. সহিংসতার প্রতি উৎসাহিত করা হচ্ছে।  
৩. হিংসাত্মক কাজকে সমর্থন করা হয়েছে।","১. শারীরিক আক্রমণের ইঙ্গিত দেওয়া হয়েছে।  
২. সহিংসতা প্রচার করা হচ্ছে।  
৩. হিংসাত্মক আচরণকে সমর্থন করা হয়েছে।","১. ""আববাসি"" শব্দে ধর্মীয় বিদ্বেষ ফুটে উঠেছে।  
২. ""জুতা পিটা"" শারীরিক সহিংসতার ইঙ্গিত দেয়।  
৩. বাক্যটি হিংসাত্মক আচরণকে উৎসাহিত করছে।","১. ""আববাসি"" শব্দে ধর্মীয় গোষ্ঠীকে লক্ষ্য করা হয়েছে।  
২. ""জুতা পিটা"" বলতে শারীরিক আক্রমণের ইঙ্গিত দেওয়া হয়েছে।  
৩. বাক্যটি সহিংসতাকে সমর্থন করছে।","১. ""আববাসি"" শব্দে ধর্মীয় বিদ্বেষ ফুটে উঠেছে।  
২. ""জুতা পিটা"" বলতে সহিংসতা বোঝানো হয়েছে।  
৩. বাক্যটি ধর্মীয় গোষ্ঠীর বিরুদ্ধে উস্কানি দিচ্ছে।","১. ""আববাসি"" শব্দে ধর্মীয় বিদ্বেষ স্পষ্ট।  
২. ""জুতা পিটা"" শব্দে সহিংসতার ইঙ্গিত রয়েছে।  
৩. বাক্যটি ধর্মীয় গোষ্ঠীকে লক্ষ্য করে উস্কানি দেয়।","১. ""আববাসি"" শব্দে ধর্মীয় বিদ্বেষ ফুটে উঠেছে।  
২. ""জুতা পিটা"" বলতে সহিংসতা বোঝানো হয়েছে।  
৩. এটি একটি ধর্মীয় গোষ্ঠীকে লক্ষ্য করে লেখা।","১. ""আববাসি"" শব্দে ধর্মীয় ইঙ্গিত রয়েছে।  
২. ""জুতা পিটা"" শব্দে হিংসার প্রকাশ পায়।  
৩. এটি একটি নির্দিষ্ট সম্প্রদায়কে লক্ষ্য করে।","১. ""আববাসি"" শব্দে ধর্মীয় বৈশিষ্ট্য রয়েছে।  
২. ""জুতা পিটা"" হিংসাত্মক আচরণ বোঝায়।  
৩. এটি একটি সম্প্রদায়কে লক্ষ্য করে।","১. ""আববাসি"" শব্দে ধর্মীয় ইঙ্গিত রয়েছে।  
২. ""জুতা পিটা"" বলতে হিংসা বোঝানো হয়েছে।  
৩. এটি একটি নির্দিষ্ট সম্প্রদায়কে উদ্দেশ্য করে।","১. ""আববাসি"" শব্দে ধর্মীয় সম্প্রদায়ের ইঙ্গিত আছে।  
২. ""জুতা পিটা"" হিংসাত্মক কর্মকাণ্ড বোঝায়।  
৩. এটি একটি বিশেষ গোষ্ঠীকে লক্ষ্য করে বলা।","১. ""আববাসি"" শব্দে ধর্মীয় ইঙ্গিত রয়েছে।  
২. ""জুতা পিটা"" হিংসাকে উৎসাহিত করে।  
৩. এটি একটি নির্দিষ্ট গোষ্ঠীকে লক্ষ্য করে।","১. ""আববাসি"" শব্দে ধর্মীয় বিদ্বেষ ফুটে উঠেছে।  
২. ""জুতা পিটা"" বলতে শারীরিক আক্রমণকে উৎসাহিত করা হয়েছে।  
৩. এটি একটি বিশেষ সম্প্রদায়কে লক্ষ্য করে লেখা।","১. ""আববাসি"" শব্দে ধর্মীয় বিদ্বেষ প্রকাশ পায়।  
২. ""জুতা পিটা"" শারীরিক সহিংসতা উৎসাহিত করে।  
৩. এটি একটি নির্দিষ্ট সম্প্রদায়কে লক্ষ্য করে।"
আবার কত বড় সাহস্যা আবার বলে তুই বলে ওরে পিটাও মাগীর পোলারে,Gender,Offensive,"মন্তব্যে অপমানজনক ভাষা এবং শারীরিক আঘাতের প্ররোচনা দেওয়া হয়েছে।
নারীর প্রতি অবমাননাকর এবং লিঙ্গ বৈষম্যমূলক শব্দ ব্যবহৃত হয়েছে।
অশালীন ভাষা ও সহিংসতার ইঙ্গিত থাকায় এটি আপত্তিকর।","1. ""মাগীর পোলারে"" শব্দে নারীকে অপমান করা হয়েছে।  
2. ""পিটাও"" বলতে শারীরিক সহিংসতার প্ররোচনা দেওয়া হয়েছে।  
3. ""তুই বলে"" ব্যবহারে অশালীন ভাষা দেখা যাচ্ছে।","1. ""মাগীর পোলারে"" নারীকে অপমান করে।  
2. ""পিটাও"" শারীরিক সহিংসতা উৎসাহিত করে।  
3. ""তুই বলে"" অশালীন ভাষার ব্যবহার।","1. ""মাগীর পোলারে"" নারীকে অবমাননাকর শব্দ।  
2. ""পিটাও"" শব্দে সহিংসতা প্রকাশ পায়।  
3. ""তুই বলে"" অশালীন সম্বোধন।","1. ""মাগীর পোলারে"" নারীদের প্রতি ঘৃণা প্রকাশ করে।  
2. ""পিটাও"" শব্দে শারীরিক সহিংসতার ইঙ্গিত আছে।  
3. ""তুই বলে"" অপমানজনক ভাষার ব্যবহার।","1. ""মাগীর পোলারে"" নারীদের অবমাননাকর শব্দ।  
2. ""পিটাও"" বলায় শারীরিক নির্যাতনের উস্কানি।  
3. ""তুই বলে"" ভাষায় অপমান স্পষ্ট।","1. ""মাগীর পোলারে"" নারীদের প্রতি ঘৃণ্য ভাষা।  
2. ""পিটাও"" বলায় সহিংসতা উৎসাহিত করা হয়েছে।  
3. ""তুই বলে"" অপমানকর সম্বোধন ব্যবহৃত হয়েছে।","1. ""মাগীর পোলারে"" নারীদের অবমাননাকর শব্দ।  

2. ""পিটাও"" বলায় মারধরের উস্কানি রয়েছে।  

3. ""তুই বলে"" অশালীন ভাষার ব্যবহার।","1. ""মাগীর পোলারে"" নারীদের প্রতি ঘৃণ্য ভাষা।  

2. ""পিটাও"" বলায় সহিংসতা উৎসাহিত করা হয়েছে।  

3. ""তুই বলে"" অসৌজন্যমূলক ভাষার প্রমাণ।","1. ""মাগীর পোলারে"" নারীদের অবমাননাকর শব্দ।  

2. ""পিটাও"" বলায় মারধরের নির্দেশনা আছে।  

3. ""তুই বলে"" অপমানসূচক সম্বোধন করা হয়েছে।","1. ""মাগীর পোলারে"" শব্দে নারীদের প্রতি ঘৃণা প্রকাশ পায়।  

2. ""পিটাও"" শব্দে সহিংসতা উৎসাহিত করা হয়েছে।  

3. ""তুই বলে"" সম্বোধনে অপমানের সুর আছে।","1. ""মাগীর পোলারে"" নারীদের অবমাননাকর শব্দ।  

2. ""পিটাও"" শব্দে সরাসরি সহিংসতার নির্দেশনা।  

3. ""তুই বলে"" অশালীন ভাষায় অপমান করা হয়েছে।","1. ""মাগীর পোলারে"" শব্দে নারীদের প্রতি ঘৃণা প্রকাশ পেয়েছে।  

2. ""পিটাও"" বলায় শারীরিক সহিংসতা উৎসাহিত করা হয়েছে।  

3. ""তুই বলে"" অপমানজনক ভাষার ব্যবহার হয়েছে।","1. ""মাগীর পোলারে"" নারীদের অবমাননাকর শব্দ।  

2. ""পিটাও"" বলায় সহিংসতা উৎসাহিত করা হয়েছে।  

3. ""তুই বলে"" অপমানজনক ভাষার উদাহরণ।","1. ""মাগীর পোলারে"" নারীদের প্রতি ঘৃণা প্রকাশ করে।  

2. ""পিটাও"" শব্দে সহিংসতার প্ররোচনা আছে।  

3. ""তুই বলে"" অপমানজনক ভাষার ব্যবহার।","1. ""মাগীর পোলারে"" নারীদের অবমাননাকর শব্দ।  

2. ""পিটাও"" বলায় মারধরের উস্কানি রয়েছে।  

3. ""তুই বলে"" অপমানসূচক সম্বোধন।","1. ""মাগীর পোলারে"" নারীদের প্রতি ঘৃণ্য ভাষা।  

2. ""পিটাও"" বলায় সহিংসতা উৎসাহিত করা হয়েছে।  

3. ""তুই বলে"" অসম্মানজনকভাবে সম্বোধন করা।","1. ""মাগীর পোলারে"" নারীদের অবমাননাকর শব্দ।  

2. ""পিটাও"" বলায় শারীরিক সহিংসতার প্ররোচনা।  

3. ""তুই বলে"" অশালীন ভাষায় সম্বোধন করা।","1. ""মাগীর পোলারে"" নারীদের প্রতি ঘৃণ্য ভাষা।  

2. ""পিটাও"" বলায় সহিংসতা উস্কে দেওয়া হয়েছে।  

3. ""তুই বলে"" অসম্মানজনক সম্বোধন করা হয়েছে।","1. ""মাগীর পোলারে"" নারীদের অবমাননাকর শব্দ।  

2. ""পিটাও"" বলায় মারধরের উস্কানি রয়েছে।  

3. ""তুই বলে"" অশালীন ভাষার ব্যবহার।","1. ""মাগীর পোলারে"" নারীদের প্রতি ঘৃণ্য ভাষা।  

2. ""পিটাও"" বলায় সহিংসতা উৎসাহিত করা হয়েছে।  

3. ""তুই বলে"" অসৌজন্যমূলক সম্বোধন করা হয়েছে।","1. ""মাগীর পোলারে"" শব্দে নারীদের অবমাননা করা হয়েছে।  

2. ""পিটাও"" শব্দে মারধরের উস্কানি দেওয়া হয়েছে।  

3. ""তুই বলে"" অশালীন ভাষায় সম্বোধন করা হয়েছে।"
আমন ছেলে কে রাস্তার মোড়ে বেধে জুতো দিয়ে মারা উচিত,Gender,Offensive,"মন্তব্যে শারীরিক হিংসার স্পষ্ট আহ্বান জানানো হয়েছে।
অপমানজনক এবং ব্যক্তিগতভাবে আক্রমণাত্মক বক্তব্য প্রকাশ করা হয়েছে।
হিংসাত্মক ও অসম্মানজনক ইঙ্গিত থাকায় এটি আপত্তিকর।","1. শারীরিক হিংসার উস্কানি দেওয়া হয়েছে।  
2. অপমানজনক ভাষায় আক্রমণ করা হয়েছে।  
3. হিংসাত্মক ইঙ্গিত থাকায় আপত্তিকর।","1. ছেলেটিকে মারার কথা বলা হয়েছে।  
2. জুতো দিয়ে মারা সহিংস কাজ।  
3. অপমানজনক ভাষায় হিংসার উস্কানি।","1. হিংসাত্মক কাজের উস্কানি দেওয়া হয়েছে।  
2. অপমানজনক ভাষায় মারার নির্দেশনা আছে।  
3. জুতো দিয়ে মারা অমানবিক আচরণ।","1. মারার নির্দেশনা দেওয়া হয়েছে।  
2. অমানবিক আচরণের উস্কানি রয়েছে।  
3. অপমানজনক ভাষা ব্যবহৃত হয়েছে।","1. মারার কথা বলা হয়েছে স্পষ্টভাবে।  
2. জুতো দিয়ে মারা অমানবিক আচরণ।  
3. অপমানজনক শব্দ ব্যবহার করা হয়েছে।","1. মারার হুমকি দেওয়া হয়েছে স্পষ্টভাবে।  
2. জুতো দিয়ে মারা অমানবিক বলা হয়েছে।  
3. ""ছেলে"" শব্দটি অপমানজনকভাবে ব্যবহৃত।","1. মারার নির্দেশ দেওয়া হয়েছে স্পষ্ট ভাষায়।  
2. জুতো দিয়ে মারা অমানবিক আচরণ বর্ণিত।  
3. ""ছেলে"" শব্দটি অবজ্ঞাসূচকভাবে ব্যবহার করা হয়েছে।","1. মারার নির্দেশ স্পষ্টভাবে বলা হয়েছে।  
2. জুতো দিয়ে মারা নিষ্ঠুরতা দেখানো হয়েছে।  
3. ""ছেলে"" শব্দে অবজ্ঞা প্রকাশ পেয়েছে।","1. মারার কথা সরাসরি বলা হয়েছে।  
2. জুতো দিয়ে মারার কথা নিষ্ঠুর।  
3. ""ছেলে"" শব্দে অবজ্ঞা প্রকাশ পেয়েছে।","1. মারার নির্দেশ দেওয়া হয়েছে স্পষ্টভাবে।  
2. জুতো দিয়ে মারার কথা অমানবিক।  
3. ""ছেলে"" শব্দে অপমান প্রকাশ পায়।","1. মারার নির্দেশ স্পষ্টভাবে বলা হয়েছে।  
2. জুতো দিয়ে মারার কথা নিষ্ঠুর।  
3. ""ছেলে"" শব্দে অবজ্ঞা ফুটে উঠেছে।","1. মারার কথা স্পষ্টভাবে উল্লেখ করা হয়েছে।  
2. জুতো দিয়ে মারার নির্দেশ নিষ্ঠুর।  
3. ""ছেলে"" শব্দে অবজ্ঞা প্রকাশ পেয়েছে।","1. মারার হুমকি স্পষ্টভাবে বলা হয়েছে।  
2. জুতো দিয়ে মারার কথা নিষ্ঠুরতা দেখায়।  
3. ""ছেলে"" শব্দে অবমাননা প্রকাশ পায়।","1. মারার হুমকি স্পষ্ট ভাষায় উল্লেখ করা হয়েছে।  
2. জুতো দিয়ে মারার বর্ণনা নিষ্ঠুরতার ইঙ্গিত দেয়।  
3. ""ছেলে"" শব্দটি অবমাননাকরভাবে ব্যবহৃত হয়েছে।","1. মারার হুমকি স্পষ্টভাবে বলা হয়েছে।  
2. জুতো দিয়ে মারা নিষ্ঠুরতার লক্ষণ।  
3. ""ছেলে"" শব্দটি অবমাননাকরভাবে ব্যবহার হয়েছে।","1. মারার হুমকি স্পষ্টভাবে বলা হয়েছে।  
2. জুতো দিয়ে মারার কথা বলা হয়েছে।  
3. ""ছেলে"" শব্দটি অবমাননাকর।","1. মারার হুমকি স্পষ্টভাবে বলা হয়েছে।  
2. জুতো দিয়ে মারার কথা বলা হয়েছে।  
3. ""ছেলে"" শব্দটি অবমাননাকর।","1. মারার হুমকি দেওয়া হয়েছে স্পষ্টভাবে।  
2. জুতো দিয়ে মারার কথা বলা হয়েছে।  
3. ""ছেলে"" শব্দটি অপমানজনকভাবে ব্যবহৃত হয়েছে।","1. মারার নির্দেশ দেওয়া হয়েছে স্পষ্টভাবে।  
2. জুতো দিয়ে মারার হুমকি রয়েছে।  
3. ""ছেলে"" শব্দটি অবমাননাকর ভাবে ব্যবহার করা হয়েছে।","1. মারার নির্দেশ স্পষ্টভাবে বলা হয়েছে।  
2. জুতো দিয়ে মারার হুমকি স্পষ্ট।  
3. ""ছেলে"" শব্দটি অবমাননাকরভাবে ব্যবহৃত।","1. মারার কথা সরাসরি বলা হয়েছে।  
2. জুতো দিয়ে মারার কথা উল্লেখ আছে।  
3. ""ছেলে"" শব্দে অপমান করা হয়েছে।"
আমরা সাকিব ভাইর পাশে আছি৷ এবং পাপনকে জুতার বারি দেও,Gender,Violence,"মন্তব্যে শারীরিক হিংসার ইঙ্গিত দিয়ে সহিংসতা উৎসাহিত করা হয়েছে।
ব্যক্তি বিশেষের প্রতি আক্রমণাত্মক মনোভাব প্রকাশ করা হয়েছে।
জুতা মারার উল্লেখ সহিংসতার স্পষ্ট আহ্বান হওয়ায় এটি সহিংস বিবেচিত।","১. ""পাপনকে জুতার বারি দেও"" বলায় সহিংসতার ইঙ্গিত রয়েছে।  
২. ব্যক্তিকে লক্ষ্য করে আক্রমণাত্মক ভাষা ব্যবহৃত হয়েছে।  
৩. জুতা মারার উল্লেখ সরাসরি সহিংসতা উৎসাহিত করে।","১. সহিংসতার ইঙ্গিত স্পষ্ট।  
২. আক্রমণাত্মক ভাষা ব্যবহৃত।  
৩. জুতা মারার উল্লেখ সহিংস।","১. পাপনকে জুতার বারি দেওয়ায় সহিংসতার ইঙ্গিত।  
২. জুতা মারার কথা বলায় আক্রমণাত্মক ভাষা।  
৩. জুতার বারি দেওয়া সহিংসতার প্রকাশ।","১. পাপনকে জুতার বারি দেওয়ায় সহিংসতার ইঙ্গিত রয়েছে।  
২. জুতা মারার কথা বলায় আক্রমণাত্মক ভাষা ব্যবহৃত হয়েছে।  
৩. সহিংসতার প্রকাশ ঘটেছে জুতার বারি দেওয়ার মাধ্যমে।","১. পাপনকে জুতার বারি দেওয়ায় হিংসাত্মক ইঙ্গিত স্পষ্ট।  
২. জুতা মারার কথা বলায় আক্রমণাত্মক ভাষা ব্যবহৃত।  
৩. জুতার বারি দেওয়ার মাধ্যমে সহিংসতা প্রকাশ পেয়েছে।","১. পাপনকে জুতার বারি দেওয়ায় হিংসার ইঙ্গিত আছে।  
২. জুতা মারার কথা বলায় আক্রমণাত্মক ভাষা।  
৩. সহিংসতা প্রকাশ পেয়েছে জুতার বারিতে।","১. পাপনকে জুতার বারি দেওয়ায় হিংসার ইঙ্গিত স্পষ্ট।  
২. জুতা মারার কথা বলায় আক্রমণাত্মক ভাষা ব্যবহৃত হয়েছে।  
৩. জুতার বারি দেওয়ায় সহিংসতার প্রকাশ ঘটেছে।","১. পাপনকে জুতার বারি দেওয়ায় হিংসার ইঙ্গিত আছে।  
২. আক্রমণাত্মক ভাষায় সহিংসতা প্রকাশ পেয়েছে।  
৩. জুতা মারার কথা বলায় সহিংসতা উসকে দিচ্ছে।","১. ""জুতার বারি দেওয়া"" হিংসাত্মক ইঙ্গিত বহন করে।  
২. সহিংসতা প্রকাশের জন্য আক্রমণাত্মক ভাষা ব্যবহৃত হয়েছে।  
৩. জুতা মারার উল্লেখে সহিংসতা উসকে দেওয়া হচ্ছে।","১. ""জুতার বারি দেওয়া"" শব্দগুচ্ছ সরাসরি হিংসাকে উৎসাহিত করে।  
২. পাপনকে লক্ষ্য করে আক্রমণাত্মক ভাষা ব্যবহৃত হয়েছে।  
৩. জুতা মারার উল্লেখে সহিংসতার ইঙ্গিত স্পষ্ট।","১. ""জুতার বারি দেওয়া"" হিংসাত্মক কর্মকাণ্ড বোঝায়।  
২. পাপনের প্রতি আক্রমণাত্মক ভাষা স্পষ্ট।  
৩. জুতা মারার উল্লেখে সহিংসতার ইঙ্গিত রয়েছে।","১. ""জুতার বারি দেওয়া"" শব্দগুচ্ছে সহিংসতার ইঙ্গিত।  
২. পাপনের প্রতি আক্রমণাত্মক ভাষা ব্যবহৃত হয়েছে।  
৩. হিংসাত্মক কর্মকাণ্ডের উল্লেখ স্পষ্ট।","১. ""জুতার বারি দেওয়া"" হিংসাত্মক কর্মকাণ্ড বোঝায়।  
২. পাপনের প্রতি আক্রমণাত্মক ভাষা স্পষ্ট।  
৩. শব্দগুচ্ছে সহিংসতার ইঙ্গিত রয়েছে।","১. ""জুতার বারি দেওয়া"" সহিংসতার প্রতীক।  
২. পাপনের প্রতি হুমকি স্পষ্ট।  
৩. ভাষায় আক্রমণাত্মক ভাব প্রকাশ পায়।","১. ""জুতার বারি দেওয়া"" হুমকির ইঙ্গিতবাহী।  
২. পাপনের প্রতি বিদ্বেষপূর্ণ ভাষা ব্যবহৃত।  
৩. সহিংসতার প্ররোচনা স্পষ্ট।","১. ""জুতার বারি দেওয়া"" হিংসাত্মক ইঙ্গিত দেয়।  
২. পাপনের প্রতি বিদ্বেষ প্রকাশ পাচ্ছে।  
৩. সহিংসতা উস্কে দেওয়ার ভাষা ব্যবহৃত হয়েছে।","১. ""জুতার বারি দেওয়া"" হিংসার ইঙ্গিত দেয়।  
২. পাপনের প্রতি বিদ্বেষ স্পষ্ট।  
৩. ভাষায় সহিংসতা উস্কানী আছে।","১. ""জুতার বারি দেওয়া"" হিংসাত্মক অর্থ বহন করে।  
২. পাপনের প্রতি বিদ্বেষপূর্ণ ভাষা ব্যবহৃত হয়েছে।  
৩. বাক্যটিতে সহিংসতা উৎসাহিত করার ইঙ্গিত আছে।","১. ""জুতার বারি দেওয়া"" হিংসাত্মক ভাষার ইঙ্গিত দেয়।  
২. পাপনের প্রতি বিদ্বেষ প্রকাশ পেয়েছে।  
৩. বাক্যটি সহিংসতা উৎসাহিত করতে পারে।","১. ""জুতার বারি দেওয়া"" হিংসার প্রতীক।  
২. পাপনের প্রতি বিদ্বেষপূর্ণ ভাষা ব্যবহৃত হয়েছে।  
৩. বাক্যটি সহিংসতা উৎসাহিত করতে পারে।","১. ""জুতার বারি দেওয়া"" হিংসাত্মক অর্থ বহন করে।  
২. পাপনের প্রতি বিদ্বেষ প্রকাশ পেয়েছে।  
৩. বাক্যটি সহিংসতা উসকে দিতে পারে।"
আমার বৌ আমাকে দিনে একবার চোদা দেয়,Gender,Sexual Harassments,"মন্তব্যটি যৌন ইঙ্গিতপূর্ণ এবং ব্যক্তিগত বিষয়কে অশোভনভাবে প্রকাশ করেছে।
নারীর প্রতি অবমাননাকর ভাষা ব্যবহার করায় এটি যৌন হয়রানির অন্তর্ভুক্ত।
মন্তব্যে গোপনীয়তার অভাব এবং অশালীন ইঙ্গিত থাকায় এটি আপত্তিকর।","1. যৌন ইঙ্গিতপূর্ণ ভাষা ব্যবহার করা হয়েছে।  
2. নারীর প্রতি অবমাননাকর মন্তব্য রয়েছে।  
3. অশালীন ও ব্যক্তিগত বিষয় উল্লেখ করা হয়েছে।","1. যৌন ক্রিয়া সম্পর্কে স্পষ্ট উল্লেখ আছে।  
2. নারীকে অবমাননাকরভাবে উপস্থাপন করা হয়েছে।  
3. ব্যক্তিগত সম্পর্কের অশালীন বর্ণনা দেওয়া হয়েছে।","1. যৌন ক্রিয়া স্পষ্টভাবে উল্লেখ করা হয়েছে।  
2. নারীকে অশালীনভাবে উপস্থাপন করা হয়েছে।  
3. ব্যক্তিগত সম্পর্কের অপ্রীতিকর বর্ণনা দেওয়া হয়েছে।","1. যৌন ক্রিয়া স্পষ্ট ভাষায় বর্ণনা করা হয়েছে।  
2. নারীকে অশালীনভাবে বস্তু করে দেখানো হয়েছে।  
3. ব্যক্তিগত সম্পর্কের অপ্রীতিকর বিবরণ দেওয়া হয়েছে।","1. যৌন ক্রিয়া স্পষ্ট ভাষায় উল্লেখ করা হয়েছে।  
2. নারীকে অবমাননাকরভাবে উপস্থাপন করা হয়েছে।  
3. ব্যক্তিগত সম্পর্কের অশালীন বর্ণনা দেওয়া হয়েছে।","1. যৌন ক্রিয়া স্পষ্ট ভাষায় বর্ণনা করা হয়েছে।  
2. নারীকে অশালীনভাবে উপস্থাপন করা হয়েছে।  
3. ব্যক্তিগত সম্পর্কের অমর্যাদাকর বর্ণনা দেওয়া হয়েছে।","1. যৌন ক্রিয়া স্পষ্ট ভাষায় বলা হয়েছে।  
2. নারীকে অশালীনভাবে বর্ণনা করা হয়েছে।  
3. সম্পর্কের অমর্যাদাকর ভাষা ব্যবহার করা হয়েছে।","1. অশালীন ভাষায় যৌন ক্রিয়া বর্ণনা করা হয়েছে।  
2. নারীকে অসম্মানজনকভাবে উপস্থাপন করা হয়েছে।  
3. সম্পর্কের প্রতি অবমাননাকর ভাষা ব্যবহৃত হয়েছে।","1. অশালীন শব্দে যৌন কাজ বর্ণনা করা হয়েছে।  
2. নারীকে অসম্মানজনকভাবে দেখানো হয়েছে।  
3. বিবাহিত সম্পর্কের প্রতি অশোভন ভাষা ব্যবহার করা হয়েছে।","1. অশালীন শব্দে যৌন কাজ বর্ণনা করা হয়েছে।  
2. নারীর প্রতি অসম্মানজনক ভাষা ব্যবহৃত হয়েছে।  
3. বিবাহিত জীবনের প্রতি অশোভন মন্তব্য করা হয়েছে।","1. অশালীন শব্দে যৌন কাজ বর্ণনা করা হয়েছে।  
2. নারীর প্রতি অসম্মানজনক ভাষা ব্যবহৃত হয়েছে।  
3. বিবাহিত জীবনের প্রতি অশোভন মন্তব্য করা হয়েছে।","1. অশালীন শব্দে যৌন কাজের উল্লেখ আছে।  
2. নারীকে অবমাননাকরভাবে উপস্থাপন করা হয়েছে।  
3. বিবাহিত সম্পর্কের প্রতি অশোভন ভাষা ব্যবহৃত হয়েছে।","1. অশালীন শব্দে যৌন কাজ বর্ণনা করা হয়েছে।  
2. নারীকে অসম্মানজনকভাবে বর্ণনা করা হয়েছে।  
3. বিবাহিত সম্পর্কে অশোভন ভাষা ব্যবহার করা হয়েছে।","1. অশালীন শব্দে যৌন কাজের উল্লেখ আছে।  
2. নারীকে অবমাননাকরভাবে উপস্থাপন করা হয়েছে।  
3. বিবাহিত সম্পর্কে অশোভন ভাষা ব্যবহৃত হয়েছে।","1. অশালীন শব্দে যৌন কাজ বর্ণনা করা হয়েছে।  
2. নারীকে অসম্মানজনকভাবে দেখানো হয়েছে।  
3. বিবাহিত জীবনের অশোভন ভাষা ব্যবহার করা হয়েছে।","1. অশালীন শব্দে যৌন কাজের উল্লেখ আছে।  
2. নারীকে অবমাননাকরভাবে উপস্থাপন করা হয়েছে।  
3. বিবাহিত জীবনের অশোভন ভাষা ব্যবহৃত হয়েছে।","1. অশালীন শব্দে যৌন কাজ বর্ণনা করা হয়েছে।  
2. নারীকে অসম্মানজনকভাবে দেখানো হয়েছে।  
3. বিবাহিত জীবনের অশালীন ভাষা ব্যবহার করা হয়েছে।","1. অশালীন শব্দে যৌন কাজের উল্লেখ আছে।  
2. নারীকে অবমাননাকরভাবে উপস্থাপন করা হয়েছে।  
3. বিবাহিত জীবনের অশালীন বর্ণনা দেওয়া হয়েছে।","1. অশালীন শব্দে যৌন ক্রিয়া বর্ণনা করা হয়েছে।  
2. নারীকে অসম্মানজনকভাবে উপস্থাপন করা হয়েছে।  
3. বিবাহিত জীবনের অশোভন বর্ণনা দেওয়া হয়েছে।","1. অশালীন শব্দে যৌন ক্রিয়া বর্ণনা করা হয়েছে।  
2. নারীকে অবমাননাকর ভাষায় উপস্থাপন করা হয়েছে।  
3. বিবাহিত জীবনের অশোভন দিক ফুটে উঠেছে।","1. অশালীন শব্দে যৌন ক্রিয়া বর্ণনা করা হয়েছে।  
2. নারীকে অবমাননাকর ভাষায় উপস্থাপন করা হয়েছে।  
3. বিবাহিত জীবনের অশোভন দিক ফুটে উঠেছে।"
আল্লাহ এই ছেলের উপর গজব নাজিল করে,Gender,Offensive,"মন্তব্যে অভিশাপ দিয়ে নেতিবাচক মনোভাব প্রকাশ করা হয়েছে।
ব্যক্তি বিশেষের প্রতি অসম্মানসূচক এবং আক্রমণাত্মক বক্তব্য ব্যবহার করা হয়েছে।
ধর্মীয় অনুভূতিকে ব্যবহার করে ব্যক্তিগত অপমান করায় এটি আপত্তিকর।","1. ""আল্লাহ"" শব্দ ব্যবহার করে ধর্মীয় অনুভূতিতে আঘাত করা হয়েছে।  
2. ""গজব নাজিল"" বলে ব্যক্তিকে অভিশাপ দেওয়া হয়েছে।  
3. ব্যক্তিগত অপমান করার জন্য ধর্মকে টার্গেট করা হয়েছে।","1. ""আল্লাহ"" শব্দটি ধর্মীয় ভাবনা আঘাত করেছে।  
2. ""গজব নাজিল"" বলায় অভিশাপ দেওয়া হয়েছে।  
3. ধর্মকে অপমান করার চেষ্টা করা হয়েছে।","1. ""আল্লাহ"" শব্দে ধর্মীয় অনুভূতিতে আঘাত।  
2. ""গজব নাজিল"" বলায় ধর্মীয় অপমান।  
3. ধর্মকে হেয় করার প্রচেষ্টা রয়েছে।","1. ""আল্লাহ"" শব্দটি ধর্মীয় ভাবাবেগে আঘাত করে।  
2. ""গজব নাজিল"" বলায় ধর্মীয় অবমাননা প্রকাশ পায়।  
3. বক্তব্যে ধর্মকে হেয় করার ইঙ্গিত রয়েছে।","1. ""আল্লাহ"" শব্দটি ধর্মীয় অনুভূতিতে আঘাত করে।  
2. ""গজব নাজিল"" বলায় ধর্মীয় অপমান প্রকাশ পায়।  
3. বক্তব্যে ধর্মকে হেয় করার ইঙ্গিত আছে।","1. ""আল্লাহ"" শব্দটি ধর্মীয় ভাবনা ক্ষুণ্ণ করে।  
2. ""গজব নাজিল"" বলায় ধর্মীয় অবমাননা রয়েছে।  
3. বক্তব্যে ধর্মকে হেয় করার চেষ্টা দেখা যায়।","1. ""আল্লাহ"" শব্দটি অশোভনভাবে ব্যবহার করা হয়েছে।  
2. ""গজব নাজিল"" বলায় ধর্মীয় অনুভূতি আঘাতপ্রাপ্ত।  
3. বক্তব্যে ধর্মকে অপমান করার ইঙ্গিত রয়েছে।","1. ""আল্লাহ"" শব্দটি অবমাননাকরভাবে ব্যবহৃত হয়েছে।  
2. ""গজব নাজিল"" বলায় ধর্মীয় ভাবনা ক্ষুণ্ণ হয়েছে।  
3. বক্তব্যে ধর্মের প্রতি অবজ্ঞা প্রকাশ পেয়েছে।","1. ""আল্লাহ"" শব্দটি অশোভনভাবে ব্যবহার করা হয়েছে।  
2. ""গজব নাজিল"" বলায় ধর্মীয় অনুভূতি আঘাতপ্রাপ্ত হয়েছে।  
3. বক্তব্যে ইসলামের প্রতি অসম্মান দেখা যাচ্ছে।","1. ""আল্লাহ"" শব্দটি অবমাননাকরভাবে ব্যবহৃত হয়েছে।  
2. ""গজব নাজিল"" বলায় ইসলামিক বিশ্বাসে আঘাত করা হয়েছে।  
3. বক্তব্যে ধর্মীয় অসম্মান প্রকাশ পেয়েছে।","1. ""আল্লাহ"" শব্দটি অশালীনভাবে ব্যবহার করা হয়েছে।  
2. ""গজব নাজিল"" বলায় ধর্মীয় অনুভূতিতে আঘাত।  
3. বক্তব্যে ইসলামিক মূল্যবোধের অবমাননা করা হয়েছে।","1. ""আল্লাহ"" শব্দটি অসম্মানজনকভাবে ব্যবহৃত হয়েছে।  
2. ""গজব নাজিল"" বলায় ধর্মীয় অনুভূতিতে আঘাত।  
3. ইসলামিক বিশ্বাসের প্রতি অবমাননাকর বক্তব্য।","1. ""আল্লাহ"" শব্দটি অসম্মানসূচকভাবে ব্যবহার করা হয়েছে।  
2. ""গজব নাজিল"" বলায় ধর্মীয় অনুভূতিতে আঘাত লাগে।  
3. ইসলামিক বিশ্বাসের প্রতি অবজ্ঞা প্রকাশ পেয়েছে।","1. ""আল্লাহ"" শব্দটি অসম্মানজনকভাবে ব্যবহৃত হয়েছে।  
2. ""গজব নাজিল"" বলায় ধর্মীয় অনুভূতিতে আঘাত দেয়।  
3. ইসলামিক বিশ্বাসের প্রতি অবমাননাকর ভাষা ব্যবহার করা হয়েছে।","1. ""আল্লাহ"" শব্দটি অসম্মানসূচকভাবে ব্যবহৃত হয়েছে।  
2. ""গজব নাজিল"" বলায় ধর্মীয় অনুভূতিতে আঘাত।  
3. ইসলামিক বিশ্বাসের প্রতি অবমাননাকর ভাষা।","1. ""আল্লাহ"" শব্দটি অসম্মানজনকভাবে ব্যবহার করা হয়েছে।  
2. ""গজব নাজিল"" বলায় ধর্মীয় অনুভূতিতে আঘাত লাগে।  
3. ইসলামিক বিশ্বাসের প্রতি অবমাননাকর ভাষা ব্যবহৃত হয়েছে।","1. ""আল্লাহ"" শব্দটি অসম্মানসূচকভাবে ব্যবহৃত হয়েছে।  
2. ""গজব নাজিল"" বলায় ধর্মীয় অনুভূতিতে আঘাত দেয়।  
3. ইসলামিক বিশ্বাসের প্রতি অবজ্ঞা প্রকাশ পেয়েছে।","1. ""আল্লাহ"" শব্দটি নেতিবাচকভাবে ব্যবহার করা হয়েছে।  
2. ""গজব নাজিল"" বলায় ধর্মীয় অনুভূতিতে আঘাত দেয়।  
3. ইসলামিক বিশ্বাসের প্রতি অবমাননা দেখা যাচ্ছে।","1. ""আল্লাহ"" শব্দটি অভিশাপ দিতে ব্যবহৃত হয়েছে।  
2. ""গজব নাজিল"" বলায় ধর্মীয় অনুভূতিতে আঘাত।  
3. ইসলামিক বিশ্বাসের প্রতি অসম্মান প্রকাশ পেয়েছে।","1. ""আল্লাহ"" শব্দটি নেতিবাচকভাবে ব্যবহার করা হয়েছে।  
2. ""গজব নাজিল"" বলায় ধর্মীয় অনুভূতিতে আঘাত।  
3. ইসলামিক বিশ্বাসের প্রতি অবমাননাকর ভাষা।","1. ""আল্লাহ"" শব্দটি অপমানজনকভাবে ব্যবহৃত হয়েছে।  
2. ""গজব নাজিল"" বলায় ধর্মীয় অনুভূতি আঘাতপ্রাপ্ত।  
3. ইসলামিক বিশ্বাসের প্রতি অসম্মান দেখানো হয়েছে।"
আল্লাহ ভিডিওটা দেখার সাহস পাইনিআল্লাহ তুমি এই ছেলের উচিত বিচার করোএক গজবে তুমি দেখিয়ে দাও পিতা মাতার প্রতি কোন কাফরের যেনো খারাপ আচরনের সাহস না পায়,Gender,Offensive,"মন্তব্যে ধর্মীয় অনুভূতিকে ব্যবহার করে শাস্তির আহ্বান জানানো হয়েছে।
ব্যক্তি বিশেষের প্রতি আক্রমণাত্মক ও হুমকিমূলক ভাষা ব্যবহার করা হয়েছে।
অভিশাপ ও কঠোর শাস্তির ইঙ্গিত করায় এটি অসম্মানজনক।","1. ধর্মীয় অনুভূতিতে আঘাত দেওয়া হয়েছে।  
2. শাস্তির আহ্বান হুমকিস্বরূপ।  
3. কাফের শব্দে বিদ্বেষ প্রকাশিত।","1. ""কাফের"" শব্দে বিদ্বেষ প্রকাশ পেয়েছে।  
2. শাস্তির আহ্বান হুমকির মতো।  
3. ধর্মীয় ভাবনা আঘাতপ্রাপ্ত হয়েছে।","1. ""কাফের"" শব্দে ঘৃণা প্রকাশ পেয়েছে।  
2. শাস্তির জন্য আহ্বান হুমকিস্বরূপ।  
3. ধর্মীয় অনুভূতিতে আঘাত করা হয়েছে।","1. ""কাফের"" শব্দে ঘৃণার প্রকাশ স্পষ্ট।  
2. শাস্তির আহ্বান হুমকির সমান।  
3. ধর্মীয় অনুভূতিতে আঘাত করা হয়েছে।","1. ""কাফের"" শব্দে ঘৃণা প্রকাশ পেয়েছে।  
2. শাস্তির দাবি হুমকিস্বরূপ।  
3. ধর্মীয় অনুভূতিতে আঘাত করা হয়েছে।","1. ""কাফের"" শব্দে ঘৃণা প্রকাশ পেয়েছে।  
2. শাস্তির দাবি হুমকির মতো।  
3. ধর্মীয় ভাবনা আঘাতপ্রাপ্ত হয়েছে।","1. ""কাফের"" শব্দে ঘৃণা প্রকাশ পেয়েছে।  
2. শাস্তির দাবি হুমকির মতো।  
3. ধর্মীয় অনুভূতিতে আঘাত করা হয়েছে।","1. ""কাফের"" শব্দে ঘৃণা প্রকাশ পেয়েছে।  
2. শাস্তির দাবি হুমকির মতো।  
3. ধর্মীয় অনুভূতিতে আঘাত করা হয়েছে।","1. ""কাফের"" শব্দে ঘৃণার প্রকাশ স্পষ্ট।  
2. শাস্তির দাবি হুমকিস্বরূপ।  
3. ধর্মীয় ভাবনা আঘাতপ্রাপ্ত হয়েছে।","1. ""কাফের"" শব্দে ঘৃণা প্রকাশ পায়।  
2. শাস্তির দাবি হিংসাত্মক।  
3. ধর্মীয় অনুভূতিতে আঘাত করা হয়েছে।","1. ""কাফের"" শব্দটি ঘৃণাসূচক ভাষা।  
2. শাস্তির দাবি হিংসাকে উৎসাহিত করে।  
3. ধর্মীয় শব্দ ব্যবহারে আঘাত করা হয়েছে।","1. ""কাফের"" শব্দে ঘৃণা প্রকাশ পায়।  
2. শাস্তির দাবি হিংসা বাড়ায়।  
3. ধর্মীয় শব্দে আঘাত করা হয়েছে।","1. ""কাফের"" শব্দে ঘৃণার প্রকাশ স্পষ্ট।  
2. শাস্তির দাবি হিংসাকে উস্কে দিচ্ছে।  
3. ধর্মীয় শব্দ ব্যবহারে আঘাত করা হয়েছে।","1. ""কাফের"" শব্দে ঘৃণা প্রকাশ পেয়েছে।  
2. শাস্তির দাবি হিংসা বাড়াচ্ছে।  
3. ধর্মীয় শব্দে আঘাত করা হয়েছে।","1. ""কাফের"" শব্দে ঘৃণার প্রকাশ স্পষ্ট।  
2. শাস্তির দাবি হিংসাকে উস্কে দিচ্ছে।  
3. ধর্মীয় শব্দ ব্যবহারে আঘাত করা হয়েছে।","1. ""কাফের"" শব্দে ঘৃণা প্রকাশ পেয়েছে।  
2. শাস্তির দাবি হিংসা বাড়াচ্ছে।  
3. ধর্মীয় শব্দে আঘাত করা হয়েছে।","1. ""কাফের"" শব্দে ঘৃণার প্রকাশ স্পষ্ট।  
2. শাস্তির দাবি হিংসাকে উস্কে দিচ্ছে।  
3. ধর্মীয় শব্দ ব্যবহারে আঘাত করা হয়েছে।","1. ""কাফের"" শব্দে ঘৃণা প্রকাশ পেয়েছে।  
2. শাস্তির দাবি হিংসা বাড়ায়।  
3. ধর্মীয় শব্দে আঘাত করা হয়েছে।","1. ""কাফের"" শব্দে ঘৃণার প্রকাশ স্পষ্ট।  
2. শাস্তির দাবি হিংসাকে উস্কে দিচ্ছে।  
3. ধর্মীয় শব্দ ব্যবহারে আঘাত করা হয়েছে।","1. ""কাফের"" শব্দে ঘৃণা প্রকাশ পেয়েছে।  
2. শাস্তির দাবি হিংসা বাড়াচ্ছে।  
3. ধর্মীয় শব্দে আঘাত করা হয়েছে।","1. ""কাফের"" শব্দে ঘৃণার ইঙ্গিত আছে।  
2. শাস্তির দাবি হিংসাকে উস্কে দিচ্ছে।  
3. ধর্মীয় শব্দ অপব্যবহার করা হয়েছে।"
আল্লাহর লানত মিতিলার উপর,Gender,Offensive,"মন্তব্যটি ধর্মীয় অনুভূতিকে ব্যবহার করে ব্যক্তিকে অপমান করেছে।
মিতিলার প্রতি অবমাননাকর এবং হুমকিমূলক বক্তব্য প্রকাশ করা হয়েছে।
ধর্মীয় লানতের মাধ্যমে ব্যক্তিগত আক্রমণ করায় এটি আপত্তিকর।","1. ধর্মীয় শব্দ ব্যবহার করে অপমান করা হয়েছে।  
2. ব্যক্তিগত আক্রমণে হুমকি রয়েছে।  
3. ধর্মীয় অনুভূতিতে আঘাত দেওয়া হয়েছে।","1. ""মিতিলার উপর লানত দেওয়া হয়েছে""  
2. ""আল্লাহর নামে অপমান করা হয়েছে""  
3. ""ধর্মীয় ভাবনা আঘাতপ্রাপ্ত হয়েছে""","1. ""মিতিলার বিরুদ্ধে অভিশাপ দেওয়া হয়েছে""  
2. ""আল্লাহর নাম অপব্যবহার করা হয়েছে""  
3. ""ধর্মীয় অনুভূতিতে আঘাত করা হয়েছে""","1. ""মিতিলার উপর অভিশাপ দেওয়া হয়েছে""  
2. ""আল্লাহর নাম নেতিবাচকভাবে ব্যবহার করা হয়েছে""  
3. ""ধর্মীয় বিশ্বাসে আঘাত করেছে""","1. ""মিতিলার উপর অভিশাপ দেওয়া হয়েছে""  
কারণ: আল্লাহর লানত বলা হয়েছে।  

2. ""আল্লাহর নাম নেতিবাচকভাবে ব্যবহার করা হয়েছে""  
কারণ: ধর্মীয় শব্দ অপব্যবহার করা হয়েছে।  

3. ""ধর্মীয় বিশ্বাসে আঘাত করেছে""  
কারণ: আল্লাহর নামে অভিশাপ দেওয়া হয়েছে।","1. ""আল্লাহর নামে অভিশাপ দেওয়া হয়েছে""  
2. ""ধর্মীয় শব্দের অপব্যবহার করা হয়েছে""  
3. ""মিতিলার প্রতি ঘৃণা প্রকাশ পেয়েছে""","1. ""মিতিলার প্রতি অভিশাপ দেওয়া হয়েছে""  
2. ""আল্লাহর নামে ঘৃণা প্রকাশ করা হয়েছে""  
3. ""ধর্মীয় শব্দ দিয়ে অপমান করা হয়েছে""","1. ""মিতিলার নামে অভিশাপ দেওয়া হয়েছে""  
2. ""আল্লাহর নাম ব্যবহার করে ঘৃণা দেখানো হয়েছে""  
3. ""ধর্মীয় শব্দ দিয়ে ব্যক্তিকে আঘাত করা হয়েছে""","1. ""মিতিলার প্রতি অভিশাপ দেওয়া হয়েছে""  
2. ""আল্লাহর নামে ঘৃণা প্রকাশ করা হয়েছে""  
3. ""ধর্মীয় ভাষায় ব্যক্তিকে আক্রমণ করা হয়েছে""","1. ""মিতিলার প্রতি অভিশাপ দেওয়া হয়েছে ধর্মীয় ভাষায়""  
2. ""আল্লাহর নাম ব্যবহার করে ঘৃণা প্রকাশ""  
3. ""ধর্মীয় শব্দে ব্যক্তিগত আক্রমণ করা হয়েছে""","1. ""ধর্মীয় শব্দে ব্যক্তিকে লক্ষ্য করে অভিশাপ""  
2. ""আল্লাহর নাম নিয়ে ঘৃণামূলক বাক্য""  
3. ""ধর্মীয় ভাষায় ব্যক্তিগত আক্রমণের উদাহরণ""","1. ""মিতিলাকে আল্লাহর লানত দেওয়া হয়েছে""  
2. ""ধর্মীয় শব্দে ব্যক্তিকে লক্ষ্য করা হয়েছে""  
3. ""এটি একটি ঘৃণামূলক ধর্মীয় বাক্য""","1. ""মিতিলাকে অভিশাপ দেওয়া হয়েছে ধর্মীয় ভাষায়""  
2. ""ব্যক্তিকে লক্ষ্য করে ধর্মীয় অপমান করা হয়েছে""  
3. ""এটি ধর্মীয় ঘৃণা প্রকাশ করছে""","1. ""ধর্মীয় ভাষায় অভিশাপ দেওয়া হয়েছে""  
2. ""ব্যক্তিগতভাবে ধর্মীয় অপমান করা""  
3. ""ধর্মীয় ঘৃণা স্পষ্টভাবে প্রকাশিত""","1. ""মিতিলার উপর আল্লাহর লানত বলা হয়েছে""  
2. ""এটি ব্যক্তিগতভাবে ধর্মীয় অবমাননার শামিল""  
3. ""ধর্মীয় ঘৃণা স্পষ্টভাবে ফুটে উঠেছে""","1. ""মিতিলার বিরুদ্ধে ধর্মীয় অভিশাপ দেওয়া হয়েছে""  
2. ""এটি ধর্মীয় অনুভূতিতে আঘাত করে""  
3. ""ধর্মীয় বিদ্বেষ প্রকাশ পেয়েছে""","1. ""মিতিলার বিরুদ্ধে ধর্মীয় শব্দ ব্যবহার করা হয়েছে""  
2. ""ধর্মীয় অনুভূতিতে আঘাতের ভাষা ব্যবহৃত হয়েছে""  
3. ""এখানে ধর্মকে হাতিয়ার করে বিদ্বেষ ছড়ানো হয়েছে""","1. ""মিতিলার বিরুদ্ধে ধর্মীয় শব্দ ব্যবহার করা হয়েছে""  
কারণ: আল্লাহর লানত ধর্মীয় শব্দ।  

2. ""ধর্মীয় অনুভূতিতে আঘাতের ভাষা ব্যবহৃত হয়েছে""  
কারণ: লানত দেওয়ায় অনুভূতিতে আঘাত।  

3. ""এখানে ধর্মকে হাতিয়ার করে বিদ্বেষ ছড়ানো হয়েছে""  
কারণ: ধর্মীয় ভাষায় বিদ্বেষ প্রকাশ।","1. ""ধর্মীয় শব্দ ব্যবহার করে বিদ্বেষ প্রকাশ""  
2. ""লানত দেওয়ায় ধর্মীয় অনুভূতিতে আঘাত""  
3. ""ধর্মকে হাতিয়ার করে ঘৃণা ছড়ানো""","1. ""মিতিলার উপর লানত দেওয়ায় ধর্মীয় অনুভূতি আঘাতপ্রাপ্ত হয়েছে।""  
2. ""আল্লাহর নাম ব্যবহার করে বিদ্বেষ প্রকাশ করা হয়েছে।""  
3. ""ধর্মীয় শব্দ দিয়ে ঘৃণামূলক বক্তব্য দেওয়া হয়েছে।""","১. ধর্মীয় শব্দ অপব্যবহার করা হয়েছে।  
২. আল্লাহর নামে ঘৃণা প্রকাশিত।  
৩. মিতিলার প্রতি বিদ্বেষপূর্ণ মন্তব্য।"
ইন্ডিয়া থেকে বলছি পাপন কে গুলি করে মারুন।শাকিব খুব ভাল প্লেয়ার।,Gender,Offensive,"মন্তব্যে সরাসরি শারীরিক সহিংসতার আহ্বান জানানো হয়েছে।
ব্যক্তিকে গুলি করার কথা বলায় এটি স্পষ্টতই আক্রমণাত্মক।
সহিংস ও হুমকিসূচক ইঙ্গিত থাকায় এটি গুরুতরভাবে আপত্তিকর।","1. ""গুলি করার আহ্বান সহিংসতা উসকে দেয়।""  
2. ""শারীরিক ক্ষতির হুমকি স্পষ্ট।""  
3. ""ব্যক্তিকে লক্ষ্য করে আক্রমণাত্মক ভাষা।""","1. ""পাপনকে গুলি করতে বলা হচ্ছে।""  
2. ""হত্যার জন্য উৎসাহ দেওয়া হয়েছে।""  
3. ""শাকিবের প্রশংসা করলেও হুমকি রয়েছে।""","1. ""পাপনকে হত্যার নির্দেশ দেওয়া হয়েছে।""  
2. ""হিংসাত্মক উক্তি স্পষ্ট।""  
3. ""শাকিবের প্রশংসা আলাদা বিষয়।""","1. ""পাপনকে মারার হুমকি দেওয়া হয়েছে।""  
2. ""হিংসাত্মক বক্তব্য স্পষ্টভাবে প্রকাশিত।""  
3. ""শাকিবের প্রশংসা আলাদা বিষয়।""","1. ""পাপনকে মারার হুমকি স্পষ্ট।""  
2. ""গালি ও হিংসাত্মক ভাষা রয়েছে।""  
3. ""শাকিবের প্রশংসা আলাদা বিষয়।""","1. ""পাপনকে মারার হুমকি দেওয়া হয়েছে।""  
2. ""গালি ও হিংসাত্মক শব্দ ব্যবহৃত হয়েছে।""  
3. ""শাকিবের প্রশংসা আলাদা বিষয়।""","1. ""পাপনকে মারার হুমকি স্পষ্টভাবে দেওয়া হয়েছে।""  
2. ""গালি ও হিংসাত্মক ভাষা ব্যবহার করা হয়েছে।""  
3. ""শাকিবের প্রশংসা সম্পূর্ণ আলাদা বিষয়।""","1. ""পাপনকে হত্যার হুমকি হেট স্পিচ।""  
2. ""গালি ও হিংসাত্মক ভাষা স্পষ্ট।""  
3. ""শাকিবের প্রশংসা无关 হেট স্পিচ।""","1. ""পাপনকে মারার হুমকি স্পষ্ট হেট স্পিচ।""  
2. ""গুলি করে মারুন বলায় হিংসাত্মক ভাষা।""  
3. ""শাকিবের প্রশংসা আলাদা, হেট স্পিচ নয়।""","1. ""পাপনকে মারার হুমকি ধর্মীয় বিদ্বেষ প্রকাশ করে।""  
2. ""হিংসাত্মক ভাষা ব্যবহার করে হেট স্পিচ করা হয়েছে।""  
3. ""শাকিবের প্রশংসা আলাদা, এতে বিদ্বেষ নেই।""","1. ""পাপনকে মারার হুমকি ধর্মীয় বিদ্বেষের লক্ষণ।""  
2. ""হিংসার ভাষা ব্যবহার করে হেট স্পিচ করা।""  
3. ""শাকিবের প্রশংসা নিরপেক্ষ, বিদ্বেষহীন।""","1. ""পাপনকে মারার হুমকি হিংসাত্মক ভাষা।""  
2. ""শাকিবের প্রশংসায় কোনো বিদ্বেষ নেই।""  
3. ""ধর্মীয় বিদ্বেষ ছাড়াই হেট স্পিচ।""","১. পাপনকে মারার হুমকি স্পষ্ট।  
২. শাকিবের প্রশংসা নিরপেক্ষ।  
৩. ধর্মীয় বিদ্বেষ অনুপস্থিত।","১. পাপনকে হত্যার হুমকি স্পষ্টভাবে বলা হয়েছে।  
২. শাকিবের প্রশংসায় কোনো বিদ্বেষ নেই।  
৩. ধর্ম নিয়ে কোনো উস্কানি দেওয়া হয়নি।","১. পাপনকে মারার হুমকি স্পষ্ট।  
২. শাকিবের প্রশংসা নিরপেক্ষ।  
৩. ধর্মীয় উস্কানি অনুপস্থিত।","১. পাপনকে হত্যার হুমকি স্পষ্টভাবে বলা হয়েছে।  
২. শাকিবের দক্ষতার প্রশংসা করা হয়েছে।  
৩. ধর্ম নিয়ে কোনো উস্কানি দেওয়া হয়নি।","১. পাপনকে হত্যার হুমকি স্পষ্ট।  
২. শাকিবের প্রশংসা করা হয়েছে।  
৩. ধর্মীয় উস্কানি নেই এখানে।","১. পাপনকে মারার হুমকি দেওয়া হয়েছে।  
২. শাকিবের দক্ষতার প্রশংসা করা হয়েছে।  
৩. ধর্ম নিয়ে কোনো উস্কানি দেওয়া হয়নি।","১. পাপনকে হত্যার হুমকি স্পষ্ট।  
২. শাকিবের প্রশংসা আছে বাক্যে।  
৩. ধর্মীয় উস্কানি অনুপস্থিত।","১. পাপনকে মারার হুমকি স্পষ্টভাবে দেওয়া হয়েছে।  
২. শাকিবের দক্ষতার প্রশংসা করা হয়েছে।  
৩. ধর্ম নিয়ে কোনো উস্কানি নেই এখানে।","১. পাপনকে হত্যার হুমকি স্পষ্ট।  
২. শাকিবের দক্ষতা প্রশংসনীয়।  
৩. ধর্মীয় উস্কানি অনুপস্থিত।"
মেয়েরা কেন সবসময় এই ব্যাপারে নাক গলায়? ওরা সব সময় সমস্যা তৈরি করে,Gender,Offensive,"মন্তব্যটি নারীদের প্রতি লিঙ্গবৈষম্যমূলক সাধারণীকরণ করেছে।
নারীদের সমস্যা সৃষ্টিকারী বলে অপমানজনকভাবে উপস্থাপন করা হয়েছে।
লিঙ্গ ভিত্তিক নেতিবাচক মনোভাব প্রকাশ করায় এটি অসম্মানজনক।","1. নারীদের সাধারণীকরণ করা হয়েছে অপমানজনকভাবে।  
2. লিঙ্গভিত্তিক নেতিবাচক ধারণা প্রকাশ পেয়েছে।  
3. মেয়েদের সমস্যাপ্রবণ বলা হয়েছে অবমাননাকরভাবে।","1. মেয়েদের সমস্ত বিষয়ে হস্তক্ষেপ করা বলা হয়েছে।  
2. নারীদের নেতিবাচকভাবে চিত্রিত করা হয়েছে।  
3. মেয়েদের সমস্যার মূল হিসেবে দেখানো হয়েছে।","1. মেয়েদের অপ্রয়োজনীয় হস্তক্ষেপের কথা বলা হয়েছে।  
2. নারীদের নেতিবাচকভাবে বর্ণনা করা হয়েছে।  
3. মেয়েদের সমস্যার কারণ হিসেবে উল্লেখ করা হয়েছে।","1. মেয়েদের নাক গলানোকে নেতিবাচকভাবে দেখানো হয়েছে।  
2. নারীদের সমস্যার মূল কারণ বলা হয়েছে।  
3. অপ্রয়োজনীয় হস্তক্ষেপের ইঙ্গিত দেওয়া হয়েছে।","1. মেয়েদের নাক গলানোকে খারাপ বলা হয়েছে।  
2. নারীদের সমস্যার কারণ বলা হয়েছে।  
3. অপ্রয়োজনীয় হস্তক্ষেপের কথা বলা হয়েছে।","1. নারীদের সমালোচনা করা হয়েছে।  
2. মেয়েদের নেতিবাচকভাবে বর্ণনা করা।  
3. অহেতুক হস্তক্ষেপের অভিযোগ করা।","1. মেয়েদের সমালোচনা করা হয়েছে।  
2. নেতিবাচকভাবে বর্ণনা করা হয়েছে।  
3. অহেতুক হস্তক্ষেপের কথা বলা হয়েছে।","1. মেয়েদের সমালোচনা করা হয়েছে কারণ তাদের নাক গলানোর কথা বলা হয়েছে।  
2. নেতিবাচকভাবে বর্ণনা করা হয়েছে কারণ সমস্যা তৈরি করার অভিযোগ করা হয়েছে।  
3. অহেতুক হস্তক্ষেপের কথা বলা হয়েছে কারণ ""সবসময় নাক গলায়"" বলা হয়েছে।","1. নারীদের বিরুদ্ধে নেতিবাচক মন্তব্য করা হয়েছে।  
2. সমস্যা সৃষ্টির অযৌক্তিক দায় দেওয়া হয়েছে।  
3. অহেতুক হস্তক্ষেপের কথা উল্লেখ আছে।","1. নারীদের সমালোচনা করা হয়েছে।  
2. সমস্যার দায় নারীদের উপর দেওয়া হয়েছে।  
3. অকারণে নাক গলানোর কথা বলা হয়েছে।","1. মেয়েদের সমালোচনা করা হয়েছে।  
2. নারীদের দোষ দেওয়া হয়েছে।  
3. অহেতুক নাক গলানোর কথা বলা।","1. মেয়েদের প্রতি নেতিবাচক মন্তব্য করা হয়েছে।  
2. নারীদের সমস্যার জন্য দায়ী করা হচ্ছে।  
3. অপ্রয়োজনীয় হস্তক্ষেপের ইঙ্গিত দেওয়া হয়েছে।","1. মেয়েদের সমালোচনা করা হয়েছে।  
2. নারীদের দোষারোপ করা হচ্ছে।  
3. অহেতুক হস্তক্ষেপের কথা বলা।","1. মেয়েদের সমালোচনা করা হয়েছে কারণ তাদের নাক গলানোর কথা বলা হয়েছে।  
2. নারীদের দোষারোপ করা হচ্ছে কারণ তাদের সমস্যা তৈরি করার কথা বলা হয়েছে।  
3. অহেতুক হস্তক্ষেপের কথা বলা হয়েছে কারণ মেয়েদের অনাকাঙ্ক্ষিত ভূমিকা বোঝানো হয়েছে।","1. মেয়েদের নাক গলানোর সমালোচনা করা হয়েছে।  
2. নারীদের সমস্যা তৈরি করার দোষ দেওয়া হয়েছে।  
3. মেয়েদের অপ্রয়োজনীয় হস্তক্ষেপের ইঙ্গিত দেওয়া হয়েছে।","1. মেয়েদের নাক গলানোকে নেতিবাচকভাবে বর্ণনা করা হয়েছে।  
2. নারীদের সমস্যা তৈরির দায় দেওয়া হচ্ছে।  
3. অপ্রয়োজনীয় হস্তক্ষেপের ইঙ্গিত রয়েছে বক্তব্যে।","1. মেয়েদের সমালোচনা করা হচ্ছে।  
2. নারীদের দোষারোপ করা হয়েছে।  
3. অহেতুক হস্তক্ষেপের অভিযোগ করা হয়েছে।","1. মেয়েদের প্রতি নেতিবাচক মন্তব্য করা হয়েছে।  
2. নারীদের সমস্যার কারণ বলা হয়েছে।  
3. অপ্রয়োজনীয় হস্তক্ষেপের দায় দেওয়া হয়েছে।","1. মেয়েদের সমালোচনা করা হয়েছে।  
2. নারীদের দোষারোপ করা হয়েছে।  
3. অহেতুক হস্তক্ষেপের অভিযোগ করা হয়েছে।","1. মেয়েদের সমালোচনা করা হয়েছে কারণ তাদের নাক গলানোর কথা বলা হয়েছে।  
2. নারীদের দোষারোপ করা হয়েছে কারণ তাদের সমস্যা তৈরি করার অভিযোগ করা হয়েছে।  
3. অহেতুক হস্তক্ষেপের অভিযোগ করা হয়েছে কারণ মেয়েদের কাজে বাধা দেওয়ার কথা বলা হয়েছে।","1. মেয়েদের নাক গলানোর সমালোচনা করা হয়েছে।  
2. নারীদের সমস্যা তৈরি করার দোষ দেওয়া হয়েছে।  
3. অহেতুক হস্তক্ষেপের অভিযোগ রয়েছে।"
মেয়েদের এই সমাজে থাকার কোনো অধিকার নেই; ওরা এখানে মানানসই না,Gender,Offensive,"মন্তব্যটি নারীদের সামাজিক অধিকার অস্বীকার করে বৈষম্যকে উসকে দিয়েছে।
নারীদের প্রতি অবমাননাকর এবং অসম্মানজনক মনোভাব প্রকাশ পেয়েছে।
লিঙ্গভিত্তিক বৈষম্য ও বিদ্বেষপূর্ণ বক্তব্য হওয়ায় এটি আপত্তিকর।","১. নারীদের অধিকার অস্বীকার করা হয়েছে।  
২. লিঙ্গভিত্তিক বিদ্বেষ প্রকাশ পেয়েছে।  
৩. সমাজে বৈষম্যকে উৎসাহিত করা হয়েছে।","১. নারীদের অস্তিত্বকে অস্বীকার করা হয়েছে।  
২. লিঙ্গের ভিত্তিতে ঘৃণা প্রকাশ করা হয়েছে।  
৩. সমাজে নারীদের অবমূল্যায়ন করা হয়েছে।","১. নারীদের অধিকার অস্বীকার করা হয়েছে।  
২. লিঙ্গভিত্তিক ঘৃণা প্রকাশিত হয়েছে।  
৩. নারীদের সমাজে অবমূল্যায়ন করা হয়েছে।","১. মেয়েদের অধিকার অস্বীকার করা হয়েছে।  
২. লিঙ্গের ভিত্তিতে ঘৃণা প্রকাশ পেয়েছে।  
৩. নারীদের সমাজে অযোগ্য বলা হয়েছে।","১. মেয়েদের অধিকার অস্বীকার করা হয়েছে।  
কারণ: ""থাকার কোনো অধিকার নেই"" বলেছে।  

২. লিঙ্গের ভিত্তিতে ঘৃণা প্রকাশ পেয়েছে।  
কারণ: শুধু মেয়েদের বিরুদ্ধে বলা হয়েছে।  

৩. নারীদের সমাজে অযোগ্য বলা হয়েছে।  
কারণ: ""মানানসই না"" শব্দ ব্যবহার করা হয়েছে।","১. মেয়েদের অধিকার অস্বীকার করা হয়েছে।  
কারণ: ""অধিকার নেই"" বলা হয়েছে।  

২. লিঙ্গভিত্তিক ঘৃণা প্রকাশ পেয়েছে।  
কারণ: শুধু মেয়েদের লক্ষ্য করে।  

৩. নারীদের অযোগ্য বলা হয়েছে।  
কারণ: ""মানানসই না"" উল্লেখ আছে।","১. ""অধিকার নেই"" বলায় নারীদের অধিকার অস্বীকার করা হয়েছে।  

২. শুধু মেয়েদের লক্ষ্য করে লিঙ্গভিত্তিক ঘৃণা প্রকাশ পেয়েছে।  

৩. ""মানানসই না"" বলায় নারীদের অযোগ্য বলা হয়েছে।","১. নারীদের অধিকার অস্বীকার করা হয়েছে।  

২. লিঙ্গভিত্তিক ঘৃণা প্রকাশ পেয়েছে।  

৩. নারীদের অযোগ্য বলা হয়েছে।","১. নারীদের প্রতি অবজ্ঞা প্রকাশ করা হয়েছে।  

২. লিঙ্গভিত্তিক বৈষম্য দেখা যাচ্ছে।  

৩. নারীদের অস্তিত্বকে অস্বীকার করা হয়েছে।","১. নারীদের অধিকার অস্বীকার করা হয়েছে।  

২. লিঙ্গভিত্তিক অপমান প্রকাশ পেয়েছে।  

৩. নারীদের অস্তিত্বকে অবমূল্যায়ন করা হয়েছে।","১. নারীদের অধিকার সরাসরি否定 করা হয়েছে।  

২. লিঙ্গভিত্তিক贬低 ভাষা ব্যবহৃত হয়েছে।  

৩. নারীদের অস্তিত্বকে轻视 করা হয়েছে।","১. নারীদের অধিকার অস্বীকার করা হয়েছে স্পষ্টভাবে।  

২. লিঙ্গভিত্তিক অবমাননাকর ভাষা ব্যবহার করা হয়েছে।  

৩. নারীদের অস্তিত্বকে তুচ্ছ করা হয়েছে কথায়।","১. নারীদের অধিকার স্পষ্টভাবে অস্বীকার করা হয়েছে।  

২. লিঙ্গভিত্তিক অবমাননাকর বক্তব্য দেওয়া হয়েছে।  

৩. নারীদের অস্তিত্বকে হেয় করা হয়েছে।","১. নারীদের অধিকার সরাসরি অস্বীকার করা হয়েছে।  

২. লিঙ্গের ভিত্তিতে অবমাননা প্রকাশ পেয়েছে।  

৩. নারীদের অস্তিত্বকে তুচ্ছ করা হয়েছে।","১. নারীদের অধিকার স্পষ্টভাবে否定 করা হয়েছে।  

২. লিঙ্গভিত্তিক贬低 প্রকাশ পেয়েছে।  

৩. নারীদের অস্তিত্বকে轻视 করা হয়েছে।","১. নারীদের অধিকার অস্বীকার করা হয়েছে।  

২. লিঙ্গের ভিত্তিতে অবমাননাকর মন্তব্য।  

৩. নারীদের অস্তিত্বকে তুচ্ছ করা হয়েছে।","১. নারীদের সমাজে থাকার অধিকার অস্বীকার করা হয়েছে।  

২. লিঙ্গভিত্তিক অবমাননাকর বক্তব্য দেওয়া হয়েছে।  

৩. নারীদের অস্তিত্বকে হেয় করা হয়েছে।","১. নারীদের অধিকার সরাসরি অস্বীকার করা হয়েছে।  

২. লিঙ্গের ভিত্তিতে অবমাননাকর মন্তব্য করা হয়েছে।  

৩. নারীদের অস্তিত্বকে হীনভাবে উপস্থাপন করা হয়েছে।","১. নারীদের অধিকার অস্বীকার করা হয়েছে স্পষ্টভাবে।  

২. লিঙ্গভিত্তিক অবমাননা প্রকাশ পেয়েছে।  

৩. নারীদের অস্তিত্বকে হেয় করা হয়েছে।","১. মেয়েদের অধিকার সরাসরি অস্বীকার করা হয়েছে।  

২. লিঙ্গের ভিত্তিতে অবমাননাকর মন্তব্য করা হয়েছে।  

৩. নারীদের অস্তিত্বকে হীনভাবে উপস্থাপন করা হয়েছে।","১. মেয়েদের অধিকার অস্বীকার করা হয়েছে স্পষ্টভাবে।  

২. লিঙ্গভিত্তিক অবমাননা প্রকাশ পেয়েছে বক্তব্যে।  

৩. নারীদের অস্তিত্বকে হেয় করা হয়েছে।"
"মেয়েরা সবসময় ভাবে ওরা সবার থেকে ভালো, কিন্তু আসলে ওদের কোনো অবদান নেই",Gender,Offensive,"মন্তব্যে নারীদের ভূমিকা অস্বীকার করে নেতিবাচকভাবে উপস্থাপন করা হয়েছে।
নারীদের প্রতি অবমাননাকর এবং লিঙ্গ বৈষম্যমূলক সাধারণীকরণ করা হয়েছে।
অমূলক এবং হেয়প্রসূত বক্তব্য হওয়ায় এটি আপত্তিকর।","1. ""মেয়েদের অবদান অস্বীকার করা হয়েছে""  
2. ""লিঙ্গ বৈষম্যমূলক মন্তব্য করা হয়েছে""  
3. ""নারীদের হেয়প্রতিপন্ন করা হয়েছে""","1. ""মেয়েদের অবদানকে অগ্রাহ্য করা হয়েছে""  
2. ""লিঙ্গভিত্তিক নেতিবাচক ধারণা প্রকাশিত""  
3. ""নারীদেরকে ছোট করা হয়েছে""","1. ""মেয়েদের অবদান অস্বীকার করা হচ্ছে""  
2. ""লিঙ্গভিত্তিক বিদ্বেষ প্রকাশ পেয়েছে""  
3. ""নারীদেরকে হেয় প্রতিপন্ন করা হয়েছে""","1. ""মেয়েদের অবদানকে অকার্যকর বলা হয়েছে""  
2. ""নারীদের প্রতি বিদ্বেষপূর্ণ মন্তব্য করা হয়েছে""  
3. ""লিঙ্গবৈষম্যমূলক বক্তব্য প্রকাশ পেয়েছে""","1. ""মেয়েদের অবদান অস্বীকার করা হয়েছে""  
2. ""নারীদের প্রতি অপমানজনক ভাষা ব্যবহৃত হয়েছে""  
3. ""লিঙ্গভিত্তিক নেতিবাচক ধারণা প্রকাশিত হয়েছে""","1. ""মেয়েদের অবদান নিয়ে অবমাননাকর মন্তব্য করা হয়েছে""  
2. ""নারীদের প্রতি অপমানজনক ভাষা ব্যবহার করা হয়েছে""  
3. ""লিঙ্গভিত্তিক নেতিবাচক ধারণা প্রকাশ পেয়েছে""","1. ""মেয়েদের অবদান অস্বীকার করা হয়েছে""  
2. ""নারীদের প্রতি অপমানজনক বক্তব্য""  
3. ""লিঙ্গভিত্তিক নেতিবাচক ধারণা প্রকাশিত""","1. ""মেয়েদের অবদানকে অগ্রাহ্য করা হচ্ছে""  
2. ""নারীদের প্রতি অবমাননাকর মন্তব্য""  
3. ""লিঙ্গভিত্তিক কুসংস্কার প্রকাশ পেয়েছে""","1. ""মেয়েদের অবদান অস্বীকার করা হচ্ছে""  
2. ""নারীদের প্রতি অপমানজনক ভাষা ব্যবহৃত হয়েছে""  
3. ""লিঙ্গবৈষম্যমূলক ধারণা প্রকাশ পেয়েছে""","1. ""মেয়েদের অবদানকে অগ্রাহ্য করা হচ্ছে""  
2. ""নারীদের প্রতি অসম্মানজনক মন্তব্য""  
3. ""লিঙ্গভিত্তিক নেতিবাচক ধারণা প্রকাশ""","1. ""মেয়েদের অবদান অস্বীকার করা হচ্ছে""  
2. ""নারীদের প্রতি অপমানকর বক্তব্য""  
3. ""লিঙ্গ বৈষম্যমূলক ধারণা প্রকাশিত""","1. ""মেয়েদের অবদান নিয়ে অবজ্ঞা প্রকাশ করা হয়েছে""  
2. ""নারীদের প্রতি অসম্মানজনক মন্তব্য করা হয়েছে""  
3. ""লিঙ্গভিত্তিক নেতিবাচক ধারণা প্রচার করা হচ্ছে""","1. ""মেয়েদের অবদান অস্বীকার করা হচ্ছে""  
2. ""নারীদের প্রতি অপমানজনক ভাষা ব্যবহৃত হয়েছে""  
3. ""লিঙ্গবৈষম্যমূলক বক্তব্য দেওয়া হয়েছে""","1. ""মেয়েদের অবদান অস্বীকার করা হচ্ছে"" – কারণ বক্তব্যে মেয়েদের অবদানকে অস্বীকার করা হয়েছে।  

2. ""নারীদের প্রতি অপমানজনক ভাষা ব্যবহৃত হয়েছে"" – কারণ বক্তব্যে নারীদের অপমান করা হয়েছে।  

3. ""লিঙ্গবৈষম্যমূলক বক্তব্য দেওয়া হয়েছে"" – কারণ বক্তব্যে লিঙ্গভিত্তিক বৈষম্য দেখা যাচ্ছে।","1. ""মেয়েদের অবদান নাকচ করা হয়েছে""  

2. ""নারীদের অপমান করা হয়েছে""  

3. ""লিঙ্গভিত্তিক বৈষম্য দেখা যাচ্ছে""","1. ""মেয়েদের অবদান অস্বীকার করা হয়েছে""  
2. ""নারীদের প্রতি অপমানজনক মন্তব্য""  
3. ""লিঙ্গভিত্তিক নেতিবাচক ধারণা প্রকাশ""","1. ""মেয়েদের অবদান অস্বীকার করা হয়েছে"" – কারণ বাক্যটিতে মেয়েদের অবদানকে অস্বীকার করা হয়েছে।  

2. ""নারীদের প্রতি অপমানজনক মন্তব্য"" – কারণ বাক্যটিতে নারীদের অপমান করা হয়েছে।  

3. ""লিঙ্গভিত্তিক নেতিবাচক ধারণা প্রকাশ"" – কারণ বাক্যটিতে লিঙ্গভিত্তিক নেতিবাচক ধারণা রয়েছে।","1. ""মেয়েদের অবদানকে সম্পূর্ণভাবে উড়িয়ে দেওয়া হয়েছে।""  

2. ""নারীদের অপমান করার জন্য বলা হয়েছে।""  

3. ""লিঙ্গের ভিত্তিতে নেতিবাচক কথা বলা হয়েছে।""","1. ""মেয়েদের অবদান অস্বীকার করা হয়েছে।""  

2. ""নারীদের প্রতি অপমানজনক মন্তব্য।""  

3. ""লিঙ্গভিত্তিক নেতিবাচক ধারণা প্রকাশ।""","1. ""মেয়েদের অবদানকে অগ্রাহ্য করা হয়েছে।""  

2. ""নারীদের প্রতি অবমাননাকর ভাষা ব্যবহৃত হয়েছে।""  

3. ""লিঙ্গবৈষম্যমূলক ধারণা প্রকাশ পেয়েছে।""","1. ""মেয়েদের অবদান অস্বীকার করা হয়েছে।""  

2. ""নারীদের প্রতি অপমানজনক মন্তব্য করা হয়েছে।""  

3. ""লিঙ্গভিত্তিক নেতিবাচক ধারণা প্রকাশিত হয়েছে।"""
এটা সত্যি যে মেয়েরা  সবকিছু নষ্ট করে দিচ্ছে,Gender,Offensive,"মন্তব্যে নারীদের প্রতি অযৌক্তিক ও নেতিবাচক সাধারণীকরণ করা হয়েছে।
নারীদের দোষারোপ করে অবমাননাকর মনোভাব প্রকাশ করা হয়েছে।
লিঙ্গভিত্তিক বৈষম্য ও অপমানজনক বক্তব্য হওয়ায় এটি আপত্তিকর।","1. নারীদের প্রতি অবমাননাকর ভাষা ব্যবহার করা হয়েছে।  
2. লিঙ্গভিত্তিক নেতিবাচক সাধারণীকরণ স্পষ্ট।  
3. মেয়েদের দোষারোপ করে বৈষম্যমূলক বক্তব্য।","১. মেয়েদের প্রতি নেতিবাচক দৃষ্টিভঙ্গি প্রকাশ।  
২. লিঙ্গভিত্তিক সাধারণীকরণ স্পষ্ট।  
৩. নারীদের দোষারোপ করা হয়েছে।","১. মেয়েদের সম্বন্ধে নেতিবাচক মন্তব্য করা হয়েছে।  
২. সব মেয়েদের একইভাবে দোষারোপ করা হয়েছে।  
৩. নারীদেরকে সমস্যার মূল হিসেবে দেখানো হয়েছে।","১. মেয়েদের সাধারণীকরণ করে দোষারোপ করা হয়েছে।  
২. নারীদেরকে সমস্ত সমস্যার কারণ দেখানো হয়েছে।  
৩. মেয়েদের সম্পর্কে নেতিবাচক ধারণা প্রকাশ করা হয়েছে।","১. মেয়েদের সমস্ত কিছুর জন্য দায়ী করা হচ্ছে।  
২. নারীদের বিরুদ্ধে সাধারণীকরণ করা হয়েছে।  
৩. মেয়েদের সম্পর্কে নেতিবাচক মন্তব্য করা হয়েছে।","১. মেয়েদের দোষারোপ করা হচ্ছে।  
২. নারীদের সাধারণভাবে আক্রমণ করা হয়েছে।  
৩. মেয়েদের সম্পর্কে খারাপ বলা হয়েছে।","১. মেয়েদের দোষ দেওয়া হচ্ছে স্পষ্টভাবে।  
২. নারীদের বিরুদ্ধে সাধারণীকরণ করা হয়েছে।  
৩. মেয়েদের সম্পর্কে নেতিবাচক মন্তব্য করা হয়েছে।","১. মেয়েদের দোষ দেওয়া হচ্ছে স্পষ্টভাবে।  
২. নারীদের বিরুদ্ধে সাধারণীকরণ করা হয়েছে।  
৩. মেয়েদের সম্পর্কে নেতিবাচক মন্তব্য করা হয়েছে।","১. মেয়েদের সমস্ত সমস্যার জন্য দায়ী করা হচ্ছে।  
২. সব মেয়েদের একইভাবে নেতিবাচকভাবে বর্ণনা করা।  
৩. মেয়েদের সম্পর্কে অবমাননাকর মন্তব্য করা হয়েছে।","১. নারীদের সাধারণীকরণ করা হচ্ছে।  
২. নেতিবাচক দৃষ্টিভঙ্গি প্রকাশ পেয়েছে।  
৩. অবমাননাকর ভাষা ব্যবহার করা হয়েছে।","১. নারীদের বিরুদ্ধে সাধারণ অভিযোগ করা হচ্ছে।  
২. মেয়েদের সম্পর্কে নেতিবাচক ধারণা প্রকাশিত।  
৩. নারীদের অবমাননা করে ভাষা ব্যবহৃত।","১. মেয়েদের দোষারোপ করা হচ্ছে।  
২. নারীদের প্রতি নেতিবাচক মনোভাব দেখা যাচ্ছে।  
৩. ভাষায় অবমাননাকর আভাস রয়েছে।","১. মেয়েদের সমস্ত সমস্যার জন্য দায়ী করা হচ্ছে।  
২. নারীদের সম্পর্কে নেতিবাচক ধারণা প্রকাশ পেয়েছে।  
৩. মেয়েদের প্রতি অপমানজনক ভাষা ব্যবহৃত হয়েছে।","১. মেয়েদের দোষারোপ করা হচ্ছে।  
২. নারীদের বিরুদ্ধে নেতিবাচক কথা বলা হয়েছে।  
৩. অপমানজনক ভাষায় মেয়েদের উল্লেখ করা হয়েছে।","১. মেয়েদের সমস্ত দোষ দেওয়া হচ্ছে।  
২. নারীদের সম্পর্কে নেতিবাচক মন্তব্য করা হয়েছে।  
৩. অপমানজনক ভাষায় মেয়েদের বর্ণনা করা হয়েছে।","১. মেয়েদের প্রতি দোষারোপ করা হচ্ছে।  
২. নারীদের সম্পর্কে নেতিবাচক কথা বলা হয়েছে।  
৩. ভাষাটি অপমানজনক এবং নারীবিদ্বেষী।","১. মেয়েদের সমস্ত দোষ দেওয়া হচ্ছে।  
২. নারীদের সম্পর্কে খারাপ বলা হয়েছে।  
৩. ভাষাটি নারীর প্রতি বিদ্বেষপূর্ণ।","১. মেয়েদের প্রতি দোষারোপ করা হচ্ছে।  
২. নারীদের সম্পর্কে নেতিবাচক কথা বলা।  
৩. ভাষায় নারীবিদ্বেষ স্পষ্ট।","১. মেয়েদের সমস্ত দোষ দেওয়া হচ্ছে।  
২. নারীদের বিরুদ্ধে নেতিবাচক মন্তব্য করা হয়েছে।  
৩. বক্তব্যে নারীবিদ্বেষ প্রকাশ পেয়েছে।","১. মেয়েদের প্রতি দোষারোপ করা হচ্ছে।  
২. নারীদের সম্পর্কে নেতিবাচক কথা বলা হয়েছে।  
৩. বক্তব্যে নারীবিদ্বেষ স্পষ্ট।","১. মেয়েদের সমস্ত সমস্যার জন্য দায়ী করা হচ্ছে।  
২. নারীদের সম্পর্কে অবমাননাকর মন্তব্য করা হয়েছে।  
৩. বক্তব্যে নারীদের প্রতি বিদ্বেষ প্রকাশ পেয়েছে।"
"সত্যি বলতে কি, আমাদের মেয়েদের ছাড়া আরও ভালো হতো",Gender,Offensive,"মন্তব্যটি নারীদের অস্তিত্বকে অমূলকভাবে অবমূল্যায়ন করেছে।
নারীদের প্রতি অবমাননাকর মনোভাব ও নেতিবাচক ইঙ্গিত প্রকাশ পেয়েছে।
লিঙ্গভিত্তিক বৈষম্য ও হেয়প্রসূত বক্তব্য হওয়ায় এটি আপত্তিকর।","1. ""মেয়েদের ছাড়া ভালো হতো"" বলায় নারীদের অবমূল্যায়ন করা হয়েছে।  
2. নারীদের প্রতি নেতিবাচক ধারণা প্রকাশ পেয়েছে।  
3. লিঙ্গভিত্তিক বৈষম্যমূলক বক্তব্য আপত্তিকর।","1. নারীদের অবদানকে খাটো করা হচ্ছে।  
2. লিঙ্গভিত্তিক নেতিবাচকতা প্রকাশ পেয়েছে।  
3. মেয়েদের প্রতি বৈষম্যমূলক দৃষ্টিভঙ্গি দেখা যাচ্ছে।","1. মেয়েদের অবদানকে অস্বীকার করা হচ্ছে।  
2. লিঙ্গভিত্তিক নেতিবাচক মন্তব্য করা হয়েছে।  
3. মেয়েদের প্রতি অবমূল্যায়ন প্রকাশ পেয়েছে।","1. মেয়েদের অবদানকে কম গুরুত্ব দেওয়া হয়েছে।  
2. লিঙ্গভিত্তিক বৈষম্যমূলক কথা বলা হয়েছে।  
3. নারীদের মূল্যকে হ্রাস করা হয়েছে।","1. মেয়েদের অবদানকে অগ্রাহ্য করা হয়েছে।  
2. লিঙ্গভিত্তিক অসম মন্তব্য করা হয়েছে।  
3. নারীদের গুরুত্ব কমিয়ে দেখানো হয়েছে।","1. মেয়েদের অবদান অস্বীকার করা হয়েছে।  
2. লিঙ্গভিত্তিক বৈষম্য দেখা যাচ্ছে।  
3. নারীদের মূল্য কমিয়ে বলা হয়েছে।","1. মেয়েদের অবদানকে অগ্রাহ্য করা হয়েছে।  
2. লিঙ্গভিত্তিক অসমতা প্রকাশ পেয়েছে।  
3. নারীদের গুরুত্ব হ্রাস করা হয়েছে।","1. মেয়েদের অবদান অস্বীকার করা হয়েছে।  
2. লিঙ্গ বৈষম্য ফুটে উঠেছে।  
3. নারীদের মূল্য কমিয়ে দেখানো হয়েছে।","১. মেয়েদের অবদানকে উপেক্ষা করা হয়েছে।  
২. লিঙ্গভিত্তিক অসমতা প্রকাশ পেয়েছে।  
৩. নারীদের মূল্য হ্রাস করা হয়েছে।","১. মেয়েদের অবদানকে অস্বীকার করা হচ্ছে।  
২. লিঙ্গ বৈষম্য দেখা যাচ্ছে।  
৩. নারীদের গুরুত্ব কমিয়ে দেখানো হয়েছে।","১. মেয়েদের অবহেলা করা হচ্ছে।  
২. নারীদের মূল্য কম বলা হচ্ছে।  
৩. লিঙ্গভিত্তিক অসমতা প্রকাশ পাচ্ছে।","১. মেয়েদের অবহেলা প্রকাশ পাচ্ছে।  
২. নারীদের মূল্য কমানো হচ্ছে।  
৩. লিঙ্গ বৈষম্য দেখা যাচ্ছে।","১. মেয়েদের অনুপস্থিতি ইচ্ছাকৃতভাবে উল্লেখ করা হয়েছে।  
২. নারীদের অবদানকে খাটো করা হচ্ছে।  
৩. লিঙ্গভিত্তিক অসমতা স্পষ্ট।","১. মেয়েদের অনুপস্থিতি ইচ্ছাকৃতভাবে উল্লেখ করা হয়েছে।  
২. নারীদের অবদানকে অবমূল্যায়ন করা হচ্ছে।  
৩. লিঙ্গভিত্তিক বৈষম্য প্রকাশ পেয়েছে।","১. মেয়েদের অনুপস্থিতি ইচ্ছাকৃতভাবে বলা হয়েছে।  
২. নারীদের অবদান কম দেখানো হচ্ছে।  
৩. লিঙ্গভিত্তিক বৈষম্য ফুটে উঠেছে।","১. মেয়েদের অনুপস্থিতি ইচ্ছা প্রকাশ করা হয়েছে।  
২. নারীদের অবদানকে খাটো করা হচ্ছে।  
৩. লিঙ্গবৈষম্য স্পষ্টভাবে দেখা যাচ্ছে।","১. মেয়েদের অনুপস্থিতি কামনা করা হয়েছে।  
২. নারীদের অবদানকে অবমূল্যায়ন করা হচ্ছে।  
৩. লিঙ্গভিত্তিক বৈষম্য প্রকাশ পেয়েছে।","১. মেয়েদের ছাড়া ভালো হতো বলায় অনুপস্থিতি ইঙ্গিত।  
২. নারীদের অবদানকে কম গুরুত্ব দেওয়া হচ্ছে।  
৩. লিঙ্গভিত্তিক পক্ষপাত প্রকাশ পেয়েছে।","১. নারীদের অবদানকে অবমূল্যায়ন করা হয়েছে।  
২. লিঙ্গভিত্তিক পক্ষপাত স্পষ্টভাবে প্রকাশিত।  
৩. মেয়েদের অনুপস্থিতি ইঙ্গিত দেওয়া হয়েছে।","১. মেয়েদের অবদান কম বলা হয়েছে।  
২. লিঙ্গভিত্তিক বৈষম্য দেখা যাচ্ছে।  
৩. মেয়েদের না থাকাই ভালো বলা হয়েছে।","১. মেয়েদের অবমূল্যায়ন করা হয়েছে।  
২. নারীদের প্রতি নেতিবাচক দৃষ্টিভঙ্গি প্রকাশ পেয়েছে।  
৩. লিঙ্গবৈষম্যমূলক বক্তব্য রয়েছে।"
ওর মত ছেলেকে কুওা দিয়া চোদানো দরকার,Gender,Sexual Harassments,"মন্তব্যটি অত্যন্ত অশালীন ও যৌন হয়রানিমূলক ভাষা ব্যবহার করেছে।
ব্যক্তিকে হেয় এবং অবমাননা করার উদ্দেশ্যে যৌন ইঙ্গিত দেওয়া হয়েছে।
অপমানজনক ও অশালীন ইঙ্গিত থাকার কারণে এটি যৌন হয়রানি হিসেবে বিবেচিত।","1. যৌন সহিংসতার ইঙ্গিত রয়েছে বাক্যটিতে।  
2. অশালীন ভাষায় ব্যক্তিকে হেয় করা হয়েছে।  
3. যৌন হয়রানিমূলক মন্তব্য স্পষ্ট।","1. যৌন সহিংসতার ইচ্ছা প্রকাশ করা হয়েছে।  
2. অশালীন ভাষায় হুমকি দেওয়া হয়েছে।  
3. যৌন হয়রানির স্পষ্ট উল্লেখ আছে।","1. যৌন সহিংসতার ইচ্ছা প্রকাশ পেয়েছে।  
2. অশালীন ভাষায় হুমকি স্পষ্ট।  
3. যৌন হয়রানির উল্লেখ আছে।","1. যৌন সহিংসতার ইচ্ছা প্রকাশ পেয়েছে।  
2. অশালীন ভাষায় হুমকি স্পষ্ট।  
3. যৌন হয়রানির উল্লেখ আছে।","1. অশালীন ভাষায় যৌন সহিংসতার ইচ্ছা প্রকাশ।  
2. কুওা শব্দে অশালীন হুমকি স্পষ্ট।  
3. যৌন হয়রানির ভাষাগত উল্লেখ আছে।","1. ""কুওা"" শব্দটি অশালীন ও যৌন সহিংসতা বোঝায়।  
2. বাক্যটিতে যৌন সহিংসতার ইচ্ছা প্রকাশ পেয়েছে।  
3. ভাষাটি যৌন হয়রানির ইঙ্গিত বহন করে।","1. ""কুওা"" শব্দটি অশালীন ও যৌনতাপূর্ণ।  
2. বাক্যটিতে যৌন সহিংসতার ইচ্ছা প্রকাশিত।  
3. ভাষাটি যৌন হয়রানির সংকেত দেয়।","1. ""কুওা"" শব্দটি অশালীন ও যৌনতাপূর্ণ।  
2. বাক্যটিতে যৌন সহিংসতার ইচ্ছা প্রকাশ পেয়েছে।  
3. ভাষাটি যৌন হয়রানির ইঙ্গিত বহন করে।","1. ""কুওা"" শব্দটি অশালীন ও যৌন অর্থবহ।  
2. বাক্যটিতে যৌন সহিংসতার ইচ্ছা ফুটে উঠেছে।  
3. ভাষাটি যৌন হয়রানির সংকেত দেয়।","1. ""কুওা"" শব্দটি অশালীন ও যৌন অর্থ বহন করে।  
2. বাক্যটিতে যৌন সহিংসতার ইচ্ছা প্রকাশ পেয়েছে।  
3. ভাষাটি যৌন হয়রানির ইঙ্গিত দেয়।","1. ""কুওা"" শব্দটি অশালীন ও যৌনতাপূর্ণ।  
2. বাক্যটিতে যৌন সহিংসতার ইচ্ছা ফুটে উঠেছে।  
3. ভাষাটি যৌন হয়রানির দিকে ইশারা করে।","1. ""কুওা"" শব্দটি অশালীন ও যৌনতাপূর্ণ।  
2. বাক্যটিতে যৌন সহিংসতার ইচ্ছা প্রকাশ পায়।  
3. ভাষাটি যৌন হয়রানির ইঙ্গিত দেয়।","1. ""কুওা"" শব্দটি অশালীন ও যৌনতাপূর্ণ ভাষা।  
2. বাক্যটিতে যৌন সহিংসতার ইচ্ছা প্রকাশ পেয়েছে।  
3. ভাষাটি যৌন হয়রানির ইঙ্গিত বহন করে।","1. ""কুওা"" শব্দটি অশালীন ও যৌনতা নির্দেশ করে।  
2. বাক্যটিতে যৌন সহিংসতার ইচ্ছা ফুটে উঠেছে।  
3. ভাষাটি যৌন হয়রানির সংকেত দেয়।","1. ""কুওা"" শব্দটি অশালীন ও যৌনতাসূচক।  
2. বাক্যটিতে যৌন সহিংসতার ইঙ্গিত আছে।  
3. ভাষাটি যৌন হয়রানির দিকে নির্দেশ করে।","1. ""কুওা"" শব্দটি অশালীন ও যৌনতা বোঝায়।  
2. বাক্যটিতে যৌন সহিংসতার ইঙ্গিত রয়েছে।  
3. ভাষাটি যৌন হয়রানির সংকেত দেয়।","1. ""কুওা"" শব্দটি অশালীন ও যৌনতাসূচক।  
2. বাক্যটিতে যৌন সহিংসতার ইঙ্গিত আছে।  
3. ভাষাটি যৌন হয়রানির দিকে নির্দেশ করে।","1. ""কুওা"" শব্দটি অশালীন ও যৌনতাসূচক।  
2. বাক্যটিতে যৌন সহিংসতার ইঙ্গিত আছে।  
3. ভাষাটি যৌন হয়রানির দিকে নির্দেশ করে।","1. ""কুওা"" শব্দটি অশালীন ও যৌনতাসূচক।  
2. বাক্যটিতে যৌন সহিংসতার ইঙ্গিত আছে।  
3. ভাষাটি যৌন হয়রানির দিকে নির্দেশ করে।","1. ""কুওা"" শব্দটি অশালীন ও যৌনতাসূচক।  
2. বাক্যটিতে যৌন সহিংসতার ইঙ্গিত আছে।  
3. ভাষাটি যৌন হয়রানির দিকে নির্দেশ করে।","1. ""কুওা"" শব্দটি অশালীন ও যৌনতা বোঝায়।  
2. বাক্যটিতে যৌন সহিংসতার ইঙ্গিত রয়েছে।  
3. ভাষাটি যৌন হয়রানির সংকেত দেয়।"
ওর মত পুলারে মেরে ফেলা দরকার,Gender,Offensive,"মন্তব্যটি সহিংসতার আহ্বান জানিয়ে আক্রমণাত্মক মনোভাব প্রকাশ করেছে।
ব্যক্তির প্রতি সরাসরি হুমকি ও অবমাননাকর বক্তব্য ব্যবহার করা হয়েছে।
শারীরিক ক্ষতির ইঙ্গিত থাকার কারণে এটি আপত্তিকর বিবেচিত।","১. ""মেরে ফেলা"" বলায় সরাসরি হিংসার উস্কানি।  
২. ব্যক্তিকে লক্ষ্য করে হুমকি দেওয়া হয়েছে।  
৩. শারীরিক ক্ষতির ইঙ্গিত স্পষ্ট।","১. ""মেরে ফেলা"" শব্দে হিংসার প্ররোচনা রয়েছে।  
২. ব্যক্তিকে লক্ষ্য করে হত্যার হুমকি দেওয়া হয়েছে।  
৩. শারীরিক ক্ষতির নির্দেশনা স্পষ্টভাবে আছে।","১. ""মেরে ফেলা"" শব্দে সরাসরি হিংসার ইঙ্গিত।  
২. ব্যক্তিকে লক্ষ্য করে হত্যার উস্কানি।  
৩. শারীরিক ক্ষতির নির্দেশনা স্পষ্ট।","১. ""মেরে ফেলা"" শব্দে হিংসার স্পষ্ট প্রকাশ।  
২. ব্যক্তিকে লক্ষ্য করে হত্যার প্ররোচনা।  
৩. শারীরিক ক্ষতির সরাসরি নির্দেশনা।","১. ""মেরে ফেলা"" শব্দে হিংসার ইঙ্গিত স্পষ্ট।  
২. ব্যক্তিকে লক্ষ্য করে হত্যার উস্কানি দেওয়া হয়েছে।  
৩. শারীরিক ক্ষতির সরাসরি হুমকি রয়েছে।","১. হত্যার উস্কানি দেওয়া হয়েছে স্পষ্টভাবে।  
২. শারীরিক হিংসার হুমকি রয়েছে বক্তব্যে।  
৩. ব্যক্তিকে লক্ষ্য করে সহিংসতা প্রচার করা হয়েছে।","১. ""মৃত্যুর আহ্বান স্পষ্টভাবে করা হয়েছে।""  
২. ""হিংসাত্মক কাজে উৎসাহিত করা হয়েছে।""  
৩. ""ব্যক্তিকে লক্ষ্য করে হত্যার প্রস্তাব দেওয়া হয়েছে।""","১. ""বক্তব্যে স্পষ্টভাবে মৃত্যুর ইঙ্গিত দেওয়া হয়েছে।""  
২. ""হিংসাত্মক কাজের প্রতি উৎসাহ দেখা যাচ্ছে।""  
৩. ""এখানে সরাসরি হত্যার প্রস্তাব করা হয়েছে।""","১. ""বক্তব্যে হত্যার সরাসরি নির্দেশনা আছে।""  
২. ""হিংসার উৎসাহ প্রদান করা হয়েছে।""  
৩. ""মৃত্যুর জন্য উস্কানি দেওয়া হয়েছে।""","১. ""বক্তব্যে স্পষ্টভাবে হত্যার কথা বলা হয়েছে।""  
২. ""এটি সরাসরি হিংসার আহ্বান।""  
৩. ""মৃত্যুর জন্য উস্কানি দেওয়ার মতো বক্তব্য।""","১. ""হত্যার ইঙ্গিত স্পষ্টভাবে দেওয়া হয়েছে।""  
২. ""সরাসরি হিংসার নির্দেশনা রয়েছে।""  
৩. ""মৃত্যুর জন্য উস্কানি দেওয়া হয়েছে।""","১. ""হত্যার ইচ্ছা স্পষ্টভাবে প্রকাশ করা হয়েছে।""  
২. ""সরাসরি হিংসার আহ্বান করা হয়েছে।""  
৩. ""মৃত্যুর জন্য উৎসাহিত করা হয়েছে।""","১. ""পুলিশকে হত্যার কথা বলা হয়েছে।""  
২. ""স্পষ্টভাবে হিংসার ডাক দেওয়া হয়েছে।""  
৩. ""মৃত্যুর জন্য উৎসাহিত করা হয়েছে।""","১. ""পুলিশকে লক্ষ্য করে হত্যার হুমকি দেওয়া হয়েছে।""  
২. ""হিংসাত্মক কর্মকাণ্ডের জন্য উৎসাহিত করা হয়েছে।""  
৩. ""মৃত্যুর জন্য সরাসরি ডাক দেওয়া হয়েছে।""","১. ""পুলিশকে হত্যার হুমকি স্পষ্টভাবে দেওয়া হয়েছে।""  
২. ""হিংসাত্মক কাজে উৎসাহিত করা হয়েছে।""  
৩. ""সরাসরি মৃত্যুর ডাক দেওয়া হয়েছে।""","১. ""পুলিশকে লক্ষ্য করে হত্যার হুমকি দেওয়া হয়েছে।""  
২. ""হিংসাত্মক কাজের প্রতি সমর্থন প্রকাশ করা হয়েছে।""  
৩. ""সরাসরি হত্যার আহ্বান করা হয়েছে।""","১. ""ওর মত পুলারে মেরে ফেলা দরকার"" বলতে সরাসরি হত্যার আহ্বান করা হয়েছে।  
২. ""মেরে ফেলা দরকার"" বললে হিংসাত্মক কাজের সমর্থন প্রকাশ পায়।  
৩. ""পুলারে মেরে ফেলা"" বলায় পুলিশকে লক্ষ্য করে হুমকি দেওয়া হয়েছে।","১. ""মেরে ফেলা দরকার"" হত্যার উস্কানি দেয়।  
২. পুলিশকে লক্ষ্য করে হুমকি স্পষ্ট।  
৩. হিংসাত্মক ভাষা সহিংসতা সমর্থন করে।","১. ""মেরে ফেলা দরকার"" বলায় হত্যার ইঙ্গিত রয়েছে।  
২. পুলিশকে লক্ষ্য করে হুমকি দেওয়া হয়েছে।  
৩. সহিংস ভাষা ব্যবহার করে সহিংসতা উৎসাহিত করা হয়েছে।","১. হত্যার ইঙ্গিত দেওয়া হয়েছে স্পষ্টভাবে।  
২. পুলিশকে লক্ষ্য করে সহিংস হুমকি।  
৩. সহিংসতা উৎসাহিত করার ভাষা ব্যবহৃত।","১. ""পুলিশকে হত্যার হুমকি দেওয়া হয়েছে স্পষ্টভাবে।""  
২. ""সহিংস ভাষা ব্যবহার করে উৎসাহিত করা হয়েছে।""  
৩. ""হত্যার ইঙ্গিত দেওয়া হয়েছে সরাসরি ভাষায়।"""
ওর মতো ছেলেকে গরম তেল গা য়ে ঢেলে মারতে হবে তিল তিল করে,Gender,Offensive,"মন্তব্যটি চরম সহিংসতার স্পষ্ট ইঙ্গিত দিয়েছে, যা অত্যন্ত আপত্তিকর।
ব্যক্তিকে শারীরিক নির্যাতনের মাধ্যমে আঘাত করার হুমকি দেওয়া হয়েছে।
অমানবিক ও হিংসাত্মক চিন্তার প্রকাশ থাকায় এটি গুরুতরভাবে আপত্তিকর।","১. হিংসাত্মক হুমকি রয়েছে বাক্যে।  
২. শারীরিক নির্যাতনের ইঙ্গিত স্পষ্ট।  
৩. অমানবিক চিন্তা প্রকাশ পেয়েছে।","১. হিংসাত্মক ভাষা স্পষ্টভাবে ব্যবহৃত হয়েছে।  
২. শারীরিক ক্ষতির নির্দেশনা রয়েছে।  
৩. অত্যন্ত নৃশংস ধারণা প্রকাশিত হয়েছে।","১. হিংসাত্মক শব্দ ব্যবহার করা হয়েছে।  
২. শারীরিক ক্ষতির হুমকি দেওয়া হয়েছে।  
৩. নৃশংসতার বর্ণনা স্পষ্ট।","১. গরম তেল দিয়ে মারার হুমকি স্পষ্ট।  
২. তিল তিল করে মারার বর্ণনা নৃশংস।  
৩. শব্দগুলো হিংসাত্মক ও ভয়ানক।","১. হুমকি স্পষ্টভাবে প্রকাশ পেয়েছে।  
২. ভাষা অত্যন্ত হিংসাত্মক ও ভয়ঙ্কর।  
৩. নৃশংসতার বর্ণনা পরিষ্কার।","১. হিংসাত্মক ভাষায় হুমকি দেওয়া হয়েছে।  
২. গরম তেল দিয়ে মারার বর্ণনা নৃশংস।  
৩. ভয়ঙ্কর ভাষায় শারীরিক ক্ষতির ইঙ্গিত।","১. হিংসাত্মক ইচ্ছা প্রকাশ করা হয়েছে।  
২. শারীরিক ক্ষতির হুমকি স্পষ্ট।  
৩. নৃশংসতার বর্ণনা দেওয়া হয়েছে।","১. গরম তেল দিয়ে মারার কথা বলা হয়েছে।  
২. তিল তিল করে মারার হুমকি দেওয়া হয়েছে।  
৩. নৃশংস হত্যার বর্ণনা করা হয়েছে।","১. গরম তেল দিয়ে মারার হুমকি স্পষ্ট।  
২. তিল তিল করে মারার কথা নৃশংস।  
৩. হত্যার বর্ণনা সহিংসতার ইঙ্গিত।","১. গরম তেল দেওয়ার হুমকি স্পষ্ট।  
২. তিল তিল করে মারার বর্ণনা নৃশংস।  
৩. হত্যার ইঙ্গিত সহিংস ভাষায়।","১. গরম তেল দেওয়ার কথা স্পষ্ট হুমকি।  
২. তিল তিল করে মারার বর্ণনা সহিংস।  
৩. হত্যার ইঙ্গিত ভাষায় প্রকাশিত।","১. হিংসাত্মক ভাষায় স্পষ্ট হুমকি দেওয়া হয়েছে।  
২. তিল তিল করে মারার বর্ণনা অত্যন্ত সহিংস।  
৩. হত্যার ইচ্ছা প্রকাশ পেয়েছে ভাষায়।","১. গরম তেল দিয়ে মারার হুমকি স্পষ্ট।  
২. তিল তিল করে মারার বর্ণনা সহিংস।  
৩. হত্যার ইচ্ছা প্রকাশ পেয়েছে।","১. হত্যার হুমকি স্পষ্টভাবে প্রকাশিত।  
২. সহিংস বর্ণনা তীব্র ঘৃণা নির্দেশ করে।  
৩. ইচ্ছাকৃত হিংসার অভিপ্রায় স্পষ্ট।","১. হত্যার হুমকি সরাসরি বলা হয়েছে।  
২. তীব্র ঘৃণা সহিংস বর্ণনায় ফুটে উঠেছে।  
৩. ইচ্ছাকৃত ক্ষতির অভিপ্রায় স্পষ্ট।","১. হত্যার হুমকি স্পষ্টভাবে উল্লেখ করা হয়েছে।  
২. ঘৃণা ও সহিংসতার বর্ণনা পরিষ্কার।  
৩. ক্ষতির ইচ্ছা প্রকাশ পেয়েছে।","১. গরম তেল দিয়ে মারার হুমকি দেওয়া হয়েছে।  
২. তিল তিল করে মারার বর্ণনা সহিংস।  
৩. ক্ষতির ইচ্ছা স্পষ্টভাবে বলা হয়েছে।","১. গরম তেল দিয়ে মারার হুমকি স্পষ্ট।  
২. তিল তিল করে মারার বর্ণনা সহিংসতা প্রকাশ করে।  
৩. ক্ষতির ইচ্ছা সরাসরি বলা হয়েছে।","১. হুমকি স্পষ্টভাবে প্রকাশ পেয়েছে।  
২. সহিংসতার বর্ণনা অতিস্পষ্ট।  
৩. ক্ষতির ইচ্ছা প্রত্যক্ষভাবে উল্লেখিত।","১. হুমকি সরাসরি বলা হয়েছে।  
২. সহিংস বর্ণনা পরিষ্কার।  
৩. ক্ষতি করার ইচ্ছা স্পষ্ট।","১. হুমকি দেওয়া হয়েছে সরাসরি ভাষায়।  
২. সহিংসতার বর্ণনা খুবই পরিষ্কার।  
৩. ক্ষতি করার ইচ্ছা প্রকাশ পেয়েছে।"
ওর সোনা কেটে ওর হাতে দেয়া হোক,Gender,Offensive,"মন্তব্যটি চরম শারীরিক নির্যাতনের ইঙ্গিত দিয়ে হিংসা উস্কে দিয়েছে।
অত্যন্ত অশালীন এবং ব্যক্তিগতভাবে অবমাননাকর বক্তব্য প্রকাশ করা হয়েছে।
শারীরিক সহিংসতার স্পষ্ট আহ্বান থাকায় এটি গুরুতরভাবে আপত্তিকর।","1. ""সোনা কেটে দেয়ার"" হুমকি সরাসরি শারীরিক সহিংসতা নির্দেশ করে।  
2. ব্যক্তিগত আক্রমণ ও অবমাননাকর ভাষা ব্যবহার করা হয়েছে।  
3. হিংসাত্মক উস্কানি দেওয়ার জন্য এটি অত্যন্ত আপত্তিকর।","1. শারীরিক ক্ষতির হুমকি স্পষ্ট।  
2. ব্যক্তিগতভাবে আক্রমণাত্মক ভাষা।  
3. হিংসাত্মক উস্কানি দেওয়া হয়েছে।","1. ""সোনা কেটে দেয়া"" বলতে শারীরিক ক্ষতির ইঙ্গিত রয়েছে।  
2. ব্যক্তিগতভাবে আক্রমণের ভাষা ব্যবহার করা হয়েছে।  
3. হিংসাত্মক কাজে উৎসাহিত করা হচ্ছে।","1. ""সোনা কেটে দেয়া"" শারীরিক ক্ষতির ইঙ্গিত দেয়।  
2. ব্যক্তিগত আক্রমণের ভাষা ব্যবহৃত হয়েছে।  
3. হিংসাত্মক কাজে উৎসাহিত করা হচ্ছে।","1. ""সোনা কেটে দেয়া"" শারীরিক ক্ষতির হুমকি দেয়।  
2. ব্যক্তিকে লক্ষ্য করে আক্রমণাত্মক ভাষা।  
3. হিংসাত্মক কর্মকাণ্ডকে সমর্থন করছে।","1. শারীরিক ক্ষতির ইঙ্গিত রয়েছে।  
2. ব্যক্তিকে সরাসরি আক্রমণ করা হয়েছে।  
3. হিংসাত্মক কর্মকাণ্ডকে উৎসাহিত করছে।","1. ""সোনা কেটে দেয়া"" শারীরিক ক্ষতির ইঙ্গিত দেয়।  
2. ""ওর হাতে দেয়া হোক"" ব্যক্তিকে লক্ষ্য করে বলা।  
3. হিংসাত্মক কাজ করতে উৎসাহিত করছে।","1. ""সোনা কেটে দেয়া"" শারীরিক ক্ষতির ইঙ্গিত দেয়।  

2. ব্যক্তিকে সরাসরি লক্ষ্য করে হুমকি দেওয়া হয়েছে।  

3. হিংসাত্মক কাজে উৎসাহিত করার ভাষা ব্যবহৃত হয়েছে।","1. ""সোনা কেটে দেয়া"" শারীরিক ক্ষতির ইঙ্গিত দেয়।  

2. ব্যক্তিকে সরাসরি হুমকি দেওয়া হয়েছে।  

3. হিংসাত্মক ভাষা ব্যবহৃত হয়েছে।","1. ""সোনা কেটে দেয়া"" শারীরিক ক্ষতির হুমকি।  

2. ব্যক্তিকে সরাসরি আঘাতের ইঙ্গিত।  

3. হিংসাত্মক ভাষা ব্যবহার করা হয়েছে।","1. ""সোনা কেটে দেয়া"" শারীরিক ক্ষতির ইঙ্গিত দেয়।  

2. হিংসাত্মক কর্মের উস্কানি রয়েছে বাক্যে।  

3. সরাসরি আঘাতের হুমকি স্পষ্ট।","1. ""সোনা কেটে দেয়া"" শারীরিক ক্ষতির ইঙ্গিত দেয়।  

2. হিংসাত্মক কর্মের উস্কানি স্পষ্ট।  

3. সরাসরি হুমকি বোঝা যায়।","1. ""সোনা কেটে দেয়া"" শারীরিক ক্ষতির কথা বলে।  

2. হিংসার উস্কানি দেওয়া হচ্ছে।  

3. এটি একটি স্পষ্ট হুমকি।","1. ""সোনা কেটে দেয়া"" শারীরিক ক্ষতির ইঙ্গিত দেয়।  

2. হিংসাত্মক কর্মকাণ্ডকে উৎসাহিত করা হচ্ছে।  

3. এটি সরাসরি একজনকে হুমকি দেওয়া।","1. ""সোনা কেটে দেয়া"" শারীরিক ক্ষতির ইঙ্গিত দেয়।  

2. হিংসাত্মক কর্মকাণ্ডকে সমর্থন করা হচ্ছে।  

3. এটি সরাসরি হুমকিস্বরূপ বক্তব্য।","1. ""সোনা কেটে দেয়া"" শারীরিক ক্ষতির ইঙ্গিত দেয়।  

2. হিংসাত্মক ভাষা ব্যবহার করা হয়েছে।  

3. এটি সরাসরি একজনকে হুমকি দেওয়া।","1. ""সোনা কেটে দেয়া"" শারীরিক ক্ষতির হুমকি।  

2. হিংসাত্মক ইচ্ছা প্রকাশ পেয়েছে।  

3. ব্যক্তিকে সরাসরি আঘাতের হুমকি।","1. ""সোনা কেটে দেয়া"" শারীরিক ক্ষতির ইঙ্গিত দেয়।  

2. হিংসাত্মক ভাষা স্পষ্টভাবে প্রকাশিত।  

3. ব্যক্তিকে সরাসরি হুমকি দেওয়া হয়েছে।","1. ""সোনা কেটে দেয়া"" শারীরিক ক্ষতির হুমকি বোঝায়।  

2. সরাসরি হিংসাত্মক ভাষা ব্যবহার করা হয়েছে।  

3. ব্যক্তিকে লক্ষ্য করে হুমকি দেওয়া হয়েছে।","1. ""সোনা কেটে দেয়া"" শারীরিক ক্ষতির ইঙ্গিত দেয়।  
2. হিংসাত্মক ভাষায় সরাসরি হুমকি দেওয়া হয়েছে।  
3. ব্যক্তিকে লক্ষ্য করে ক্ষতির ইচ্ছা প্রকাশ পেয়েছে।","1. ""সোনা কেটে দেয়া"" শারীরিক ক্ষতির ইঙ্গিত দেয়।  
2. হিংসাত্মক ভাষায় হুমকি স্পষ্ট।  
3. ব্যক্তিকে লক্ষ্য করে ক্ষতির ইচ্ছা প্রকাশ।"
ওরাকম ছেলের মেরে ফেলা উচিত,Gender,Offensive,"মন্তব্যটি সরাসরি সহিংসতার আহ্বান জানিয়েছে, যা অত্যন্ত আপত্তিকর।
ব্যক্তির প্রতি হুমকিমূলক এবং অবমাননাকর মনোভাব প্রকাশ করা হয়েছে।
শারীরিক ক্ষতির ইঙ্গিত থাকায় এটি আক্রমণাত্মক ও অসম্মানজনক।","1. ""ছেলেকে মেরে ফেলার আহ্বান সহিংসতা উৎসাহিত করে।""  
2. ""হুমকি ও অবমাননাকর ভাষা স্পষ্ট।""  
3. ""শারীরিক ক্ষতির ইঙ্গিত আক্রমণাত্মক।""","1. ""হিংসাত্মক আহ্বান স্পষ্টভাবে প্রকাশিত।""  
2. ""ভাষাটি হুমকিপূর্ণ ও আক্রমণাত্মক।""  
3. ""শারীরিক ক্ষতির ইচ্ছা প্রকাশ পেয়েছে।""","1. ""ছেলেকে মারার জন্য সরাসরি উস্কানি দেওয়া হয়েছে।""  
2. ""হিংসাত্মক কাজ করতে উৎসাহিত করা হয়েছে।""  
3. ""শারীরিক ক্ষতির ইচ্ছা স্পষ্টভাবে বলা হয়েছে।""","১. ""ছেলেকে মারার নির্দেশ দেওয়া হয়েছে।""  
২. ""হিংসাত্মক কাজের আহ্বান করা হয়েছে।""  
৩. ""শারীরিক ক্ষতির ইচ্ছা প্রকাশ করা হয়েছে।""","১. ""ছেলেকে হত্যার ইচ্ছা প্রকাশ করা হয়েছে।""  
২. ""হিংসাত্মক বক্তব্য স্পষ্টভাবে উল্লেখ করা হয়েছে।""  
৩. ""শারীরিক ক্ষতির আহ্বান স্পষ্ট।""","১. ""ছেলেকে মারার কথা বলা হয়েছে।""  
২. ""হিংসাত্মক ভাষা ব্যবহৃত হয়েছে।""  
৩. ""শারীরিক ক্ষতির ডাক দেওয়া হয়েছে।""","১. ""ছেলেকে হত্যার উস্কানি দেওয়া হয়েছে।""  
২. ""হিংসাত্মক ইচ্ছা প্রকাশ পেয়েছে।""  
৩. ""শারীরিক ক্ষতির আহ্বান স্পষ্ট।""","১. ""ছেলেকে মারার কথা বলা হয়েছে।""  
২. ""হিংসার ইচ্ছা প্রকাশ করা হয়েছে।""  
৩. ""শারীরিক ক্ষতির ডাক দেওয়া হয়েছে।""","১. ""ছেলেকে হত্যার নির্দেশ দেওয়া হয়েছে।""  
২. ""ধর্মীয় বিদ্বেষ প্রকাশ পেয়েছে।""  
৩. ""হিংসাত্মক উক্তি স্পষ্ট।""","১. ""হত্যার উসিলা দেওয়া হয়েছে স্পষ্ট ভাষায়।""  
২. ""ধর্ম নিয়ে বিদ্বেষমূলক কথা বলা হয়েছে।""  
৩. ""হিংসার কথা বলা হয়েছে সরাসরি।""","১. ""হত্যার আহ্বান স্পষ্টভাবে প্রকাশ করা হয়েছে।""  
২. ""ধর্মীয় বিদ্বেষ নেই, কিন্তু হিংসা রয়েছে।""  
৩. ""সরাসরি হিংসাত্মক বক্তব্য দেওয়া হয়েছে।""","১. ""হত্যার আহ্বান স্পষ্টভাবে বলা হয়েছে বাক্যে।""  
২. ""ধর্ম নয়, ব্যক্তিকে লক্ষ্য করে হিংসা।""  
৩. ""সরাসরি মারার কথা বলা হয়েছে এখানে।""","১. ""হত্যার নির্দেশ স্পষ্টভাবে দেওয়া হয়েছে।""  
২. ""ব্যক্তিকে লক্ষ্য করে সহিংসতার উস্কানি।""  
৩. ""সরাসরি মারার কথা বলা হয়েছে।""","১. ""হত্যার ইঙ্গিত স্পষ্টভাবে আছে।""  
২. ""সরাসরি মারার কথা বলা।""  
৩. ""ব্যক্তিকে লক্ষ্য করে হুমকি।""","১. ""হত্যার নির্দেশ দেওয়া হয়েছে স্পষ্টভাবে।""  
২. ""সরাসরি মারার কথা বলা হয়েছে।""  
৩. ""ব্যক্তিকে লক্ষ্য করে হিংসার উস্কানি।""","১. ""হত্যার নির্দেশ স্পষ্টভাবে বলা হয়েছে বাক্যে।""  
২. ""সরাসরি মারার কথা উল্লেখ করা হয়েছে।""  
৩. ""ব্যক্তিকে লক্ষ্য করে হিংসা উস্কে দেওয়া হচ্ছে।""","১. ""হত্যার ইঙ্গিত স্পষ্টভাবে দেওয়া হয়েছে।""  
২. ""সরাসরি মারার কথা বলা হয়েছে।""  
৩. ""হিংসাত্মক উস্কানি স্পষ্ট।""","১. ""ছেলেকে মেরে ফেলার সরাসরি নির্দেশ দেওয়া হয়েছে।""  
২. ""হত্যার উস্কানি স্পষ্টভাবে প্রকাশ পেয়েছে।""  
৩. ""হিংসাত্মক বার্তা পরিষ্কারভাবে বোঝা যাচ্ছে।""","১. ""হত্যার নির্দেশ স্পষ্টভাবে বলা হয়েছে।""  
২. ""হিংসাত্মক বার্তা সরাসরি প্রকাশিত।""  
৩. ""ছেলেকে মারার উস্কানি দেওয়া হয়েছে।""","১. ""হত্যার ইঙ্গিত স্পষ্টভাবে দেওয়া হয়েছে।""  
২. ""সরাসরি হিংসাত্মক ভাষা ব্যবহৃত হয়েছে।""  
৩. ""একজনের ক্ষতি করার আহ্বান করা হয়েছে।""","১. ""হত্যার প্রস্তাব স্পষ্টভাবে বলা হয়েছে।""  
২. ""সরাসরি মারাত্মক হুমকি দেওয়া হয়েছে।""  
৩. ""কারো ক্ষতি করার জন্য উৎসাহিত করা হয়েছে।"""
ওরে আমার কাছে একটু পাঠিয়ে দেয়। এই বয়সে ওকে ওয়াজ করতে দেয় কেন? ওর খতনা হইছে তো?,Gender,Offensive,"মন্তব্যটি অশালীন এবং ব্যক্তিগত বিষয় নিয়ে অবমাননাকর ইঙ্গিত দিয়েছে।
বক্তব্যে যৌন ইঙ্গিতপূর্ণ প্রশ্নের মাধ্যমে হেয় প্রতিপন্ন করার প্রচেষ্টা রয়েছে।
অপমানজনক এবং অবমাননাকর বক্তব্য হওয়ায় এটি আপত্তিকর।","১. যৌন ইঙ্গিতপূর্ণ প্রশ্ন রয়েছে।  
২. ব্যক্তিগত বিষয়ে অবমাননাকর মন্তব্য।  
৩. হেয় প্রতিপন্ন করার প্রচেষ্টা স্পষ্ট।","১. বয়স নিয়ে হেয়প্রতিপন্ন করার চেষ্টা।  
২. খতনা নিয়ে অবমাননাকর মন্তব্য।  
৩. যৌন ইঙ্গিতপূর্ণ প্রশ্ন করা হয়েছে।","১. বয়স নিয়ে বিদ্রূপ করা হয়েছে।  
২. খতনা নিয়ে অশোভন মন্তব্য।  
৩. যৌন ইঙ্গিত রয়েছে প্রশ্নে।","১. বয়স নিয়ে প্রশ্ন করে বিদ্রূপ করা হয়েছে।  
২. খতনা নিয়ে অশোভন প্রশ্ন করা হয়েছে।  
৩. যৌন বিষয়ে ইঙ্গিত দেওয়া হয়েছে।","১. বয়স নিয়ে বিদ্রূপাত্মক মন্তব্য করা হয়েছে।  
২. খতনা নিয়ে অশোভন মন্তব্য আছে।  
৩. যৌন ইঙ্গিত দেওয়ার চেষ্টা করা হয়েছে।","১. বয়স নিয়ে ঠাট্টা করা হয়েছে।  
২. খতনা নিয়ে অশালীন কথা বলা হয়েছে।  
৩. যৌন বিষয়ে ইঙ্গিত দেওয়া হয়েছে।","১. বয়স নিয়ে প্রশ্ন করা হয়েছে।  
২. খতনা নিয়ে অশোভন মন্তব্য করা হয়েছে।  
৩. যৌন ইঙ্গিত স্পষ্টভাবে দেওয়া হয়েছে।","১. বয়স নিয়ে অবমাননাকর প্রশ্ন করা হয়েছে।  
২. খতনা নিয়ে অশালীন মন্তব্য স্পষ্ট।  
৩. যৌন ইঙ্গিত প্রদান করা হয়েছে।","১. বয়স নিয়ে প্রশ্নে অবমাননা করা হয়েছে।  
২. খতনা নিয়ে অশালীন কথা বলা হয়েছে।  
৩. যৌন বিষয়ে ইঙ্গিত দেওয়া হয়েছে।","১. বয়স নিয়ে বিদ্রূপ করা হয়েছে।  
২. খতনা নিয়ে অশালীন মন্তব্য আছে।  
৩. যৌন ইঙ্গিত স্পষ্টভাবে দেওয়া হয়েছে।","১. বয়স নিয়ে ঠাট্টা করা হয়েছে।  
২. খতনা নিয়ে অপ্রাসঙ্গিক কথা বলা হয়েছে।  
৩. যৌন বিষয়ে অশালীন ইঙ্গিত দেওয়া হয়েছে।","১. বয়স নিয়ে অবমাননাকর মন্তব্য করা হয়েছে।  
২. খতনা নিয়ে অপ্রাসঙ্গিক প্রশ্ন করা হয়েছে।  
৩. যৌন ইঙ্গিত দেওয়ার চেষ্টা দেখা যাচ্ছে।","১. বয়স নিয়ে হাস্যকর মন্তব্য করা হয়েছে।  
২. খতনা নিয়ে অশোভন প্রশ্ন করা হয়েছে।  
৩. যৌন বিষয়ে অপ্রাসঙ্গিক ইঙ্গিত দেওয়া হয়েছে।","১. বয়স নিয়ে অবমাননাকর মন্তব্য করা হয়েছে।  
২. খতনা নিয়ে অসৌজন্যমূলক প্রশ্ন করা হয়েছে।  
৩. যৌন ইঙ্গিত অপ্রাসঙ্গিকভাবে দেওয়া হয়েছে।","১. বয়সের উল্লেখ করে বিদ্রূপ করা হয়েছে।  
২. খতনা নিয়ে অপ্রাসঙ্গিক প্রশ্ন করা।  
৩. যৌন বিষয় অহেতুক টানা হয়েছে।","১. বয়স নিয়ে বিদ্রূপ করা হয়েছে।  
২. খতনা নিয়ে অশোভন মন্তব্য।  
৩. যৌন বিষয় অপ্রাসঙ্গিকভাবে উত্থাপন।","১. বয়স নিয়ে ঠাট্টা করা হয়েছে।  
২. খতনা নিয়ে অশ্লীল মন্তব্য আছে।  
৩. যৌন বিষয় অপ্রাসঙ্গিকভাবে বলা হয়েছে।","১. বয়সের উল্লেখ করে মজাকরার চেষ্টা করা হয়েছে।  
২. খতনা নিয়ে অশালীন ইঙ্গিত দেওয়া হয়েছে।  
৩. অপ্রাসঙ্গিক যৌন বিষয় টানা হয়েছে।","১. বয়স নিয়ে অপ্রাসঙ্গিক মন্তব্য করা হয়েছে।  
২. খতনা নিয়ে অশোভন ইঙ্গিত দেওয়া হয়েছে।  
৩. যৌন বিষয় অপ্রাসঙ্গিকভাবে টানা হয়েছে।","১. বয়স নিয়ে অবান্তর প্রশ্ন করা হয়েছে।  
২. খতনা নিয়ে অপ্রাসঙ্গিক মন্তব্য করা।  
৩. যৌন বিষয় অহেতুক উল্লেখ করা।","১. বয়স নিয়ে অপ্রাসঙ্গিক প্রশ্ন করা হয়েছে।  
২. খতনা নিয়ে অশোভন মন্তব্য করা।  
৩. যৌন বিষয় অহেতুক টানা হয়েছে।"
ওরে নেন্টা করে চুদে দিলেও ওটা এর কাচে নরমাল হবে কারন ব্যাসসার ঘর থেকে ব্যাসসা ই জন্ম নেয়,Gender,Offensive,"মন্তব্যটি অশালীন ও অত্যন্ত যৌন ইঙ্গিতপূর্ণ ভাষা ব্যবহার করেছে।
ব্যক্তিকে অবমাননা করার উদ্দেশ্যে অপমানজনক এবং অশোভন বক্তব্য প্রকাশ করা হয়েছে।
অশ্লীল ও হেয়প্রসূত ইঙ্গিত থাকায় এটি গুরুতরভাবে আপত্তিকর।","1. অশ্লীল শব্দ ব্যবহার করে ব্যক্তিকে অপমান করা হয়েছে।  
2. যৌন ইঙ্গিতপূর্ণ ভাষা অবমাননাকর।  
3. হেয়প্রসূত মন্তব্য সামাজিকভাবে অগ্রহণযোগ্য।","1. অশ্লীল শব্দ ব্যবহার করে অপমান করা হয়েছে।  
2. যৌন ইঙ্গিতপূর্ণ ভাষা অবমাননাকর।  
3. সামাজিকভাবে অগ্রহণযোগ্য হেয়প্রসূত মন্তব্য।","1. অশ্লীল শব্দ ব্যবহার করে ব্যক্তিকে অপমান করা হয়েছে।  
2. যৌন ইঙ্গিতপূর্ণ ভাষায় অবমাননাকর মন্তব্য করা হয়েছে।  
3. সামাজিকভাবে অগ্রহণযোগ্য ও হেয়প্রসূত ভাষা ব্যবহৃত হয়েছে।","1. অশ্লীল শব্দ ব্যবহার করে অপমান করা হয়েছে।  
2. যৌন ইঙ্গিতপূর্ণ ভাষা অবমাননাকর।  
3. সামাজিকভাবে হেয়প্রতিষ্ঠিত ভাষা ব্যবহৃত।","1. অশ্লীল শব্দ ব্যবহার করে অপমান করা হয়েছে।  
2. যৌন ইঙ্গিতপূর্ণ ভাষা অবমাননাকর।  
3. সামাজিকভাবে হেয়প্রতিষ্ঠিত ভাষা ব্যবহৃত।","1. অশ্লীল শব্দ ব্যবহার করে অপমান করা হয়েছে।  
2. যৌন ইঙ্গিতপূর্ণ ভাষা অবমাননাকর।  
3. সামাজিকভাবে হেয়প্রতিষ্ঠিত ভাষা ব্যবহৃত।","1. অশ্লীল শব্দ ব্যবহার করে অপমান স্পষ্ট।  
2. যৌন ইঙ্গিতপূর্ণ ভাষা অবমাননাকর ভাব প্রকাশ করে।  
3. সামাজিকভাবে হেয়প্রতিষ্ঠিত ভাষা ব্যবহৃত হয়েছে।","1. অশ্লীল শব্দ ব্যবহার করা হয়েছে।  
2. যৌন ইঙ্গিতপূর্ণ ভাষা স্পষ্ট।  
3. সামাজিকভাবে অবমাননাকর ভাষা।","1. অশ্লীল শব্দ স্পষ্টভাবে ব্যবহৃত হয়েছে।  
2. যৌন ইঙ্গিত সম্পূর্ণ স্পষ্ট।  
3. ভাষাটি সামাজিকভাবে অগ্রহণযোগ্য।","1. অশ্লীল শব্দ সরাসরি ব্যবহার করা হয়েছে।  
2. যৌন কাজের বর্ণনা স্পষ্টভাবে দেওয়া হয়েছে।  
3. ভাষাটি সমাজে গ্রহণযোগ্য নয়।","1. অশ্লীল শব্দ ব্যবহারে বাক্যটি আপত্তিকর।  
2. যৌন কাজের স্পষ্ট বর্ণনা আছে।  
3. ভাষাটি অগ্রহণযোগ্য ও অসভ্য।","1. অশ্লীল শব্দ ব্যবহার করা হয়েছে।  
2. যৌন কাজের বর্ণনা স্পষ্ট।  
3. ভাষাটি অত্যন্ত অসভ্য।","1. অশ্লীল শব্দ স্পষ্টভাবে ব্যবহৃত হয়েছে।  
2. যৌন কাজের বিবরণ অত্যন্ত স্পষ্ট।  
3. ভাষার ব্যবহার অশালীন ও আক্রমণাত্মক।","1. অশ্লীল শব্দ স্পষ্টভাবে ব্যবহার করা হয়েছে।  
2. যৌন কাজের বর্ণনা অত্যন্ত স্পষ্ট।  
3. ভাষা আক্রমণাত্মক ও অশালীন।","1. অশ্লীল শব্দের ব্যবহার স্পষ্টভাবে দেখা যাচ্ছে।  
2. যৌন কাজের বর্ণনা অত্যন্ত স্পষ্টভাবে করা হয়েছে।  
3. ভাষাটি আক্রমণাত্মক ও অশালীনভাবে ব্যবহৃত হয়েছে।","1. অশ্লীল শব্দ ব্যবহারে বাক্যটি বিকৃত।  
2. যৌন কর্মের বিবরণ অত্যন্ত স্পষ্ট।  
3. ভাষার ব্যবহার আক্রমণাত্মক ও অসভ্য।","1. অশ্লীল শব্দ ব্যবহারের জন্য লেবেল সঠিক।  
2. যৌন বিবরণ স্পষ্টভাবে উল্লেখ করা হয়েছে।  
3. ভাষা আক্রমণাত্মক ও অসভ্য।","1. অশ্লীল শব্দ ব্যবহারের জন্য লেবেল সঠিক।  
2. যৌন কর্মকাণ্ডের স্পষ্ট বর্ণনা রয়েছে।  
3. ভাষার টোন অত্যন্ত আক্রমণাত্মক।","1. অশ্লীল শব্দ ব্যবহারের জন্য লেবেল সঠিক।  
2. যৌন কর্মকাণ্ডের স্পষ্ট উল্লেখ আছে।  
3. ভাষার টোন অত্যন্ত আপত্তিকর।","1. অশ্লীল শব্দ স্পষ্টভাবে ব্যবহৃত হয়েছে।  
2. যৌন কর্মকাণ্ডের বর্ণনা অপ্রাসঙ্গিক।  
3. ভাষার ব্যবহার অগ্রহণযোগ্য পর্যায়ের।","1. অশ্লীল শব্দ স্পষ্টভাবে ব্যবহার করা হয়েছে।  
2. যৌন কর্মকাণ্ডের অপ্রাসঙ্গিক উল্লেখ আছে।  
3. ভাষার স্তর অত্যন্ত অমার্জিত।"
ওরে প্যান্ট খুলে সোনায় লাত্থাইয়া বীচি ফাটাইয়া ফালাতে ইচ্ছা করছে,Gender,Offensive,"মন্তব্যে সরাসরি শারীরিক সহিংসতার ইঙ্গিত দেওয়া হয়েছে, যা অত্যন্ত আপত্তিকর।
অশালীন ও অবমাননাকর ভাষা ব্যবহার করে হিংসাত্মক মনোভাব প্রকাশ করা হয়েছে।
শারীরিক আঘাত ও অশালীন ইঙ্গিতের কারণে এটি গুরুতরভাবে আপত্তিকর বিবেচিত।","1. শারীরিক সহিংসতার ইঙ্গিত স্পষ্ট।  
2. অশালীন ভাষা ব্যবহার করা হয়েছে।  
3. হিংসাত্মক মনোভাব প্রকাশ পেয়েছে।","1. অশালীন শব্দ ব্যবহারে সহিংসতা ফুটে উঠেছে।  
2. হিংসাত্মক ইচ্ছা স্পষ্টভাবে প্রকাশিত।  
3. শারীরিক আক্রমণের ইঙ্গিত রয়েছে।","1. অশালীন ভাষায় সহিংস ইচ্ছা প্রকাশ করা হয়েছে।  
2. শারীরিক আক্রমণের ইঙ্গিত স্পষ্ট।  
3. হিংসাত্মক অভিব্যক্তি ফুটে উঠেছে।","1. অশ্লীল ভাষায় সহিংসতার ইচ্ছা প্রকাশ পেয়েছে।  
2. শারীরিক আক্রমণের ইঙ্গিত স্পষ্টভাবে রয়েছে।  
3. হিংসাত্মক অভিব্যক্তি স্পষ্টভাবে ফুটে উঠেছে।","1. ""সোনায় লাত্থাইয়া"" শব্দগুচ্ছে সহিংসতার ইঙ্গিত রয়েছে।  
2. ""বীচি ফাটাইয়া"" বলতে শারীরিক আক্রমণের ইচ্ছা প্রকাশ পেয়েছে।  
3. ""ফালাতে ইচ্ছা করছে"" অংশে হিংসাত্মক অভিব্যক্তি স্পষ্ট।","1. ""সোনায় লাত্থাইয়া"" শব্দে হিংসার ইঙ্গিত।  
2. ""বীচি ফাটাইয়া"" বলতে আক্রমণের ইচ্ছা।  
3. ""ফালাতে ইচ্ছা করছে"" হিংসাত্মক অভিব্যক্তি।","1. ""সোনায় লাত্থাইয়া"" শব্দে শারীরিক হিংসার ইঙ্গিত রয়েছে।  
2. ""বীচি ফাটাইয়া"" বলতে সরাসরি আক্রমণের ইচ্ছা প্রকাশ পেয়েছে।  
3. ""ফালাতে ইচ্ছা করছে"" এখানে হিংসাত্মক মনোভাব স্পষ্ট।","1. ""সোনায় লাত্থাইয়া"" শারীরিক হিংসার ইঙ্গিত দেয়।  
2. ""বীচি ফাটাইয়া"" হিংসাত্মক ইচ্ছা প্রকাশ করে।  
3. ""ফালাতে ইচ্ছা করছে"" সরাসরি আক্রমণের মনোভাব দেখায়।","1. ""সোনায় লাত্থাইয়া"" শারীরিক নির্যাতনের ইঙ্গিত দেয়।  
2. ""বীচি ফাটাইয়া"" হিংসাত্মক অভিপ্রায় প্রকাশ করে।  
3. ""ফালাতে ইচ্ছা করছে"" সরাসরি আক্রমণের ইচ্ছা দেখায়।","1. ""সোনায় লাত্থাইয়া"" শারীরিক হিংসার ইঙ্গিত দেয়।  
2. ""বীচি ফাটাইয়া"" রক্তক্ষরণের হুমকি প্রকাশ করে।  
3. ""ফালাতে ইচ্ছা করছে"" সরাসরি ক্ষতির ইচ্ছা দেখায়।","1. ""সোনায় লাত্থাইয়া"" শারীরিক নির্যাতনের ইঙ্গিত দেয়।  
2. ""বীচি ফাটাইয়া"" রক্তপাতের হুমকি বহন করে।  
3. ""ফালাতে ইচ্ছা করছে"" ক্ষতির ইচ্ছা প্রকাশ করে।","1. ""সোনায় লাত্থাইয়া"" শারীরিক আক্রমণের ইঙ্গিত দেয়।  
2. ""বীচি ফাটাইয়া"" সহিংসতার হুমকি প্রকাশ করে।  
3. ""ফালাতে ইচ্ছা করছে"" ক্ষতিকর উদ্দেশ্য দেখায়।","1. ""সোনায় লাত্থাইয়া"" শারীরিক নির্যাতনের ইঙ্গিত দেয়।  
2. ""বীচি ফাটাইয়া"" রূপকভাবে হিংসাত্মক আচরণ বোঝায়।  
3. ""ফালাতে ইচ্ছা করছে"" ক্ষতিকর ইচ্ছা প্রকাশ করে।","1. ""সোনায় লাত্থাইয়া"" শারীরিক হিংসার ইঙ্গিত দেয়।  
2. ""বীচি ফাটাইয়া"" হিংসাত্মক আচরণ প্রকাশ করে।  
3. ""ফালাতে ইচ্ছা করছে"" ক্ষতিকর উদ্দেশ্য দেখায়।","1. ""সোনায় লাত্থাইয়া"" শারীরিক নির্যাতনের ইঙ্গিত দেয়।  
2. ""বীচি ফাটাইয়া"" হিংসাত্মক অভিপ্রায় প্রকাশ করে।  
3. ""ফালাতে ইচ্ছা করছে"" ক্ষতিকর ইচ্ছা প্রকাশ পায়।","1. ""সোনায় লাত্থাইয়া"" শারীরিক নির্যাতনের ইঙ্গিত দেয়।  
2. ""বীচি ফাটাইয়া"" হিংসাত্মক আচরণ বোঝায়।  
3. ""ফালাতে ইচ্ছা করছে"" ক্ষতিকর মনোভাব প্রকাশ করে।","1. ""সোনায় লাত্থাইয়া"" শারীরিক হিংসার ইঙ্গিত দেয়।  
2. ""বীচি ফাটাইয়া"" রূপকভাবে হিংসা বোঝায়।  
3. ""ফালাতে ইচ্ছা করছে"" আক্রমণাত্মক মনোভাব দেখায়।","1. ""সোনায় লাত্থাইয়া"" শারীরিক আক্রমণের ইঙ্গিত দেয়।  
2. ""বীচি ফাটাইয়া"" হিংসাত্মক অভিব্যক্তি প্রকাশ করে।  
3. ""ফালাতে ইচ্ছা করছে"" আক্রমণাত্মক মনোভাব দেখায়।","1. ""সোনায় লাত্থাইয়া"" শারীরিক হিংসার ইঙ্গিত দেয়।  
2. ""বীচি ফাটাইয়া"" রক্তক্ষরণের কথা বলে।  
3. ""ফালাতে ইচ্ছা করছে"" আক্রমণের ইচ্ছা প্রকাশ করে।","1. ""সোনায় লাত্থাইয়া"" শারীরিক নির্যাতনের ইঙ্গিত দেয়।  
2. ""বীচি ফাটাইয়া"" রক্তপাতের হুমকি প্রকাশ করে।  
3. ""ফালাতে ইচ্ছা করছে"" সহিংসতার আকাঙ্ক্ষা দেখায়।","1. ""সোনায় লাত্থাইয়া"" শারীরিক নির্যাতনের ইঙ্গিত দেয়।  
2. ""বীচি ফাটাইয়া"" রক্তপাতের হুমকি প্রকাশ করে।  
3. ""ফালাতে ইচ্ছা করছে"" সহিংসতার ইচ্ছা দেখায়।"
কচি মেয়ে খাওয়ার অভ্যাসটা কাওউয়া কাদেরের আর গেলো না।,Gender,Offensive,"মন্তব্যে নারীকে অবমাননাকর ও অশালীনভাবে উপস্থাপন করা হয়েছে।
যৌন ইঙ্গিতপূর্ণ এবং অপমানজনক ভাষা ব্যবহার করা হয়েছে।
নারীদের প্রতি অবজ্ঞাসূচক ও অসম্মানজনক মনোভাব প্রকাশ করায় এটি আপত্তিকর।","1. ""মেয়ে"" শব্দটি অশালীনভাবে ব্যবহৃত হয়েছে।  
2. যৌন ইঙ্গিতপূর্ণ ভাষা ব্যবহার করা হয়েছে।  
3. নারীদের প্রতি অবমাননাকর মনোভাব ফুটে উঠেছে।","1. ""কচি মেয়ে"" বলতে অপ্রাপ্তবয়স্কদের ইঙ্গিত করা হয়েছে।  
2. ""খাওয়ার অভ্যাস"" যৌন সহিংসতার ইঙ্গিত দিচ্ছে।  
3. নারীদের অবমাননাকরভাবে উপস্থাপন করা হয়েছে।","1. ""কচি মেয়ে"" শব্দে শিশুদের প্রতি যৌন ইঙ্গিত আছে।  
2. ""খাওয়ার অভ্যাস"" বলতে যৌন সহিংসতা বোঝানো হয়েছে।  
3. মেয়েদের প্রতি ঘৃণ্য ভাষা ব্যবহার করা হয়েছে।","1. ""কচি মেয়ে"" শব্দে শিশুদের প্রতি যৌন ইঙ্গিত স্পষ্ট।  
2. ""খাওয়ার অভ্যাস"" যৌন সহিংসতার ইঙ্গিত দেয়।  
3. মেয়েদের প্রতি ঘৃণামূলক ভাষা ব্যবহৃত হয়েছে।","1. ""কচি মেয়ে"" বলতে শিশুদের প্রতি যৌন ইঙ্গিত বোঝায়।  
2. ""খাওয়ার অভ্যাস"" যৌন সহিংসতার প্রতীক।  
3. মেয়েদের প্রতি ঘৃণামূলক ভাষা ব্যবহৃত হয়েছে।","1. ""কচি মেয়ে"" শিশুদের প্রতি যৌন ইঙ্গিত করে।  
2. ""খাওয়ার অভ্যাস"" যৌন সহিংসতা বোঝায়।  
3. মেয়েদের প্রতি ঘৃণামূলক ভাষা ব্যবহৃত।","1. ""কচি মেয়ে"" শিশুদের প্রতি অস্বস্তিকর ইঙ্গিত বহন করে।  
2. ""খাওয়ার অভ্যাস"" শব্দগুচ্ছ যৌন সহিংসতার ইঙ্গিত দেয়।  
3. মেয়েদের প্রতি ঘৃণামূলক ভাষা স্পষ্ট।","1. ""কচি মেয়ে"" বলতে শিশুদের প্রতি বিকৃত ইচ্ছা প্রকাশ পায়।  
2. ""খাওয়ার অভ্যাস"" যৌন সহিংসতার ইঙ্গিত দেয়।  
3. মেয়েদের প্রতি ঘৃণামূলক ভাষা স্পষ্ট।","1. ""কচি মেয়ে"" শিশুদের প্রতি বিকৃত ইচ্ছা দেখায়।  
2. ""খাওয়ার অভ্যাস"" যৌন সহিংসতার ইঙ্গিত দেয়।  
3. মেয়েদের প্রতি ঘৃণামূলক ভাষা ব্যবহৃত হয়েছে।","1. ""কচি মেয়ে"" বলতে শিশুদের প্রতি অস্বাভাবিক আকর্ষণ বোঝায়।  
2. ""খাওয়ার অভ্যাস"" যৌন সহিংসতার প্রতীকী প্রকাশ।  
3. মেয়েদের প্রতি ঘৃণামূলক ভাষা স্পষ্ট।","1. ""কচি মেয়ে"" শিশুদের প্রতি বিকৃত ইচ্ছা প্রকাশ করে।  
2. ""খাওয়ার অভ্যাস"" যৌন সহিংসতার ইঙ্গিত দেয়।  
3. মেয়েদের প্রতি ঘৃণামূলক ভাষা ব্যবহৃত হয়েছে।","1. ""কচি মেয়ে"" শিশুদের প্রতি অস্বাভাবিক আকর্ষণ বোঝায়।  
2. ""খাওয়ার অভ্যাস"" যৌন সহিংসতার রূপক।  
3. মেয়েদের প্রতি ঘৃণামূলক ভাষা স্পষ্ট।","1. ""কচি মেয়ে"" বলতে শিশুদের প্রতি বিকৃত ইচ্ছা বোঝানো হয়েছে।  
2. ""খাওয়ার অভ্যাস"" যৌন সহিংসতার ইঙ্গিত দেয়।  
3. মেয়েদের প্রতি ঘৃণামূলক ভাষা ব্যবহৃত হয়েছে।","1. ""কচি মেয়ে"" শিশুদের প্রতি বিকৃত ইচ্ছা প্রকাশ করে।  
2. ""খাওয়ার অভ্যাস"" যৌন সহিংসতার ইঙ্গিত দেয়।  
3. মেয়েদের প্রতি ঘৃণামূলক ভাষা ব্যবহৃত হয়েছে।","1. ""কচি মেয়ে"" বলতে শিশুদের প্রতি অস্বাভাবিক আকর্ষণ বোঝায়।  
2. ""খাওয়ার অভ্যাস"" যৌন সহিংসতার প্রতীকী প্রকাশ।  
3. মেয়েদের প্রতি ঘৃণামূলক ভাষা স্পষ্ট।","1. ""কচি মেয়ে"" শিশুদের প্রতি বিকৃত ইচ্ছা প্রকাশ করে।  
2. ""খাওয়ার অভ্যাস"" যৌন সহিংসতার ইঙ্গিত দেয়।  
3. মেয়েদের প্রতি ঘৃণামূলক ভাষা স্পষ্ট।","1. ""কচি মেয়ে"" বলতে শিশুদের প্রতি বিকৃত ইচ্ছা বোঝায়।  
2. ""খাওয়ার অভ্যাস"" যৌন সহিংসতার ইঙ্গিত দেয়।  
3. মেয়েদের প্রতি ঘৃণামূলক ভাষা ব্যবহৃত হয়েছে।","1. ""কচি মেয়ে"" শব্দে শিশুদের প্রতি বিকৃত ইচ্ছা প্রকাশ পায়।  

2. ""খাওয়ার অভ্যাস"" যৌন সহিংসতার ইঙ্গিত বহন করে।  

3. মেয়েদের প্রতি ঘৃণামূলক ভাষা স্পষ্ট।","1. ""কচি মেয়ে"" শিশুদের প্রতি বিকৃত ইচ্ছা দেখায়।  

2. ""খাওয়ার অভ্যাস"" যৌন সহিংসতার ইঙ্গিত দেয়।  

3. মেয়েদের প্রতি ঘৃণামূলক ভাষা ব্যবহৃত হয়েছে।","1. ""কচি মেয়ে"" বলতে শিশুদের প্রতি বিকৃত ইচ্ছা প্রকাশ পায়।  

2. ""খাওয়ার অভ্যাস"" যৌন সহিংসতার ইঙ্গিত বহন করে।  

3. মেয়েদের প্রতি ঘৃণামূলক ভাষা স্পষ্ট।","1. ""কচি মেয়ে"" শিশুদের প্রতি বিকৃত ইচ্ছা দেখায়।  

2. ""খাওয়ার অভ্যাস"" যৌন সহিংসতার ইঙ্গিত দেয়।  

3. মেয়েদের প্রতি ঘৃণামূলক ভাষা ব্যবহৃত হয়েছে।"
কত বেডার সোদা কাইছে হিতি নিজে ও জানে না,Gender,Offensive,"মন্তব্যটি নারীর প্রতি অবমাননাকর এবং অসম্মানজনক ভাষা ব্যবহার করেছে।
অশালীন ও অবজ্ঞাসূচক ইঙ্গিত থাকার কারণে এটি আপত্তিকর।
নারীদের হেয়প্রসূত এবং অপমানমূলক মনোভাব প্রকাশ করায় এটি অত্যন্ত আপত্তিকর।","1. ""নারীর সম্মানহানি করা হয়েছে বাক্যে।""  
2. ""অশালীন ভাষা ব্যবহার করা হয়েছে।""  
3. ""নারীকে অপমান করার ইঙ্গিত রয়েছে।""","1. ""অশালীন শব্দ ব্যবহার করে নারীকে অপমান করা হয়েছে।""  
2. ""বাক্যটিতে নারীর সম্মানহানির ইঙ্গিত আছে।""  
3. ""অপমানজনক ভাষায় নারীকে লক্ষ্য করা হয়েছে।""","1. ""অশালীন শব্দ ব্যবহার করে নারীকে লক্ষ্য করা হয়েছে।""  
2. ""বাক্যটিতে নারীর সম্মানহানির ভাষা আছে।""  
3. ""অপমানজনক শব্দে নারীকে বোঝানো হয়েছে।""","1. ""অশালীন শব্দ ব্যবহার করে নারীকে লক্ষ্য করা হয়েছে।""  
- নারীকে অশালীনভাবে সম্বোধন করা হয়েছে।  

2. ""বাক্যটিতে নারীর সম্মানহানির ভাষা আছে।""  
- ভাষায় নারীর অবমাননা প্রকাশ পেয়েছে।  

3. ""অপমানজনক শব্দে নারীকে বোঝানো হয়েছে।""  
- নারীকে অপমানসূচক শব্দে ডাকা হয়েছে।","1. ""অশালীন শব্দ ব্যবহার করে নারীকে লক্ষ্য করা হয়েছে।""  
- নারীকে অসম্মানজনকভাবে সম্বোধন করা হয়েছে।  

2. ""বাক্যটিতে নারীর সম্মানহানির ভাষা আছে।""  
- ভাষায় নারীর প্রতি অবজ্ঞা প্রকাশ পেয়েছে।  

3. ""অপমানজনক শব্দে নারীকে বোঝানো হয়েছে।""  
- নারীকে অশালীনভাবে উল্লেখ করা হয়েছে।","1. ""অশালীন শব্দ ব্যবহার করে নারীকে লক্ষ্য করা হয়েছে।""  
- নারীকে অসম্মানজনক শব্দে সম্বোধন করা হয়েছে।  

2. ""বাক্যটিতে নারীর সম্মানহানির ভাষা আছে।""  
- ভাষায় নারীর প্রতি অবমাননাকর আচরণ ফুটে উঠেছে।  

3. ""অপমানজনক শব্দে নারীকে বোঝানো হয়েছে।""  
- নারীকে অশালীনভাবে উল্লেখ করা হয়েছে।","1. ""অশালীন শব্দে নারীকে লক্ষ্য করা হয়েছে।""  

2. ""ভাষায় নারীর সম্মানহানি ফুটে উঠেছে।""  

3. ""নারীকে অপমানজনকভাবে উল্লেখ করা হয়েছে।""","1. ""অশালীন শব্দ ব্যবহার করা হয়েছে।""  

2. ""নারীর সম্মানহানি করা হয়েছে।""  

3. ""অপমানজনক ভাষা ব্যবহৃত হয়েছে।""","1. ""অশ্লীল শব্দ ব্যবহার করা হয়েছে বাক্যে।""  

2. ""মহিলাদের প্রতি অসম্মানজনক ভাষা।""  

3. ""গালিগালাজের মাধ্যমে অপমান করা হয়েছে।""","1. ""অশ্রাব্য ভাষা ব্যবহার করা হয়েছে।""  

2. ""মহিলাদের প্রতি অশালীন মন্তব্য করা হয়েছে।""  

3. ""গালিগালাজের মাধ্যমে অসম্মান দেখানো হয়েছে।""","1. ""অশ্রাব্য শব্দ ব্যবহার করা হয়েছে।""  

2. ""অশালীন ভাষায় মহিলাদের উদ্দেশ্য করা হয়েছে।""  

3. ""গালিগালাজের মাধ্যমে অসম্মান প্রকাশ পেয়েছে।""","1. ""অশ্রাব্য শব্দ ব্যবহার করে অপমান করা হয়েছে।""  

2. ""মহিলাদের উদ্দেশ্যে অশালীন ভাষা প্রয়োগ করা হয়েছে।""  

3. ""গালিগালাজের মাধ্যমে অসম্মানজনক মন্তব্য করা হয়েছে।""","1. ""অশ্রাব্য শব্দ ব্যবহার করে অপমান স্পষ্ট।""  

2. ""মহিলাদের প্রতি অশালীন ভাষা প্রয়োগ হয়েছে।""  

3. ""গালিগালাজের মাধ্যমে অসম্মান করা হয়েছে।""","1. ""অশ্রাব্য শব্দ ব্যবহার করে অপমান করা হয়েছে।""  

2. ""মহিলাদের প্রতি অশালীন ভাষা দেখা যাচ্ছে।""  

3. ""গালিগালাজের মাধ্যমে অসম্মান স্পষ্ট।""","1. ""অশ্রাব্য শব্দ ব্যবহার করে অপমান করা হয়েছে।""  

2. ""মহিলাদের প্রতি অশালীন ভাষা দেখা যাচ্ছে।""  

3. ""গালিগালাজের মাধ্যমে অসম্মান স্পষ্ট।""  

মন্তব্য:  
১. ""অশালীন শব্দের ব্যবহার স্পষ্ট।""  
২. ""মহিলাদের প্রতি আক্রমণাত্মক ভাষা।""  
৩. ""গালিগালাজের মাধ্যমে অপমান করা হয়েছে।""","১. ""অশ্রাব্য শব্দ ব্যবহারে অপমান স্পষ্ট।""  
২. ""মহিলাদের প্রতি অশালীন ভাষা প্রযুক্ত।""  
৩. ""গালিগালাজের মাধ্যমে অসম্মান প্রকাশিত।""","১. ""অশ্রাব্য শব্দ ব্যবহারে অপমান স্পষ্ট।""  
কারণ: বাক্যটিতে অশালীন শব্দ ব্যবহৃত হয়েছে।  

২. ""মহিলাদের প্রতি অশালীন ভাষা প্রযুক্ত।""  
কারণ: নারীকে লক্ষ্য করে অশালীন মন্তব্য করা হয়েছে।  

৩. ""গালিগালাজের মাধ্যমে অসম্মান প্রকাশিত।""  
কারণ: গালিগালাজের মাধ্যমে অপমান করা হয়েছে।","১. ""অশালীন শব্দ ব্যবহারে অপমান স্পষ্ট।""  
কারণ: বাক্যটিতে গালিগালাজ আছে।  

২. ""মহিলাদের প্রতি অশালীন ভাষা প্রযুক্ত।""  
কারণ: নারীকে লক্ষ্য করে অশালীন কথা।  

৩. ""গালিগালাজের মাধ্যমে অসম্মান প্রকাশিত।""  
কারণ: অপমানজনক শব্দ ব্যবহৃত হয়েছে।","১. ""গালিগালাজের মাধ্যমে অপমান স্পষ্ট।""  

২. ""নারীকে লক্ষ্য করে অশালীন ভাষা।""  

৩. ""অপমানজনক শব্দ ব্যবহার করা হয়েছে।""","১. ""অশালীন শব্দ ব্যবহার করে অপমান করা হয়েছে।""  

২. ""মেয়েদের উদ্দেশ্যে অপ্রীতিকর ভাষা ব্যবহৃত।""  

৩. ""গালিগালাজের মাধ্যমে সম্মানহানি করা হয়েছে।""","১. ""অশালীন শব্দ ব্যবহার করা হয়েছে।""  

২. ""মেয়েদের প্রতি অশোভন ভাষা ব্যবহৃত।""  

৩. ""গালিগালাজের মাধ্যমে অপমান করা হয়েছে।"""
কম হলে জন চুদিছে আখিকে,Gender,Offensive,"মন্তব্যটি অত্যন্ত অশালীন এবং নারীর প্রতি অপমানজনক বক্তব্য ব্যবহার করেছে।
ব্যক্তিগত সম্মানহানির উদ্দেশ্যে স্পষ্টভাবে যৌন ইঙ্গিত দেওয়া হয়েছে।
অশ্লীল ও অবমাননাকর হওয়ায় এটি গুরুতরভাবে আপত্তিকর বিবেচিত।","1. যৌন ইঙ্গিতপূর্ণ ভাষা ব্যবহার করা হয়েছে।  
2. নারীর প্রতি অবমাননাকর মন্তব্য।  
3. অশ্লীল বাক্য গুরুতর আপত্তিকর।","1. অশ্লীল শব্দ ব্যবহার করা হয়েছে।  
2. নারীকে অপমান করা হয়েছে।  
3. যৌন আচরণের ইঙ্গিত দেওয়া হয়েছে।","1. অশ্লীল শব্দ ব্যবহারের জন্য লেবেল সঠিক।  
2. নারীকে অসম্মান করা হয়েছে এখানে।  
3. যৌন ইঙ্গিত স্পষ্টভাবে দেওয়া হয়েছে।","1. অশ্লীল ভাষা ব্যবহার করা হয়েছে।  
2. নারীদের অবমাননাকর ভাষা ব্যবহৃত।  
3. যৌন ইঙ্গিত স্পষ্টভাবে ফুটে উঠেছে।","1. ""জন চুদিছে"" শব্দগুচ্ছ অশ্লীল।  
2. ""আখিকে"" শব্দে নারীদের অবমাননা।  
3. পুরো বাক্যটি যৌন ইঙ্গিতপূর্ণ।","1. ""জন চুদিছে"" শব্দে অশ্লীলতা প্রকাশ পায়।  
2. ""আখিকে"" শব্দে নারীদের প্রতি অপমানজনক।  
3. পুরো বাক্যটি যৌন ইঙ্গিত বহন করে।","1. ""জন চুদিছে"" শব্দে অশ্লীল ভাষা ব্যবহৃত হয়েছে।  
2. ""আখিকে"" শব্দে নারীদের অবমাননা করা হয়েছে।  
3. বাক্যটি যৌন ইঙ্গিতপূর্ণ ও আপত্তিকর।","1. ""জন চুদিছে"" শব্দে অশ্লীলতা আছে।  
2. ""আখিকে"" শব্দে নারীদের অপমান করা হয়েছে।  
3. বাক্যটি যৌন ইঙ্গিতপূর্ণ ও আপত্তিকর।","1. ""জন চুদিছে"" শব্দে অশ্লীল ভাষা ব্যবহৃত হয়েছে।  
2. ""আখিকে"" শব্দে নারীদের প্রতি অবমাননা প্রকাশ পেয়েছে।  
3. পুরো বাক্যটি যৌনভাবে আপত্তিকর ও অসৌজন্যপূর্ণ।","1. ""জন চুদিছে"" শব্দে অশ্লীলতা স্পষ্ট।  
2. ""আখিকে"" নারীদের প্রতি অপমানজনক।  
3. বাক্যটি যৌনভাবে আপত্তিকর ও অসভ্য।","1. ""জন চুদিছে"" শব্দে অশ্লীল ভাষা ব্যবহৃত হয়েছে।  
2. ""আখিকে"" শব্দটি নারীদের জন্য অপমানজনক।  
3. পুরো বাক্যটি যৌনভাবে আপত্তিকর।","1. ""জন চুদিছে"" শব্দে অশ্লীলতা আছে।  
2. ""আখিকে"" নারীদের জন্য অপমানজনক।  
3. বাক্যটি যৌনভাবে আপত্তিকর।","1. ""জন চুদিছে"" শব্দে অশ্লীল অর্থ প্রকাশ পায়।  
2. ""আখিকে"" শব্দটি নারীদের প্রতি অবমাননাকর।  
3. পুরো বাক্যটি যৌনভাবে আপত্তিকর ভাষা ব্যবহার করে।","1. ""জন চুদিছে"" শব্দে অশ্লীলতা আছে।  
2. ""আখিকে"" নারীদের অপমানজনক।  
3. বাক্যটি যৌনভাবে আপত্তিকর।","1. ""জন চুদিছে"" অশ্লীল শব্দ ব্যবহৃত হয়েছে।  
2. ""আখিকে"" শব্দটি নারীদের প্রতি অবমাননাকর।  
3. বাক্যটি যৌন সহিংসতা প্রকাশ করছে।","1. ""জন চুদিছে"" শব্দটি অশালীন ও আপত্তিকর।  
2. ""আখিকে"" নারীদের প্রতি ঘৃণ্য ভাষা।  
3. বাক্যটি যৌন সহিংসতার ইঙ্গিত দেয়।","1. ""জন চুদিছে"" শব্দটি অশালীন ও যৌন সহিংসতা বোঝায়।  
2. ""আখিকে"" নারীদের প্রতি অবমাননাকর শব্দ।  
3. পুরো বাক্যটি ঘৃণ্য ও যৌন সহিংসতার ইঙ্গিত দেয়।","1. ""জন চুদিছে"" শব্দটি অশালীন ও আপত্তিকর।  
2. ""আখিকে"" নারীদের প্রতি অপমানজনক।  
3. বাক্যটি যৌন সহিংসতা প্রচার করে।","1. ""জন চুদিছে"" শব্দটি অশালীন ও যৌন সহিংসতা বোঝায়।  
2. ""আখিকে"" শব্দটি নারীদের প্রতি অবমাননাকর।  
3. বাক্যটি অশালীন ভাষায় যৌন সহিংসতা প্রকাশ করে।","1. ""জন চুদিছে"" শব্দটি অশালীন ও আপত্তিকর।  
2. ""আখিকে"" নারীদের প্রতি ঘৃণ্য ভাষা।  
3. বাক্যটি যৌন সহিংসতা প্রচার করে।","1. ""জন চুদিছে"" শব্দটি অশালীন ও যৌন সহিংসতা বোঝায়।  
2. ""আখিকে"" নারীদের প্রতি অবমাননাকর ভাষা।  
3. বাক্যটি ঘৃণ্য ও সহিংসতা উসকে দেয়।"
কয় টাকা লাগবে খেলতে তার ভোদায়,Gender,Offensive,"মন্তব্যটি অত্যন্ত অশালীন এবং নারীর প্রতি অবমাননাকর ভাষা ব্যবহার করেছে।
নারীর প্রতি যৌন ইঙ্গিতপূর্ণ এবং অসম্মানজনক মনোভাব প্রকাশ করা হয়েছে।
অশালীনতা ও হেয় প্রতিপন্ন করার স্পষ্ট ইঙ্গিত থাকায় এটি আপত্তিকর।","1. ""ভোদা"" শব্দটি অশালীন ও নারীদের প্রতি যৌন ইঙ্গিতপূর্ণ।  
2. বাক্যটিতে নারীকে হেয় প্রতিপন্ন করার ভাষা ব্যবহৃত হয়েছে।  
3. যৌনতা ও অসম্মানজনক ভাব প্রকাশ পেয়েছে।","1. ""ভোদা"" শব্দটি নারীদের জন্য অশালীন।  
2. যৌন ইঙ্গিত আছে বাক্যটিতে।  
3. নারীদের অসম্মান করা হয়েছে।","1. ""ভোদা"" শব্দটি অশালীন ও নারীদের জন্য অপমানজনক।  
2. বাক্যটিতে যৌন ইঙ্গিত স্পষ্টভাবে আছে।  
3. এটি নারীদের অসম্মান করার শামিল।","1. ""ভোদা"" শব্দটি নারীদের জন্য অশালীন।  
2. বাক্যটিতে যৌন ইঙ্গিত স্পষ্ট।  
3. এটি নারীদের প্রতি অবমাননাকর।","1. ""ভোদা"" শব্দটি অশালীন ও নারীদের জন্য অপমানজনক।  
2. বাক্যটিতে যৌন ইঙ্গিত আছে স্পষ্টভাবে।  
3. এটি নারীদের প্রতি অবমাননাকর ভাষা।","1. ""ভোদা"" শব্দটি নারীদের জন্য অশালীন ও আপত্তিকর।  
2. বাক্যটিতে যৌন ইঙ্গিত স্পষ্টভাবে রয়েছে।  
3. এটি নারীদের প্রতি ঘৃণামূলক ভাষা।","1. ""ভোদা"" শব্দটি নারীদের অবমাননাকর।  
2. যৌন ইঙ্গিত আছে স্পষ্টভাবে।  
3. এটি নারীদের প্রতি ঘৃণা প্রকাশ করে।","1. ""ভোদা"" শব্দটি অশালীন ও নারীদের প্রতি অপমানজনক।  
2. বাক্যটিতে যৌনতা স্পষ্টভাবে ফুটে উঠেছে।  
3. এটি নারীদের প্রতি ঘৃণামূলক ভাষা ব্যবহার করে।","1. ""ভোদা"" শব্দটি নারীদের জন্য অশালীন ও অপমানজনক।  
2. বাক্যটিতে যৌন ইঙ্গিত স্পষ্টভাবে আছে।  
3. এটি নারীদের প্রতি ঘৃণামূলক ভাষা ব্যবহার করে।","1. ""ভোদা"" শব্দটি নারীদের জন্য অত্যন্ত অপমানজনক।  
2. বাক্যটিতে যৌন ইঙ্গিত সুস্পষ্ট।  
3. এটি নারীদের প্রতি ঘৃণামূলক বক্তব্য।","1. ""ভোদা"" শব্দটি নারীদের অবমাননাকর।  
2. যৌন ইঙ্গিত সম্পূর্ণ স্পষ্ট।  
3. এটি নারীদের প্রতি ঘৃণা প্রকাশ করে।","1. ""ভোদা"" শব্দটি অশালীন ও নারীদের অপমানজনক।  
2. বাক্যটিতে যৌন ইঙ্গিত স্পষ্টভাবে রয়েছে।  
3. এটি নারীদের প্রতি ঘৃণামূলক ভাষা ব্যবহার করে।","1. ""ভোদা"" শব্দটি নারীদের জন্য অশালীন ও অপমানজনক।  
2. বাক্যটিতে যৌন ইঙ্গিত স্পষ্টভাবে আছে।  
3. এটি নারীদের প্রতি ঘৃণামূলক ভাষা ব্যবহার করে।","1. ""ভোদা"" শব্দটি অশালীন ও নারীদের অপমান করে।  
2. বাক্যটিতে যৌন ইঙ্গিত স্পষ্ট।  
3. এটি নারীদের প্রতি ঘৃণামূলক ভাষা।","1. ""ভোদা"" শব্দটি নারীদের জন্য অসম্মানজনক।  
2. বাক্যটিতে যৌন উদ্দেশ্য স্পষ্ট।  
3. এটি নারীদের প্রতি ঘৃণা প্রকাশ করে।","1. ""ভোদা"" শব্দটি অশালীন ও নারীদের অবমাননাকর।  
2. যৌন ইঙ্গিত স্পষ্টভাবে প্রকাশ পেয়েছে।  
3. নারীদের প্রতি ঘৃণামূলক ভাষা ব্যবহৃত হয়েছে।","1. ""ভোদা"" শব্দটি নারীদের অপমানজনক।  
2. যৌন ইঙ্গিত স্পষ্টভাবে আছে।  
3. নারীদের প্রতি ঘৃণা প্রকাশ পেয়েছে।","1. ""ভোদা"" শব্দটি নারীদের জন্য অশালীন।  
2. যৌন ইঙ্গিত স্পষ্টভাবে প্রকাশিত।  
3. নারীদের প্রতি বিদ্বেষপূর্ণ ভাষা ব্যবহৃত।","1. ""ভোদা"" শব্দটি নারীদের জন্য অসম্মানজনক।  
2. যৌন ইঙ্গিত স্পষ্টভাবে আছে বাক্যে।  
3. নারীদের প্রতি ঘৃণামূলক ভাষা ব্যবহার করা হয়েছে।","1. ""ভোদা"" শব্দটি নারীদের অবমাননাকর।  
2. যৌন ইঙ্গিত স্পষ্টভাবে প্রকাশ পেয়েছে।  
3. নারীদের প্রতি ঘৃণামূলক ভাষা ব্যবহৃত হয়েছে।","1. ""ভোদা"" শব্দটি অশালীন ও নারীদের প্রতি অপমানজনক।  
2. বাক্যটিতে যৌন ইঙ্গিত স্পষ্টভাবে রয়েছে।  
3. এটি নারীদের প্রতি ঘৃণামূলক বক্তব্য।"
কাকা আপনার চোদা কেউ গাভিন হচ্ছে না কেন,Gender,Sexual Harassments,"মন্তব্যটি অত্যন্ত অশ্লীল এবং যৌন হয়রানিমূলক ভাষা ব্যবহার করেছে।
ব্যক্তির প্রতি সরাসরি অবমাননাকর ও যৌন ইঙ্গিতপূর্ণ বক্তব্য প্রকাশ করা হয়েছে।
অশালীন ও অসম্মানজনক ইঙ্গিত থাকার কারণে এটি গুরুতরভাবে আপত্তিকর।","1. অশ্লীল ভাষা ব্যবহার করা হয়েছে।  
2. যৌন ইঙ্গিতপূর্ণ বক্তব্য প্রকাশিত।  
3. ব্যক্তির অবমাননা করা হয়েছে।","1. অশ্রাব্য শব্দ ব্যবহার করা হয়েছে।  
2. যৌনতা সংক্রান্ত আপত্তিকর মন্তব্য করা হয়েছে।  
3. ব্যক্তিকে অপমান করা হয়েছে।","1. অশ্রাব্য শব্দ ব্যবহারের জন্য লেবেল সঠিক।  
2. যৌন ইঙ্গিতপূর্ণ ভাষা ব্যবহৃত হয়েছে।  
3. অপমানজনক মন্তব্য করার জন্য লেবেল প্রযোজ্য।","1. অশ্লীল শব্দ ব্যবহার করা হয়েছে।  
2. যৌনতাপূর্ণ ভাষা ব্যবহৃত।  
3. ব্যক্তিকে অপমান করা হয়েছে।","1. অশ্রাব্য শব্দ ব্যবহার করা হয়েছে।  
2. যৌন ইঙ্গিতপূর্ণ ভাষা ব্যবহৃত।  
3. আক্রমণাত্মকভাবে অপমান করা হয়েছে।","1. অশ্লীল শব্দ ব্যবহার করা হয়েছে।  
2. যৌনতাপূর্ণ ভাষা দেখা যাচ্ছে।  
3. কথাটি আক্রমণাত্মক ও অপমানজনক।","1. অশ্রাব্য ভাষা ব্যবহার করা হয়েছে।  
2. যৌন ইঙ্গিতপূর্ণ বাক্য দেখা যাচ্ছে।  
3. কথাটি অত্যন্ত আপত্তিকর ও ক্ষোভজনক।","1. অশ্রাব্য শব্দ ব্যবহার করা হয়েছে।  
2. যৌন ইঙ্গিত স্পষ্টভাবে প্রকাশ পেয়েছে।  
3. বাক্যটি আক্রমণাত্মক ও অপমানজনক।","1. অশ্রাব্য শব্দ ব্যবহার করে অপমান করা হয়েছে।  
2. যৌন ইঙ্গিত স্পষ্টভাবে ফুটে উঠেছে।  
3. বাক্যটি আক্রমণাত্মক ও অমর্যাদাকর।","1. অশ্লীল ভাষা ব্যবহার করে অপমান করা হয়েছে।  
2. যৌন ইঙ্গিত স্পষ্টভাবে প্রকাশ পেয়েছে।  
3. বাক্যটি আক্রমণাত্মক ও অসম্মানজনক।","1. অশ্লীল শব্দ ব্যবহার করা হয়েছে।  
2. যৌন বিষয়টি স্পষ্টভাবে উল্লেখ আছে।  
3. বাক্যটি অসম্মানজনক ভাবে লেখা।","1. অশ্রাব্য ভাষা ব্যবহার করা হয়েছে।  
2. যৌন ইঙ্গিত স্পষ্টভাবে ফুটে উঠেছে।  
3. ভাষাটি অশালীন ও আক্রমণাত্মক।","1. অশ্লীল শব্দ ব্যবহার করা হয়েছে।  
2. যৌন বিষয়টি স্পষ্টভাবে উল্লেখ করা হয়েছে।  
3. ভাষাটি আক্রমণাত্মক ও অসৌজন্যমূলক।","1. অশ্লীল শব্দ ব্যবহার করে আক্রমণাত্মক ভাব প্রকাশ করা হয়েছে।  
2. যৌন ইঙ্গিতপূর্ণ ভাষা অসৌজন্যমূলক ও আপত্তিকর।  
3. ভাষাটি অশালীন ও আক্রমণাত্মকভাবে উপস্থাপন করা হয়েছে।","1. অশ্লীল শব্দ ব্যবহার করা হয়েছে।  
2. যৌন ইঙ্গিতপূর্ণ ভাষা আপত্তিকর।  
3. ভাষাটি আক্রমণাত্মক ও অসৌজন্যমূলক।","1. অশ্রাব্য ভাষা ব্যবহার করা হয়েছে।  
2. যৌনতাপূর্ণ বাক্য আপত্তিকর।  
3. কথাটি অপমানজনক ও груб।","1. অশ্রাব্য শব্দ ব্যবহার করা হয়েছে।  
2. যৌন ইঙ্গিতপূর্ণ ভাষা আপত্তিকর।  
3. কথাটি অত্যন্ত অপমানজনক।","1. অশালীন শব্দ ব্যবহারের জন্য লেবেল সঠিক।  
2. যৌন ইঙ্গিত থাকায় আপত্তিকর।  
3. ভাষাটি অত্যন্ত অবমাননাকর।","1. অশ্লীল শব্দ ব্যবহার করা হয়েছে।  
2. যৌন ইঙ্গিতপূর্ণ ভাষা ব্যবহৃত।  
3. ভাষাটি অত্যন্ত আপত্তিকর।","1. অশ্রাব্য শব্দ ব্যবহারের জন্য লেবেল সঠিক।  
2. যৌনতাপূর্ণ বাক্য তাই লেবেল যথার্থ।  
3. ভাষা অশালীন তাই লেবেল মানানসই।","1. অশ্লীল শব্দ ব্যবহার করা হয়েছে।  
2. যৌন ইঙ্গিতপূর্ণ ভাষা ব্যবহৃত।  
3. ভাষাটি অশালীন ও আপত্তিকর।"
কাকু তুমারে পাইলে তুমার মুখে সিষার ডালাই দিতাম,Gender,Offensive,"মন্তব্যটি সরাসরি শারীরিক হিংসার ইঙ্গিত দিয়েছে, যা অত্যন্ত আপত্তিকর।
ব্যক্তির প্রতি হুমকিসূচক এবং অবমাননাকর মনোভাব প্রকাশ করা হয়েছে।
সহিংসতা ও হুমকির কারণে এটি গুরুতরভাবে আপত্তিকর বিবেচিত।","1. ""সিষার ডালাই দেওয়ার হুমকি সহিংসতা প্রকাশ করে।""  
2. ""এটি শারীরিক হিংসার ইঙ্গিত দেয়।""  
3. ""ব্যক্তিকে অবমাননা করা হয়েছে হুমকির মাধ্যমে।""","1. ""সিষার ডালাই দেওয়ার কথা হুমকি হিসেবে বিবেচ্য।""  
2. ""শারীরিক ক্ষতির ইঙ্গিত স্পষ্ট।""  
3. ""অবমাননাকর ভাষায় হুমকি প্রদান করা হয়েছে।""","1. ""হুমকির ভাষা স্পষ্টভাবে প্রকাশিত হয়েছে।""  
2. ""শারীরিক ক্ষতির ইঙ্গিত রয়েছে বাক্যে।""  
3. ""অবমাননাকর শব্দ ব্যবহার করা হয়েছে।""","1. ""সিষার ডালাই দেওয়ার হুমকি স্পষ্ট।""  
2. ""শারীরিক ক্ষতির ইচ্ছা প্রকাশ পেয়েছে।""  
3. ""অপমানজনক শব্দ ব্যবহার করা হয়েছে।""","1. ""হুমকি স্পষ্টভাবে প্রকাশ পেয়েছে।""  
2. ""শারীরিক ক্ষতির ইচ্ছা দেখা যাচ্ছে।""  
3. ""অপমানজনক ভাষা ব্যবহার করা হয়েছে।""","1. ""সিষার ডালাই দেওয়ার হুমকি দেওয়া হয়েছে।""  
2. ""শারীরিক ক্ষতির ইচ্ছা স্পষ্ট।""  
3. ""অপমানজনক ভাষায় হুমকি দেওয়া হয়েছে।""","1. ""সিষার ডালাই দেওয়ার হুমকি স্পষ্ট।""  
2. ""শারীরিক ক্ষতির ইচ্ছা প্রকাশ পেয়েছে।""  
3. ""অপমানজনক ভাষায় হুমকি দেওয়া হয়েছে।""","1. ""সিষার ডালাই দেওয়ার হুমকি স্পষ্টভাবে বলা হয়েছে।""  
2. ""শারীরিক ক্ষতির ইচ্ছা প্রকাশ করা হয়েছে।""  
3. ""অপমানজনক ভাষায় হুমকি দেওয়া হয়েছে।""","1. ""হুমকি স্পষ্টভাবে প্রকাশিত হয়েছে।""  
2. ""শারীরিক ক্ষতির ইচ্ছা ব্যক্ত।""  
3. ""অপমানজনক ভাষায় হুমকি দেওয়া।""","1. ""সিষার ডালাই দেওয়ার হুমকি স্পষ্ট।""  
2. ""শারীরিক ক্ষতির ইচ্ছা প্রকাশ পেয়েছে।""  
3. ""অপমানজনক ভাষায় হুমকি দেওয়া হয়েছে।""","1. ""সিষার ডালাই দেওয়ার হুমকি স্পষ্টভাবে বলা হয়েছে।""  
2. ""শারীরিক ক্ষতির ইচ্ছা ভাষায় ফুটে উঠেছে।""  
3. ""অপমানজনক ভাষায় হুমকি স্পষ্ট।""","1. ""সিষার ডালাই দেওয়ার হুমকি স্পষ্টভাবে বলা হয়েছে।""  
- হুমকির ভাষা স্পষ্ট।  

2. ""শারীরিক ক্ষতির ইচ্ছা ভাষায় ফুটে উঠেছে।""  
- শারীরিক ক্ষতির ইঙ্গিত আছে।  

3. ""অপমানজনক ভাষায় হুমকি স্পষ্ট।""  
- অপমান ও হুমকি মিশ্রিত।","১. হুমকির ভাষা স্পষ্ট।  
২. শারীরিক ক্ষতির ইঙ্গিত।  
৩. অপমান ও হুমকি মিশ্রিত।","১. ""সিষার ডালাই"" বলায় হুমকির ভাষা স্পষ্ট।  
২. শারীরিক ক্ষতির কথা উল্লেখ আছে।  
৩. অপমানজনক শব্দ ব্যবহার করা হয়েছে।","১. ""সিষার ডালাই"" বলায় হিংসার ইঙ্গিত আছে।  
২. শারীরিক ক্ষতির উল্লেখ হুমকি হিসেবে ধরা হয়।  
৩. অপমানজনক ভাষা ব্যবহারে ঘৃণা প্রকাশ পায়।","১. ""সিষার ডালাই"" বলায় হিংসার ইঙ্গিত স্পষ্ট।  
২. শারীরিক ক্ষতির উল্লেখ হুমকি হিসেবে গ্রহণযোগ্য।  
৩. অপমানজনক ভাষায় ঘৃণা প্রকাশ পাচ্ছে।","১. ""সিষার ডালাই"" হিংসাত্মক ইঙ্গিত বহন করে।  
২. শারীরিক ক্ষতির হুমকি স্পষ্ট।  
৩. ভাষায় অপমান ও ঘৃণা প্রকাশ পায়।","১. ""সিষার ডালাই"" বলায় হিংসার ইঙ্গিত রয়েছে।  
২. শারীরিক ক্ষতির হুমকি স্পষ্টভাবে ফুটে উঠেছে।  
৩. অপমান ও ঘৃণা প্রকাশ পাচ্ছে ভাষায়।","১. ""সিষার ডালাই"" হিংসাত্মক ইঙ্গিত বহন করে।  
২. শারীরিক ক্ষতির হুমকি স্পষ্ট।  
৩. ভাষায় অপমান ও ঘৃণা প্রকাশ পায়।","১. ""সিষার ডালাই"" বলায় হিংসার ইঙ্গিত রয়েছে।  
২. শারীরিক ক্ষতির হুমকি স্পষ্টভাবে ফুটে উঠেছে।  
৩. অপমান ও ঘৃণা প্রকাশ পেয়েছে ভাষায়।","১. ""সিষার ডালাই"" হিংসাত্মক ইঙ্গিত বহন করে।  
২. শারীরিক ক্ষতির হুমকি স্পষ্ট।  
৩. ভাষায় অপমান ও ঘৃণা প্রকাশিত।"
কাদিরের মা কে চুদি। এ সব টাকা গুলো জনগনের টাকা। মানুষের টাকা চুরি করে এসকরছে।।,Gender,Offensive,"মন্তব্যটি অত্যন্ত অশালীন এবং ব্যক্তিগতভাবে অপমানজনক ভাষা ব্যবহার করেছে।
নারীর প্রতি অবমাননাকর ও যৌন ইঙ্গিতপূর্ণ বক্তব্য প্রকাশ করা হয়েছে।
অশালীন শব্দ এবং ব্যক্তিগত আক্রমণ হওয়ায় এটি গুরুতরভাবে আপত্তিকর।","1. অশালীন ভাষা ব্যবহার করা হয়েছে।  
2. নারীকে যৌনভাবে আক্রমণ করা হয়েছে।  
3. ব্যক্তিগতভাবে অপমানজনক মন্তব্য করা হয়েছে।","1. অশালীন শব্দ ব্যবহার করা হয়েছে।  
2. নারীর প্রতি যৌন সহিংসতার উল্লেখ আছে।  
3. ব্যক্তিকে অপমান করার ভাষা ব্যবহৃত হয়েছে।","1. অশ্লীল ভাষা ব্যবহার করা হয়েছে।  
2. নারীর প্রতি যৌন সহিংসতার ইঙ্গিত দেওয়া হয়েছে।  
3. ব্যক্তিকে অপমান করার জন্য গালি দেওয়া হয়েছে।","1. অশ্রাব্য ভাষা ব্যবহার করা হয়েছে।  
2. নারীর প্রতি যৌন সহিংসতার কথা বলা হয়েছে।  
3. ব্যক্তিকে গালি দেওয়ার জন্য অপমান করা হয়েছে।","1. অশ্রাব্য শব্দ ব্যবহার করা হয়েছে।  
2. নারীর প্রতি যৌন সহিংসতার ইঙ্গিত দেওয়া হয়েছে।  
3. ব্যক্তিকে অপমান করার জন্য গালি দেওয়া হয়েছে।","1. অশ্রাব্য শব্দ স্পষ্টভাবে ব্যবহৃত হয়েছে।  
2. নারীর প্রতি যৌন সহিংসতার উল্লেখ আছে।  
3. ব্যক্তিকে অপমান করার জন্য গালি দেওয়া হয়েছে।","1. অশ্রাব্য শব্দ স্পষ্টভাবে ব্যবহৃত হয়েছে।  
2. নারীর প্রতি যৌন সহিংসতার উল্লেখ আছে।  
3. ব্যক্তিকে অপমান করার জন্য গালি দেওয়া হয়েছে।","1. অশ্রাব্য শব্দ ""চুদি"" ব্যবহার করা হয়েছে।  
2. ""কাদিরের মা কে চুদি"" যৌন সহিংসতার ইঙ্গিত দেয়।  
3. ""টাকা চুরি করে"" বলে অপমান করা হয়েছে।","1. অশ্রাব্য শব্দ ব্যবহারে ঘৃণা প্রকাশ পেয়েছে।  
2. যৌন সহিংসতার ইঙ্গিত ঘৃণামূলক বক্তব্য।  
3. অপমানজনক ভাষায় টাকা চুরির অভিযোগ।","1. অশ্রাব্য শব্দ ব্যবহারে ঘৃণা প্রকাশ পেয়েছে।  
2. যৌন সহিংসতার ইঙ্গিত দেওয়া হয়েছে।  
3. টাকা চুরির অপবাদ দেওয়া হয়েছে।","1. অশ্রাব্য শব্দ ব্যবহার করে ঘৃণা প্রকাশ করা হয়েছে।  
2. যৌন সহিংসতার ইঙ্গিত দেওয়া হয়েছে বাক্যে।  
3. টাকা চুরির অপবাদ দেওয়া হয়েছে স্পষ্টভাবে।","1. অশ্রাব্য শব্দ ব্যবহারে ঘৃণা ফুটে উঠেছে।  
2. যৌন সহিংসতার ইঙ্গিত স্পষ্ট।  
3. টাকা চুরির অপবাদ দেওয়া হয়েছে।","1. অশ্রাব্য শব্দ ব্যবহারে ঘৃণা প্রকাশ পেয়েছে।  
2. যৌন সহিংসতার ইঙ্গিত স্পষ্টভাবে আছে।  
3. অর্থ চুরির অপবাদ দেওয়া হয়েছে স্পষ্টভাবে।","1. অশ্রাব্য শব্দ ব্যবহারে ঘৃণা প্রকাশ পেয়েছে।  
2. যৌন সহিংসতার ইঙ্গিত স্পষ্টভাবে আছে।  
3. অর্থ চুরির অপবাদ দেওয়া হয়েছে স্পষ্টভাবে।","1. অশ্রাব্য শব্দ ব্যবহারে ঘৃণা প্রকাশ পেয়েছে।  
2. যৌন সহিংসতার ইঙ্গিত স্পষ্টভাবে আছে।  
3. অর্থ চুরির অপবাদ দেওয়া হয়েছে স্পষ্টভাবে।","1. অশ্রাব্য শব্দ ব্যবহারে ঘৃণা প্রকাশ পেয়েছে।  
2. যৌন সহিংসতার ইঙ্গিত স্পষ্টভাবে আছে।  
3. অর্থ চুরির অপবাদ দেওয়া হয়েছে স্পষ্টভাবে।","1. অশ্রাব্য শব্দ ব্যবহারে ঘৃণা প্রকাশ পেয়েছে।  
- ""চুদি"" শব্দটি অশ্রাব্য ও ঘৃণাত্মক।  

2. যৌন সহিংসতার ইঙ্গিত স্পষ্টভাবে আছে।  
- ""কাদিরের মা কে চুদি"" যৌন সহিংসতার ইঙ্গিত দেয়।  

3. অর্থ চুরির অপবাদ দেওয়া হয়েছে স্পষ্টভাবে।  
- ""মানুষের টাকা চুরি"" অর্থ চুরির অভিযোগ করে।","1. ""চুদি"" শব্দটি অশ্রাব্য ও ঘৃণাত্মক।  
2. যৌন সহিংসতার ইঙ্গিত স্পষ্ট।  
3. অর্থ চুরির অভিযোগ স্পষ্ট।","1. ""চুদি"" শব্দটি অশালীন ও আক্রমণাত্মক।  
2. যৌন সহিংসতার ইঙ্গিত প্রদান করে।  
3. অর্থ চুরির কথা বলা হয়েছে স্পষ্টভাবে।","1. ""চুদি"" শব্দটি অশালীন ও ঘৃণ্য ভাষা।  
2. যৌন সহিংসতার উস্কানি দিচ্ছে।  
3. অর্থ চুরির অভিযোগ স্পষ্ট।","1. ""চুদি"" শব্দটি অশ্লীল ও আপত্তিকর।  
2. যৌন সহিংসতার ইঙ্গিত দেওয়া হয়েছে।  
3. অর্থ চুরির কথা বলা হয়েছে স্পষ্টভাবে।"
কাদেরের মারে চোদি,Gender,Offensive,"মন্তব্যটি অত্যন্ত অশালীন এবং নারীর প্রতি অবমাননাকর বক্তব্য ব্যবহার করেছে।
ব্যক্তিগত সম্মানহানি এবং যৌন ইঙ্গিতপূর্ণ শব্দ ব্যবহারের মাধ্যমে এটি হেয়প্রসূত।
অশালীন ও অপমানজনক হওয়ায় এটি গুরুতরভাবে আপত্তিকর।","1. অশালীন ভাষা নারীদের প্রতি ঘৃণা প্রকাশ করে।  
2. যৌন ইঙ্গিতপূর্ণ শব্দ অবমাননাকর।  
3. ব্যক্তিগত সম্মানহানি হেয়প্রতিপাদন করে।","1. নারীদের প্রতি অশালীন ভাষায় আক্রমণাত্মক।  
2. যৌন ইঙ্গিতপূর্ণ শব্দে অবমাননাকর।  
3. ব্যক্তিগত সম্মানহানির উদ্দেশ্য প্রকাশ পায়।","1. অশালীন ভাষায় নারীদের অপমান করা হয়েছে।  
2. যৌন ইঙ্গিতপূর্ণ শব্দ ব্যবহার করা হয়েছে।  
3. ব্যক্তিগত সম্মানহানির উদ্দেশ্য স্পষ্ট।","1. অশ্লীল শব্দে নারীদের অবমাননা করা হয়েছে।  
2. যৌনতা সংক্রান্ত আক্রমণাত্মক ভাষা ব্যবহৃত।  
3. ব্যক্তিকে অপমান করার উদ্দেশ্য স্পষ্ট।","1. অশ্রাব্য ভাষায় নারীদের প্রতি ঘৃণা প্রকাশ।  
2. যৌন সহিংসতার ইঙ্গিত স্পষ্ট।  
3. উদ্দেশ্য ব্যক্তিকে অপমান করা।","1. অশ্রাব্য ভাষায় নারীদের প্রতি ঘৃণা প্রকাশ পেয়েছে।  
2. যৌন সহিংসতার ইঙ্গিত স্পষ্টভাবে আছে।  
3. উদ্দেশ্যপূর্ণভাবে ব্যক্তিকে অপমান করা হয়েছে।","1. নারীদের প্রতি ঘৃণামূলক ভাষা ব্যবহৃত হয়েছে।  
2. যৌন সহিংসতার ইঙ্গিত স্পষ্ট।  
3. ব্যক্তিকে উদ্দেশ্যমূলকভাবে অপমান করা হয়েছে।","1. এই বাক্যে নারীদের প্রতি অশালীন ভাষা ব্যবহৃত হয়েছে।  
2. যৌন সহিংসতার ইঙ্গিত স্পষ্টভাবে ফুটে উঠেছে।  
3. ব্যক্তিকে অপমান করার উদ্দেশ্য স্পষ্ট।","1. অশালীন ভাষায় নারীদের অপমান করা হয়েছে।  
2. যৌন সহিংসতার হুমকি স্পষ্ট।  
3. ব্যক্তিকে উদ্দেশ্য করে গালি দেওয়া হয়েছে।","1. গালিতে যৌন সহিংসতার ইঙ্গিত আছে।  
2. অশালীন ভাষায় নারীদের অবমাননা করা হয়েছে।  
3. ব্যক্তিকে লক্ষ্য করে আক্রমণাত্মক ভাষা ব্যবহৃত হয়েছে।","1. গালিতে যৌন সহিংসতার উল্লেখ আছে।  
2. ভাষাটি অশালীন ও আক্রমণাত্মক।  
3. ব্যক্তিকে লক্ষ্য করে ঘৃণ্য ভাষা ব্যবহৃত হয়েছে।","১. যৌন সহিংসতার উল্লেখ স্পষ্ট।  
২. ভাষা অশালীন ও আক্রমণাত্মক।  
৩. ব্যক্তিকে লক্ষ্য করে ঘৃণা প্রকাশ।","১. যৌন সহিংসতার শব্দ ব্যবহার করা হয়েছে।  
২. ভাষাটি অত্যন্ত আপত্তিকর ও খারাপ।  
৩. ব্যক্তিকে অপমান করার উদ্দেশ্য আছে।","১. যৌন সহিংসতার শব্দ স্পষ্টভাবে ব্যবহৃত হয়েছে।  
২. শব্দচয়ন অশ্লীল ও আক্রমণাত্মক।  
৩. উদ্দেশ্য ব্যক্তিকে অপমান করা।","১. যৌন সহিংসতার শব্দ স্পষ্টভাবে ব্যবহার করা হয়েছে।  
২. ভাষাটি অশ্লীল এবং আক্রমণাত্মক।  
৩. উদ্দেশ্য ব্যক্তিকে অপমান করা।","১. শব্দটি যৌন সহিংসতা বোঝায়।  
২. ভাষাটি অশ্লীল ও আক্রমণাত্মক।  
৩. ব্যক্তিকে অপমান করার উদ্দেশ্য।","১. শব্দটি যৌন সহিংসতার ইঙ্গিত দেয়।  
২. ভাষাটি অশালীন ও আক্রমণাত্মক প্রকৃতির।  
৩. উদ্দেশ্য ব্যক্তিকে অপমান করা।","১. শব্দটি যৌন সহিংসতার প্রতীকী ব্যবহার করে।  
২. ভাষাটি অত্যন্ত আপত্তিকর ও ঘৃণ্য।  
৩. ব্যক্তিকে ইচ্ছাকৃতভাবে হেয় করা হয়েছে।","১. যৌন সহিংসতার ইঙ্গিত দেয় এমন শব্দ ব্যবহৃত হয়েছে।  
২. ভাষাটি অশ্লীল এবং ঘৃণা প্রকাশ করছে।  
৩. উদ্দেশ্যমূলকভাবে ব্যক্তিকে অপমান করা হয়েছে।","১. যৌন সহিংসতার শব্দ ব্যবহার করা হয়েছে।  
২. ভাষাটি অশ্লীল ও ঘৃণাত্মক।  
৩. ব্যক্তিকে উদ্দেশ্য করে অপমান।","১. যৌন সহিংসতার শব্দ ব্যবহার করা হয়েছে।  
২. অশ্লীল ভাষায় ব্যক্তিকে আক্রমণ করা হয়েছে।  
৩. ঘৃণাত্মক ভাষায় অপমান করা হয়েছে।"
কামরুল রিফাতের মায়েরে আজকে চোদিছি,Gender,Offensive,"মন্তব্যটি অত্যন্ত অশালীন এবং নারীর প্রতি সরাসরি অবমাননাকর ভাষা ব্যবহার করেছে।
ব্যক্তিগত সম্মানহানির উদ্দেশ্যে যৌন ইঙ্গিতপূর্ণ এবং অসম্মানজনক বক্তব্য প্রদান করা হয়েছে।
অশালীনতা এবং অপমানজনক মনোভাব প্রকাশ করায় এটি গুরুতরভাবে আপত্তিকর।","1. যৌন সহিংসতার ইঙ্গিত আছে  
2. নারীর প্রতি অসম্মানজনক ভাষা  
3. ব্যক্তিগত আক্রমণ ও অশালীনতা","1. যৌন সহিংসতার ইঙ্গিত স্পষ্টভাবে আছে।  
2. নারীকে অসম্মানজনকভাবে উল্লেখ করা হয়েছে।  
3. ব্যক্তিগতভাবে আক্রমণাত্মক ও অশালীন ভাষা ব্যবহৃত হয়েছে।","1. যৌন সহিংসতার সরাসরি উল্লেখ আছে।  
2. নারীকে অশালীন ভাষায় সম্বোধন করা হয়েছে।  
3. ব্যক্তিগত আক্রমণ ও অশালীন ভাষা ব্যবহৃত।","1. যৌন সহিংসতার উল্লেখ আছে স্পষ্টভাবে।  
2. নারীকে অশালীন ভাষায় সম্বোধন করা হয়েছে।  
3. ব্যক্তিগত আক্রমণ ও অশালীন ভাষা ব্যবহৃত।","1. যৌন সহিংসতার উল্লেখ স্পষ্টভাবে করা হয়েছে।  
2. নারীকে অশালীন ভাষায় সম্বোধন করা হয়েছে।  
3. ব্যক্তিগত আক্রমণ ও অশালীন ভাষা ব্যবহৃত হয়েছে।","1. যৌন সহিংসতার উল্লেখ আছে স্পষ্টভাবে।  
2. নারীকে অশালীন ভাষায় সম্বোধন করা হয়েছে।  
3. ব্যক্তিগত আক্রমণ ও অশালীন ভাষা ব্যবহৃত।","1. যৌন সহিংসতার উল্লেখ স্পষ্টভাবে করা হয়েছে।  
2. নারীকে অশালীন ভাষায় সম্বোধন করা হয়েছে।  
3. ব্যক্তিগত আক্রমণ ও অশালীন ভাষা ব্যবহৃত হয়েছে।","1. যৌন সহিংসতার উল্লেখ আছে স্পষ্টভাবে।  
2. নারীকে অশালীন ভাষায় সম্বোধন করা হয়েছে।  
3. ব্যক্তিগত আক্রমণ করা হয়েছে অশালীন ভাষায়।","1. যৌন সহিংসতার স্পষ্ট বর্ণনা দেওয়া হয়েছে।  
2. নারীকে অশালীন ভাষায় লক্ষ্য করা হয়েছে।  
3. ব্যক্তিকে গালি দেওয়া হয়েছে অশালীনভাবে।","1. যৌন সহিংসতার স্পষ্ট উল্লেখ আছে।  
2. নারীকে অশালীন ভাষায় আক্রমণ করা হয়েছে।  
3. গালিতে অশালীন শব্দ ব্যবহার করা হয়েছে।","1. যৌন সহিংসতার উল্লেখ আছে স্পষ্টভাবে।  
2. নারীকে অশালীন ভাষায় আক্রমণ করা হয়েছে।  
3. অশালীন শব্দ ব্যবহার করে গালি দেওয়া হয়েছে।","1. যৌন সহিংসতার উল্লেখ আছে স্পষ্ট ভাষায়।  
2. নারীকে অশালীন ভাষায় লক্ষ্য করা হয়েছে।  
3. গালিতে অশালীন শব্দ ব্যবহৃত হয়েছে।","1. যৌন সহিংসতার বর্ণনা স্পষ্টভাবে করা হয়েছে।  
2. নারীকে অশালীনভাবে লক্ষ্য করা হয়েছে।  
3. গালিতে অশালীন শব্দ ব্যবহার করা হয়েছে।","1. যৌন সহিংসতার বর্ণনা স্পষ্টভাবে আছে।  
2. নারীকে অশালীনভাবে উল্লেখ করা হয়েছে।  
3. গালিতে অশালীন শব্দ ব্যবহৃত হয়েছে।","1. যৌন সহিংসতার বর্ণনা স্পষ্টভাবে বলা হয়েছে।  
2. নারীকে অশালীন ভাষায় সম্বোধন করা হয়েছে।  
3. অশালীন শব্দ ব্যবহার করে গালি দেওয়া হয়েছে।","1. যৌন সহিংসতার বর্ণনা স্পষ্টভাবে আছে।  
2. নারীকে অশালীন ভাষায় সম্বোধন করা হয়েছে।  
3. অশালীন শব্দ ব্যবহার করে গালি দেওয়া হয়েছে।","1. যৌন সহিংসতার বর্ণনা স্পষ্টভাবে বলা হয়েছে।  
2. নারীকে অশালীন ভাষায় উল্লেখ করা হয়েছে।  
3. গালিতে অশালীন শব্দ ব্যবহৃত হয়েছে।","1. যৌন সহিংসতার বর্ণনা স্পষ্টভাবে আছে।  
2. নারীকে অশালীন ভাষায় আক্রমণ করা হয়েছে।  
3. গালিতে যৌন শব্দ ব্যবহার করা হয়েছে।","1. যৌন সহিংসতার বর্ণনা স্পষ্টভাবে আছে।  
2. নারীকে অশালীন ভাষায় আক্রমণ করা হয়েছে।  
3. গালিতে যৌন শব্দ ব্যবহার করা হয়েছে।","1. যৌন সহিংসতার বর্ণনা স্পষ্টভাবে আছে।  
2. নারীকে অশালীন ভাষায় আক্রমণ করা হয়েছে।  
3. গালিতে যৌন শব্দ ব্যবহার করা হয়েছে।","1. যৌন সহিংসতার বর্ণনা স্পষ্টভাবে আছে।  
2. নারীকে অশালীন ভাষায় আক্রমণ করা হয়েছে।  
3. গালিতে যৌন শব্দ ব্যবহার করা হয়েছে।"
কি বলবো তবে একদিন ওর ছেলে ওরে মারবে,Gender,Offensive,"মন্তব্যটি সহিংসতার ভবিষ্যদ্বাণী করে নেতিবাচক মনোভাব প্রকাশ করেছে।
অপমানজনক এবং ব্যক্তির প্রতি অবজ্ঞাসূচক বক্তব্য ব্যবহার করা হয়েছে।
সহিংসতার ইঙ্গিত থাকার কারণে এটি আপত্তিকর বিবেচিত।","1. ""ছেলে মারবে"" বলায় সহিংসতার ইঙ্গিত আছে।  
2. ব্যক্তিকে অপমান করা হয়েছে।  
3. নেতিবাচক মনোভাব প্রকাশ পেয়েছে।","1. ""ছেলে মারবে"" বলায় হুমকির ইঙ্গিত আছে।  
2. অপমানজনক ভাষা ব্যবহার করা হয়েছে।  
3. বক্তার রাগ ও নেতিবাচকতা প্রকাশ পেয়েছে।","1. ""ছেলে মারবে"" বলায় হিংসার ইঙ্গিত পাওয়া যায়।  
2. অপমানজনক শব্দ ব্যবহারের প্রমাণ আছে।  
3. বক্তার রাগ প্রকাশ পেয়েছে স্পষ্টভাবে।","1. ছেলের হিংসার কথা বলা হয়েছে।  
2. অপমানজনক ভাষা ব্যবহার করা হয়েছে।  
3. বক্তার রাগ স্পষ্টভাবে ফুটে উঠেছে।","1. ছেলের প্রতি হিংসাত্মক ইঙ্গিত রয়েছে।  
2. ভাষাটি অত্যন্ত অপমানজনক ও রূঢ়।  
3. বক্তার রাগ ও ক্ষোভ স্পষ্ট।","1. ছেলের প্রতি হিংসার ভবিষ্যদ্বাণী করা হয়েছে।  
2. ভাষায় অপমান ও রূঢ়তা প্রকাশ পেয়েছে।  
3. বক্তার রাগ ও ক্ষোভ স্পষ্টভাবে ফুটে উঠেছে।","1. ছেলের হিংসার ভবিষ্যদ্বাণী স্পষ্ট।  
2. অপমানজনক ভাষা ব্যবহার করা হয়েছে।  
3. বক্তার রাগ স্পষ্টভাবে প্রকাশিত।","1. ছেলের প্রতি হিংসাত্মক ইঙ্গিত রয়েছে।  
2. অপমানজনক শব্দে ভরা বাক্য।  
3. রাগের প্রকাশ স্পষ্টভাবে দেখা যাচ্ছে।","1. ছেলের হিংসার কথা বলা হয়েছে।  
2. অপমানজনক ভাষা ব্যবহার করা হয়েছে।  
3. রাগের প্রকাশ স্পষ্ট।","1. ছেলের হিংসার ইঙ্গিত আছে বাক্যে।  
2. অপমানজনক শব্দ ব্যবহার করা হয়েছে।  
3. রাগের প্রকাশ স্পষ্টভাবে দেখা যাচ্ছে।","1. ছেলের প্রতি হিংসাত্মক ভবিষ্যদ্বাণী করা হয়েছে।  
2. অপমানজনক ভাষায় হুমকির প্রকাশ ঘটেছে।  
3. রাগের কারণে সহিংসতার ইঙ্গিত দেওয়া হয়েছে।","1. ছেলের হিংসার ভবিষ্যদ্বাণী স্পষ্ট।  
2. অপমানজনক ভাষায় হুমকি দেওয়া হয়েছে।  
3. রাগের মধ্যে সহিংসতার ইঙ্গিত আছে।","1. ছেলের প্রতি হিংসাত্মক ভবিষ্যদ্বাণী করা হয়েছে।  
2. অপমানজনক ভাষায় সহিংসতার ইঙ্গিত দেওয়া হয়েছে।  
3. রাগের মধ্যে মারধরের ভবিষ্যদ্বাণী স্পষ্ট।","1. ছেলের মারধরের ভবিষ্যদ্বাণী স্পষ্ট।  
2. ভাষায় সহিংসতার ইঙ্গিত রয়েছে।  
3. রাগের মধ্যে হিংসাত্মক ভবিষ্যদ্বাণী করা হয়েছে।","1. ""ভবিষ্যদ্বাণীতে হিংসাত্মক ইঙ্গিত স্পষ্ট।""  
2. ""রাগের প্রকাশ সহিংসতার দিকে।""  
3. ""ছেলের মারধরের কথা বলা হয়েছে।""","1. ""ভবিষ্যৎ হিংসার ইঙ্গিত দেওয়া হয়েছে।""  
2. ""ছেলের হাতে মার খাওয়ার কথা বলা।""  
3. ""রাগের কারণে সহিংসতার উল্লেখ।""","1. ""ভবিষ্যতে হিংসার সম্ভাবনা উল্লেখ করা হয়েছে।""  
2. ""ছেলের দ্বারা মার খাওয়ার ভবিষ্যদ্বাণী করা হয়েছে।""  
3. ""রাগের প্রকাশ হিসেবে সহিংসতার কথা বলা।""","1. ""ভবিষ্যতের হিংসার ইঙ্গিত দেওয়া হয়েছে।""  
2. ""ছেলের হাতে মার খাওয়ার পূর্বাভাস।""  
3. ""রাগে সহিংসতার কথা বলা।""","1. ""ভবিষ্যতের হিংসার সম্ভাবনা উল্লেখ করা হয়েছে।""  
2. ""ছেলের দ্বারা মার খাওয়ার আশঙ্কা প্রকাশ পেয়েছে।""  
3. ""রাগের মধ্যে সহিংসতার ইঙ্গিত আছে।""","1. ""ভবিষ্যতে হিংসার সম্ভাবনা দেখানো হয়েছে।""  
2. ""ছেলের হাতে মার খাওয়ার ভবিষ্যদ্বাণী করা হয়েছে।""  
3. ""রাগের মধ্যে সহিংসতার ইঙ্গিত দেওয়া হয়েছে।""","1. ""ভবিষ্যতের হিংসার ইঙ্গিত দেওয়া হয়েছে।""  
2. ""ছেলের হিংসার সম্ভাবনা বলা হয়েছে।""  
3. ""রাগে সহিংসতার ভবিষ্যদ্বাণী করা হয়েছে।"""
কি হিংসে হয় আমার মত হতে চাও আমি তর মা কে চুদি,Gender,Offensive,"মন্তব্যটি অত্যন্ত অশালীন এবং সরাসরি নারীর প্রতি অবমাননাকর ইঙ্গিত দিয়েছে।
ব্যক্তিগতভাবে অপমান করার জন্য অশ্লীল ভাষা ব্যবহার করা হয়েছে।
যৌন হয়রানিমূলক ও অসম্মানজনক বক্তব্য হওয়ায় এটি গুরুতরভাবে আপত্তিকর।","1. অশ্লীল ভাষায় নারীকে অপমান করা হয়েছে।  
2. যৌন হয়রানির ইঙ্গিত রয়েছে বক্তব্যে।  
3. ব্যক্তিগত আক্রমণ ও অবমাননাকর মন্তব্য।","1. নারীকে অশ্লীল ভাষায় আক্রমণ করা হয়েছে।  
2. যৌন সহিংসতার ইঙ্গিত দেওয়া হয়েছে।  
3. ব্যক্তিগতভাবে অবমাননাকর ভাষা ব্যবহার করা হয়েছে।","1. নারীকে অশ্লীল ভাষায় আক্রমণ করা হয়েছে।  
2. যৌন সহিংসতার হুমকি দেওয়া হয়েছে।  
3. ব্যক্তিগতভাবে অপমানজনক ভাষা ব্যবহার করা হয়েছে।","1. অশ্লীল ভাষায় মায়ের প্রতি আক্রমণ।  
2. যৌন সহিংসতার হুমকি স্পষ্ট।  
3. ব্যক্তিগতভাবে অপমানজনক ভাষা ব্যবহৃত।","1. মায়ের বিরুদ্ধে অশ্লীল ভাষা ব্যবহার করা হয়েছে।  
2. যৌন সহিংসতার হুমকি স্পষ্টভাবে দেওয়া হয়েছে।  
3. ব্যক্তিগতভাবে অপমানজনক শব্দ ব্যবহৃত হয়েছে।","1. মায়ের বিরুদ্ধে অশ্লীল ভাষা ব্যবহৃত হয়েছে।  
2. যৌন সহিংসতার হুমকি স্পষ্টভাবে আছে।  
3. ব্যক্তিগতভাবে অপমানজনক ভাষা ব্যবহার করা হয়েছে।","1. মায়ের বিরুদ্ধে অশ্লীল ভাষা স্পষ্ট।  
2. যৌন হুমকি সরাসরি দেওয়া হয়েছে।  
3. ব্যক্তিগতভাবে অপমান করা হয়েছে।","1. মায়ের প্রতি অশ্লীল উক্তি করা হয়েছে।  
2. যৌন হুমকি স্পষ্টভাবে প্রকাশিত।  
3. ব্যক্তিগতভাবে আক্রমণাত্মক ভাষা ব্যবহৃত।","1. মায়ের বিরুদ্ধে অশালীন ভাষা ব্যবহার করা হয়েছে।  
2. যৌন সহিংসতার হুমকি স্পষ্ট।  
3. ব্যক্তিগত আক্রমণের জন্য ক্ষোভ প্রকাশিত।","1. মায়ের বিরুদ্ধে অশালীন ভাষা ব্যবহার করা হয়েছে।  
কারণ: মাকে অশালীনভাবে উল্লেখ করা হয়েছে।  

2. যৌন সহিংসতার হুমকি স্পষ্ট।  
কারণ: যৌন সহিংসতার ইঙ্গিত দেওয়া হয়েছে।  

3. ব্যক্তিগত আক্রমণের জন্য ক্ষোভ প্রকাশিত।  
কারণ: ব্যক্তিকে লক্ষ্য করে আক্রমণাত্মক ভাষা।","1. মায়ের বিরুদ্ধে অশালীন ভাষা স্পষ্ট।  
2. যৌন সহিংসতার হুমকি রয়েছে।  
3. ব্যক্তিকে লক্ষ্য করে আক্রমণ করা হয়েছে।","1. মায়ের বিরুদ্ধে অশালীন ভাষা ব্যবহৃত হয়েছে।  
2. যৌন সহিংসতার ইঙ্গিত স্পষ্টভাবে দেওয়া হয়েছে।  
3. ব্যক্তিকে সরাসরি আক্রমণ করা হয়েছে।","1. মায়ের বিরুদ্ধে অশালীন ভাষা ব্যবহার স্পষ্ট।  
2. যৌন সহিংসতার ইঙ্গিত স্পষ্টভাবে আছে।  
3. ব্যক্তিকে সরাসরি গালি দেওয়া হয়েছে।","1. মায়ের নামে অশালীন ভাষা ব্যবহার করা হয়েছে।  
2. যৌন সহিংসতার ইঙ্গিত স্পষ্ট ভাবে আছে।  
3. ব্যক্তিকে সরাসরি গালি দেওয়া হয়েছে।","1. মায়ের প্রতি অশালীন ভাষা ব্যবহৃত।  
2. যৌন সহিংসতার উল্লেখ স্পষ্ট।  
3. ব্যক্তিকে গালি দেওয়া হয়েছে।","1. মায়ের বিরুদ্ধে অশালীন ভাষা ব্যবহার করা হয়েছে।  
2. যৌন সহিংসতার ইঙ্গিত স্পষ্টভাবে দেওয়া হয়েছে।  
3. ব্যক্তিকে আক্রমণাত্মক ভাষায় গালি দেওয়া হয়েছে।","1. মায়ের বিরুদ্ধে অশালীন ভাষা ব্যবহার করা হয়েছে।  
2. যৌন সহিংসতার ইঙ্গিত স্পষ্টভাবে দেওয়া হয়েছে।  
3. ব্যক্তিকে আক্রমণাত্মক ভাষায় গালি দেওয়া হয়েছে।","1. মায়ের বিরুদ্ধে অশালীন ভাষা ব্যবহার করা হয়েছে।  
2. যৌন সহিংসতার ইঙ্গিত স্পষ্ট।  
3. ব্যক্তিকে গালি দেওয়া হয়েছে।","1. মায়ের নামে অশালীন ভাষা ব্যবহার করা হয়েছে।  
2. যৌন সহিংসতার হুমকি দেওয়া হয়েছে।  
3. ব্যক্তিকে অসম্মানজনক ভাষায় গালি দেওয়া হয়েছে।","1. মায়ের নামে অশ্লীল ভাষা ব্যবহারের জন্য লেবেল সঠিক।  
2. যৌন সহিংসতার হুমকি স্পষ্টভাবে প্রকাশ পেয়েছে।  
3. গালিগুলো অসম্মানজনক এবং আক্রমণাত্মক।","1. মায়ের নামে অশ্লীল ভাষা ব্যবহার হয়েছে।  
2. যৌন সহিংসতার হুমকি দেওয়া হয়েছে।  
3. ভাষাটি অসম্মানজনক ও আক্রমণাত্মক।"
কু পুত্র ওকে ফাঁসি নয় ওকে তিলে তিলে অসয্য যন্ত্রনা দিয়ে মারা হক,Gender,Offensive,"মন্তব্যটি অত্যন্ত সহিংস এবং শারীরিক নির্যাতনের আহ্বান জানিয়েছে।
বক্তব্যে অমানবিক শাস্তির ইঙ্গিত দিয়ে হিংসাত্মক মনোভাব প্রকাশ করা হয়েছে।
অবমাননাকর এবং শারীরিক সহিংসতার উস্কানির কারণে এটি গুরুতরভাবে আপত্তিকর।
","১. ""ফাঁসি"" ও ""যন্ত্রণা দিয়ে মারা"" সহিংস ভাষা।  
২. অমানবিক শাস্তির ইচ্ছা প্রকাশ পেয়েছে।  
৩. শারীরিক নির্যাতনের উস্কানি দেওয়া হয়েছে।","১. ""ফাঁসি"" ও ""যন্ত্রণা"" শব্দে সহিংসতা প্রকাশ পেয়েছে।  
২. অমানবিক শাস্তির ইচ্ছা স্পষ্ট।  
৩. শারীরিক নির্যাতনের উস্কানি দেওয়া হয়েছে।","১. ""ফাঁসি"" শব্দে সহিংস ইচ্ছা প্রকাশ।  
২. ""যন্ত্রণা"" দিয়ে অমানবিক শাস্তির ইচ্ছা।  
৩. শারীরিক নির্যাতনের উস্কানি স্পষ্ট।","১. ""ফাঁসি"" শব্দে মৃত্যুর ইচ্ছা প্রকাশ পায়।  
২. ""যন্ত্রণা"" দিয়ে অমানবিক আচরণের ইচ্ছা।  
৩. শাস্তির জন্য সহিংসতা উৎসাহিত করা হয়েছে।","১. ""ফাঁসি"" শব্দে মৃত্যুর ইচ্ছা প্রকাশ পায়।  
২. ""যন্ত্রণা"" শব্দে অমানবিক আচরণ ফুটে উঠেছে।  
৩. সহিংস শাস্তির ইঙ্গিত দেওয়া হয়েছে।","১. ""ফাঁসি"" শব্দে মৃত্যুর ইচ্ছা প্রকাশ পায়।  
২. ""যন্ত্রণা"" শব্দে অমানবিক আচরণ বোঝায়।  
৩. সহিংস শাস্তির ইচ্ছা স্পষ্ট।","১. ""ফাঁসি"" শব্দে মৃত্যুর ইচ্ছা প্রকাশ পায়।  
২. ""যন্ত্রণা"" বলতে অমানবিকতা বোঝানো হয়েছে।  
৩. সহিংস শাস্তির ইচ্ছা স্পষ্টভাবে দেখা যায়।","১. ""ফাঁসি"" শব্দে মৃত্যুর ইচ্ছা প্রকাশ পেয়েছে।  
২. ""যন্ত্রণা"" দিয়ে অমানবিক আচরণ বোঝানো হয়েছে।  
৩. সহিংস শাস্তির ইচ্ছা স্পষ্ট।","১. ""ফাঁসি"" শব্দে মৃত্যুর ইচ্ছা প্রকাশ পায়।  
২. ""যন্ত্রণা"" দিয়ে অমানবিকতা ফুটে উঠেছে।  
৩. সহিংস শাস্তির ইচ্ছা স্পষ্টভাবে দেখা যায়।","১. ""ফাঁসি"" শব্দে মৃত্যুর ইঙ্গিত আছে।  
২. ""যন্ত্রণা"" দিয়ে নিষ্ঠুরতা বোঝায়।  
৩. সহিংসতার প্রকাশ স্পষ্ট।","১. ""ফাঁসি"" শব্দে মৃত্যুর হুমকি আছে।  
২. ""যন্ত্রণা"" দিয়ে নিষ্ঠুরতা প্রকাশ পায়।  
৩. বাক্যটিতে সহিংসতার ইচ্ছা স্পষ্ট।","১. ""ফাঁসি"" শব্দে মৃত্যুর ইঙ্গিত রয়েছে।  
২. ""যন্ত্রণা"" শব্দে নিষ্ঠুরতা ফুটে উঠেছে।  
৩. বাক্যটিতে সহিংসতার প্রকাশ স্পষ্ট।","১. ""ফাঁসি"" শব্দে মৃত্যুর হুমকি আছে।  
২. ""যন্ত্রণা"" দিয়ে নিষ্ঠুরতা বোঝানো হয়েছে।  
৩. বাক্যটিতে সহিংসতার প্রকাশ স্পষ্ট।","১. ""ফাঁসি"" শব্দে মৃত্যুর ইঙ্গিত আছে।  
২. ""যন্ত্রণা"" শব্দে নিষ্ঠুরতা ফুটে উঠেছে।  
৩. বাক্যটি সহিংসতার প্রকাশক।","১. ""ফাঁসি"" শব্দে হিংসাত্মক ইচ্ছা প্রকাশ পায়।  
২. ""যন্ত্রণা"" দিয়ে নৃশংসতা বোঝানো হয়েছে।  
৩. পুরো বাক্যটি সহিংসতার ঘোষণা দেয়।","১. ""ফাঁসি"" শব্দে হত্যার ইচ্ছা প্রকাশ।  
২. ""যন্ত্রণা"" দিয়ে নিষ্ঠুরতা ফুটে উঠেছে।  
৩. বাক্যটি সম্পূর্ণরূপে সহিংসতার প্রকাশ।","১. ""ফাঁসি"" শব্দে হত্যার ইচ্ছা স্পষ্ট।  
২. ""যন্ত্রণা"" দিয়ে নিষ্ঠুরতা প্রকাশ পায়।  
৩. পুরো বাক্যটি সহিংসতার ঘোষণা।","১. ""ফাঁসি"" শব্দে হিংসাত্মক ইচ্ছা প্রকাশ পায়।  
২. ""যন্ত্রণা দিয়ে মারা"" নিষ্ঠুরতার প্রমাণ।  
৩. পুরো বাক্যটি সহিংসতার প্রকাশ।","১. ""ফাঁসি"" শব্দে হত্যার ইচ্ছা প্রকাশ।  
২. ""যন্ত্রণা দিয়ে মারা"" নৃশংসতা বোঝায়।  
৩. বাক্যটি সম্পূর্ণরূপে সহিংস।","১. ""ফাঁসি"" শব্দে হত্যার ইচ্ছা প্রকাশ পায়।  
২. ""যন্ত্রণা দিয়ে মারা"" বলতে নৃশংসতা বোঝানো হয়েছে।  
৩. পুরো বাক্যটি সহিংসতার প্রকাশক।","১. ""ফাঁসি"" শব্দে হত্যার ইচ্ছা প্রকাশ পায়।  
২. ""যন্ত্রণা দিয়ে মারা"" বলতে নৃশংসতা বোঝায়।  
৩. পুরো বাক্যটি সহিংসতার ইঙ্গিত দেয়।"
কুতা দিয়া চুদা মিথিলাকে,Gender,Offensive,"মন্তব্যটি অত্যন্ত অশালীন এবং নারীর প্রতি যৌন হয়রানিমূলক বক্তব্য প্রকাশ করেছে।
বক্তব্যটি অবমাননাকর ও অসম্মানজনক ভাষা ব্যবহার করে নারীর প্রতি বিদ্বেষ দেখিয়েছে।
অশ্লীল এবং অপমানজনক হওয়ায় এটি গুরুতরভাবে আপত্তিকর বিবেচিত।","1. অশ্লীল ভাষায় নারীকে লক্ষ্য করে আক্রমণ  
2. যৌন হয়রানিমূলক বক্তব্য স্পষ্ট  
3. ঘৃণ্য ও অবমাননাকর শব্দ ব্যবহার","1. নারীকে অশ্লীল ভাষায় আক্রমণ করা হয়েছে।  
2. যৌন হয়রানির ইঙ্গিত স্পষ্ট।  
3. ঘৃণ্য শব্দ ব্যবহার করে অবমাননা করা হয়েছে।","1. অশ্লীল ভাষায় নারীকে আক্রমণ করা হয়েছে।  
2. যৌন সহিংসতার ইঙ্গিত স্পষ্ট।  
3. ঘৃণ্য শব্দে নারীকে অবমাননা করা হয়েছে।","1. অশ্লীল শব্দ ব্যবহার করে নারীকে আক্রমণ করা হয়েছে।  
2. যৌন সহিংসতার ইঙ্গিত স্পষ্টভাবে প্রকাশ পেয়েছে।  
3. ঘৃণ্য ভাষায় নারীকে অবজ্ঞা করা হয়েছে।","1. অশ্লীল শব্দ ব্যবহার করে নারীকে অপমান করা হয়েছে।  
2. যৌন সহিংসতার ইঙ্গিত স্পষ্টভাবে ফুটে উঠেছে।  
3. ঘৃণাসূচক ভাষায় নারীর প্রতি অবমাননা প্রকাশ পেয়েছে।","1. অশ্লীল শব্দ ব্যবহার করে নারীকে অপমান করা হয়েছে।  
2. যৌন সহিংসতার ইঙ্গিত স্পষ্টভাবে ফুটে উঠেছে।  
3. ঘৃণাসূচক ভাষায় নারীর প্রতি অবমাননা প্রকাশ পেয়েছে।","1. অশ্লীল শব্দ ব্যবহার করে নারীকে হেয় করা হয়েছে।  
2. যৌন সহিংসতার ইঙ্গিত স্পষ্টভাবে রয়েছে।  
3. ঘৃণাসূচক ভাষায় নারীকে অপমান করা হয়েছে।","1. অশ্লীল শব্দ ব্যবহার করে নারীকে অপমান করা হয়েছে।  
2. যৌন সহিংসতার ইঙ্গিত স্পষ্টভাবে ফুটে উঠেছে।  
3. ঘৃণাসূচক ভাষায় নারীকে হেয় করা হয়েছে।","1. অশ্লীল শব্দ ব্যবহার করে নারীকে অপমান করা হয়েছে।  
2. যৌন সহিংসতার ইঙ্গিত স্পষ্টভাবে ফুটে উঠেছে।  
3. ঘৃণাসূচক ভাষায় নারীকে হেয় করা হয়েছে।","1. অশ্লীল শব্দ ব্যবহার করে নারীকে অপমান করা হয়েছে।  
2. যৌন সহিংসতার ইঙ্গিত স্পষ্টভাবে ফুটে উঠেছে।  
3. ঘৃণাসূচক ভাষায় নারীকে হেয় করা হয়েছে।","1. অশ্লীল শব্দ ব্যবহার করে নারীকে হেয় করা হয়েছে।  
2. যৌন সহিংসতার ইঙ্গিত স্পষ্ট।  
3. ঘৃণাসূচক ভাষায় নারীকে অপমান করা হয়েছে।","1. অশ্লীল শব্দ ব্যবহারে নারীকে অপমান করা হয়েছে।  
2. যৌন সহিংসতার ইঙ্গিত স্পষ্ট ভাবে আছে।  
3. ঘৃণাসূচক ভাষায় নারীকে হেয় করা হয়েছে।","1. অশ্লীল ভাষায় নারীকে লক্ষ্য করে আক্রমণ করা হয়েছে।  
2. যৌন সহিংসতার ইঙ্গিত স্পষ্টভাবে প্রকাশ পেয়েছে।  
3. ঘৃণাসূচক বাক্যে নারীর অবমাননা করা হয়েছে।","1. অশ্লীল শব্দ ব্যবহার করে নারীকে আক্রমণ করা হয়েছে।  
2. যৌন সহিংসতার ইঙ্গিত স্পষ্টভাবে ফুটে উঠেছে।  
3. ঘৃণাসূচক ভাষায় নারীর প্রতি অবমাননা প্রকাশ পেয়েছে।","1. অশ্লীল শব্দ ব্যবহার করে নারীকে অপমান করা হয়েছে।  
2. যৌন সহিংসতার ইঙ্গিত স্পষ্টভাবে রয়েছে।  
3. ঘৃণাসূচক ভাষায় নারীর অবমাননা করা হয়েছে।","1. অশ্লীল শব্দ ব্যবহার করে নারীকে লক্ষ্য করা হয়েছে।  
2. যৌন সহিংসতার হুমকি স্পষ্টভাবে ফুটে উঠেছে।  
3. ঘৃণাসূচক ভাষায় নারীর সম্মানহানি করা হয়েছে।","1. অশ্লীল শব্দ ব্যবহার করে নারীকে অপমান করা হয়েছে।  
2. যৌন সহিংসতার ইঙ্গিত স্পষ্টভাবে দেওয়া হয়েছে।  
3. নারীর সম্মানহানি করার জন্য ঘৃণাসূচক ভাষা ব্যবহৃত হয়েছে।","1. অশ্লীল ভাষায় নারীকে লক্ষ্য করে আক্রমণ করা হয়েছে।  
2. যৌন সহিংসতার হুমকি স্পষ্টভাবে ফুটে উঠেছে।  
3. ঘৃণাসূচক শব্দে নারীর অবমাননা করা হয়েছে।","1. অশ্লীল শব্দ ব্যবহার করে নারীকে আক্রমণ করা হয়েছে।  
2. যৌন সহিংসতার হুমকি স্পষ্টভাবে বলা হয়েছে।  
3. ঘৃণাসূচক ভাষায় নারীর অবমাননা করা হয়েছে।","1. অশ্লীল শব্দ ব্যবহার করে নারীকে অপমান করা হয়েছে।  
2. যৌন সহিংসতার ইঙ্গিত স্পষ্টভাবে দেওয়া হয়েছে।  
3. ঘৃণাসূচক ভাষায় নারীর সম্মানহানি করা হয়েছে।","1. অশ্লীল শব্দ ব্যবহার করে নারীকে হেয় করা হয়েছে।  
2. যৌন সহিংসতার ভাষা স্পষ্টভাবে প্রকাশ পেয়েছে।  
3. ঘৃণাসূচক বাক্যে নারীর অবমাননা করা হয়েছে।"
কে কে পপনকে চুদবেন হাত তুলেন,Gender,Offensive,"মন্তব্যটি অত্যন্ত অশালীন এবং যৌন হয়রানিমূলক ভাষা ব্যবহার করেছে।
ব্যক্তির প্রতি সরাসরি অবমাননাকর এবং অসম্মানজনক বক্তব্য প্রকাশ পেয়েছে।
অশ্লীল এবং হেয়প্রসূত মনোভাবের কারণে এটি গুরুতরভাবে আপত্তিকর।","1. যৌন সহিংসতার ইঙ্গিত রয়েছে বাক্যে।  
2. অশ্লীল ভাষায় ব্যক্তিকে লক্ষ্য করা হয়েছে।  
3. অবমাননাকর মন্তব্যে হেয়প্রতিপন্ন করা হয়েছে।","1. যৌন সহিংসতার ইঙ্গিত স্পষ্টভাবে প্রকাশ পেয়েছে।  
2. অশ্লীল ভাষায় সরাসরি ব্যক্তিকে লক্ষ্য করা হয়েছে।  
3. হেয়প্রতিপন্ন করার উদ্দেশ্যে অবমাননাকর ভাষা ব্যবহৃত হয়েছে।","1. অশ্লীল শব্দ ব্যবহার করে যৌন সহিংসতার ইঙ্গিত দেওয়া হয়েছে।  
2. ব্যক্তিকে সরাসরি লক্ষ্য করে অবমাননাকর ভাষা ব্যবহৃত হয়েছে।  
3. হেয়প্রতিপন্ন করার জন্য যৌন সহিংসতার ইঙ্গিত দেওয়া হয়েছে।","1. যৌন সহিংসতার ইঙ্গিত দেওয়া হয়েছে অশ্লীল ভাষায়।  
2. ব্যক্তিকে লক্ষ্য করে অবমাননাকর ভাষা ব্যবহৃত।  
3. হেয়প্রতিপন্ন করতে যৌন সহিংসতার উল্লেখ করা হয়েছে।","1. অশ্লীল ভাষায় যৌন সহিংসতার ইঙ্গিত দেওয়া হয়েছে।  
2. ব্যক্তিকে অপমান করতে যৌন সহিংসতার উল্লেখ করা।  
3. অবমাননাকর ভাষায় হেয়প্রতিপন্ন করার চেষ্টা।","1. যৌন সহিংসতার ইঙ্গিত দেওয়া হয়েছে অশ্লীল ভাষায়।  
2. অপমান করতে ব্যক্তিকে লক্ষ্য করে বলা।  
3. হেয়প্রতিপন্ন করার চেষ্টা অবমাননাকর ভাষায়।","1. অশ্লীল ভাষায় যৌন সহিংসতার ইঙ্গিত দেওয়া হয়েছে।  
2. ব্যক্তিকে অপমান করার উদ্দেশ্যে বলা হয়েছে।  
3. অবমাননাকর ভাষায় হেয়প্রতিপন্ন করার চেষ্টা।","1. যৌন সহিংসতার ইঙ্গিত দেওয়া হয়েছে অশ্লীল ভাষায়।  
2. অপমান করার উদ্দেশ্যে ব্যক্তিকে লক্ষ্য করে বলা।  
3. হেয়প্রতিপন্ন করার চেষ্টা অবমাননাকর ভাষায়।","1. অশ্লীল ভাষায় যৌন সহিংসতার ইঙ্গিত দেওয়া হয়েছে।  
2. ব্যক্তিকে অপমান করার উদ্দেশ্যে বলা হয়েছে।  
3. অবমাননাকর ভাষায় হেয়প্রতিপন্ন করার চেষ্টা।","1. অশ্লীল শব্দে যৌন সহিংসতার উল্লেখ আছে।  
2. অপমান করার জন্য ব্যক্তিকে লক্ষ্য করা।  
3. হেয়প্রতিপন্ন করতে অবমাননাকর ভাষা ব্যবহৃত।","1. যৌন সহিংসতার অশ্লীল শব্দ ব্যবহার করা হয়েছে।  
2. ব্যক্তিকে অপমান করার উদ্দেশ্য আছে।  
3. অবমাননাকর ভাষায় হেয়প্রতিপন্ন করা হচ্ছে।","1. অশ্লীল শব্দ ব্যবহার করে যৌন সহিংসতার ইঙ্গিত দেওয়া হয়েছে।  
2. ব্যক্তিকে উদ্দেশ্য করে অপমান করা হচ্ছে।  
3. ভাষার মাধ্যমে ব্যক্তিকে হেয় করা হয়েছে।","1. যৌন সহিংসতার ইঙ্গিত দেওয়া হয়েছে অশ্লীল ভাষায়।  
2. অপমানজনক শব্দ ব্যবহার করে ব্যক্তিকে লক্ষ্য করা হয়েছে।  
3. হেয়প্রতিপন্ন করার জন্য ভাষা ব্যবহৃত হয়েছে।","1. অশ্লীল ভাষায় যৌন সহিংসতার ইঙ্গিত দেওয়া হয়েছে।  
2. অপমানজনক শব্দ ব্যবহার করে ব্যক্তিকে আক্রমণ করা হয়েছে।  
3. হেয়প্রতিপন্ন করার জন্য ভাষা ব্যবহৃত হয়েছে।","1. যৌন সহিংসতার ইঙ্গিত দেওয়া হয়েছে অশ্লীল ভাষায়।  
2. অপমানজনক শব্দে ব্যক্তিকে আক্রমণ করা হয়েছে।  
3. হেয়প্রতিপন্ন করার জন্য ভাষা ব্যবহৃত হয়েছে।","1. অশ্লীল ভাষায় যৌন সহিংসতার ইঙ্গিত দেওয়া হয়েছে।  
2. অপমানজনক শব্দে ব্যক্তিকে লক্ষ্য করা হয়েছে।  
3. হেয়প্রতিপন্ন করার জন্য ভাষা ব্যবহৃত হয়েছে।","1. যৌন সহিংসতার ইঙ্গিত দেওয়া হয়েছে অশ্লীল ভাষায়।  
2. অপমানজনক শব্দে ব্যক্তিকে লক্ষ্য করা হয়েছে।  
3. হেয়প্রতিপন্ন করার জন্য ভাষা ব্যবহৃত হয়েছে।","1. অশ্লীল ভাষায় যৌন সহিংসতার ইঙ্গিত দেওয়া হয়েছে।  
2. অপমানজনক শব্দে ব্যক্তিকে লক্ষ্য করা হয়েছে।  
3. হেয়প্রতিপন্ন করার জন্য ভাষা ব্যবহৃত হয়েছে।","1. যৌন সহিংসতার ইঙ্গিত দেওয়া হয়েছে অশ্লীল ভাষায়।  
2. অপমানজনক শব্দ ব্যবহার করে ব্যক্তিকে লক্ষ্য করা হয়েছে।  
3. হেয়প্রতিপন্ন করার জন্য ভাষা ব্যবহৃত হয়েছে স্পষ্টভাবে।","1. অশ্লীল ভাষায় যৌন সহিংসতার ইঙ্গিত দেওয়া হয়েছে।  
2. অপমানজনক শব্দ ব্যবহার করে ব্যক্তিকে আক্রমণ করা হয়েছে।  
3. স্পষ্টভাবে হেয়প্রতিপন্ন করার ভাষা ব্যবহৃত হয়েছে।","1. যৌন সহিংসতার ইঙ্গিত দেওয়া হয়েছে অশ্লীল ভাষায়।  
2. অপমানজনক শব্দে ব্যক্তিকে আক্রমণ করা হয়েছে।  
3. হেয়প্রতিপন্ন করার ভাষা স্পষ্টভাবে ব্যবহৃত হয়েছে।"
কেমন ছেলে বাবার গায়ে হাত তুলে আমি হলে ছেলেটাকে মারতাম,Gender,Offensive,"মন্তব্যটি সহিংসতার প্রকাশ করেছে এবং শারীরিক আঘাতের আহ্বান জানিয়েছে।
বক্তব্যে হুমকিসূচক ভাষার মাধ্যমে নেতিবাচক মনোভাব দেখানো হয়েছে।
শারীরিক আঘাতের ইঙ্গিত থাকার কারণে এটি আপত্তিকর।","1. ছেলেটাকে মারার কথা বলা হয়েছে  
2. হুমকিসূচক ভাষা ব্যবহৃত হয়েছে  
3. শারীরিক সহিংসতার ইঙ্গিত আছে","1. ছেলেকে মারার উক্তি স্পষ্টভাবে বলা হয়েছে।  
2. হুমকির ভাষা ব্যবহার করে বলা হয়েছে।  
3. শারীরিক আক্রমণের কথা উল্লেখ করা হয়েছে।","1. ছেলেকে মারার কথা সরাসরি বলা হয়েছে।  
2. হিংসাত্মক ভাষা স্পষ্টভাবে ব্যবহৃত হয়েছে।  
3. শারীরিক নির্যাতনের উল্লেখ আছে।","১. ছেলেকে মারার হুমকি দেওয়া হয়েছে।  
২. শারীরিক আক্রমণের কথা বলা হয়েছে।  
৩. হিংসাত্মক ভাষা স্পষ্টভাবে ব্যবহৃত হয়েছে।","১. ছেলেকে মারার কথা বলা হয়েছে।  
২. শারীরিক হিংসার উল্লেখ আছে।  
৩. হিংসাত্মক ভাষা স্পষ্ট।","১. ছেলেকে মারার হুমকি দেওয়া হয়েছে।  
২. শারীরিক আক্রমণের কথা বলা।  
৩. হিংসার প্রকাশ স্পষ্ট।","১. ছেলেকে মারার কথা বলা হয়েছে।  
২. শারীরিক হিংসার উল্লেখ আছে।  
৩. হিংসাত্মক মনোভাব প্রকাশ পেয়েছে।","১. ছেলেকে মারার পরামর্শ দেওয়া হয়েছে।  
২. শারীরিক আক্রমণের ইঙ্গিত আছে।  
৩. হিংসার সমর্থন প্রকাশ পেয়েছে।","১. ছেলের প্রতি হিংসাত্মক প্রতিক্রিয়া প্রকাশ পেয়েছে।  
২. শারীরিক শাস্তির কথা বলা হয়েছে।  
৩. হিংসার সমর্থন স্পষ্টভাবে বোঝা যাচ্ছে।","১. ছেলের প্রতি হিংসার ইঙ্গিত আছে।  
২. শারীরিক শাস্তির কথা বলা হয়েছে।  
৩. হিংসাত্মক প্রতিক্রিয়া স্পষ্ট।","১. ছেলের প্রতি হিংসার কথা বলা হয়েছে।  
২. শারীরিক আক্রমণের উল্লেখ আছে।  
৩. প্রতিশোধ নেওয়ার ইচ্ছা প্রকাশিত।","১. ছেলের বিরুদ্ধে হিংসার উক্তি রয়েছে।  
২. শারীরিক আক্রমণের কথা বলা হয়েছে।  
৩. প্রতিশোধের ইচ্ছা স্পষ্টভাবে প্রকাশ পেয়েছে।","১. ছেলের প্রতি হিংসাত্মক মনোভাব প্রকাশ পেয়েছে।  
২. শারীরিক আক্রমণের ইঙ্গিত দেওয়া হয়েছে।  
৩. প্রতিশোধ নেওয়ার কথা বলা হয়েছে।","১. ছেলের প্রতি রাগ প্রকাশ পেয়েছে।  
২. শারীরিক আক্রমণের কথা বলা হয়েছে।  
৩. প্রতিশোধের ইচ্ছা দেখা যাচ্ছে।","১. ছেলের বিরুদ্ধে রাগের কথা বলা হয়েছে।  
২. মারধরের হুমকি দেওয়া হয়েছে।  
৩. প্রতিশোধ নেওয়ার ইচ্ছা প্রকাশ পেয়েছে।","১. ছেলের প্রতি রাগ প্রকাশ করা হয়েছে।  
২. মারধরের কথা বলা হয়েছে স্পষ্টভাবে।  
৩. প্রতিশোধ নেওয়ার ইচ্ছা ফুটে উঠেছে।","১. ছেলের প্রতি ক্ষোভ প্রকাশ পেয়েছে।  
২. মারধরের হুমকি দেওয়া হয়েছে।  
৩. প্রতিশোধের ইচ্ছা স্পষ্ট।","১. ছেলের বিরুদ্ধে রাগ প্রকাশ পেয়েছে।  
২. হিংসাত্মক কথা বলা হয়েছে।  
৩. প্রতিশোধ নেওয়ার ইচ্ছা দেখা যাচ্ছে।","১. ছেলের প্রতি রাগ প্রকাশ পেয়েছে।  
২. মারার কথা বলায় হিংসা দেখা যাচ্ছে।  
৩. প্রতিশোধ নেওয়ার ইচ্ছা স্পষ্ট।","১. ছেলের বিরুদ্ধে রাগ প্রকাশ পেয়েছে।  
২. মারার কথা বলায় হিংসার ইঙ্গিত।  
৩. প্রতিশোধের ইচ্ছা স্পষ্টভাবে দেখা যায়।","১. ছেলের প্রতি রাগ প্রকাশ করা হয়েছে।  
২. মারার কথা বলায় হিংসা দেখা যাচ্ছে।  
৩. প্রতিশোধ নেওয়ার ইচ্ছা প্রকাশ পেয়েছে।"
মন্তব্যটি সহিংসতার প্রকাশ করেছে এবং শারীরিক আঘাতের আহ্বান জানিয়েছে।,Gender,Offensive,"মন্তব্যটি সরাসরি হিংসাত্মক আচরণকে সমর্থন করে, যা আপত্তিকর।
শারীরিক শাস্তির উস্কানি দেওয়া হয়েছে, যা নেতিবাচক মনোভাব প্রকাশ করে।
সহিংসতার ইঙ্গিত থাকার কারণে এটি সামাজিক ও নৈতিক দৃষ্টিকোণে অগ্রহণযোগ্য।","1. সহিংসতার উস্কানি দেওয়া হয়েছে।  
2. শারীরিক আঘাতের আহ্বান অগ্রহণযোগ্য।  
3. নেতিবাচক মনোভাব প্রকাশ পেয়েছে।","1. মন্তব্যটিতে সরাসরি সহিংসতা উৎসাহিত করা হয়েছে।  
2. শারীরিক আঘাতের জন্য আহ্বান স্পষ্টভাবে আছে।  
3. ভাষাটি হিংসাত্মক এবং আক্রমণাত্মক।","1. সহিংসতার উৎসাহ দেওয়া হয়েছে স্পষ্টভাবে।  
2. শারীরিক আঘাতের আহ্বান আছে মন্তব্যে।  
3. ভাষাটি হিংসাত্মক এবং আক্রমণাত্মক প্রকৃতির।","1. মন্তব্যে সরাসরি সহিংসতার উৎসাহ দেওয়া হয়েছে।  
2. শারীরিক আঘাতের জন্য আহ্বান স্পষ্ট।  
3. ভাষাটি হিংসাত্মক আচরণকে সমর্থন করে।","1. সহিংসতার উৎসাহ দেওয়া হয়েছে মন্তব্যে।  
2. শারীরিক আঘাতের আহ্বান স্পষ্টভাবে আছে।  
3. ভাষা হিংসাত্মক আচরণকে সমর্থন করছে।","1. মন্তব্যে সরাসরি হিংসার উৎসাহ দেওয়া হয়েছে।  
2. শারীরিক আঘাতের কথা স্পষ্ট বলা হয়েছে।  
3. ভাষা হিংসাত্মক আচরণকে সমর্থন করে।","1. মন্তব্যে হিংসার সরাসরি উৎসাহ দেওয়া হয়েছে।  
2. শারীরিক আঘাতের কথা স্পষ্টভাবে উল্লেখ করা হয়েছে।  
3. ভাষাটি হিংসাত্মক আচরণকে সমর্থন করে।","1. মন্তব্যে সরাসরি আঘাতের কথা বলা হয়েছে।  
2. ভাষাটি সহিংসতাকে উৎসাহিত করছে।  
3. শারীরিক হিংসার আহ্বান স্পষ্ট।","1. মন্তব্যে সরাসরি আঘাতের কথা বলা হয়েছে।  
2. ভাষাটি সহিংসতার জন্য উৎসাহ দিচ্ছে।  
3. শারীরিক হিংসার আহ্বান স্পষ্টভাবে আছে।","1. মন্তব্যে স্পষ্টভাবে আঘাতের কথা উল্লেখ আছে।  
2. ভাষাটি সহিংসতাকে সমর্থন করছে।  
3. শারীরিক হিংসার আহ্বান স্পষ্টভাবে করা হয়েছে।","1. সহিংসতার উল্লেখ আছে স্পষ্টভাবে।  
2. শারীরিক আঘাতের আহ্বান স্পষ্ট।  
3. ভাষা সহিংসতাকে উৎসাহিত করছে।","1. মন্তব্যটিতে সরাসরি সহিংসতার কথা বলা হয়েছে।  
2. শারীরিক আঘাতের জন্য উৎসাহিত করা হয়েছে।  
3. ভাষাটি সহিংসতাকে সমর্থন করছে।","1. সহিংসতার সরাসরি উল্লেখ আছে।  
2. শারীরিক ক্ষতির ডাক দেওয়া হয়েছে।  
3. ভাষায় সহিংসতাকে সমর্থন করা হয়েছে।","1. মন্তব্যটিতে সরাসরি সহিংসতার কথা বলা হয়েছে।  
2. শারীরিক আঘাতের জন্য উৎসাহিত করা হয়েছে।  
3. ভাষায় সহিংসতাকে ইতিবাচকভাবে দেখানো হয়েছে।","1. সহিংসতার সরাসরি উল্লেখ আছে।  
2. শারীরিক আঘাতের প্রতি উৎসাহ দেওয়া হয়েছে।  
3. ভাষায় সহিংসতাকে সমর্থন করা হয়েছে।","1. মন্তব্যটিতে সরাসরি সহিংসতার কথা বলা হয়েছে।  
2. শারীরিক আঘাতের জন্য উৎসাহিত করা হয়েছে।  
3. ভাষায় সহিংসতাকে সমর্থন করা হয়েছে।","1. সহিংসতার সরাসরি উল্লেখ আছে।  
2. শারীরিক আঘাতের আহ্বান করা হয়েছে।  
3. ভাষায় সহিংসতাকে সমর্থন করা হয়েছে।","1. মন্তব্যটিতে সরাসরি সহিংসতার কথা বলা হয়েছে।  
2. শারীরিক আঘাতের জন্য উৎসাহিত করা হয়েছে।  
3. ভাষায় সহিংসতাকে ইতিবাচকভাবে দেখানো হয়েছে।","1. সহিংসতার সরাসরি উল্লেখ আছে।  
2. শারীরিক ক্ষতির জন্য উৎসাহিত করা।  
3. ভাষায় সহিংসতাকে সমর্থন করা হয়েছে।","1. মন্তব্যটিতে সরাসরি আঘাতের কথা বলা হয়েছে।  
2. শারীরিক ক্ষতি করার জন্য উৎসাহ দেওয়া হয়েছে।  
3. সহিংসতাকে ইতিবাচকভাবে উপস্থাপন করা হয়েছে।","1. মন্তব্যটিতে সরাসরি আঘাতের উল্লেখ আছে।  
2. শারীরিক ক্ষতির জন্য উৎসাহিত করা হয়েছে।  
3. সহিংসতাকে সমর্থন করা হয়েছে।"
বক্তব্যে হুমকিসূচক ভাষার মাধ্যমে নেতিবাচক মনোভাব দেখানো হয়েছে।,Gender,Offensive,"মন্তব্যটি হুমকিসূচক ভাষার মাধ্যমে অবমাননাকর মনোভাব প্রকাশ করেছে।
নেতিবাচক মনোভাব ও হিংসাত্মক ইঙ্গিত থাকার কারণে এটি আপত্তিকর।
বক্তব্যটি ব্যক্তি বা গোষ্ঠীর প্রতি অবজ্ঞা প্রদর্শন করায় এটি অনুপযুক্ত।","1. হুমকিসূচক ভাষা অবমাননাকর মনোভাব প্রকাশ করে।  
2. নেতিবাচকতা ও হিংসাত্মক ইঙ্গিত আপত্তিকর।  
3. ব্যক্তি বা গোষ্ঠীর প্রতি অবজ্ঞা অনুপযুক্ত।","1. হুমকিসূচক ভাষা সহিংসতা প্রকাশ করে।  
2. নেতিবাচক মনোভাব আপত্তিকর।  
3. অবমাননাকর ভাষা অনৈতিক।","1. হুমকিসূচক ভাষা সহিংসতা প্রকাশ করে।  
2. নেতিবাচক মনোভাব ক্ষতিকর।  
3. অবমাননাকর ভাষা সমাজবিরোধী।","1. হুমকিসূচক ভাষা সহিংসতা প্রকাশ করে।  
2. নেতিবাচক মনোভাব ক্ষতিকর হতে পারে।  
3. বক্তব্যে হুমকি স্পষ্টভাবে দেখা যাচ্ছে।","1. হুমকিসূচক ভাষা সহিংসতা প্রকাশ করে।  
2. নেতিবাচক মনোভাব ক্ষতিকর হতে পারে।  
3. বক্তব্যে হুমকি স্পষ্টভাবে দেখা যাচ্ছে।","1. হুমকিসূচক ভাষা সহিংসতা প্রকাশ করে।  
2. নেতিবাচক মনোভাব ক্ষতিকর হতে পারে।  
3. বক্তব্যে হুমকি স্পষ্টভাবে দেখা যাচ্ছে।","১. হুমকিসূচক ভাষা সহিংসতা প্রকাশ করে।  
২. নেতিবাচক মনোভাব ক্ষতিকর হতে পারে।  
৩. বক্তব্যে হুমকি স্পষ্টভাবে দেখা যাচ্ছে।","১. হুমকিসূচক ভাষা সহিংসতা প্রকাশ করে।  
২. নেতিবাচক মনোভাব ক্ষতিকর হতে পারে।  
৩. বক্তব্যে হুমকি স্পষ্টভাবে দেখা যাচ্ছে।","১. হুমকিসূচক ভাষা সহিংসতা প্রকাশ করে।  
কারণ এটি হুমকির ইঙ্গিত দেয়।  

২. নেতিবাচক মনোভাব ক্ষতিকর হতে পারে।  
কারণ এটি শত্রুতা বাড়াতে পারে।  

৩. বক্তব্যে হুমকি স্পষ্টভাবে দেখা যাচ্ছে।  
কারণ ভাষায় হুমকি সুস্পষ্ট।","১. হুমকিসূচক ভাষা সহিংসতা প্রকাশ করে।  

২. নেতিবাচক মনোভাব শত্রুতা বাড়ায়।  

৩. বক্তব্যে হুমকি সুস্পষ্টভাবে রয়েছে।","১. হুমকিসূচক ভাষা সহিংসতা প্রকাশ করে।  
২. নেতিবাচক বক্তব্য শত্রুতা বাড়ায়।  
৩. হুমকি সুস্পষ্টভাবে বোঝা যায়।","১. হুমকিসূচক ভাষা সহিংসতা প্রকাশ করে।  
কারণ এটি সহিংসতার ইঙ্গিত দেয়।  

২. নেতিবাচক বক্তব্য শত্রুতা বাড়ায়।  
কারণ এটি শত্রুতার অনুভূতি জাগায়।  

৩. হুমকি সুস্পষ্টভাবে বোঝা যায়।  
কারণ ভাষাটি স্পষ্ট হুমকি বহন করে।","১. হুমকিসূচক ভাষা সহিংসতা প্রকাশ করে।  

২. নেতিবাচক বক্তব্য শত্রুতা বাড়ায়।  

৩. স্পষ্ট হুমকি বোঝা যায়।","১. হুমকিসূচক ভাষা সহিংসতার ইঙ্গিত দেয়।  

২. নেতিবাচক বক্তব্য শত্রুতার প্রকাশ।  

৩. স্পষ্ট হুমকি পরিষ্কারভাবে বোঝা যায়।","১. হুমকিসূচক ভাষা সহিংসতা বোঝায়।  

২. নেতিবাচক বক্তব্য শত্রুতা প্রকাশ করে।  

৩. স্পষ্ট হুমকি সহজে বোঝা যায়।","১. হুমকিসূচক ভাষা সহিংসতার ইঙ্গিত দেয়।  

২. নেতিবাচকতা শত্রুতার প্রকাশ ঘটায়।  

৩. স্পষ্ট হুমকি সহজেই বোঝা যায়।","১. হুমকিসূচক ভাষা সহিংসতা প্রকাশ করে।  

২. নেতিবাচক মনোভাব শত্রুতার ইঙ্গিত দেয়।  

৩. স্পষ্ট হুমকি বোঝা সহজ।","১. হুমকিসূচক ভাষা সহিংসতার ইঙ্গিত দেয়।  

২. নেতিবাচক মনোভাব শত্রুতার লক্ষণ।  

৩. স্পষ্ট হুমকি বোঝা যায়।","১. হুমকিসূচক ভাষা সহিংসতা প্রকাশ করে।  

২. নেতিবাচক মনোভাব শত্রুতা নির্দেশ করে।  

৩. স্পষ্ট হুমকি বক্তব্যে বিদ্যমান।","১. হুমকিসূচক ভাষা সহিংসতা প্রকাশ করে।  

২. নেতিবাচক মনোভাব শত্রুতার ইঙ্গিত দেয়।  

৩. স্পষ্ট হুমকি বক্তব্যে বিদ্যমান।","১. হুমকিসূচক ভাষা সহিংসতার ইঙ্গিত দেয়।  

২. নেতিবাচক মনোভাব শত্রুতার লক্ষণ।  

৩. স্পষ্ট হুমকি বক্তব্যে প্রকাশ পায়।"
শারীরিক আঘাতের ইঙ্গিত থাকার কারণে এটি আপত্তিকর।,Gender,Violence,"মন্তব্যে শারীরিক সহিংসতার ইঙ্গিত দিয়ে হিংস্র মনোভাব প্রকাশ করা হয়েছে।
শারীরিক ক্ষতির ইঙ্গিত থাকায় এটি সামাজিক দৃষ্টিকোণে গ্রহণযোগ্য নয়।
সহিংস আচরণকে উস্কে দেওয়ার চেষ্টা করায় এটি আপত্তিকর।
","1. শারীরিক সহিংসতার উল্লেখ থাকায় এটি ঘৃণ্য।  
2. হিংসাত্মক ইঙ্গিত সামাজিকভাবে অনৈতিক।  
3. আঘাতের উস্কানি দেওয়ায় এটি আপত্তিকর।","1. শারীরিক সহিংসতার উল্লেখ ঘৃণ্য কারণ।  
2. হিংসাত্মক ইঙ্গিত অনৈতিক বলে।  
3. আঘাতের উস্কানি আপত্তিকর বিষয়।","1. শারীরিক আঘাতের উল্লেখ সহিংসতা প্রকাশ করে।  
2. হিংসাত্মক ইঙ্গিত সমাজে অনৈতিক।  
3. আঘাতের উস্কানি অগ্রহণযোগ্য আচরণ।","1. শারীরিক আঘাতের উল্লেখ সহিংসতা প্রকাশ করে।  
2. হিংসাত্মক ইঙ্গিত সমাজে অনৈতিক।  
3. আঘাতের উস্কানি অগ্রহণযোগ্য আচরণ।","1. শারীরিক আঘাতের উল্লেখ সহিংসতা প্রকাশ করে।  
2. হিংসাত্মক ইঙ্গিত সমাজে অনৈতিক।  
3. আঘাতের উস্কানি অগ্রহণযোগ্য আচরণ।","1. শারীরিক আঘাতের উল্লেখ সহিংসতা বোঝায়।  
2. হিংসাত্মক ইঙ্গিত সমাজে ক্ষতিকর।  
3. আঘাতের উস্কানি অনৈতিক বলা যায়।","1. শারীরিক আঘাতের উল্লেখ সহিংসতা প্রকাশ করে।  
2. হিংসাত্মক ইঙ্গিত সামাজিক শান্তি নষ্ট করে।  
3. আঘাতের উস্কানি নৈতিকভাবে ভুল।","1. শারীরিক আঘাতের উল্লেখ সহিংসতা প্রকাশ করে।  
2. হিংসাত্মক বক্তব্য সামাজিক অস্থিরতা সৃষ্টি করে।  
3. আঘাতের ইঙ্গিত নৈতিকভাবে অগ্রহণযোগ্য।","1. শারীরিক আঘাতের উল্লেখ সহিংসতা বোঝায়।  
2. হিংসাত্মক বক্তব্য সমাজে অশান্তি ঘটায়।  
3. আঘাতের ইঙ্গিত নীতিবিরুদ্ধ বলা যায়।","1. শারীরিক আঘাতের উল্লেখ সহিংসতা প্রকাশ করে।  
2. হিংসাত্মক বক্তব্য সামাজিক শান্তি নষ্ট করে।  
3. আঘাতের ইঙ্গিত অনৈতিক ও ক্ষতিকর।","1. শারীরিক আঘাতের উল্লেখ সহিংসতা প্রকাশ করে।  
2. হিংসাত্মক বক্তব্য ক্ষতিকর ও অনৈতিক।  
3. সামাজিক শান্তি নষ্ট করার সম্ভাবনা থাকে।","1. শারীরিক আঘাতের উল্লেখ সরাসরি সহিংসতা বোঝায়।  
2. হিংসাত্মক বক্তব্য সমাজের জন্য ক্ষতিকর।  
3. এমন কথা সামাজিক শান্তি বিঘ্নিত করতে পারে।","1. শারীরিক আঘাতের উল্লেখ সহিংসতা প্রকাশ করে।  
2. হিংসাত্মক বক্তব্য সামাজিক ক্ষতি করে।  
3. এ ধরনের কথা শান্তি নষ্ট করতে পারে।","১. শারীরিক আঘাত সহিংসতা নির্দেশ করে।  
২. হিংসাত্মক বক্তব্য সামাজিক অস্থিরতা সৃষ্টি করে।  
৩. এ ধরনের উক্তি শান্তি বিনষ্ট করতে পারে।","১. শারীরিক আঘাতের উল্লেখ সহিংসতা বোঝায়।  
২. হিংসাত্মক বক্তব্য সমাজে অশান্তি তৈরি করে।  
৩. এ ধরনের কথা শান্তি নষ্ট করতে সক্ষম।","১. শারীরিক আঘাতের উল্লেখ সহিংসতা প্রকাশ করে।  
২. হিংসাত্মক বক্তব্য সামাজিক শান্তি নষ্ট করে।  
৩. এ ধরনের কথা সমাজে উত্তেজনা বাড়ায়।","১. শারীরিক আঘাতের উল্লেখ সহিংসতা বোঝায়।  
২. হিংসাত্মক বক্তব্য সামাজিক অস্থিরতা সৃষ্টি করে।  
৩. উত্তেজনা বাড়ানোর সম্ভাবনা থাকে।","১. শারীরিক আঘাতের উল্লেখ সহিংসতা প্রকাশ করে।  
২. হিংসাত্মক বক্তব্য সমাজে অশান্তি ডেকে আনে।  
৩. এমন কথা বলা উত্তেজনা বাড়াতে পারে।","১. শারীরিক আঘাতের উল্লেখ সহিংসতা প্রকাশ করে।  
কারণ এটি সরাসরি হিংসার বর্ণনা করে।  

২. হিংসাত্মক বক্তব্য সমাজে অশান্তি ডেকে আনে।  
কারণ এটি সামাজিক শান্তি নষ্ট করতে পারে।  

৩. এমন কথা বলা উত্তেজনা বাড়াতে পারে।  
কারণ এটি মানুষের মধ্যে রাগ বাড়িয়ে দিতে পারে।","১. শারীরিক আঘাতের উল্লেখ সহিংসতা বোঝায়।  
২. হিংসাত্মক বক্তব্য সামাজিক শান্তি নষ্ট করে।  
৩. এমন বক্তব্য মানুষের রাগ বাড়িয়ে দিতে পারে।","১. শারীরিক আঘাতের উল্লেখ সহিংসতা প্রকাশ করে।  
২. হিংসাত্মক বক্তব্য সমাজে অশান্তি সৃষ্টি করে।  
৩. রাগ বাড়ানোর সম্ভাবনা থাকে এমন বক্তব্যে।"
খালাম্মা আপনারা কি একটু চোদা যাইবো বিকিনি কি আর পন তারকা কি বুজাইয়া দিতাম,Gender,Sexual Harassments,"মন্তব্যটি অত্যন্ত অশালীন এবং নারীর প্রতি সরাসরি যৌন হয়রানিমূলক ইঙ্গিত দিয়েছে।
বক্তব্যটি অবমাননাকর ও অসম্মানজনক ভাষা ব্যবহার করে নারীর প্রতি বিদ্বেষ প্রকাশ করেছে।
অশ্লীল ও হেয়প্রসূত বক্তব্য হওয়ায় এটি গুরুতরভাবে আপত্তিকর।","1. অশ্লীল ভাষায় নারীকে যৌনবস্তু বানানো হয়েছে।  
2. সরাসরি যৌন হয়রানির ইঙ্গিত দেওয়া হয়েছে।  
3. নারীর প্রতি বিদ্বেষপূর্ণ ও অবমাননাকর মন্তব্য।","1. অশ্লীল ভাষায় নারীকে যৌনবস্তু বানানো হয়েছে।  
2. সরাসরি যৌন হয়রানির ইঙ্গিত দেওয়া হয়েছে।  
3. নারীর প্রতি বিদ্বেষপূর্ণ মন্তব্য করা হয়েছে।","1. অশ্লীল শব্দে নারীকে যৌনবস্তু বানানো হয়েছে।  
2. যৌন হয়রানির সরাসরি প্রস্তাব দেওয়া হয়েছে।  
3. নারীদের প্রতি ঘৃণামূলক ভাষা ব্যবহার করা হয়েছে।","1. অশ্লীল শব্দে নারীকে অপমান করা হয়েছে।  
2. যৌন কাজের প্রস্তাব দেওয়া হয়েছে সরাসরি।  
3. নারীদের প্রতি ঘৃণা প্রকাশ পেয়েছে ভাষায়।","1. অশ্লীল ভাষায় নারীকে উদ্দেশ্য করা হয়েছে।  
2. যৌন কাজের প্রস্তাব সরাসরি দেওয়া হয়েছে।  
3. নারীদের প্রতি ঘৃণামূলক ভাষা ব্যবহার করা হয়েছে।","1. অশ্লীল শব্দে নারীকে লক্ষ্য করা হয়েছে।  
2. যৌন প্রস্তাব সরাসরি দেওয়া হয়েছে।  
3. নারীর প্রতি ঘৃণামূলক ভাষা ব্যবহৃত হয়েছে।","1. অশ্লীল শব্দ ব্যবহার করে নারীকে উদ্দেশ্য করা হয়েছে।  
2. সরাসরি যৌন প্রস্তাব দেওয়া হয়েছে বাক্যে।  
3. নারীকে অপমানজনক ভাষায় উদ্দেশ্য করা হয়েছে।","1. বাক্যটিতে অশ্লীল শব্দ ব্যবহার করা হয়েছে।  
2. যৌন প্রস্তাব দেওয়া হয়েছে স্পষ্টভাবে।  
3. নারীকে অপমানজনক ভাষায় উদ্দেশ্য করা হয়েছে।","1. অশ্লীল শব্দ ব্যবহারে বাক্যটি আপত্তিকর।  
2. যৌন ইঙ্গিত স্পষ্টভাবে প্রকাশ পেয়েছে।  
3. নারীকে অসম্মানজনকভাবে উদ্দেশ্য করা হয়েছে।","1. অশ্লীল শব্দ ব্যবহারের জন্য বাক্যটি আপত্তিকর।  
2. যৌন ইঙ্গিত স্পষ্টভাবে ফুটে উঠেছে।  
3. নারীকে অসম্মানজনকভাবে সম্বোধন করা হয়েছে।","1. অশ্লীল শব্দ ব্যবহারের কারণে বাক্যটি আপত্তিকর।  
2. যৌন ইঙ্গিত স্পষ্টভাবে প্রকাশ পেয়েছে।  
3. নারীকে অশালীনভাবে সম্বোধন করা হয়েছে।","1. অশ্লীল শব্দ ব্যবহারের কারণে লেবেল সঠিক।  
2. যৌন ইঙ্গিত স্পষ্টভাবে ফুটে উঠেছে।  
3. নারীকে অশালীন ভাষায় সম্বোধন করা হয়েছে।","1. অশ্লীল শব্দ ব্যবহার করা হয়েছে।  
2. যৌন ইঙ্গিত স্পষ্টভাবে আছে।  
3. নারীকে অশালীনভাবে সম্বোধন করা হয়েছে।","1. অশ্লীল শব্দ ব্যবহার করা হয়েছে কারণ ""চোদা"" শব্দটি অশালীন।  
2. ""বিকিনি"" ও ""পন"" শব্দে যৌন ইঙ্গিত স্পষ্ট।  
3. ""খালাম্মা"" সম্বোধনটি নারীদের অশালীনভাবে ডাকার জন্য ব্যবহৃত হয়েছে।","1. ""চোদা"" শব্দটি অশালীন ও যৌনতা নির্দেশ করে।  
2. ""বিকিনি"" ও ""পন"" যৌন ইঙ্গিতপূর্ণ শব্দ।  
3. ""খালাম্মা"" সম্বোধনটি অশোভন ও নারীদের প্রতি অসম্মানজনক।","1. ""চোদা"" শব্দটি অশালীন ও যৌনতাপূর্ণ।  
2. ""বিকিনি"" ও ""পন"" যৌন ইঙ্গিত বহন করে।  
3. ""খালাম্মা"" সম্বোধন অসম্মানজনক ও নারী বিদ্বেষী।","1. ""চোদা"" শব্দটি অশালীন ও যৌনতাপূর্ণ।  
2. ""বিকিনি"" ও ""পন"" যৌন ইঙ্গিত বহন করে।  
3. ""খালাম্মা"" সম্বোধন নারী বিদ্বেষী।","1. ""চোদা"" শব্দটি অশালীন ও যৌন সহিংসতা প্রকাশ করে।  
2. ""বিকিনি"" ও ""পন"" নারীদের যৌন অবজেক্টিফাই করে।  
3. ""খালাম্মা"" সম্বোধন নারীদের প্রতি অবমাননাকর।","1. ""চোদা"" শব্দটি অশালীন ও আপত্তিকর।  
2. ""বিকিনি"" ও ""পন"" নারীদের অবমাননাকর।  
3. ""খালাম্মা"" সম্বোধন অসম্মানজনক।","1. ""চোদা"" শব্দটি যৌন সহিংসতা প্রকাশ করে।  
2. ""বিকিনি"" ও ""পন"" নারীর শরীর বস্তুকরণ করে।  
3. ""খালাম্মা"" সম্বোধন অশোভন ও অপমানকর।","1. ""চোদা"" শব্দটি যৌন সহিংসতার ইঙ্গিত দেয়।  
2. ""বিকিনি"" ও ""পন"" নারীকে বস্তু করে তোলে।  
3. ""খালাম্মা"" সম্বোধন অসম্মানজনক ভাষা।"
খুব তাড়াতাড়ি মিথিলার অনেক বড় রোগ হবে আল্লাহর তরপ থেকে।,Gender,Offensive,"মন্তব্যটি ব্যক্তি বিশেষের প্রতি অভিশাপ দিয়ে নেতিবাচক মনোভাব প্রকাশ করেছে।
বক্তব্যে অবমাননাকর এবং বিদ্বেষমূলক ইঙ্গিত রয়েছে।
অন্যের প্রতি রোগ বা দুর্ভোগ কামনা করায় এটি আপত্তিকর।","১. রোগ কামনা করা নেতিবাচক আচরণ।  
২. অভিশাপ দেওয়া বিদ্বেষমূলক।  
৩. আল্লাহর নামে অপব্যবহার আপত্তিকর।","১. রোগ কামনা করা অমানবিক ও ক্ষতিকর।  
২. আল্লাহর নামে অভিশাপ দেওয়া ঘৃণ্য।  
৩. এ ধরনের উক্তি সমাজে বিভেদ সৃষ্টি করে।","১. রোগ কামনা করা নিষ্ঠুরতা প্রকাশ করে।  
২. আল্লাহর নামে অভিশাপ দেওয়া অগ্রহণযোগ্য।  
৩. বিভেদ সৃষ্টিকারী উক্তি সামাজিক শান্তি নষ্ট করে।","১. রোগ কামনা করা নিষ্ঠুরতার শামিল।  
২. আল্লাহর নামে অভিশাপ দেওয়া হারাম।  
৩. এ ধরনের কথা সামাজিক বিশৃঙ্খলা সৃষ্টি করে।","১. রোগ কামনা করা নিষ্ঠুরতার উদাহরণ।  
২. আল্লাহর নামে অভিশাপ দেওয়া গর্হিত কাজ।  
৩. এমন কথা সমাজে অশান্তি সৃষ্টি করে।","১. রোগ কামনা করা নিষ্ঠুরতার শামিল।  
২. আল্লাহর নামে অভিশাপ দেওয়া হারাম।  
৩. এ ধরনের কথা সামাজিক শান্তি নষ্ট করে।","১. রোগ কামনা করা নিষ্ঠুরতার উদাহরণ।  
২. আল্লাহর নামে অভিশাপ দেওয়া ধর্মীয় অনুশাসন বিরোধী।  
৩. এমন উক্তি সামাজিক সম্প্রীতি ভাঙতে পারে।","১. রোগ কামনা করা নিষ্ঠুরতার শামিল।  
২. আল্লাহর নামে অভিশাপ দেওয়া হারাম।  
৩. এটি সামাজিক শান্তি নষ্ট করে।","১. রোগ কামনা করা অমানবিক।  
২. আল্লাহর নামে অভিশাপ নিষিদ্ধ।  
৩. এটি সমাজে অশান্তি সৃষ্টি করে।","১. আল্লাহর নামে অভিশাপ দেওয়া নেতিবাচক।  
২. রোগ কামনা করা নৈতিকভাবে ভুল।  
৩. এটি ধর্মীয় বিভেদ সৃষ্টি করে।","১. আল্লাহর নামে অভিশাপ দেওয়া হয়েছে।  
২. রোগ কামনা করা নৈতিকভাবে অনুচিত।  
৩. ধর্মীয় বিভেদ সৃষ্টির সম্ভাবনা রয়েছে।","১. আল্লাহর নামে অভিশাপ দেওয়া হয়েছে।  
২. রোগ কামনা করা নীতিবিরুদ্ধ কাজ।  
৩. ধর্মীয় অনুভূতিতে আঘাত দেওয়া হয়েছে।","১. আল্লাহর নামে অশুভ预言 দেওয়া হয়েছে।  
২. রোগ কামনা করা নেতিবাচক আচরণ।  
৩. ধর্মীয় বিশ্বাসে আঘাত করা হয়েছে।","১. আল্লাহর নামে অশুভ ভবিষ্যদ্বাণী করা হয়েছে।  
২. রোগ কামনা করা নেতিবাচক আচরণ।  
৩. ধর্মীয় অনুভূতিতে আঘাত করা হয়েছে।","১. আল্লাহর নামে ভবিষ্যদ্বাণী করা নিষিদ্ধ।  
২. রোগ কামনা করা ঘৃণ্য আচরণ।  
৩. ধর্মীয় বিশ্বাসে আঘাত করা হয়েছে।","১. আল্লাহর নামে ভবিষ্যদ্বাণী করা ইসলামে নিষিদ্ধ।  
২. রোগ কামনা করা নেতিবাচক ও ঘৃণ্য।  
৩. ধর্মীয় অনুভূতিতে আঘাত করা হয়েছে।","১. আল্লাহর নামে ভবিষ্যদ্বাণী করা হারাম।  
২. রোগ কামনা করা অমানবিক।  
৩. ধর্মীয় বিশ্বাসে আঘাত করেছে।","১. আল্লাহর নামে ভবিষ্যদ্বাণী করা ইসলামে নিষিদ্ধ।  
২. কারও রোগ কামনা করা নীতিবিরুদ্ধ।  
৩. ধর্মীয় অনুভূতিতে আঘাত করার অভিযোগ রয়েছে।","১. আল্লাহর নামে ভবিষ্যদ্বাণী করা হারাম।  
২. রোগ কামনা করা অমানবিক।  
৩. ধর্মীয় অনুভূতিতে আঘাত করে।","১. ভবিষ্যদ্বাণী করা ইসলামে নিষিদ্ধ।  
২. রোগ কামনা করা নিষ্ঠুরতা।  
৩. ধর্মীয় বিশ্বাসে আঘাত করে।","১. ভবিষ্যদ্বাণী ইসলামে হারাম।  
২. রোগ কামনা অমানবিক কাজ।  
৩. ধর্মীয় অনুভূতিতে আঘাত করে।"
গনো ধোলাই দাও ছেলেকে,Gender,Offensive,"মন্তব্যটি সরাসরি সহিংস আচরণের উৎসাহ প্রদান করেছে।
বক্তব্যে শারীরিক আঘাতের ইঙ্গিত স্পষ্ট, যা অত্যন্ত আপত্তিকর।
সহিংসতার আহ্বান জানিয়ে নেতিবাচক মনোভাব প্রকাশ করা হয়েছে।","1. ""ছেলেকে ধোলাই দাও"" বলায় সরাসরি সহিংসতার নির্দেশনা আছে।  
2. শারীরিক আঘাতের উল্লেখ অত্যন্ত আপত্তিকর।  
3. সহিংসতাকে উৎসাহিত করা হয়েছে স্পষ্টভাবে।","1. সহিংসতার নির্দেশনা স্পষ্ট।  
2. শারীরিক আঘাতের উল্লেখ আছে।  
3. উৎসাহিত করা হয়েছে সহিংসতা।","1. ""গনো ধোলাই"" শব্দে সহিংসতার ইঙ্গিত রয়েছে।  
2. শারীরিক আঘাতের হুমকি স্পষ্টভাবে বোঝা যায়।  
3. ছেলেকে আঘাত করতে উৎসাহিত করা হচ্ছে।","1. ""গনো ধোলাই"" শব্দে হিংসাত্মক অর্থ আছে।  
2. ছেলেকে মারার হুমকি দেওয়া হচ্ছে।  
3. সহিংসতা উৎসাহিত করা হচ্ছে।","1. ""গনো ধোলাই"" শব্দে হিংসার ইঙ্গিত আছে।  
2. ছেলেকে মারার হুমকি স্পষ্ট।  
3. সহিংসতা উৎসাহিত করা হচ্ছে।","1. ""গনো ধোলাই"" শব্দে হিংসার ইঙ্গিত স্পষ্ট।  
2. ছেলেকে মারার হুমকি দেওয়া হয়েছে।  
3. সহিংসতা উৎসাহিত করা হচ্ছে।","1. ""গনো ধোলাই"" শব্দে হিংসার ইঙ্গিত আছে।  
2. ছেলেকে মারার হুমকি স্পষ্ট।  
3. সহিংসতা উৎসাহিত করা হচ্ছে।","1. ""গনো ধোলাই"" শব্দে হিংসার ইঙ্গিত স্পষ্ট।  
2. ছেলেকে মারার হুমকি দেওয়া হয়েছে।  
3. সহিংসতা উৎসাহিত করার ভাষা ব্যবহৃত হয়েছে।","1. ""গনো ধোলাই"" শব্দে হিংসার ইঙ্গিত আছে।  
2. ছেলেকে মারার হুমকি স্পষ্ট।  
3. ভাষাটি সহিংসতা উৎসাহিত করছে।","1. ""গনো ধোলাই"" শব্দে হিংসার ইঙ্গিত আছে।  
2. ছেলেকে মারার হুমকি স্পষ্ট।  
3. ভাষাটি সহিংসতা উৎসাহিত করছে।","1. ""গনো ধোলাই"" শব্দে হিংসার ইঙ্গিত স্পষ্ট।  
2. ছেলেকে মারার হুমকি প্রকাশ পাচ্ছে।  
3. বাক্যটি সহিংসতা উস্কে দিচ্ছে।","১. ""গনো ধোলাই"" শব্দে হিংসার ইঙ্গিত।  
২. ছেলেকে মারার হুমকি স্পষ্ট।  
৩. বাক্যটি সহিংসতা উস্কে দিচ্ছে।","১. ""গনো ধোলাই"" শব্দে হিংসার অর্থ প্রকাশ পায়।  
২. ছেলেকে মারার হুমকি স্পষ্টভাবে বোঝা যায়।  
৩. বাক্যটি সহিংসতার প্রতি উৎসাহিত করে।","১. ""গনো ধোলাই"" শব্দে হিংসার ইঙ্গিত আছে।  
২. ছেলেকে মারার হুমকি স্পষ্ট।  
৩. বাক্যটি সহিংসতা উৎসাহিত করে।","১. ""গনো ধোলাই"" শব্দে হিংসাত্মক অর্থ প্রকাশ পায়।  
২. ছেলেকে মারার হুমকি স্পষ্টভাবে বোঝা যায়।  
৩. বাক্যটি সহিংসতার প্রতি উৎসাহ দেখায়।","১. ""গনো ধোলাই"" শব্দে হিংসার ইঙ্গিত রয়েছে।  
২. ছেলেকে মারার হুমকি স্পষ্ট।  
৩. বাক্যটি সহিংসতা উৎসাহিত করে।","১. ""গনো ধোলাই"" শব্দে হিংসার ইঙ্গিত রয়েছে।  
২. ছেলেকে মারার হুমকি স্পষ্টভাবে বোঝা যায়।  
৩. বাক্যটি সহিংসতার প্রতি উৎসাহ দেয়।","১. ""গনো ধোলাই"" শব্দে হিংসার ইঙ্গিত স্পষ্ট।  
২. ছেলেকে মারার হুমকি সরাসরি প্রকাশিত।  
৩. বাক্যটি সহিংসতাকে উৎসাহিত করে।","১. ""গনো ধোলাই"" শব্দে হিংসার ইঙ্গিত আছে।  
২. ছেলেকে মারার হুমকি স্পষ্ট।  
৩. বাক্যটি সহিংসতা প্রকাশ করে।","১. ""গনো ধোলাই"" শব্দে হিংসার ইঙ্গিত স্পষ্ট।  
২. ছেলেকে মারার হুমকি বোঝা যায়।  
৩. বাক্যটি সহিংসতার প্রকাশক।","১. ""গনো ধোলাই"" শব্দে হিংসার ইঙ্গিত আছে।  
২. ছেলেকে মারার হুমকি স্পষ্ট।  
৩. বাক্যটি সহিংসতা প্রকাশ করে।"
ঘৃণা করি ওনার মেয়েকে লাথি মারি ওনার মেয়ে র মুখে,Gender,Offensive,"মন্তব্যটি অত্যন্ত অশালীন এবং সরাসরি শারীরিক সহিংসতার ইঙ্গিত দিয়েছে।
নারীর প্রতি অবমাননাকর এবং অসম্মানজনক মনোভাব প্রকাশ করা হয়েছে।
লিঙ্গভিত্তিক হিংসাত্মক ও অপমানজনক বক্তব্য হওয়ায় এটি গুরুতরভাবে আপত্তিকর।","1. ""মেয়েকে লাথি মারার"" হুমকি রয়েছে।  
2. নারীর প্রতি ঘৃণাত্মক ভাষা ব্যবহৃত হয়েছে।  
3. শারীরিক সহিংসতার উস্কানি দেওয়া হয়েছে।","1. ""মেয়েকে লাথি মারার"" হুমকি স্পষ্ট।  
2. নারীকে লক্ষ্য করে ঘৃণা প্রকাশ।  
3. শারীরিক সহিংসতার উস্কানি দেওয়া হয়েছে।","1. ""মেয়েকে লাথি মারার"" উল্লেখ আছে।  
2. নারীকে উদ্দেশ্য করে ঘৃণা দেখা যাচ্ছে।  
3. শারীরিক সহিংসতার কথা বলা হয়েছে।","1. ""মেয়েকে লাথি মারার"" হুমকি আছে।  
2. নারীদের প্রতি ঘৃণা প্রকাশ পেয়েছে।  
3. শারীরিক নির্যাতনের উল্লেখ করা হয়েছে।","1. ""মেয়েকে লাথি মারার"" হুমকি স্পষ্ট।  
2. নারীদের প্রতি ঘৃণা ফুটে উঠেছে।  
3. শারীরিক নির্যাতনের ইঙ্গিত রয়েছে।","1. ""মেয়েকে লাথি মারার"" হুমকি দেওয়া হয়েছে।  
2. নারীদের প্রতি ঘৃণা প্রকাশ পেয়েছে।  
3. শারীরিক আক্রমণের ইঙ্গিত আছে।","1. ""মেয়েকে লাথি মারার"" হুমকি স্পষ্টভাবে বলা হয়েছে।  
2. নারীদের প্রতি ঘৃণার ভাষা ব্যবহৃত হয়েছে।  
3. শারীরিক আক্রমণের ইঙ্গিত স্পষ্ট।","1. ""মেয়েকে লাথি মারার"" হুমকি আছে।  
2. নারীদের প্রতি ঘৃণা প্রকাশ পেয়েছে।  
3. শারীরিক আক্রমণের ইঙ্গিত দেওয়া হয়েছে।","1. ""মেয়েকে লাথি মারার"" হুমকি স্পষ্টভাবে বলা হয়েছে।  
2. নারীদের প্রতি ঘৃণার প্রকাশ আছে।  
3. শারীরিক আক্রমণের ইঙ্গিত স্পষ্ট।","1. ""মেয়েকে লাথি মারার"" হুমকি স্পষ্ট।  
2. নারীদের প্রতি ঘৃণা প্রকাশিত।  
3. শারীরিক আক্রমণের ইঙ্গিত স্পষ্ট।","1. ""মেয়েকে লাথি মারার"" হুমকি আছে।  
2. নারীদের প্রতি ঘৃণা দেখা যাচ্ছে।  
3. শারীরিক আক্রমণের ইঙ্গিত দেওয়া হয়েছে।","1. ""মেয়েকে লাথি মারার"" উল্লেখ আছে।  
2. নারীকে লক্ষ্য করে ঘৃণা প্রকাশ।  
3. শারীরিক সহিংসতার হুমকি দেওয়া হয়েছে।","1. ""মেয়েকে লাথি মারার"" উল্লেখ সহিংসতার প্রমাণ।  
2. নারীকে লক্ষ্য করে ঘৃণার প্রকাশ ঘটেছে।  
3. শারীরিক হুমকি স্পষ্টভাবে দেওয়া হয়েছে।","1. ""মেয়েকে লাথি মারার"" উল্লেখ সহিংসতা নির্দেশ করে।  
2. নারীকে লক্ষ্য করে ঘৃণা প্রকাশিত হয়েছে।  
3. শারীরিক হুমকি স্পষ্টভাবে উল্লেখ করা হয়েছে।","1. ""মেয়েকে লাথি মারার"" উল্লেখ সহিংসতার প্রমাণ।  
2. নারীকে লক্ষ্য করে ঘৃণার প্রকাশ।  
3. শারীরিক হুমকি স্পষ্টভাবে বলা হয়েছে।","1. ""মেয়েকে লাথি মারার"" উল্লেখে সহিংসতার ইঙ্গিত।  
2. নারীকে লক্ষ্য করে ঘৃণার ভাষা ব্যবহৃত হয়েছে।  
3. শারীরিক আক্রমণের হুমকি স্পষ্ট।","1. ""মেয়েকে লাথি মারার"" উল্লেখে সহিংসতার ইঙ্গিত।  
2. নারীকে লক্ষ্য করে ঘৃণার ভাষা ব্যবহৃত হয়েছে।  
3. শারীরিক আক্রমণের হুমকি স্পষ্ট।","1. ""মেয়েকে লাথি মারার"" উল্লেখে সহিংসতার ইঙ্গিত মিলছে।  
2. নারীকে লক্ষ্য করে ঘৃণার ভাষা স্পষ্ট।  
3. শারীরিক আক্রমণের হুমকি প্রকাশ পেয়েছে।","1. ""মেয়েকে লাথি মারি"" বলায় সহিংসতার ইঙ্গিত।  
2. ""ঘৃণা করি"" বলায় নারীদের প্রতি বিদ্বেষ।  
3. ""মুখে লাথি"" বলায় শারীরিক হুমকি স্পষ্ট।","১. সহিংসতার ইঙ্গিত স্পষ্ট।  
২. নারী বিদ্বেষ প্রকাশ পেয়েছে।  
৩. শারীরিক হুমকি পরিষ্কার।","১. মেয়েকে লাথি মারার কথা বলা হয়েছে।  
২. নারীকে লক্ষ্য করে হুমকি দেওয়া হয়েছে।  
৩. শারীরিক আঘাতের উল্লেখ আছে।"
চুদা খাওয়া নাইকা,Gender,Offensive,"মন্তব্যটি অত্যন্ত অশালীন এবং নারীর প্রতি সরাসরি অবমাননাকর ইঙ্গিত দিয়েছে।
নারীর সম্মানহানির উদ্দেশ্যে অশোভন এবং যৌন হয়রানিমূলক ভাষা ব্যবহার করা হয়েছে।
অপমানজনক ও অসম্মানজনক মনোভাব প্রকাশ করায় এটি গুরুতরভাবে আপত্তিকর।","1. অশ্লীল ভাষায় নারীকে অপমান করা হয়েছে।  
2. যৌন হয়রানিমূলক বক্তব্য স্পষ্ট।  
3. নারীর সম্মানহানির ইচ্ছা প্রকাশ পেয়েছে।","1. অশ্লীল শব্দ ব্যবহার করা হয়েছে।  
2. নারীকে যৌনভাবে অপমান করা হয়েছে।  
3. সম্মানহানির উদ্দেশ্য স্পষ্ট।","1. অশ্রাব্য ভাষায় নারীকে লক্ষ্য করা হয়েছে।  
2. যৌন ইঙ্গিতপূর্ণ ভাষা ব্যবহার করা হয়েছে।  
3. নারীর সম্মানহানি করার উদ্দেশ্য স্পষ্ট।","1. অশ্লীল শব্দ ব্যবহার করে নারীকে অপমান করা হয়েছে।  
2. যৌন ইঙ্গিতের মাধ্যমে নারীর সম্মানহানি করা হয়েছে।  
3. ভাষায় নারীকে লক্ষ্য করে অশালীন মন্তব্য করা হয়েছে।","1. অশ্লীল শব্দ ব্যবহার করে নারীকে হেয় করা হয়েছে।  
2. যৌন ইঙ্গিতের মাধ্যমে নারীর অবমাননা করা হয়েছে।  
3. ভাষায় নারীকে লক্ষ্য করে অশালীন কথা বলা হয়েছে।","1. অশ্লীল শব্দ ব্যবহার করে নারীকে অপমান করা হয়েছে।  
2. যৌন ইঙ্গিতের মাধ্যমে নারীকে হেয় করা হয়েছে।  
3. ভাষায় নারীর প্রতি অশালীন মন্তব্য করা হয়েছে।","1. অশ্লীল শব্দ ব্যবহার করে নারীকে অপমান করা হয়েছে।  
2. যৌন ইঙ্গিতের মাধ্যমে নারীকে হেয় করা হয়েছে।  
3. ভাষায় নারীর প্রতি অশালীন মন্তব্য করা হয়েছে।","1. ""চুদা খাওয়া"" অশ্লীল শব্দ ব্যবহৃত হয়েছে।  
2. নারীকে যৌন ইঙ্গিতে হেয় করা হয়েছে।  
3. ভাষায় নারীর প্রতি অশালীন মন্তব্য করা হয়েছে।","1. ""চুদা খাওয়া"" শব্দটি অশালীন ও আপত্তিকর।  
2. নারীকে যৌন ইঙ্গিতে অপমান করা হয়েছে।  
3. ভাষায় নারীর প্রতি ঘৃণ্য মন্তব্য করা হয়েছে।","1. অশালীন ভাষা ব্যবহার করা হয়েছে।  
2. নারীকে যৌনভাবে অপমান করা হয়েছে।  
3. ঘৃণ্য মন্তব্যে নারী অবমাননা করা হয়েছে।","1. অশালীন শব্দ ব্যবহার করে যৌন ইঙ্গিত দেওয়া হয়েছে।  
2. নারীকে অসম্মানজনকভাবে যৌন বিষয়ে উল্লেখ করা হয়েছে।  
3. ঘৃণ্য ভাষায় নারীর সম্মানহানি করা হয়েছে।","1. অশালীন শব্দে যৌন ইঙ্গিত স্পষ্ট।  
2. নারীকে যৌনভাবে অসম্মান করা হয়েছে।  
3. ঘৃণ্য ভাষায় নারীর সম্মানহানি ঘটেছে।","1. অশালীন শব্দে যৌন কর্ম বোঝানো হয়েছে।  
2. নারীকে অশালীনভাবে উপস্থাপন করা হয়েছে।  
3. ঘৃণ্য ভাষায় নারীর অবমাননা করা হয়েছে।","1. অশালীন শব্দে যৌন কাজ বর্ণনা করা হয়েছে।  
2. নারীকে অসম্মানজনকভাবে উল্লেখ করা হয়েছে।  
3. ঘৃণাসূচক ভাষায় নারীকে হেয় করা হয়েছে।","1. অশ্লীল শব্দে যৌন কাজ বর্ণনা করা হয়েছে।  
2. নারীকে অশালীন ভাষায় সম্বোধন করা হয়েছে।  
3. ঘৃণাসূচক শব্দে নারীকে অপমান করা হয়েছে।","১. যৌন কাজের অশ্লীল বর্ণনা করা হয়েছে।  
২. নারীকে অশালীন ভাষায় সম্বোধন করা।  
৩. ঘৃণাসূচক শব্দে নারীকে অপমান করা।","১. অশ্লীল শব্দ ব্যবহার করে যৌন কাজ বর্ণনা করা হয়েছে।  
২. নারীকে অশালীন ভাষায় সম্বোধন করা হয়েছে।  
৩. ঘৃণাসূচক শব্দে নারীকে অপমান করা হয়েছে।","১. ""চুদা খাওয়া"" অশ্লীল শব্দ হিসেবে ব্যবহৃত হয়েছে।  
২. ""নাইকা"" শব্দে নারীকে অশালীনভাবে সম্বোধন করা হয়েছে।  
৩. পুরো বাক্যটি নারীকে ঘৃণাসূচকভাবে অপমান করেছে।","১. অশ্লীল ভাষায় নারীকে লক্ষ্য করা হয়েছে।  
২. নারীকে অপমানজনকভাবে সম্বোধন করা হয়েছে।  
৩. ঘৃণাসূচক শব্দে নারীকে হেয় করা হয়েছে।","১. অশ্লীল শব্দ ব্যবহার করে নারীকে লক্ষ্য করা হয়েছে।  
২. অপমানজনক ভাষায় নারীকে সম্বোধন করা হয়েছে।  
৩. ঘৃণাসূচক শব্দে নারীকে হেয়প্রতিপন্ন করা হয়েছে।","১. অশ্লীল শব্দ ব্যবহার করে নারীকে লক্ষ্য করা হয়েছে।  
২. অপমানজনক ভাষায় নারীকে সম্বোধন করা হয়েছে।  
৩. ঘৃণাসূচক শব্দে নারীকে হেয়প্রতিপন্ন করা হয়েছে।"
চুদে চুদে ওর গুদের রস সব শুকিয়ে পেলানো উচিত,Gender,Offensive,"মন্তব্যটি অত্যন্ত অশ্লীল এবং সরাসরি যৌন হয়রানিমূলক ভাষা ব্যবহার করেছে।
নারীর প্রতি অবমাননাকর এবং অসম্মানজনক ইঙ্গিত প্রদান করা হয়েছে।
অশালীনতা এবং অপমানজনক বক্তব্য হওয়ায় এটি গুরুতরভাবে আপত্তিকর।","1. যৌন সহিংসতার উস্কানি দিচ্ছে এমন ভাষা।  
2. নারীদের প্রতি ঘৃণ্য ও অশালীন বক্তব্য।  
3. অত্যন্ত আপত্তিকর ও অবমাননাকর মন্তব্য।","1. যৌন সহিংসতার উস্কানি দিচ্ছে এমন ভাষা।  
কারণ: এই বাক্যটিতে যৌন সহিংসতার ইঙ্গিত রয়েছে।  

2. নারীদের প্রতি ঘৃণ্য ও অশালীন বক্তব্য।  
কারণ: এটি নারীদের প্রতি অশালীন ভাষা ব্যবহার করছে।  

3. অত্যন্ত আপত্তিকর ও অবমাননাকর মন্তব্য।  
কারণ: এই মন্তব্য অশালীন ও আক্রমণাত্মক।","1. যৌন সহিংসতার উস্কানি দিচ্ছে এমন ভাষা।  
কারণ: অশালীন শব্দে যৌন সহিংসতার ইঙ্গিত।  

2. নারীদের প্রতি ঘৃণ্য ও অশালীন বক্তব্য।  
কারণ: নারীদের প্রতি অশালীন ভাষার ব্যবহার।  

3. অত্যন্ত আপত্তিকর ও অবমাননাকর মন্তব্য।  
কারণ: আক্রমণাত্মক ও অশালীন ভাষা।","1. যৌন সহিংসতার ইঙ্গিত দেওয়া অশালীন শব্দে।  

2. নারীদের প্রতি ঘৃণ্য ভাষার প্রকাশ।  

3. আক্রমণাত্মক ও অবমাননাকর শব্দ ব্যবহার।","1. অশালীন শব্দে যৌন সহিংসতার উল্লেখ আছে।  

2. ভাষাটি নারীদের প্রতি ঘৃণা প্রকাশ করে।  

3. শব্দগুলো আক্রমণাত্মক ও অবমাননাকর।","1. যৌন সহিংসতার অশালীন বর্ণনা রয়েছে।  
2. নারীদের প্রতি ঘৃণামূলক ভাষা ব্যবহৃত হয়েছে।  
3. শব্দগুলো অত্যন্ত আক্রমণাত্মক ও অপমানজনক।","1. অশালীন শব্দে যৌন সহিংসতার বর্ণনা করা হয়েছে।  
2. নারীদের প্রতি ঘৃণামূলক ভাষা স্পষ্ট।  
3. শব্দগুলো আক্রমণাত্মক ও অপমানজনক।","1. অশ্লীল শব্দে যৌন সহিংসতার বর্ণনা করা হয়েছে।  
2. নারীদের প্রতি ঘৃণা প্রকাশ পেয়েছে।  
3. ভাষাটি আক্রমণাত্মক ও অপমানজনক।","1. যৌন সহিংসতার বর্ণনায় অশ্লীল শব্দ ব্যবহৃত হয়েছে।  
2. নারীদের প্রতি ঘৃণামূলক ভাষা ব্যবহার করা হয়েছে।  
3. ভাষাটি অত্যন্ত আক্রমণাত্মক ও অপমানজনক।","1. অশ্লীল শব্দে যৌন সহিংসতার বর্ণনা করা হয়েছে।  
2. নারীদের প্রতি ঘৃণামূলক ভাষা স্পষ্ট।  
3. ভাষাটি আক্রমণাত্মক ও অপমানজনক।","1. যৌন সহিংসতার অশ্লীল বর্ণনা স্পষ্ট।  
2. নারীদের প্রতি ঘৃণা প্রকাশ পেয়েছে।  
3. ভাষাটি আক্রমণাত্মক ও অপমানজনক।","1. অশ্লীল ভাষায় যৌন সহিংসতার বর্ণনা করা হয়েছে।  
2. নারীদের প্রতি ঘৃণামূলক ভাষা ব্যবহৃত হয়েছে।  
3. ভাষাটি অত্যন্ত আক্রমণাত্মক ও অপমানজনক।","1. যৌন সহিংসতার বর্ণনা অশ্লীল ভাষায় করা হয়েছে।  
2. নারীদের প্রতি ঘৃণামূলক শব্দ ব্যবহার করা হয়েছে।  
3. ভাষাটি আক্রমণাত্মক ও অপমানজনক।","1. অশ্লীল ভাষায় যৌন সহিংসতার বর্ণনা করা হয়েছে।  
2. নারীদের প্রতি ঘৃণামূলক শব্দ ব্যবহৃত হয়েছে।  
3. ভাষাটি আক্রমণাত্মক ও অপমানজনক।","1. যৌন সহিংসতার অশ্লীল বর্ণনা রয়েছে।  
2. নারীদের প্রতি ঘৃণামূলক ভাষা ব্যবহৃত।  
3. ভাষাটি আক্রমণাত্মক ও অপমানজনক।","1. অশ্লীল শব্দ ব্যবহার করা হয়েছে।  
2. যৌন সহিংসতার বর্ণনা আছে।  
3. ভাষাটি অত্যন্ত আক্রমণাত্মক।","1. অশ্লীল শব্দ ব্যবহারের জন্য লেবেল সঠিক।  
2. যৌন সহিংসতার বর্ণনা স্পষ্ট।  
3. ভাষাটি আক্রমণাত্মক ও অস্বস্তিকর।","1. অশ্লীল শব্দ ব্যবহারের জন্য লেবেল সঠিক।  
2. যৌন সহিংসতার বর্ণনা স্পষ্টভাবে আছে।  
3. ভাষাটি আক্রমণাত্মক ও অস্বস্তিকর।","1. অশ্লীল শব্দ ব্যবহারের জন্য লেবেল সঠিক।  
2. যৌন সহিংসতার বর্ণনা স্পষ্ট।  
3. ভাষাটি আক্রমণাত্মক ও অস্বস্তিকর।","1. অশ্লীল শব্দ ব্যবহারের কারণে লেবেল সঠিক।  
2. যৌন সহিংসতার বর্ণনা আছে স্পষ্টভাবে।  
3. ভাষাটি আক্রমণাত্মক ও অস্বস্তিকর।","1. অশ্লীল ভাষা ব্যবহার করা হয়েছে।  
2. যৌন সহিংসতার বর্ণনা স্পষ্ট।  
3. ভাষাটি আক্রমণাত্মক ও অস্বস্তিকর।"
চুদে চুদে বুনি টিপে ভোদা চেটে চেটে ফাটিয়ে ফেলেছে হায় হায় কয় কি,Gender,Offensive,"মন্তব্যটি অত্যন্ত অশালীন এবং যৌন হয়রানিমূলক ভাষা ব্যবহার করেছে।
নারীর প্রতি অবমাননাকর ও অসম্মানজনক ইঙ্গিত প্রদান করা হয়েছে।
অশালীন এবং অপমানজনক বক্তব্য হওয়ায় এটি গুরুতরভাবে আপত্তিকর।","1. অশালীন শব্দ ব্যবহার করে যৌন ইঙ্গিত দেওয়া হয়েছে।  
2. নারীদের প্রতি অপমানজনক ভাষা ব্যবহৃত হয়েছে।  
3. ভাষাটি অত্যন্ত আপত্তিকর ও হয়রানিমূলক।","1. যৌন অঙ্গের অশালীন বর্ণনা দেওয়া হয়েছে।  
2. নারীদের অসম্মানজনক ভাষায় উল্লেখ করা হয়েছে।  
3. ভাষাটি অত্যন্ত বিকৃত ও আক্রমণাত্মক।","1. যৌন অঙ্গের অশালীন বর্ণনা স্পষ্ট।  
2. নারীদের অসম্মানজনক ভাষা ব্যবহৃত।  
3. ভাষাটি বিকৃত ও আক্রমণাত্মক।","1. যৌন অঙ্গের অশালীন বর্ণনা স্পষ্টভাবে করা হয়েছে।  
2. নারীদের প্রতি অসম্মানজনক শব্দ ব্যবহার করা হয়েছে।  
3. ভাষাটি অত্যন্ত আক্রমণাত্মক ও বিকৃত।","1. যৌন অঙ্গের অশালীন বর্ণনা স্পষ্টভাবে করা হয়েছে।  
2. নারীদের প্রতি অসম্মানজনক শব্দ ব্যবহার করা হয়েছে।  
3. ভাষাটি অত্যন্ত আক্রমণাত্মক ও বিকৃত।","1. যৌন অঙ্গের অশালীন বর্ণনা স্পষ্টভাবে আছে।  
2. নারীদের প্রতি অসম্মানজনক ভাষা ব্যবহৃত হয়েছে।  
3. ভাষাটি অত্যন্ত আক্রমণাত্মক ও বিকৃত।","1. যৌন অঙ্গের অশালীন বর্ণনা স্পষ্টভাবে আছে।  
2. নারীদের প্রতি অসম্মানজনক ভাষা ব্যবহৃত হয়েছে।  
3. ভাষাটি অত্যন্ত আক্রমণাত্মক ও বিকৃত।","1. যৌন অঙ্গের অশালীন বর্ণনা স্পষ্ট।  
2. নারীদের প্রতি অসম্মানজনক শব্দ ব্যবহৃত।  
3. ভাষাটি অত্যন্ত আক্রমণাত্মক ও বিকৃত।","1. যৌন অঙ্গের বর্ণনা অশালীন ও স্পষ্ট।  
2. নারীদের প্রতি অসম্মানজনক ভাষা ব্যবহৃত হয়েছে।  
3. ভাষাটি অত্যন্ত আক্রমণাত্মক ও বিকৃত।","1. যৌন অঙ্গের স্পষ্ট বর্ণনা আছে।  
2. নারীদের অসম্মানজনক শব্দ ব্যবহার করা হয়েছে।  
3. ভাষাটি অশালীন ও আক্রমণাত্মক।","1. যৌন অঙ্গের বর্ণনা স্পষ্টভাবে উল্লেখ করা হয়েছে।  
2. নারীদের জন্য অশালীন শব্দ ব্যবহৃত হয়েছে।  
3. ভাষাটি অত্যন্ত আক্রমণাত্মক ও অশোভন।","1. যৌন অঙ্গের বর্ণনা স্পষ্টভাবে করা হয়েছে।  
2. নারীদের জন্য অশালীন ভাষা ব্যবহার করা হয়েছে।  
3. ভাষাটি অত্যন্ত আক্রমণাত্মক ও অশোভন।","1. যৌন অঙ্গের স্পষ্ট বর্ণনা রয়েছে।  
2. নারীদের প্রতি অশালীন শব্দ ব্যবহৃত হয়েছে।  
3. ভাষাটি অত্যন্ত আক্রমণাত্মক ও বিকৃত।","1. যৌন অঙ্গের বর্ণনা স্পষ্টভাবে করা হয়েছে।  
2. নারীদের প্রতি অশালীন ভাষা ব্যবহার করা হয়েছে।  
3. ভাষাটি অত্যন্ত আক্রমণাত্মক ও বিকৃত।","1. যৌন অঙ্গের বর্ণনা অশালীনভাবে করা হয়েছে।  
2. নারীদের প্রতি ঘৃণ্য ভাষা ব্যবহৃত হয়েছে।  
3. ভাষাটি অত্যন্ত বিকৃত ও আপত্তিকর।","1. যৌন অঙ্গের অশালীন বর্ণনা স্পষ্ট।  
2. নারীদের প্রতি ঘৃণামূলক শব্দ ব্যবহৃত।  
3. ভাষাটি অত্যন্ত আপত্তিকর ও বিকৃত।","1. যৌন অঙ্গের অশালীন বর্ণনা স্পষ্টভাবে করা হয়েছে।  
2. নারীদের প্রতি ঘৃণামূলক শব্দ ব্যবহার করা হয়েছে।  
3. ভাষাটি অত্যন্ত বিকৃত ও আপত্তিকর।","1. যৌন অঙ্গের অশালীন বর্ণনা স্পষ্টভাবে করা হয়েছে।  
2. নারীদের প্রতি ঘৃণামূলক শব্দ ব্যবহার করা হয়েছে।  
3. ভাষাটি অত্যন্ত বিকৃত ও আপত্তিকর।","1. যৌন অঙ্গের অশালীন বর্ণনা স্পষ্টভাবে আছে।  
2. নারীদের প্রতি ঘৃণামূলক ভাষা ব্যবহৃত হয়েছে।  
3. ভাষাটি অশালীন ও আপত্তিকর।","1. যৌন অঙ্গের অশালীন উল্লেখ আছে।  
2. নারীদের প্রতি ঘৃণা প্রকাশ পেয়েছে।  
3. ভাষাটি অশ্লীল ও আপত্তিজনক।","1. যৌন অঙ্গের উল্লেখ স্পষ্টভাবে করা হয়েছে।  
2. নারীদের প্রতি অবমাননাকর ভাষা ব্যবহৃত হয়েছে।  
3. ভাষাটি অত্যন্ত অশ্লীল ও আপত্তিকর।"
চৈতালি চুদে দিয়ে হাত তালি,Gender,Offensive,"মন্তব্যটি অত্যন্ত অশালীন এবং নারীর প্রতি অবমাননাকর ইঙ্গিত দিয়েছে।
নারীর সম্মানহানির উদ্দেশ্যে যৌন হয়রানিমূলক ভাষা ব্যবহার করা হয়েছে।
অশোভন এবং অপমানজনক মনোভাব প্রকাশ করায় এটি গুরুতরভাবে আপত্তিকর।","1. যৌন ভাষা ব্যবহার করে নারীকে অপমান করা হয়েছে।  
2. অশালীন বাক্যে নারীর সম্মানহানি করা হয়েছে।  
3. হয়রানিমূলক মন্তব্য নারীদের প্রতি অবমাননাকর।","1. অশালীন শব্দে নারীর প্রতি যৌন ইঙ্গিত করা হয়েছে।  
2. নারীকে অপমান করতে যৌন ভাষা ব্যবহৃত হয়েছে।  
3. হয়রানিমূলক ভাষায় নারীর সম্মান ক্ষুণ্ণ করা হয়েছে।","1. অশালীন শব্দে যৌন আচরণ বর্ণনা করা হয়েছে।  
2. নারীর প্রতি যৌনভাবে অপমানকর ভাষা ব্যবহৃত।  
3. হয়রানিমূলক বাক্যে নারীর সম্মানহানি ঘটানো হয়েছে।","1. অশালীন শব্দে যৌন কাজ বর্ণনা করা হয়েছে।  
2. নারীর প্রতি অশালীন ভাষা ব্যবহৃত।  
3. মহিলার সম্মানহানি করার চেষ্টা করা হয়েছে।","1. অশালীন শব্দে যৌন কাজ বোঝানো হয়েছে।  
2. নারীকে অশালীনভাবে উপস্থাপন করা হয়েছে।  
3. মহিলার সম্মানহানির ভাষা ব্যবহার করা হয়েছে।","1. যৌন কাজের অশালীন উল্লেখ আছে।  
2. নারীকে অসম্মানজনকভাবে বর্ণনা করা হয়েছে।  
3. মহিলার প্রতি অবমাননাকর ভাষা ব্যবহৃত হয়েছে।","1. অশালীন শব্দ ব্যবহার করে যৌন কাজ বর্ণনা করা হয়েছে।  
2. নারীকে অসম্মানজনক ভাষায় উপস্থাপন করা হয়েছে।  
3. মহিলার প্রতি ঘৃণ্য ভাষা প্রয়োগ করা হয়েছে।","1. অশালীন শব্দে যৌন কাজ বর্ণনা করা হয়েছে।  
2. নারীকে অসম্মানজনকভাবে উপস্থাপন করা।  
3. মহিলার প্রতি ঘৃণ্য ভাষা ব্যবহৃত হয়েছে।","1. অশালীন ভাষায় যৌন কাজ বর্ণনা করা হয়েছে।  
2. নারীকে অসম্মানজনকভাবে উল্লেখ করা হয়েছে।  
3. মহিলার প্রতি ঘৃণ্য শব্দ ব্যবহৃত হয়েছে।","1. যৌন কাজের অশালীন বর্ণনা করা হয়েছে।  
2. নারীকে অসম্মানজনক ভাষায় ডাকা হয়েছে।  
3. ঘৃণ্য শব্দে মহিলার প্রতি অবমাননা দেখানো হয়েছে।","1. অশালীন ভাষায় যৌন কাজ বর্ণনা করা হয়েছে।  
2. নারীকে অসম্মানজনক শব্দে সম্বোধন করা।  
3. ঘৃণ্য শব্দে নারীর অবমাননা প্রকাশিত।","1. যৌন কাজের অশালীন বর্ণনা রয়েছে।  
2. নারীকে অসম্মানজনক ভাষায় ডাকা হয়েছে।  
3. ঘৃণ্য শব্দে নারীর অবমাননা করা হয়েছে।","1. যৌন কাজের অশালীন উল্লেখ আছে।  
2. নারীকে অশালীন ভাষায় সম্বোধন করা হয়েছে।  
3. ঘৃণ্য শব্দে নারীর অপমান করা হয়েছে।","1. যৌন কাজের অশালীন ভাষা ব্যবহার করা হয়েছে।  
2. নারীকে অশালীনভাবে উল্লেখ করা হয়েছে।  
3. ঘৃণ্য শব্দে নারীকে অপমান করা হয়েছে।","1. অশালীন যৌন ভাষা ব্যবহৃত হয়েছে।  
2. নারীকে অসম্মানজনকভাবে উল্লেখ করা।  
3. ঘৃণ্য শব্দে নারীকে অপমান করা।","1. যৌন ভাষার অশালীন ব্যবহার।  
2. নারীর প্রতি অসম্মান প্রকাশ।  
3. ঘৃণ্য শব্দে নারীকে অপমান।","1. অশালীন শব্দে যৌন কর্ম বর্ণনা করা হয়েছে।  
2. নারীকে অসম্মানজনকভাবে উপস্থাপন করা হয়েছে।  
3. ঘৃণ্য ভাষায় নারীর প্রতি অবমাননা প্রকাশ পেয়েছে।","1. অশালীন শব্দে যৌন কর্ম বর্ণনা করা হয়েছে।  
2. নারীকে অসম্মানজনক ভাষায় উপস্থাপন করা হয়েছে।  
3. ঘৃণ্য ভাষায় নারীর প্রতি অবজ্ঞা প্রকাশ পেয়েছে।","1. অশালীন শব্দে যৌন কাজ বর্ণনা করা হয়েছে।  
2. নারীকে অশালীন ভাষায় উল্লেখ করা হয়েছে।  
3. ঘৃণাসূচক ভাষায় নারীকে হেয় করা হয়েছে।","1. অশালীন শব্দে যৌন কাজ বর্ণিত হয়েছে।  
2. নারীকে অশালীন ভাষায় সম্বোধন করা হয়েছে।  
3. নারীকে ঘৃণাসূচক ভাষায় আক্রমণ করা হয়েছে।","1. যৌন কাজের অশালীন বর্ণনা রয়েছে।  
2. নারীকে অশালীন ভাষায় উল্লেখ করা হয়েছে।  
3. ঘৃণাসূচক ভাষায় নারীকে আক্রমণ করা হয়েছে।"
চৈতালি রায় কে চুদার দরকার,Gender,Offensive,"মন্তব্যটি সরাসরি অশালীন এবং নারীর প্রতি অবমাননাকর ইঙ্গিত প্রকাশ করেছে।
নারীর সম্মানহানি এবং যৌন হয়রানিমূলক বক্তব্য হওয়ায় এটি অত্যন্ত আপত্তিকর।
অপমানজনক ও অসম্মানজনক মনোভাব প্রদর্শন করায় এটি গুরুতরভাবে অগ্রহণযোগ্য।","1. ""অশালীন ভাষায় নারীকে যৌনবস্তু বানানো হয়েছে।""  
2. ""নারীর সম্মানহানিকর যৌন ইঙ্গিত স্পষ্ট।""  
3. ""অপমানজনক ভাষায় যৌন সহিংসতা প্রচার করা হয়েছে।""","1. ""অশালীন ভাষায় নারীকে যৌনবস্তু বানানো হয়েছে।""  
কারণ: ভাষাটি অশালীন ও যৌনবস্তু নির্দেশ করে।  

2. ""নারীর সম্মানহানিকর যৌন ইঙ্গিত স্পষ্ট।""  
কারণ: বাক্যটিতে নারীর প্রতি যৌন ইঙ্গিত রয়েছে।  

3. ""অপমানজনক ভাষায় যৌন সহিংসতা প্রচার করা হয়েছে।""  
কারণ: এটি যৌন সহিংসতার প্রতি উৎসাহ দেয়।","1. ""অশালীন ভাষায় নারীকে অবজ্ঞা করা হয়েছে।""  

2. ""যৌন ইঙ্গিতের মাধ্যমে নারীকে হেয় করা।""  

3. ""ভাষাটি নারীর প্রতি সহিংসতা প্রকাশ করে।""","1. ""অশালীন শব্দে নারীকে অপমান করা হয়েছে।""  

2. ""যৌন হুমকি দিয়ে নারীকে হেয় করা।""  

3. ""ভাষায় নারীর প্রতি ঘৃণা প্রকাশ পেয়েছে।""","1. ""অশালীন ভাষায় নারীকে লক্ষ্য করা হয়েছে।""  

2. ""যৌন সহিংসতার ইঙ্গিত দেওয়া হয়েছে।""  

3. ""ঘৃণ্য ভাষায় নারীকে অপমান করা।""","1. ""অশ্লীল ভাষায় নারীকে উদ্দেশ্য করা হয়েছে।""  

2. ""যৌন সহিংসতার ইঙ্গিত স্পষ্ট।""  

3. ""নারীকে অপমানজনক ভাষায় আক্রমণ।""","1. ""অশ্লীল শব্দ ব্যবহার করে নারীকে লক্ষ্য করা হয়েছে।""  

2. ""যৌন সহিংসতার প্রত্যক্ষ উল্লেখ আছে।""  

3. ""অপমানজনক ভাষায় নারীর প্রতি হুমকি।""","1. ""অশ্লীল শব্দ ব্যবহার করে নারীকে উদ্দেশ্য করা হয়েছে।""  

2. ""যৌন সহিংসতার প্রত্যক্ষ ইঙ্গিত দেওয়া হয়েছে।""  

3. ""নারীকে অপমান ও হুমকি দেওয়া হয়েছে।""","1. ""অশ্লীল ভাষায় নারীকে লক্ষ্য করা হয়েছে।""  

2. ""যৌন সহিংসতার সরাসরি উল্লেখ আছে।""  

3. ""নারীকে হেয়প্রতিপন্ন করার চেষ্টা করা হয়েছে।""","1. ""অশ্লীল শব্দ ব্যবহার করে নারীকে লক্ষ্য করা হয়েছে।""  

2. ""যৌন সহিংসতার প্রত্যক্ষ উল্লেখ আছে বাক্যে।""  

3. ""নারীকে অপমানজনক ভাষায় সম্বোধন করা হয়েছে।""","1. ""অশ্লীল শব্দ ব্যবহার করে যৌন সহিংসতা বোঝানো হয়েছে।""  

2. ""নারীকে যৌনভাবে হেয় করার ভাষা ব্যবহৃত হয়েছে।""  

3. ""অপমানজনক ভাষায় নারীর প্রতি সহিংসতা প্রকাশ পেয়েছে।""","1. ""অশ্লীল শব্দে যৌন সহিংসতার ইঙ্গিত রয়েছে।""  

2. ""নারীকে যৌনভাবে অপমান করা হয়েছে।""  

3. ""ভাষাটি নারীর প্রতি সহিংসতা প্রকাশ করে।""","1. ""অশ্লীল ভাষায় যৌন সহিংসতার উল্লেখ আছে।""  

2. ""মহিলাকে যৌনভাবে হেয় করা হয়েছে।""  

3. ""বক্তব্যে নারী প্রতি সহিংসতা ফুটে উঠেছে।""","1. ""অশ্লীল শব্দে যৌন সহিংসতার ইঙ্গিত রয়েছে।""  

2. ""মহিলার প্রতি যৌন আক্রমণাত্মক ভাষা ব্যবহৃত হয়েছে।""  

3. ""নারীকে লক্ষ্য করে ঘৃণ্য ভাষার ব্যবহার করা হয়েছে।""","1. ""অশ্লীল শব্দে যৌন সহিংসতার ইঙ্গিত স্পষ্ট।""  

2. ""মহিলার প্রতি আক্রমণাত্মক ভাষা ব্যবহৃত।""  

3. ""নারীকে লক্ষ্য করে ঘৃণ্য ভাষা ব্যবহার করা।""","1. ""অশ্লীল ভাষায় যৌন সহিংসতার উল্লেখ রয়েছে।""  

2. ""মহিলার প্রতি ঘৃণ্য ও আক্রমণাত্মক ভাষা।""  

3. ""নারীকে লক্ষ্য করে অশালীন বক্তব্য করা হয়েছে।""","1. ""অশ্লীল ভাষায় যৌন সহিংসতার ইঙ্গিত রয়েছে।""  

2. ""মহিলার প্রতি ঘৃণামূলক ভাষা ব্যবহৃত হয়েছে।""  

3. ""নারীকে অপমানজনকভাবে লক্ষ্য করা হয়েছে।""","1. ""অশ্লীল ভাষায় যৌন সহিংসতার ইঙ্গিত স্পষ্ট।""  

2. ""মহিলার প্রতি ঘৃণামূলক শব্দ ব্যবহার করা হয়েছে।""  

3. ""নারীকে অপমান করার উদ্দেশ্যে বলা হয়েছে।""","1. ""অশ্লীল শব্দে যৌন হুমকি স্পষ্ট।""  

2. ""মহিলার প্রতি ঘৃণাসূচক ভাষা ব্যবহৃত।""  

3. ""নারীকে হেয় করার উদ্দেশ্য রয়েছে।""","1. ""অশ্লীল ভাষায় যৌন সহিংসতার ইঙ্গিত রয়েছে।""  

2. ""মহিলার প্রতি ঘৃণামূলক শব্দ ব্যবহার করা হয়েছে।""  

3. ""নারীকে অপমান করার উদ্দেশ্য স্পষ্ট।""","1. ""অশ্লীল শব্দে যৌন সহিংসতার ইঙ্গিত আছে।""  

2. ""মহিলার প্রতি ঘৃণামূলক ভাষা ব্যবহৃত হয়েছে।""  

3. ""নারীকে অপমান করার উদ্দেশ্য স্পষ্ট।"""
চোদা যাবে রেশমি,Gender,Sexual Harassments,"মন্তব্যটি অত্যন্ত অশালীন এবং নারীর প্রতি সরাসরি যৌন হয়রানিমূলক।
নারীর প্রতি অসম্মানজনক এবং অবমাননাকর মনোভাব প্রকাশ পেয়েছে।
অশোভন ভাষা ব্যবহারের মাধ্যমে এটি গুরুতরভাবে আপত্তিকর হয়েছে।","1. যৌন সহিংসতার ইঙ্গিত রয়েছে বাক্যটিতে।  
2. নারীকে অপমান করার ভাষা ব্যবহৃত হয়েছে।  
3. অশালীন শব্দের ব্যবহার অগ্রহণযোগ্য।","1. অশালীন শব্দ ব্যবহারে যৌন সহিংসতার ইঙ্গিত।  
2. নারীকে লক্ষ্য করে অপমানজনক ভাষা।  
3. অগ্রহণযোগ্য ভাষার জন্য লেবেল সঠিক।","1. যৌন সহিংসতার ইঙ্গিত দেওয়া হয়েছে।  
2. নারীকে অপমান করা হয়েছে।  
3. অশালীন ভাষা ব্যবহার করা হয়েছে।","1. অশালীন শব্দ ব্যবহার করা হয়েছে।  
2. নারীকে যৌনভাবে আক্রমণ করা হচ্ছে।  
3. যৌন সহিংসতার ইঙ্গিত দেওয়া হয়েছে।","1. অশ্লীল শব্দ ব্যবহার করা হয়েছে।  
2. নারীকে যৌনভাবে অপমান করা হয়েছে।  
3. যৌন সহিংসতার ইঙ্গিত দেওয়া হয়েছে।","1. অশ্লীল শব্দ ""চোদা"" ব্যবহার করা হয়েছে।  
2. রেশমি নামের নারীকে অপমান করা হয়েছে।  
3. যৌন সহিংসতার ইঙ্গিত দেওয়া হয়েছে।","1. ""চোদা"" শব্দটি অশ্লীল ও আপত্তিকর।  
2. রেশমির নামে অপমানজনক ভাষা ব্যবহৃত হয়েছে।  
3. যৌন সহিংসতার হুমকি দেওয়া হয়েছে।","1. ""চোদা"" শব্দটি অশ্লীল ও যৌন সহিংসতা বোঝায়।  
2. রেশমির নাম নিয়ে অপমানজনক ভাষা ব্যবহার করা হয়েছে।  
3. এই বাক্যটি যৌন সহিংসতার হুমকি প্রদান করে।","1. ""চোদা"" শব্দটি অশ্লীল ও আপত্তিকর।  
2. রেশমির নামে যৌন সহিংসতার ইঙ্গিত।  
3. বাক্যটি হুমকি ও অপমানজনক।","1. ""চোদা"" শব্দটি অত্যন্ত অশ্লীল ও আক্রমণাত্মক।  
2. রেশমির প্রতি যৌন সহিংসতার হুমকি রয়েছে।  
3. বাক্যটি অপমানজনক ও হিংসাত্মক।","1. অশ্লীল ভাষা ব্যবহার করে হুমকি দেওয়া হয়েছে।  
2. যৌন সহিংসতার ইঙ্গিত রয়েছে বাক্যে।  
3. এটি অপমানজনক ও হিংসাত্মক বার্তা।","1. অশ্লীল শব্দ ব্যবহার করে হুমকি দেওয়া হয়েছে।  
2. যৌন সহিংসতার ইঙ্গিত স্পষ্ট।  
3. অপমানজনক ও হিংসাত্মক ভাষা ব্যবহৃত হয়েছে।","1. অশ্লীল শব্দ ব্যবহার করে হুমকি দেওয়া হয়েছে।  
2. যৌন সহিংসতার ইঙ্গিত স্পষ্ট।  
3. অপমানজনক ভাষা ব্যবহৃত হয়েছে।","1. অশ্লীল শব্দ ব্যবহার করে হুমকি দেওয়া হয়েছে।  
2. যৌন সহিংসতার ইঙ্গিত স্পষ্ট।  
3. অপমানজনক ভাষা ব্যবহৃত হয়েছে।","1. অশ্লীল শব্দ ব্যবহার করা হয়েছে।  
2. যৌন সহিংসতার ইঙ্গিত আছে।  
3. ভাষাটি অপমানজনক।","1. শব্দটি অশ্লীল এবং আপত্তিকর।  
2. যৌন সহিংসতার হুমকি দেওয়া হয়েছে।  
3. ভাষাটি অসম্মানজনক এবং আক্রমণাত্মক।","1. শব্দটি অশ্লীল এবং যৌন সহিংসতা বোঝায়।  
2. ভাষাটি আক্রমণাত্মক এবং হুমকিপূর্ণ।  
3. বাক্যটি অসম্মানজনক এবং আপত্তিকর।","1. শব্দটি অশ্লীল এবং যৌন সহিংসতা প্রকাশ করে।  
2. ভাষাটি সরাসরি হুমকি ও আক্রমণের ইঙ্গিত দেয়।  
3. বাক্যটি অসম্মানজনক ও সমাজে গ্রহণযোগ্য নয়।","1. শব্দটি অত্যন্ত অশ্লীল এবং আপত্তিকর।  
2. এটি যৌন সহিংসতার প্রতিফলন ঘটায়।  
3. ভাষাটি সমাজে সম্পূর্ণ অগ্রহণযোগ্য।","1. শব্দটি অশ্লীল এবং যৌন সহিংসতা বোঝায়।  
2. ভাষাটি সমাজে নিষিদ্ধ এবং আপত্তিকর।  
3. এটি অগ্রহণযোগ্য এবং ক্ষতিকর বার্তা দেয়।","1. শব্দটি যৌন সহিংসতার ইঙ্গিত দেয়।  
2. ভাষাটি অশালীন ও সমাজে নিষিদ্ধ।  
3. বার্তাটি ক্ষতিকর ও অগ্রহণযোগ্য।"
চ্যানেল এডমিন তোর মা কে কাও চোদে,Gender,Offensive,"মন্তব্যটি অত্যন্ত অশালীন এবং ব্যক্তিগতভাবে অপমানজনক ভাষা ব্যবহার করেছে।
নারীর প্রতি অবমাননাকর এবং অসম্মানজনক ইঙ্গিত প্রদান করা হয়েছে।
অশালীনতা এবং অপমানমূলক বক্তব্য হওয়ায় এটি গুরুতরভাবে আপত্তিকর।","1. ""মা"" শব্দটি ব্যবহার করে অশালীন ইঙ্গিত দেওয়া হয়েছে।  
2. নারীকে অপমান করার জন্য ভাষা ব্যবহৃত হয়েছে।  
3. ব্যক্তিগত আক্রমণ ও ঘৃণ্য ভাষা রয়েছে।","1. ""মা"" শব্দটি অশালীনভাবে ব্যবহার করা হয়েছে।  
2. নারীকে অপমান করার জন্য ভাষা ব্যবহৃত।  
3. ব্যক্তিগত আক্রমণ ও ঘৃণা প্রকাশ পেয়েছে।","1. ""মা"" শব্দটি অশালীনভাবে ব্যবহার করা হয়েছে।  
2. নারীকে অপমান করার জন্য ভাষা ব্যবহৃত।  
3. ব্যক্তিগত আক্রমণ ও ঘৃণা প্রকাশ পেয়েছে।","1. ""মা"" শব্দটি অশালীনভাবে ব্যবহার করা হয়েছে।  
2. নারীকে অপমান করার জন্য ভাষা ব্যবহৃত।  
3. ব্যক্তিগত আক্রমণ ও ঘৃণা প্রকাশ পেয়েছে।","1. ""মা"" শব্দটি অশালীনভাবে ব্যবহার করা হয়েছে।  
2. নারীকে অপমান করার ভাষা ব্যবহৃত হয়েছে।  
3. ব্যক্তিগত আক্রমণ ও ঘৃণা প্রকাশ পেয়েছে।","1. ""মা"" শব্দটি অশালীন ও আপত্তিকর ভাবে ব্যবহার হয়েছে।  
2. নারীকে অপমান করার জন্য ভাষা ব্যবহৃত হয়েছে।  
3. ব্যক্তিগতভাবে আক্রমণাত্মক ও ঘৃণাপূর্ণ ভাষা।","1. ""মা"" শব্দটি অশালীনভাবে ব্যবহার করা হয়েছে।  
2. নারীকে অপমান করার জন্য ভাষা ব্যবহৃত।  
3. ব্যক্তিগত আক্রমণ ও ঘৃণা প্রকাশ পেয়েছে।","1. ""মা"" শব্দটি অশালীনভাবে ব্যবহার করা হয়েছে।  
2. নারীকে অপমান করার উদ্দেশ্যে বলা হয়েছে।  
3. ঘৃণামূলক ভাষায় ব্যক্তিগত আক্রমণ করা হয়েছে।","1. ""মা"" শব্দটি অশালীন ও আপত্তিকর ভাবে ব্যবহৃত হয়েছে।  
2. নারীকে উদ্দেশ্য করে অপমান করা হয়েছে।  
3. ব্যক্তিগত আক্রমণ ও ঘৃণা প্রকাশ পেয়েছে।","1. ""মা"" শব্দটি অশালীনভাবে ব্যবহার করা হয়েছে।  
2. নারীকে অপমান করার উদ্দেশ্য আছে।  
3. ঘৃণামূলক ভাষায় ব্যক্তিগত আক্রমণ করা হয়েছে।","1. ""মা"" শব্দটি অশালীনভাবে ব্যবহৃত হয়েছে।  
2. নারীকে অপমান করার ইচ্ছা প্রকাশ পেয়েছে।  
3. ব্যক্তিগত আক্রমণে ঘৃণামূলক ভাষা ব্যবহার করা হয়েছে।","1. ""মা"" শব্দটি অশালীনভাবে ব্যবহার করা হয়েছে।  
2. নারীকে অপমান করার উদ্দেশ্য স্পষ্ট।  
3. ঘৃণামূলক ভাষায় ব্যক্তিগত আক্রমণ করা হয়েছে।","1. ""মা"" শব্দটি অশালীনভাবে ব্যবহৃত হয়েছে।  
2. নারীকে উদ্দেশ্য করে অপমান করা হয়েছে।  
3. ব্যক্তিগত আক্রমণ ঘৃণামূলক ভাষায় করা হয়েছে।","1. ""মা"" শব্দটি অশালীনভাবে ব্যবহার করা হয়েছে।  
2. নারীকে অপমান করার উদ্দেশ্য আছে।  
3. ঘৃণামূলক ভাষায় ব্যক্তিগত আক্রমণ করা হয়েছে।","1. ""মা"" শব্দটি অশালীনভাবে ব্যবহৃত হয়েছে।  
2. নারীকে অপমান করার ইচ্ছা স্পষ্ট।  
3. ব্যক্তিগত আক্রমণ ঘৃণামূলক ভাষায়।","1. ""মা"" শব্দটি অশালীনভাবে ব্যবহার করা হয়েছে।  
2. নারীকে অপমান করার উদ্দেশ্য আছে।  
3. ঘৃণামূলক ভাষায় ব্যক্তিগত আক্রমণ করা হয়েছে।","1. ""মা"" শব্দটি অশালীনভাবে ব্যবহার হয়েছে।  
2. নারীকে অপমান করার ইচ্ছা স্পষ্ট।  
3. ব্যক্তিগত আক্রমণ ঘৃণামূলক ভাষায়।","1. ""মা"" শব্দটি অশালীনভাবে ব্যবহৃত হয়েছে।  
2. নারীকে অপমান করার উদ্দেশ্য আছে।  
3. ঘৃণামূলক ভাষায় ব্যক্তিগত আক্রমণ করা হয়েছে।","1. ""মা"" শব্দটি অশালীনভাবে ব্যবহার করা হয়েছে।  
2. নারীকে অপমান করার ইচ্ছা প্রকাশ পেয়েছে।  
3. ব্যক্তিগত আক্রমণ ঘৃণামূলক ভাষায় করা হয়েছে।","1. ""মা"" শব্দটি অশালীনভাবে ব্যবহার করা হয়েছে।  
2. নারীকে অপমান করার ইচ্ছা প্রকাশ পেয়েছে।  
3. ঘৃণামূলক ভাষায় ব্যক্তিগত আক্রমণ করা হয়েছে।","1. ""মা"" শব্দটি অশালীনভাবে ব্যবহৃত হয়েছে।  
2. নারীকে অপমান করার ভাষা ব্যবহার করা হয়েছে।  
3. ব্যক্তিগত আক্রমণ ঘৃণামূলক ভাষায় করা হয়েছে।"
ছেলে টাকে জুতো পিটা করা দরকার,Gender,Offensive,"মন্তব্যটি সরাসরি শারীরিক সহিংসতার আহ্বান জানিয়েছে, যা আপত্তিকর।
বক্তব্যে অপমানসূচক এবং হুমকিসূচক ভাষার মাধ্যমে নেতিবাচক মনোভাব প্রকাশ করা হয়েছে।
সহিংস আচরণের উস্কানি দেওয়ায় এটি সামাজিকভাবে অগ্রহণযোগ্য।","1. ""ছেলেটিকে জুতো দিয়ে মারার আহ্বান সহিংসতা উস্কে দিচ্ছে।""  
2. ""শারীরিক আক্রমণের প্ররোচনা অগ্রহণযোগ্য।""  
3. ""হুমকিমূলক ভাষা সামাজিক শান্তি নষ্ট করে।""","1. ""ছেলেকে মারার কথা বলায় সহিংসতা উৎসাহিত হচ্ছে।""  
2. ""জুতো দিয়ে মারার প্রস্তাব অগ্রহণযোগ্য আচরণ।""  
3. ""হুমকি দিয়ে সামাজিক শান্তি বিঘ্নিত করা হচ্ছে।""","1. ""ছেলেকে মারার উস্কানি দেওয়া হচ্ছে।""  
2. ""জুতো দিয়ে মারার কথা সহিংসতা প্রকাশ করে।""  
3. ""এটি হুমকি হিসেবে বিবেচিত হয়।""","1. ""ছেলেকে মারার কথা বলা হচ্ছে, যা উস্কানিমূলক।""  
2. ""জুতো দিয়ে মারার নির্দেশ সহিংসতার লক্ষণ।""  
3. ""এটি হুমকি হিসেবে গ্রহণযোগ্য।""","1. ""ছেলেকে মারার উস্কানি দেওয়া হচ্ছে।""  
2. ""জুতো দিয়ে মারার কথা সহিংসতা প্রকাশ করে।""  
3. ""এটি একটি স্পষ্ট হুমকি।""","1. ""ছেলেকে মারার আহ্বান করা হচ্ছে।""  
2. ""জুতো পিটা বলতে সহিংসতা বোঝায়।""  
3. ""এটি একটি হিংসাত্মক উক্তি।""","1. ""ছেলেকে মারার জন্য উৎসাহিত করা হচ্ছে।""  
2. ""জুতো পিটা একটি সহিংস কর্মকাণ্ড।""  
3. ""হিংসাত্মক ভাষা ব্যবহার করা হয়েছে।""","1. ""হিংসাত্মক কর্মকাণ্ডের উৎসাহ দেওয়া হয়েছে।""  
2. ""শারীরিক আক্রমণের প্রস্তাব করা হয়েছে।""  
3. ""সহিংসতার প্রতি উৎসাহিত করা হয়েছে।""","1. ""ছেলেটিকে মারার কথা বলা হয়েছে।""  
2. ""জুতো দিয়ে পিটানোর উল্লেখ আছে।""  
3. ""শারীরিক নির্যাতনের পরামর্শ দেওয়া হয়েছে।""","1. ""ছেলেটিকে মারার নির্দেশ দেওয়া হয়েছে।""  
2. ""জুতো দিয়ে আঘাতের উল্লেখ আছে।""  
3. ""শারীরিক ক্ষতির পরামর্শ দেওয়া হয়েছে।""","1. ""জুতো দিয়ে মারার কথা বলা হয়েছে।""  
2. ""শারীরিক আঘাতের পরামর্শ আছে।""  
3. ""ছেলেটিকে মারার নির্দেশ দেওয়া হয়েছে।""","1. ""জুতো দিয়ে মারার হুমকি দেওয়া হয়েছে।""  
2. ""শারীরিক নির্যাতনের উস্কানি আছে।""  
3. ""ছেলেটিকে আঘাত করার কথা বলা।""","1. ""হুমকির ভাষা স্পষ্টভাবে ব্যবহৃত হয়েছে।""  
2. ""শারীরিক আঘাতের নির্দেশনা দেওয়া হয়েছে।""  
3. ""ছেলেটিকে ক্ষতির কথা বলা হয়েছে।""","1. ""জুতো পিটা করার হুমকি দেওয়া হয়েছে।""  
2. ""শারীরিক আঘাতের কথা বলা হয়েছে।""  
3. ""ছেলেটির ক্ষতির ইঙ্গিত আছে।""","১. ""হুমকির ভাষা স্পষ্ট।""  
২. ""শারীরিক আঘাতের উল্লেখ আছে।""  
৩. ""ক্ষতির সম্ভাবনা প্রকাশিত।""","১. ""ছেলেটিকে মারার কথা বলা হয়েছে।""  
২. ""জুতো দিয়ে পিটানোর হুমকি দেওয়া হয়েছে।""  
৩. ""শারীরিক নির্যাতনের ইঙ্গিত আছে।""","১. ""ছেলেটিকে মারার নির্দেশ দেওয়া হয়েছে।""  
২. ""জুতো দিয়ে মারার হুমকি স্পষ্ট।""  
৩. ""শারীরিক আঘাতের কথা বলা হয়েছে।""","১. ""ছেলেটিকে মারার কথা বলা হয়েছে।""  
২. ""জুতো দিয়ে মারার ইঙ্গিত আছে।""  
৩. ""শারীরিক নির্যাতনের উল্লেখ আছে।""","১. ""ছেলেটিকে মারার নির্দেশ দেওয়া হয়েছে।""  
২. ""জুতো দিয়ে মারার হুমকি আছে।""  
৩. ""শারীরিক আঘাতের উৎসাহ দেওয়া হয়েছে।""","১. ""ছেলেটিকে মারার কথা বলা হয়েছে।""  
২. ""জুতো দিয়ে মারার কথা বলা হয়েছে।""  
৩. ""শারীরিক নির্যাতনের উৎসাহ দেওয়া হয়েছে।""","১. ""ছেলেটিকে মারার জন্য উৎসাহিত করা হয়েছে।""  
২. ""জুতো দিয়ে মারার নির্দেশ দেওয়া হয়েছে।""  
৩. ""শারীরিক আঘাতের কথা বলা হয়েছে।"""
ছেলে টিকে দইরা মাইরা ফালানো উচিত,Gender,Offensive,"মন্তব্যটি সরাসরি হত্যার আহ্বান জানিয়েছে, যা অত্যন্ত আপত্তিকর।
বক্তব্যটি চরম সহিংসতা এবং অবমাননাকর মনোভাব প্রকাশ করেছে।
সহিংসতার ইঙ্গিত ও উস্কানির কারণে এটি গুরুতরভাবে অগ্রহণযোগ্য।","1. ""ছেলেটিকে মারার আহ্বান সহিংসতা উস্কানি দিচ্ছে""  
2. ""হত্যার প্রস্তাব অত্যন্ত আপত্তিকর ও বিপজ্জনক""  
3. ""এ ধরনের বক্তব্য সমাজে বিভক্তি সৃষ্টি করে""","1. ""হত্যার প্রস্তাব সহিংসতা উস্কানিমূলক""  
2. ""বক্তব্য বিপজ্জনক ও অনৈতিক""  
3. ""এটি সামাজিক শান্তি নষ্ট করে""","1. ""হত্যার উস্কানি দেওয়া হচ্ছে""  
2. ""অনৈতিক ও সহিংস বক্তব্য""  
3. ""সমাজে অশান্তি সৃষ্টিকারী""","1. ""হত্যার আহ্বান করা হচ্ছে স্পষ্টভাবে""  
2. ""সহিংসতা উৎসাহিত করা হচ্ছে""  
3. ""অসহিষ্ণুতা প্রকাশ পাচ্ছে""","1. ""ছেলেটিকে মারার কথা বলা হচ্ছে""  
2. ""হিংসার নির্দেশ দেওয়া হয়েছে""  
3. ""মারধরের উৎসাহ দেওয়া হচ্ছে""","1. ""ছেলেটিকে মারার হুমকি দেওয়া হয়েছে""  
2. ""হিংসাত্মক কর্মকাণ্ডের উৎসাহ রয়েছে""  
3. ""শারীরিক আঘাতের নির্দেশনা দেওয়া হয়েছে""","1. ""ছেলেটিকে মারার কথা বলা হয়েছে""  
2. ""হিংসার উৎসাহ দেওয়া হয়েছে""  
3. ""শারীরিক ক্ষতির নির্দেশ দেওয়া""","1. ""ছেলেটিকে মারার জন্য উৎসাহিত করা হয়েছে""  
2. ""হিংসাত্মক কর্মকাণ্ডের নির্দেশ দেওয়া হয়েছে""  
3. ""শারীরিক আঘাতের কথা বলা হয়েছে""","1. ""হত্যার উৎসাহ দেওয়া হয়েছে""  
2. ""হিংসার নির্দেশনা রয়েছে""  
3. ""শারীরিক ক্ষতির কথা বলা""","1. ""ছেলেটিকে মারার কথা বলা হয়েছে""  
2. ""হিংসাত্মক কাজের নির্দেশ দেওয়া""  
3. ""শারীরিক আঘাতের উৎসাহ দেওয়া""","1. ""ছেলেটিকে মারার উল্লেখ আছে""  
2. ""হিংসার নির্দেশনা স্পষ্ট""  
3. ""শারীরিক ক্ষতির উৎসাহ দেওয়া""","1. ""ছেলেটিকে মারার কথা বলা হয়েছে""  
2. ""হিংসার উস্কানি দেওয়া হয়েছে""  
3. ""শারীরিক ক্ষতির কথা বলা হয়েছে""","1. ""ছেলেটিকে মারার নির্দেশ দেওয়া হয়েছে""  
2. ""হিংসাত্মক কাজের উৎসাহ দেওয়া হয়েছে""  
3. ""শারীরিক আঘাতের হুমকি রয়েছে""","1. ""ছেলেটিকে মারার কথা বলা হয়েছে""  
2. ""হিংসার উৎসাহ দেওয়া হয়েছে""  
3. ""শারীরিক ক্ষতির হুমকি আছে""","1. ""ছেলেটিকে মারার নির্দেশ দেওয়া হয়েছে""  
2. ""হিংসাত্মক কাজের উৎসাহ আছে""  
3. ""শারীরিক আঘাতের হুমকি দেওয়া হয়েছে""","1. ""হিংসাত্মক কাজের আহ্বান করা হয়েছে""  
2. ""শারীরিক ক্ষতির ইঙ্গিত আছে""  
3. ""মারধরের উৎসাহ দেওয়া হয়েছে""","1. ""ছেলেটিকে মারার কথা বলা হয়েছে""  
2. ""শারীরিক আঘাতের নির্দেশনা আছে""  
3. ""হিংসার উৎসাহ দেওয়া হয়েছে""","1. ""ছেলেটিকে মারার হুমকি দেওয়া হয়েছে""  
2. ""শারীরিক নির্যাতনের কথা বলা হয়েছে""  
3. ""হিংসাত্মক কাজে উৎসাহিত করা হয়েছে""","1. ""ছেলেটিকে মারার কথা বলা হয়েছে""  
2. ""শারীরিক আঘাতের হুমকি দেওয়া হয়েছে""  
3. ""হিংসার উৎসাহ দেওয়া হয়েছে""","1. ""ছেলেটিকে মারার নির্দেশ দেওয়া হয়েছে""  
2. ""শারীরিক নির্যাতনের হুমকি স্পষ্ট""  
3. ""হিংসাত্মক কর্মকাণ্ডে উৎসাহিত করা হয়েছে""","1. ""হিংসাত্মক কাজের উৎসাহ দেওয়া হয়েছে""  
2. ""শারীরিক ক্ষতির হুমকি রয়েছে""  
3. ""ছেলেটিকে মারার কথা বলা হয়েছে"""
ছেলেকে জুতো দিয়ে মার দরকার,Gender,Offensive,"মন্তব্যটি শারীরিক সহিংসতার আহ্বান জানিয়ে নেতিবাচক মনোভাব প্রকাশ করেছে।
বক্তব্যটি অপমানসূচক এবং আক্রমণাত্মক ভাষা ব্যবহার করেছে।
সহিংসতার উস্কানি দেওয়ায় এটি সামাজিকভাবে অগ্রহণযোগ্য।","1. ছেলেকে মারার কথা বলায় সহিংসতার উস্কানি।  
2. অপমানসূচক ভাষা ব্যবহার করা হয়েছে।  
3. সামাজিকভাবে অগ্রহণযোগ্য আচরণের আহ্বান।","১. সহিংসতার উস্কানি দেওয়া হয়েছে।  
২. অপমানজনক ভাষা ব্যবহৃত হয়েছে।  
৩. অগ্রহণযোগ্য আচরণের আহ্বান করা হয়েছে।","১. জুতো দিয়ে মারার কথা বলা হয়েছে।  
২. ছেলেকে অপমান করার ইঙ্গিত আছে।  
৩. সহিংস আচরণের প্রতি উৎসাহ দেওয়া হয়েছে।","১. জুতো দিয়ে মারার নির্দেশ দেওয়া হয়েছে।  
২. ছেলের প্রতি অপমানজনক ভাষা ব্যবহৃত হয়েছে।  
৩. সহিংসতার প্রতি সমর্থন প্রকাশ পেয়েছে।","১. জুতো দিয়ে মারার কথা বলা হয়েছে।  
২. ছেলের প্রতি অসম্মান দেখানো হয়েছে।  
৩. সহিংসতার উৎসাহ দেওয়া হয়েছে।","১. জুতো দিয়ে মারার নির্দেশ দেওয়া হয়েছে।  
২. শিশুর প্রতি অবমাননাকর ভাষা ব্যবহার করা হয়েছে।  
৩. শারীরিক নির্যাতনের প্ররোচনা দেওয়া হয়েছে।","১. জুতো দিয়ে মারার কথা বলা হয়েছে।  
২. শিশুর প্রতি অপমানজনক ভাষা ব্যবহৃত।  
৩. শারীরিক নির্যাতনের উস্কানি দেওয়া হয়েছে।","১. শিশুর প্রতি হিংসাত্মক আচরণের নির্দেশ দেওয়া হয়েছে।  
২. অপমানজনক ভাষায় শারীরিক নির্যাতনের উস্কানি।  
৩. জুতো দিয়ে মারার কথা স্পষ্টভাবে বলা হয়েছে।","১. শিশুকে মারার নির্দেশ দেওয়া হয়েছে।  
২. জুতো দিয়ে মারার উস্কানি আছে।  
৩. শারীরিক নির্যাতনের কথা বলা হয়েছে।","১. শিশুকে মারার কথা বলা হয়েছে।  
২. জুতো দিয়ে মারার উল্লেখ আছে।  
৩. শারীরিক আঘাতের নির্দেশ দেওয়া হয়েছে।","১. শিশুকে মারার কথা বলা হয়েছে।  
২. জুতো দিয়ে মারার নির্দেশ দেওয়া হয়েছে।  
৩. শারীরিক নির্যাতনের উল্লেখ আছে।","১. শিশুর প্রতি সহিংসতার ইঙ্গিত রয়েছে।  
২. জুতো দিয়ে মারার নির্দেশ স্পষ্ট।  
৩. শারীরিক নির্যাতনের কথা বলা হয়েছে।","১. শিশুর প্রতি হুমকি স্পষ্ট।  
২. জুতো দিয়ে মারার কথা বলা হয়েছে।  
৩. শারীরিক নির্যাতনের ইঙ্গিত পাওয়া যায়।","১. শিশুকে মারার হুমকি দেওয়া হয়েছে।  
২. জুতো দিয়ে মারার উল্লেখ আছে।  
৩. শারীরিক নির্যাতনের কথা বলা হয়েছে।","১. ছেলেকে মারার কথা বলা হয়েছে।  
২. জুতো দিয়ে মারার হুমকি দেওয়া হয়েছে।  
৩. শারীরিক নির্যাতনের উল্লেখ আছে।","১. ছেলেকে মারার নির্দেশ দেওয়া হয়েছে।  
২. জুতো দিয়ে মারার কথা বলা হয়েছে।  
৩. শারীরিক নির্যাতনের ইঙ্গিত পাওয়া যায়।","১. ছেলেকে মারার কথা বলা হয়েছে।  
২. জুতো ব্যবহারের উল্লেখ আছে।  
৩. শারীরিক আঘাতের ইঙ্গিত দেওয়া হয়েছে।","১. ছেলেকে মারার নির্দেশ দেওয়া হয়েছে।  
২. জুতো দিয়ে মারার কথা বলা।  
৩. শারীরিক নির্যাতনের ইঙ্গিত রয়েছে।","১. ছেলেকে মারার কথা বলা হয়েছে।  
২. জুতো ব্যবহারের উল্লেখ আছে।  
৩. শারীরিক আঘাতের ইঙ্গিত দেওয়া হয়েছে।","১. ছেলেকে মারার নির্দেশ দেওয়া হয়েছে।  
২. জুতো দিয়ে মারার কথা বলা।  
৩. শারীরিক নির্যাতনের উল্লেখ আছে।","১. ছেলেকে মারার কথা বলা হয়েছে।  
২. জুতো দিয়ে মারার নির্দেশ দেওয়া।  
৩. শারীরিক নির্যাতনের উৎসাহ দেওয়া।"
ছেলেকে পাইলে আমি ওরে মেরে ফেলবো ওকে মেরে কুত্তা দিয়া খাওয়ানো দরকার,Gender,Offensive,"মন্তব্যটি সরাসরি সহিংসতা এবং হত্যার আহ্বান জানিয়েছে, যা অত্যন্ত আপত্তিকর।
বক্তব্যটি চরম অমানবিক এবং হিংস্র মনোভাব প্রকাশ করেছে।
সহিংসতা ও নিষ্ঠুরতার ইঙ্গিত থাকার কারণে এটি গুরুতরভাবে অগ্রহণযোগ্য।","১. হত্যার সরাসরি আহ্বান।  
২. চরম হিংস্র মনোভাব।  
৩. অমানবিক ও নিষ্ঠুর বক্তব্য।","১. হত্যার ইচ্ছা স্পষ্টভাবে প্রকাশ করা হয়েছে।  
২. অত্যন্ত হিংসাত্মক ভাষা ব্যবহার করা হয়েছে।  
৩. নৃশংসতা ও পশুত্বের প্রকাশ ঘটেছে।","১. হত্যার ইচ্ছা সরাসরি বলা হয়েছে।  
২. ভাষায় চরম হিংসার প্রকাশ।  
৩. পশুর মতো আচরণের উল্লেখ আছে।","১. হত্যার ইচ্ছা স্পষ্টভাবে প্রকাশ পেয়েছে।  
২. চরম হিংসাত্মক ভাষা ব্যবহার করা হয়েছে।  
৩. পশুর সাথে তুলনা করে হিংসা উৎসাহিত করা হয়েছে।","১. হত্যার ইচ্ছা সরাসরি বলা হয়েছে।  
২. ভাষায় চরম হিংসার প্রকাশ।  
৩. পশুর সাথে তুলনা করে হিংসা বাড়ানো হয়েছে।","১. হত্যার ইচ্ছা স্পষ্টভাবে প্রকাশ পেয়েছে।  
২. চরম হিংসাত্মক ভাষা ব্যবহার করা হয়েছে।  
৩. পশুর সাথে তুলনা করে হিংসা উস্কে দেওয়া হয়েছে।","১. হত্যার ইচ্ছা স্পষ্ট বলা হয়েছে।  
২. ভাষা অত্যন্ত হিংসাত্মক।  
৩. পশুর সাথে তুলনা করা হয়েছে।","১. হত্যার ইচ্ছা প্রকাশ পেয়েছে।  
২. ভাষায় সহিংসতা স্পষ্ট।  
৩. পশুর সাথে তুলনা করা হয়েছে।","১. হত্যার ইচ্ছা স্পষ্টভাবে বলা হয়েছে।  
২. সহিংস ভাষা ব্যবহার করা হয়েছে।  
৩. পশুর সাথে তুলনা করা হয়েছে।","১. হত্যার ইচ্ছা স্পষ্টভাবে প্রকাশ পেয়েছে।  
২. ভাষায় সহিংসতার ব্যবহার স্পষ্ট।  
৩. পশুর সাথে তুলনা করা হয়েছে।","১. হত্যার ইচ্ছা সরাসরি বলা হয়েছে।  
২. সহিংস শব্দ ব্যবহার করা হয়েছে।  
৩. পশুর সাথে তুলনা করা হয়েছে।","১. হত্যার ইচ্ছা স্পষ্টভাবে প্রকাশ করা হয়েছে।  
২. সহিংস ভাষা ব্যবহার করা হয়েছে।  
৩. পশুর সাথে তুলনা করে অপমান করা হয়েছে।","১. হত্যার ইচ্ছা স্পষ্ট বলা হয়েছে।  
২. মারধরের ভাষা ব্যবহৃত হয়েছে।  
৩. কুকুর দিয়ে অপমান করা হয়েছে।","১. হত্যার ইচ্ছা প্রকাশ করা হয়েছে।  
২. মারধরের হুমকি দেওয়া হয়েছে।  
৩. কুকুর দিয়ে অপমান করার কথা বলা হয়েছে।","১. ছেলেকে মেরে ফেলার কথা বলা হয়েছে।  
২. মারধরের হুমকি স্পষ্টভাবে উল্লেখ করা হয়েছে।  
৩. কুত্তা দিয়ে খাওয়ানোর কথা অপমানজনক।","১. হত্যার হুমকি স্পষ্টভাবে বলা হয়েছে।  
২. মারধরের উল্লেখ সহিংসতা প্রকাশ করে।  
৩. কুকুর দিয়ে খাওয়ানো অপমানজনক ভাষা।","১. হত্যার ইচ্ছা স্পষ্টভাবে প্রকাশ পেয়েছে।  
২. মারধরের উল্লেখে সহিংসতা ফুটে উঠেছে।  
৩. কুকুরের উল্লেখে অপমান করা হয়েছে।","১. হত্যার ইচ্ছা স্পষ্টভাবে বলা হয়েছে।  
২. মারধরের কথা বলায় সহিংসতা বোঝা যায়।  
৩. কুকুরের কথা দিয়ে অপমান করা হয়েছে।","১. হত্যার ইচ্ছা স্পষ্টভাবে প্রকাশ পেয়েছে।  
২. মারধরের হুমকি সহিংসতা নির্দেশ করে।  
৩. কুকুরের উল্লেখে অপমান করা হয়েছে।","১. হত্যার ইচ্ছা স্পষ্ট ভাষায় বলা হয়েছে।  
২. মারধরের হুমকি সহিংসতার লক্ষণ।  
৩. কুকুরের উল্লেখে অপমান স্পষ্ট।","১. হত্যার ইচ্ছা স্পষ্টভাবে প্রকাশ করা হয়েছে।  
২. মারধরের হুমকি সহিংস ভাষায় বলা।  
৩. কুকুরের উল্লেখে অপমান করা হয়েছে।"
ছেলেদের যেভাবে অপমান করছে।।আমি জাজদের চুদি,Gender,Offensive,"মন্তব্যটি অশালীন ভাষা ব্যবহার করে সরাসরি অবমাননাকর বক্তব্য দিয়েছে।
ন্যায়বিচার প্রতিষ্ঠায় থাকা ব্যক্তিদের প্রতি অসম্মান প্রদর্শন করায় এটি আপত্তিকর।
অশালীন ও অবজ্ঞাসূচক মনোভাব প্রকাশ করায় এটি গুরুতরভাবে অগ্রহণযোগ্য।","1. অশালীন ভাষা ব্যবহার করা হয়েছে।  
2. জাজদের অপমান করা হয়েছে।  
3. অবমাননাকর বক্তব্য দেওয়া হয়েছে।","1. অশ্লীল শব্দ ব্যবহার করা হয়েছে।  
2. বিচারকদের প্রতি অবমাননাকর ভাষা।  
3. যৌন সহিংসতার ইঙ্গিত দেওয়া হয়েছে।","1. ""জাজদের চুদি"" বাক্যটিতে অশ্লীল শব্দ ব্যবহৃত হয়েছে।  
2. বিচারকদের প্রতি অসম্মানজনক ভাষা ব্যবহার করা হয়েছে।  
3. যৌন সহিংসতার ইঙ্গিত প্রদান করা হয়েছে।","1. অশ্লীল ভাষা ব্যবহারের জন্য লেবেল সঠিক।  
2. বিচারকদের অপমান করা হয়েছে।  
3. যৌন সহিংসতার ইঙ্গিত রয়েছে।","1. অশ্রাব্য ভাষা ব্যবহার করা হয়েছে।  
2. বিচারকদের প্রতি অসম্মান দেখানো হয়েছে।  
3. যৌন সহিংসতার ইঙ্গিত দেওয়া হয়েছে।","1. জাজদের নিয়ে অশালীন ভাষা ব্যবহার করা হয়েছে।  
2. বিচারকদের প্রতি ঘৃণামূলক মন্তব্য করা হয়েছে।  
3. যৌন সহিংসতার ইঙ্গিত রয়েছে বাক্যে।","1. ""জাজদের"" শব্দটি অশালীনভাবে ব্যবহার করা হয়েছে।  
2. বিচারকদের প্রতি ঘৃণা প্রকাশ পেয়েছে।  
3. যৌন সহিংসতার ইঙ্গিত রয়েছে বাক্যে।","1. ""জাজদের"" শব্দে অশালীন ভাষা ব্যবহৃত হয়েছে।  
2. বিচারকদের প্রতি ঘৃণামূলক বক্তব্য রয়েছে।  
3. যৌন সহিংসতার ইঙ্গিত দেওয়া হয়েছে।","1. ""জাজদের"" শব্দটি অশালীন ও আপত্তিকর।  
2. বিচারকদের প্রতি ঘৃণা প্রকাশ পেয়েছে।  
3. যৌন সহিংসতার ইঙ্গিত দেওয়া হয়েছে।","1. ""জাজদের"" শব্দটি অশালীন ও আক্রমণাত্মক।  
2. বিচারকদের প্রতি ঘৃণা স্পষ্ট।  
3. যৌন সহিংসতার ইঙ্গিত আছে।","1. ""জাজদের"" শব্দটি অশালীন।  
2. বিচারকদের প্রতি ঘৃণা প্রকাশ।  
3. যৌন সহিংসতার ইঙ্গিত রয়েছে।","1. ""জাজদের"" শব্দটি অশালীন ভাষা ব্যবহার করা হয়েছে।  
2. বিচারকদের প্রতি ঘৃণামূলক ভাষা প্রকাশ পেয়েছে।  
3. যৌন সহিংসতার ইঙ্গিত দেওয়া হয়েছে।","1. ""জাজদের"" শব্দটি অশালীন ও আক্রমণাত্মক।  
2. বিচারকদের প্রতি স্পষ্ট ঘৃণা প্রকাশিত।  
3. যৌন সহিংসতার ইঙ্গিত অগ্রহণযোগ্য।","1. ""জাজদের"" শব্দটি অশালীন ও আপত্তিকর।  
2. বিচারকদের প্রতি ঘৃণা প্রকাশ পেয়েছে।  
3. যৌন সহিংসতার ইঙ্গিত অসহনীয়।","1. ""জাজদের"" শব্দটি অশালীন ভাষা ব্যবহার করা হয়েছে।  
2. বিচারকদের প্রতি ঘৃণামূলক বক্তব্য প্রকাশিত।  
3. যৌন সহিংসতার ইঙ্গিত অগ্রহণযোগ্য।","1. ""জাজদের"" শব্দে অশালীন ভাষা ব্যবহৃত হয়েছে।  
2. বিচারকদের প্রতি ঘৃণা প্রকাশ পেয়েছে।  
3. যৌন সহিংসতার ইঙ্গিত দেওয়া হয়েছে।","1. ""জাজদের চুদি"" অশালীন ভাষার উদাহরণ।  
2. বিচারকদের প্রতি ঘৃণা স্পষ্ট।  
3. যৌন সহিংসতার ইঙ্গিত রয়েছে।","1. ""জাজদের চুদি"" শব্দে অশালীন ভাষা ব্যবহৃত হয়েছে।  
2. বিচারকদের প্রতি বিদ্বেষপূর্ণ ভাষা দেখা যাচ্ছে।  
3. যৌন সহিংসতার ইঙ্গিত দেওয়া হয়েছে।","1. অশালীন ভাষা ব্যবহারের জন্য লেবেল সঠিক।  
2. বিচারকদের প্রতি বিদ্বেষ প্রকাশ পেয়েছে।  
3. যৌন সহিংসতার ইঙ্গিত রয়েছে বাক্যে।","1. অশালীন শব্দ ব্যবহার করা হয়েছে।  
2. বিচারকদের প্রতি ঘৃণা প্রকাশ পেয়েছে।  
3. যৌন সহিংসতার ইঙ্গিত দেওয়া হয়েছে।","1. অশালীন শব্দ ব্যবহারের জন্য লেবেল সঠিক।  
2. বিচারকদের প্রতি ঘৃণামূলক ভাষা দেখা যাচ্ছে।  
3. যৌন সহিংসতার ইঙ্গিত দেওয়া হয়েছে বাক্যে।"
জন্ম গত সমস্যার কারনে মিন্নীর এমন অবস্হা মিন্নী কে এন কাউন্টারে ফেলা দরকার।,Gender,Offensive,"মন্তব্যটি ব্যক্তিগত আক্রমণ এবং অপমানজনক ইঙ্গিত প্রদান করেছে।
নারীর প্রতি সহিংস মনোভাব প্রকাশ করে নেতিবাচক বক্তব্য দিয়েছে।
অমানবিক ও হিংসাত্মক ইঙ্গিত থাকার কারণে এটি গুরুতরভাবে আপত্তিকর।","1. ""মিন্নীকে অপমান করা হয়েছে""  
2. ""নারীর প্রতি হিংসাত্মক বক্তব্য""  
3. ""অমানবিক ইঙ্গিত রয়েছে""","1. ""মিন্নীকে অসম্মানজনকভাবে উল্লেখ করা হয়েছে""  
2. ""নারীর প্রতি নেতিবাচক দৃষ্টিভঙ্গি প্রকাশ পেয়েছে""  
3. ""মানবিকতা বিরোধী মন্তব্য করা হয়েছে""","1. ""মিন্নীকে অসম্মানজনক ভাষায় সম্বোধন করা হয়েছে""  
2. ""মহিলাদের প্রতি ঘৃণামূলক বক্তব্য""  
3. ""মানবাধিকার লঙ্ঘনের ইঙ্গিত রয়েছে""","1. ""মিন্নীকে অসম্মানজনক ভাষায় ডাকা হয়েছে""  
2. ""নারীদের প্রতি ঘৃণা প্রকাশ পেয়েছে""  
3. ""মানবাধিকার লঙ্ঘনের কথা বলা হয়েছে""","1. ""মিন্নীকে অসম্মানজনক ভাষায় উল্লেখ করা হয়েছে""  
2. ""নারীকে হেয় প্রতিপন্ন করার ভাষা ব্যবহৃত হয়েছে""  
3. ""মানুষের অধিকারকে অবমূল্যায়ন করা হয়েছে""","1. ""মিন্নীকে অসম্মানজনক ভাষায় ডাকা হয়েছে""  
2. ""নারীকে হীনমন্যতা দেখানো হয়েছে""  
3. ""মানুষের অধিকার অবহেলিত হয়েছে""","1. ""মিন্নীকে অসম্মানজনক ভাষায় উল্লেখ করা হয়েছে""  
2. ""নারীকে হেয় প্রতিপন্ন করার ভাষা ব্যবহৃত হয়েছে""  
3. ""মানুষের সম্মান লঙ্ঘন করা হয়েছে""","1. ""মিন্নীকে অসম্মানজনকভাবে উল্লেখ করা হয়েছে""  
2. ""নারীকে হেয় করার ভাষা ব্যবহৃত হয়েছে""  
3. ""মানুষের সম্মানহানি করা হয়েছে""","1. ""মিন্নীকে অসম্মানজনক শব্দে ডাকা হয়েছে""  
2. ""নারীকে হীনমন্যতায় ফেলা হয়েছে""  
3. ""মানুষের জন্মগত অবস্থা নিয়ে বিদ্রূপ করা হয়েছে""","1. ""মিন্নীকে অসম্মানজনকভাবে উল্লেখ করা হয়েছে""  
2. ""নারীকে নিচু চোখে দেখা হচ্ছে""  
3. ""জন্মগত ত্রুটি নিয়ে ঠাট্টা করা হয়েছে""","1. ""মিন্নীকে অসম্মানজনক শব্দে ডাকা হয়েছে""  
2. ""নারীকে হেয় প্রতিপন্ন করা হচ্ছে""  
3. ""জন্মগত সমস্যাকে বিদ্রূপ করা হয়েছে""","1. ""মিন্নীকে অসম্মানজনকভাবে উল্লেখ করা হয়েছে""  
2. ""নারীকে অপমান করার ভাষা ব্যবহৃত হয়েছে""  
3. ""জন্মগত ত্রুটিকে খারাপভাবে উপস্থাপন করা হয়েছে""","1. ""মিন্নীকে অসম্মানজনক শব্দে ডাকা হয়েছে""  
2. ""নারীকে হেয় প্রতিপন্ন করার ভাষা""  
3. ""জন্মগত ত্রুটিকে নেতিবাচকভাবে বর্ণনা করা""","1. ""মিন্নীকে অপমানজনকভাবে উল্লেখ করা হয়েছে""  
2. ""নারীকে হীনমন্যতা দেখানো হয়েছে""  
3. ""জন্মগত সমস্যাকে নেগেটিভভাবে উপস্থাপন করা""","1. ""মিন্নীকে অসম্মানজনক ভাষায় ডাকা হয়েছে""  
2. ""মহিলাদের প্রতি বিদ্বেষপূর্ণ মনোভাব দেখা যাচ্ছে""  
3. ""জন্মগত ত্রুটিকে খারাপভাবে বর্ণনা করা হয়েছে""","1. ""মিন্নীকে অসম্মানজনক ভাষায় উল্লেখ করা হয়েছে""  
2. ""মহিলাদের প্রতি নেতিবাচক দৃষ্টিভঙ্গি প্রকাশ পেয়েছে""  
3. ""জন্মগত ত্রুটিকে নেতিবাচকভাবে উপস্থাপন করা হয়েছে""","1. ""মিন্নীকে অসম্মানজনকভাবে উল্লেখ করা হয়েছে""  
2. ""মহিলাদের প্রতি নেতিবাচক মনোভাব দেখা যাচ্ছে""  
3. ""জন্মগত ত্রুটিকে হেয় করা হয়েছে""","1. ""মিন্নীকে অসম্মানজনক ভাষায় ডাকা হয়েছে""  
2. ""নারীদের প্রতি অবমাননাকর ভাষা ব্যবহৃত""  
3. ""জন্মগত সমস্যাকে তুচ্ছ করা হয়েছে""","1. ""মিন্নীকে অসম্মানজনক ভাষায় উল্লেখ করা হয়েছে""  
2. ""জন্মগত সমস্যাকে হেয় করা হয়েছে""  
3. ""নারীকে অবজ্ঞার সাথে সম্বোধন করা হয়েছে""","1. ""মিন্নীকে অসম্মানজনক ভাষায় ডাকা হয়েছে""  
2. ""জন্মগত ত্রুটিকে হাস্যকর করা হয়েছে""  
3. ""নারীকে অপমান করা হয়েছে""","1. ""মিন্নীকে অসম্মানজনক ভাষায় উল্লেখ করা হয়েছে""  
2. ""জন্মগত সমস্যাকে বিদ্রূপ করা হয়েছে""  
3. ""নারীকে হেয় প্রতিপন্ন করা হয়েছে"""
জবাকে আমি চুদব,Gender,Offensive,"মন্তব্যটি সরাসরি যৌন হয়রানির ইঙ্গিত দিয়ে অত্যন্ত অশালীন ভাষা ব্যবহার করেছে।
নারীর প্রতি অবমাননাকর এবং অসম্মানজনক মনোভাব প্রকাশ করা হয়েছে।
অশালীন ও অপমানজনক বক্তব্য হওয়ায় এটি গুরুতরভাবে আপত্তিকর।","1. অশালীন ভাষায় যৌন হুমকি দেওয়া হয়েছে।  
2. নারীর প্রতি ঘৃণ্য মনোভাব প্রকাশ পেয়েছে।  
3. ভাষাটি অত্যন্ত অপমানজনক ও আপত্তিকর।","1. যৌন হুমকি দেওয়ার জন্য এই লেবেল সঠিক।  
2. ভাষাটি অশালীন এবং আপত্তিকর।  
3. নারীকে অপমান করার মনোভাব দেখা যাচ্ছে।","1. যৌন হুমকি স্পষ্টভাবে প্রকাশ পাচ্ছে।  
2. ভাষাটি অশালীন এবং আক্রমণাত্মক।  
3. নারীকে অপমান করার ইঙ্গিত রয়েছে।","1. যৌন হুমকি স্পষ্টভাবে বলা হয়েছে।  
2. ভাষাটি অত্যন্ত আক্রমণাত্মক।  
3. নারীকে অপমান করার উদ্দেশ্য রয়েছে।","1. যৌন হুমকি স্পষ্টভাবে প্রকাশ পেয়েছে।  
2. ভাষাটি অশালীন ও আক্রমণাত্মক।  
3. নারীকে উদ্দেশ্য করে অপমান করা হয়েছে।","1. যৌন হুমকি স্পষ্টভাবে বলা হয়েছে।  
2. ভাষাটি অশালীন এবং আক্রমণাত্মক।  
3. নারীকে অপমান করার উদ্দেশ্য রয়েছে।","1. যৌন হুমকি স্পষ্টভাবে প্রকাশ পেয়েছে।  
2. ভাষাটি অশালীন এবং আক্রমণাত্মক।  
3. নারীকে অপমান করার ইঙ্গিত রয়েছে।","1. যৌন হুমকি স্পষ্টভাবে বলা হয়েছে।  
2. ভাষাটি অশালীন এবং আক্রমণাত্মক।  
3. নারীকে অপমান করার ইঙ্গিত আছে।","1. যৌন হুমকি স্পষ্টভাবে প্রকাশ পেয়েছে।  
2. ভাষাটি অশালীন এবং আক্রমণাত্মক।  
3. নারীকে অপমান করার ইঙ্গিত রয়েছে।","1. যৌন হুমকি স্পষ্টভাবে বলা হয়েছে।  
2. ভাষাটি অশালীন এবং আপত্তিকর।  
3. নারীকে অপমান করার উদ্দেশ্য রয়েছে।","1. অশালীন ভাষায় যৌন হুমকি দেওয়া হয়েছে।  
2. ভাষাটি আপত্তিকর এবং যৌন সহিংসতা বোঝায়।  
3. নারীকে অপমান করার ইচ্ছা স্পষ্ট।","1. যৌন হুমকি দেওয়ার জন্য অশালীন ভাষা ব্যবহৃত হয়েছে।  
2. ভাষায় যৌন সহিংসতার ইঙ্গিত স্পষ্ট।  
3. নারীকে অপমান করার উদ্দেশ্য প্রকাশ পেয়েছে।","1. অশালীন শব্দে যৌন হুমকি স্পষ্ট।  
2. ভাষায় যৌন সহিংসতার ইঙ্গিত আছে।  
3. নারীকে অপমান করার উদ্দেশ্য দেখা যায়।","1. অশালীন ভাষায় যৌন হুমকি দেওয়া হয়েছে।  
2. যৌন সহিংসতার ইঙ্গিত স্পষ্ট।  
3. নারীকে অপমান করার ভাষা ব্যবহৃত হয়েছে।","1. অশ্লীল শব্দে যৌন হুমকি দেওয়া হয়েছে।  
2. ভাষায় যৌন সহিংসতার ইঙ্গিত আছে।  
3. নারীকে অপমান করার উদ্দেশ্য দেখা যাচ্ছে।","১. যৌন হুমকি স্পষ্টভাবে প্রকাশিত।  
২. অশ্লীল ভাষা ব্যবহার করা হয়েছে।  
৩. সহিংসতার ইঙ্গিত পরিষ্কার।","১. যৌন হুমকি স্পষ্টভাবে বোঝা যায়।  
২. অশ্লীল শব্দ ব্যবহার করা হয়েছে।  
৩. সহিংসতার ইঙ্গিত স্পষ্ট।","১. যৌন হুমকি দেওয়ার জন্য অশ্লীল শব্দ ব্যবহৃত হয়েছে।  
২. শব্দটি সরাসরি যৌন সহিংসতার ইঙ্গিত দেয়।  
৩. বাক্যটিতে স্পষ্টভাবে হুমকির অভিপ্রায় রয়েছে।","১. অশ্লীল শব্দে যৌন হুমকি স্পষ্ট।  
২. সরাসরি যৌন সহিংসতার ইঙ্গিত দেওয়া হয়েছে।  
৩. হুমকির অভিপ্রায় সম্পূর্ণ স্পষ্ট।","১. যৌন হুমকি স্পষ্টভাবে প্রকাশিত।  
২. অশ্লীল ভাষায় সহিংসতার ইঙ্গিত।  
৩. হুমকির উদ্দেশ্য সম্পূর্ণ স্পষ্ট।","১. যৌন সহিংসতার স্পষ্ট উল্লেখ আছে।  
২. ভাষাটি অশ্লীল এবং হুমকিপূর্ণ।  
৩. উদ্দেশ্য সম্পূর্ণরূপে স্পষ্ট।"
জবাকে গোয়া মারা জাবি,Gender,Offensive,"মন্তব্যটি অত্যন্ত অশালীন এবং নারীর প্রতি সরাসরি অবমাননাকর ইঙ্গিত দিয়েছে।
নারীর প্রতি অপমানসূচক ও অসম্মানজনক মনোভাব প্রকাশ করা হয়েছে।
অশোভন ও অপমানজনক বক্তব্য হওয়ায় এটি গুরুতরভাবে আপত্তিকর।","1. ""জবাকে গোয়া মারা"" নারীদের প্রতি অশালীন ভাষা।  
2. এই বক্তব্য নারীর সম্মানহানিকর।  
3. অশোভন ইঙ্গিত থাকায় আপত্তিকর।","1. ""গোয়া মারা"" শব্দ অশালীন।  
2. নারীদের প্রতি অপমানজনক।  
3. ভাষাটি সম্মানহানিকর।","1. ""গোয়া মারা"" শব্দটি অশালীন ও আপত্তিকর।  
2. নারীদের প্রতি অবমাননাকর ভাষা ব্যবহৃত হয়েছে।  
3. বক্তব্যটি অসম্মানজনক ও ঘৃণ্য।","1. ""গোয়া মারা"" শব্দটি অশালীন ও যৌন ইঙ্গিতপূর্ণ।  
2. নারীদের প্রতি ঘৃণামূলক ভাষা ব্যবহার করা হয়েছে।  
3. বক্তব্যে অশালীনতা ও ঘৃণা প্রকাশ পেয়েছে।","1. ""গোয়া মারা"" শব্দে অশালীন ইঙ্গিত আছে।  
2. নারীদের প্রতি ঘৃণা প্রকাশ পেয়েছে।  
3. ভাষায় অশালীনতা ও ঘৃণা দেখা যায়।","1. ""গোয়া মারা"" শব্দে যৌন ইঙ্গিত আছে।  
2. নারীদের প্রতি অবমাননাকর ভাষা ব্যবহৃত হয়েছে।  
3. অশালীন শব্দে ঘৃণা প্রকাশ পেয়েছে।","1. ""গোয়া মারা"" শব্দে যৌন হিংসার ইঙ্গিত রয়েছে।  
2. নারীদের প্রতি ঘৃণামূলক ভাষা ব্যবহার করা হয়েছে।  
3. অশালীন শব্দে নারীদের অবমাননা করা হয়েছে।","1. ""গোয়া মারা"" শব্দে যৌন হিংসার ইঙ্গিত স্পষ্ট।  
2. নারীদের প্রতি ঘৃণামূলক ভাষা ব্যবহৃত হয়েছে।  
3. অশালীন শব্দে নারীদের অবমাননা করা হয়েছে।","1. ""গোয়া মারা"" শব্দে যৌন সহিংসতার ইঙ্গিত আছে।  
2. নারীদের প্রতি ঘৃণামূলক ভাষা ব্যবহার করা হয়েছে।  
3. অশালীন শব্দে নারীদের অপমান করা হয়েছে।","1. ""গোয়া মারা"" শব্দে যৌন হিংসার ইঙ্গিত।  
2. নারীদের প্রতি ঘৃণা প্রকাশ পেয়েছে।  
3. অশালীন ভাষায় নারীদের অপমান করা হয়েছে।","1. ""গোয়া মারা"" শব্দে যৌন হিংসার ইঙ্গিত রয়েছে।  
2. নারীদের প্রতি ঘৃণামূলক ভাষা ব্যবহৃত হয়েছে।  
3. অশালীন ভাষায় নারীদের অবমাননা করা হয়েছে।","1. ""গোয়া মারা"" শব্দে যৌন হিংসার ইঙ্গিত স্পষ্ট।  
2. নারীদের প্রতি ঘৃণামূলক ভাষা ব্যবহৃত।  
3. অশালীন ভাষায় নারীদের অবমাননা করা হয়েছে।","1. ""গোয়া মারা"" শব্দে যৌন হিংসার ইঙ্গিত আছে।  
2. নারীদের প্রতি ঘৃণামূলক ভাষা ব্যবহার করা হয়েছে।  
3. অশালীন ভাষায় নারীদের অপমান করা হয়েছে।","1. ""গোয়া মারা"" শব্দে যৌন হিংসার ইঙ্গিত স্পষ্ট।  
2. নারীদের প্রতি ঘৃণামূলক ভাষা ব্যবহৃত হয়েছে।  
3. অশালীন ভাষায় নারীদের অপমান করা হয়েছে।","1. ""গোয়া মারা"" শব্দে যৌন সহিংসতা বোঝায়।  
2. নারীদের প্রতি ঘৃণা প্রকাশ পেয়েছে।  
3. অশালীন ভাষায় নারীদের অবমাননা করা হয়েছে।","1. ""গোয়া মারা"" শব্দে যৌন সহিংসতার ইঙ্গিত রয়েছে।  
2. নারীদের প্রতি ঘৃণামূলক ভাষা ব্যবহৃত হয়েছে।  
3. অশালীন ভাষায় নারীদের অপমান করা হয়েছে।","1. ""গোয়া মারা"" শব্দে যৌন সহিংসতার ইঙ্গিত আছে।  
2. নারীদের প্রতি ঘৃণামূলক ভাষা ব্যবহার করা হয়েছে।  
3. অশালীন ভাষায় নারীদের অবমাননা করা হয়েছে।","1. ""গোয়া মারা"" শব্দে যৌন হিংসার ইঙ্গিত পাওয়া যায়।  
2. নারীদের প্রতি ঘৃণামূলক ভাষা স্পষ্ট।  
3. অশালীন ভাষায় নারীদের অপমান করা হয়েছে।","1. ""গোয়া মারা"" যৌন হিংসার ইঙ্গিত দেয়।  
2. নারীদের প্রতি ঘৃণা প্রকাশ পায়।  
3. অশালীন ভাষায় নারীদের অপমান করা হয়েছে।","1. ""গোয়া মারা"" শব্দটি যৌন সহিংসতা বোঝায়।  
2. নারীদের প্রতি ঘৃণামূলক ভাষা ব্যবহৃত হয়েছে।  
3. অশালীন ভাষায় নারীদের অবমাননা করা হয়েছে।","1. ""গোয়া মারা"" শব্দে যৌন সহিংসতার ইঙ্গিত আছে।  
2. নারীদের প্রতি ঘৃণামূলক ভাষা স্পষ্ট।  
3. অশালীন ভাষায় নারীদের অপমান করা হয়েছে।"
জবার আমি চুদতাম,Gender,Offensive,"মন্তব্যটি সরাসরি অশালীন এবং নারীর প্রতি যৌন হয়রানিমূলক ভাষা ব্যবহার করেছে।
নারীর প্রতি অসম্মান এবং অবমাননাকর মনোভাব প্রকাশ পেয়েছে।
অশ্লীল ও অপমানজনক বক্তব্য হওয়ায় এটি গুরুতরভাবে আপত্তিকর।","1. অশ্লীল ভাষায় নারীকে লক্ষ্য করা হয়েছে।  
2. যৌন হয়রানিমূলক বক্তব্য স্পষ্ট।  
3. নারীর অবমাননাকর ভাষা ব্যবহার করা হয়েছে।","1. অশ্লীল শব্দে নারীকে উদ্দেশ্য করা হয়েছে।  
2. যৌন সহিংসতার ইঙ্গিত স্পষ্ট।  
3. নারীকে অপমানজনক ভাষায় আক্রমণ।","1. অশ্লীল ভাষায় নারীকে লক্ষ্য করা হয়েছে।  
2. যৌন সহিংসতার ইঙ্গিত স্পষ্ট ভাবে আছে।  
3. নারীকে অপমানজনক ভাবে উল্লেখ করা হয়েছে।","1. অশ্লীল শব্দ ব্যবহার করা হয়েছে।  
2. যৌন সহিংসতার ইঙ্গিত স্পষ্ট।  
3. নারীকে অপমান করা হয়েছে।","1. অশ্লীল শব্দ ব্যবহারের জন্য লেবেল সঠিক।  
2. যৌন সহিংসতার ইঙ্গিত স্পষ্ট ভাবে আছে।  
3. নারীকে অপমান করার ভাষা ব্যবহৃত হয়েছে।","1. অশ্লীল ভাষা ব্যবহার করা হয়েছে।  
2. যৌন সহিংসতার ইঙ্গিত রয়েছে।  
3. নারীকে অপমানজনক ভাষা বলা হয়েছে।","1. অশ্লীল শব্দ ব্যবহার করা হয়েছে।  
2. যৌন সহিংসতার কথা বলা হয়েছে।  
3. নারীকে অপমান করা হয়েছে।","1. অশ্লীল শব্দ ব্যবহারের জন্য লেবেল সঠিক।  
2. যৌন সহিংসতার ইঙ্গিত দেওয়া হয়েছে।  
3. নারীকে অসম্মান করা হয়েছে ভাষায়।","1. অশ্লীল ভাষা ব্যবহার করা হয়েছে।  
2. যৌন সহিংসতার ইঙ্গিত আছে।  
3. নারীদের প্রতি অবমাননাকর ভাষা।","1. অশ্রাব্য শব্দ ব্যবহার করা হয়েছে।  
2. যৌন সহিংসতার কথা বলা হয়েছে।  
3. নারীদের প্রতি ঘৃণ্য ভাষা ব্যবহৃত হয়েছে।","1. অশ্লীল শব্দ ব্যবহারের জন্য লেবেল সঠিক।  
2. যৌন সহিংসতার ইঙ্গিত আছে এখানে।  
3. নারীদের প্রতি অবমাননাকর ভাষা ব্যবহৃত।","1. অশ্লীল শব্দ স্পষ্টভাবে ব্যবহৃত।  
2. যৌন সহিংসতার ইঙ্গিত বিদ্যমান।  
3. নারীদের প্রতি অবমাননাকর ভাষা।","1. অশ্লীল শব্দ ব্যবহারের জন্য লেবেল সঠিক।  
2. যৌন সহিংসতার ইঙ্গিত থাকায় সঠিক।  
3. নারীদের প্রতি অবজ্ঞা প্রকাশ পায়।","1. অশ্লীল ভাষা ব্যবহার করা হয়েছে।  
2. যৌন সহিংসতার ইঙ্গিত রয়েছে।  
3. নারীদের প্রতি ঘৃণা প্রকাশ পায়।","1. অশ্রাব্য শব্দ ব্যবহার করা হয়েছে।  
2. যৌন অপরাধের উল্লেখ আছে।  
3. নারীকে অপমান করা হয়েছে।","1. অশ্রাব্য শব্দ ""চুদতাম"" ব্যবহার করা হয়েছে।  
2. যৌন কাজের উল্লেখ আছে বাক্যে।  
3. নারীকে অসম্মান করা হয়েছে ইঙ্গিতে।","1. অশ্লীল শব্দ ব্যবহারের জন্য লেবেল সঠিক।  
2. যৌন কর্মের উল্লেখ আছে বলে লেবেল ঠিক।  
3. নারীদের প্রতি অসম্মান দেখানো হয়েছে।","1. অশ্লীল ভাষা ব্যবহারের কারণে লেবেল সঠিক।  
2. যৌন আচরণের উল্লেখ আছে।  
3. নারীদের প্রতি অবমাননাকর ভাষা।","1. অশ্লীল শব্দ ব্যবহার করা হয়েছে।  
2. যৌন কাজের বর্ণনা দেওয়া হয়েছে।  
3. নারীদের অপমানজনক ভাষা।","1. অশ্লীল শব্দ স্পষ্টভাবে ব্যবহৃত হয়েছে।  
2. যৌন কাজের বর্ণনা স্পষ্টভাবে করা হয়েছে।  
3. নারীদের প্রতি অপমানজনক ভাষা ব্যবহার করা হয়েছে।","1. অশ্লীল শব্দ ব্যবহারের জন্য লেবেল সঠিক।  
2. যৌন কাজের বর্ণনা স্পষ্ট আছে।  
3. নারীদের প্রতি অপমানজনক ভাষা ব্যবহৃত হয়েছে।"
জবার গুদ মারতে কত রুপী পরের ভিডিওতে জানিয়য়ে দিবেন দাদা,Gender,Offensive,"মন্তব্যটি অত্যন্ত অশালীন এবং নারীর প্রতি অবমাননাকর ইঙ্গিত দিয়েছে।
নারীর সম্মানহানির উদ্দেশ্যে যৌন হয়রানিমূলক ভাষা ব্যবহার করা হয়েছে।
অশালীন ও অসম্মানজনক বক্তব্য হওয়ায় এটি গুরুতরভাবে আপত্তিকর।
","1. যৌন ভাষা ব্যবহার করে নারীকে অপমান করা হয়েছে।  
2. অশালীন বক্তব্যে নারীর সম্মানহানি ঘটেছে।  
3. এই মন্তব্যটি নারীদের প্রতি ঘৃণ্য ইঙ্গিত বহন করে।","1. অশালীন শব্দে নারীকে লক্ষ্য করা হয়েছে।  
2. যৌন ইঙ্গিতপূর্ণ ভাষা ব্যবহৃত হয়েছে।  
3. নারীর সম্মানহানির উদ্দেশ্য স্পষ্ট।","1. যৌন ইঙ্গিতপূর্ণ শব্দ ব্যবহার করা হয়েছে।  
2. নারীকে অশালীনভাবে লক্ষ্য করা হয়েছে।  
3. নারীর সম্মানহানির ভাষা স্পষ্ট।","1. গালিগুলো যৌন অঙ্গ নির্দেশ করে।  
2. ভাষাটি অশালীন ও আপত্তিকর।  
3. নারীর প্রতি অবমাননাকর শব্দ ব্যবহৃত হয়েছে।","1. যৌন অঙ্গের উল্লেখ আছে।  
2. ভাষাটি খুবই অশালীন।  
3. নারীদের প্রতি অপমানজনক।","1. যৌন অঙ্গের উল্লেখ আছে স্পষ্টভাবে।  
2. অশালীন শব্দ ব্যবহার করা হয়েছে।  
3. নারীদের প্রতি অসম্মানজনক ভাষা।","1. যৌন অঙ্গের উল্লেখ আছে স্পষ্ট ভাষায়।  
2. গালিগুলো অশালীন ও আপত্তিকর।  
3. নারীদের প্রতি অসম্মানজনক ভাষা ব্যবহৃত হয়েছে।","1. গালিতে যৌন অঙ্গের স্পষ্ট উল্লেখ আছে।  
2. ভাষাটি অশালীন ও আপত্তিকর।  
3. নারীদের প্রতি অসম্মানজনক শব্দ ব্যবহৃত হয়েছে।","1. গালিতে যৌন অঙ্গের স্পষ্ট উল্লেখ আছে।  
2. ভাষাটি অশালীন ও আপত্তিকর।  
3. নারীদের প্রতি অসম্মানজনক শব্দ ব্যবহৃত হয়েছে।","1. যৌন অঙ্গের উল্লেখ আছে গালিতে।  
2. ভাষাটি অশালীন ও আপত্তিকর।  
3. নারীদের প্রতি অসম্মানজনক শব্দ ব্যবহৃত।","1. যৌন অঙ্গের উল্লেখ আছে বলে গালিটি অশালীন।  
2. অশালীন ভাষা ব্যবহারের জন্য আপত্তিকর।  
3. নারীদের প্রতি অসম্মানজনক শব্দ ব্যবহৃত হয়েছে।","1. যৌন অঙ্গের উল্লেখ থাকায় অশালীন।  
2. অশালীন শব্দ ব্যবহার করা হয়েছে।  
3. নারীদের প্রতি অসম্মানজনক ভাষা।","1. যৌন অঙ্গের উল্লেখ আছে।  
2. অশালীন শব্দ ব্যবহৃত হয়েছে।  
3. নারীদের প্রতি অসম্মানজনক ভাষা।","1. যৌন অঙ্গের উল্লেখ আছে ""গুদ"" শব্দে।  
2. ""গুদ মারতে"" অশালীন শব্দ ব্যবহৃত হয়েছে।  
3. ""জবার"" শব্দে নারীদের প্রতি অসম্মান।","1. ""গুদ"" শব্দটি যৌন অঙ্গ বোঝায়।  
2. ""গুদ মারতে"" অশালীন ভাষার উদাহরণ।  
3. ""জবার"" শব্দে নারীদের অবমাননা করা হয়েছে।","1. ""গুদ"" শব্দটি অশালীন ও যৌন অর্থ বহন করে।  
2. ""গুদ মারতে"" বাক্যটি অশালীন ও আপত্তিকর।  
3. ""জবার"" শব্দে নারীদের প্রতি অবজ্ঞা প্রকাশ পায়।","1. ""গুদ"" শব্দটি অশালীন ও যৌনতাপূর্ণ।  
2. ""গুদ মারতে"" বাক্যাংশটি আপত্তিকর ও অশোভন।  
3. ""জবার"" শব্দে নারীদের প্রতি অবমাননা প্রকাশ পায়।","1. ""গুদ"" শব্দটি অশালীন ও যৌনতাপূর্ণ ভাষা।  
2. ""গুদ মারতে"" বাক্যাংশে আপত্তিকর ইঙ্গিত রয়েছে।  
3. ""জবার"" শব্দে নারীদের প্রতি অপমান স্পষ্ট।","1. ""গুদ"" শব্দটি অশালীন ও যৌনতাপূর্ণ।  
2. ""জবার"" শব্দে নারীদের প্রতি অবমাননা।  
3. বাক্যটিতে আপত্তিকর যৌন ইঙ্গিত রয়েছে।","1. ""গুদ"" শব্দটি অশালীন ও যৌনতাপূর্ণ ভাষা।  
2. ""জবার"" শব্দে নারীদের প্রতি অপমানসূচক।  
3. পুরো বাক্যটিতে যৌন ইঙ্গিত স্পষ্ট।","1. ""গুদ"" শব্দটি অশালীন ও যৌনতাপূর্ণ।  
2. ""জবার"" শব্দে নারীদের প্রতি অবমাননাকর।  
3. পুরো বাক্যটি যৌন ইঙ্গিতপূর্ণ।"
জাজাদের দুধ টিপে মারা উচিৎ,Gender,Offensive,"মন্তব্যটি চরম অশালীন এবং অবমাননাকর বক্তব্য প্রকাশ করেছে।
ন্যায়বিচারের প্রতিনিধি হিসেবে জাজদের প্রতি হুমকিসূচক এবং অবমাননাকর ভাষা ব্যবহার করা হয়েছে।
অশালীন ভাষা এবং শারীরিক সহিংসতার ইঙ্গিতের কারণে এটি আপত্তিকর।","1. জাজদের প্রতি হিংসাত্মক উক্তি অগ্রহণযোগ্য।  
2. অশালীন ভাষা সমাজে অনৈতিক।  
3. হুমকিসূচক বক্তব্য আইনত দণ্ডনীয়।","১. হিংসাত্মক ভাষা ব্যবহার করা হয়েছে।  
২. জাজদের প্রতি আক্রমণাত্মক বক্তব্য।  
৩. উক্তিটি সহিংসতা উস্কে দেয়।","১. জাজদের বিরুদ্ধে হিংসাত্মক আহ্বান।  
২. শারীরিক ক্ষতির ইঙ্গিত দেওয়া হয়েছে।  
৩. উক্তিটি সহিংসতা প্রচার করে।","১. জাজাদের বিরুদ্ধে হিংসাত্মক ভাষা ব্যবহার করা হয়েছে।  
২. শারীরিক ক্ষতির হুমকি স্পষ্টভাবে দেওয়া হয়েছে।  
৩. উক্তিটি সহিংসতার প্রতি উৎসাহিত করছে।","১. ""জাজাদের"" বিরুদ্ধে হিংসাত্মক ভাষা ব্যবহৃত হয়েছে।  
২. শারীরিক ক্ষতির হুমকি স্পষ্টভাবে আছে।  
৩. উক্তিটি সহিংসতাকে উৎসাহিত করছে।","১. ""জাজাদের"" প্রতি হিংসাত্মক ভাষা ব্যবহার করা হয়েছে।  
২. শারীরিক ক্ষতির নির্দেশ দেওয়া হয়েছে।  
৩. উক্তিটি সহিংসতাকে সমর্থন করছে।","১. ""জাজাদের"" শব্দে বিদ্বেষ প্রকাশ পেয়েছে।  
২. ""দুধ টিপে মারা"" বলায় হিংসার ইঙ্গিত আছে।  
৩. বাক্যটি সহিংসতা উৎসাহিত করছে।","১. ""জাজাদের"" শব্দে ঘৃণা ফুটে উঠেছে।  
২. ""দুধ টিপে মারা"" হিংসাত্মক অভিব্যক্তি।  
৩. বাক্যটি সহিংসতা প্রচার করছে।","১. ""জাজাদের"" শব্দে ধর্মীয় বিদ্বেষ প্রকাশ পেয়েছে।  
২. ""দুধ টিপে মারা"" বলতে হিংসাকে উৎসাহিত করা হয়েছে।  
৩. বাক্যটি মুসলিমদের বিরুদ্ধে সহিংসতা প্রচার করে।","১. ""জাজাদের"" শব্দে মুসলিমদের প্রতি বিদ্বেষ দেখা যায়।  
২. ""দুধ টিপে মারা"" হিংসাত্মক কর্মকে নির্দেশ করে।  
৩. বাক্যটি মুসলিমদের বিরুদ্ধে সহিংসতা উসকে দেয়।","১. ""জাজাদের"" শব্দে মুসলিমদের প্রতি বিদ্বেষ প্রকাশ পায়।  
২. ""দুধ টিপে মারা"" হিংসাত্মক ইঙ্গিত বহন করে।  
৩. বাক্যটি মুসলিমদের বিরুদ্ধে সহিংসতা উৎসাহিত করে।","১. ""জাজাদের"" শব্দে মুসলিমদের প্রতি বিদ্বেষ প্রকাশ পায়।  
২. ""দুধ টিপে মারা"" হিংসাত্মক কর্মকাণ্ড বোঝায়।  
৩. বাক্যটি মুসলিমদের বিরুদ্ধে সহিংসতা উসকে দেয়।","১. ""জাজাদের"" শব্দে মুসলিমদের প্রতি বিদ্বেষ ফুটে উঠেছে।  
২. ""দুধ টিপে মারা"" বলতে হিংসাকে উৎসাহিত করা হয়েছে।  
৩. বাক্যটি মুসলিমদের বিরুদ্ধে সহিংসতা প্রচার করে।","১. ""জাজাদের"" শব্দে মুসলিমদের প্রতি বিদ্বেষ প্রকাশ পায়।  
২. ""দুধ টিপে মারা"" হিংসাত্মক কর্মকাণ্ডকে নির্দেশ করে।  
৩. বাক্যটি মুসলিমদের বিরুদ্ধে সহিংসতা উসকে দেয়।","১. ""জাজাদের"" শব্দে মুসলিমদের প্রতি বিদ্বেষ ফুটে উঠেছে।  
২. ""দুধ টিপে মারা"" বলতে হিংসাকে উৎসাহিত করা হয়েছে।  
৩. বাক্যটি মুসলিমদের বিরুদ্ধে সহিংসতা প্রচার করে।","১. ""জাজাদের"" শব্দে মুসলিমদের প্রতি বিদ্বেষ প্রকাশ পায়।  
২. ""দুধ টিপে মারা"" হিংসাত্মক কর্মকাণ্ডকে নির্দেশ করে।  
৩. বাক্যটি মুসলিমদের বিরুদ্ধে সহিংসতা উসকে দেয়।","১. ""জাজাদের"" শব্দে মুসলিমদের প্রতি বিদ্বেষ ফুটে উঠেছে।  
২. ""দুধ টিপে মারা"" বলতে হিংসাকে উৎসাহিত করা হয়েছে।  
৩. বাক্যটি মুসলিমদের বিরুদ্ধে সহিংসতা প্রচার করে।","১. ""জাজাদের"" শব্দে মুসলিমদের প্রতি বিদ্বেষ প্রকাশ।  
২. ""দুধ টিপে মারা"" হিংসাত্মক কর্মকাণ্ড উৎসাহিত করে।  
৩. বাক্যটি মুসলিমদের বিরুদ্ধে সহিংসতা প্রচার করে।","১. ""জাজাদের"" শব্দে মুসলিমদের প্রতি বিদ্বেষ ফুটে উঠেছে।  
২. ""দুধ টিপে মারা"" বলতে হিংসাকে উৎসাহিত করা হয়েছে।  
৩. বাক্যটি মুসলিমদের বিরুদ্ধে সহিংসতা প্রচার করছে।","১. ""জাজাদের"" শব্দে মুসলিমদের প্রতি বিদ্বেষ প্রকাশ পায়।  
২. ""দুধ টিপে মারা"" হিংসাত্মক কর্মকাণ্ডকে নির্দেশ করে।  
৩. বাক্যটি মুসলিমদের বিরুদ্ধে সহিংসতা উসকে দিচ্ছে।","১. ""জাজাদের"" শব্দে মুসলিমদের প্রতি বিদ্বেষ ফুটে উঠেছে।  
২. ""দুধ টিপে মারা"" বলতে হিংসাকে উৎসাহিত করা হয়েছে।  
৩. বাক্যটি মুসলিমদের বিরুদ্ধে সহিংসতা প্রচার করছে।"
জারা বাজে কমেন্ট করলে আসলে তদের মাকে জিগাস করিস তদের মাকি চুদা খেয়েচে কত জনের,Gender,Offensive,"মন্তব্যটি অত্যন্ত অশালীন এবং নারীদের প্রতি অবমাননাকর ইঙ্গিত দিয়েছে।
অপমানজনক ভাষা ব্যবহার করে ব্যক্তিগত সম্মানহানির প্রচেষ্টা করা হয়েছে।
অশ্লীল ও অবজ্ঞাসূচক মনোভাব প্রকাশ করায় এটি গুরুতরভাবে আপত্তিকর।","1. ""অশ্লীল ভাষায় নারীদের অপমান করা হয়েছে""  
2. ""ব্যক্তিগত সম্মানহানির চেষ্টা স্পষ্ট""  
3. ""অবমাননাকর ইঙ্গিত অগ্রহণযোগ্য""","1. ""নারীদের অশ্লীলভাবে অপমান করা হয়েছে""  
2. ""ব্যক্তিগতভাবে সম্মানহানি করার চেষ্টা""  
3. ""অশালীন ইঙ্গিত অগ্রহণযোগ্য""","1. ""মাকে অশালীন ভাষায় অপমান করা হয়েছে""  
2. ""ব্যক্তিগত সম্মানহানির চেষ্টা স্পষ্ট""  
3. ""অশ্লীল ইঙ্গিত সম্পূর্ণ অগ্রহণযোগ্য""","1. ""অশ্লীল ভাষায় মাকে অপমান করা হয়েছে""  
2. ""ব্যক্তিগতভাবে আক্রমণাত্মক ভাষা ব্যবহৃত""  
3. ""অশালীন ইঙ্গিতের মাধ্যমে সম্মানহানি করা হয়েছে""","1. ""মাকে অশ্লীল ভাষায় গালি দেওয়া হয়েছে""  
2. ""ব্যক্তিগত আক্রমণে মাকে লক্ষ্য করা হয়েছে""  
3. ""অশালীন ইঙ্গিতে মায়ের সম্মানহানি করা হয়েছে""","1. ""মাকে অশ্লীল ভাষায় গালি দেওয়া হয়েছে""  
কারণ: গালিতে অশ্লীল শব্দ ব্যবহার করা হয়েছে।  

2. ""ব্যক্তিগত আক্রমণে মাকে লক্ষ্য করা হয়েছে""  
কারণ: মাকে সরাসরি আক্রমণ করা হয়েছে।  

3. ""অশালীন ইঙ্গিতে মায়ের সম্মানহানি করা হয়েছে""  
কারণ: ইঙ্গিতের মাধ্যমে মায়ের সম্মান ক্ষুণ্ণ করা হয়েছে।","1. ""অশ্লীল শব্দ ব্যবহার করে মাকে গালি দেওয়া হয়েছে""  

2. ""মাকে সরাসরি আক্রমণ করা হয়েছে অশালীন ভাষায়""  

3. ""ইঙ্গিতের মাধ্যমে মায়ের সম্মান ক্ষুণ্ণ করা হয়েছে""","1. ""অশ্লীল ভাষায় মায়ের সম্মানহানি করা হয়েছে""  

2. ""সরাসরি মাকে গালি দেওয়ার উক্তি রয়েছে""  

3. ""জঘন্য শব্দে মায়ের অবমাননা করা হয়েছে""","1. ""অশ্লীল শব্দ ব্যবহার করে মায়ের সম্মানহানি করা হয়েছে""  

2. ""মাকে গালি দেওয়ার জন্য জঘন্য ভাষা ব্যবহৃত হয়েছে""  

3. ""উক্তিতে মায়ের অবমাননামূলক শব্দ রয়েছে""","1. ""অশ্লীল ভাষায় মায়ের সম্মানহানি করা হয়েছে""  

2. ""জঘন্য শব্দে মাকে গালি দেওয়া হয়েছে""  

3. ""মায়ের অবমাননাকর শব্দ ব্যবহৃত হয়েছে""","1. ""অশ্রাব্য ভাষায় মায়ের অপমান করা হয়েছে""  

2. ""জঘন্য শব্দে মাকে লক্ষ্য করে আক্রমণ""  

3. ""মায়ের সম্মানহানিকর ভাষা ব্যবহৃত হয়েছে""","1. ""অশ্রাব্য শব্দে মায়ের প্রতি আক্রমণ করা হয়েছে""  

2. ""জারার মাকে অশালীনভাবে লক্ষ্য করা হয়েছে""  

3. ""মায়ের সম্মানহানিকর ভাষা স্পষ্টভাবে ব্যবহৃত""","1. ""অশ্লীল ভাষায় মায়ের সম্মানহানি করা হয়েছে""  

2. ""জারার মাকে অশালীনভাবে উল্লেখ করা হয়েছে""  

3. ""মায়ের প্রতি যৌন আক্রমণাত্মক ভাষা ব্যবহৃত""","1. ""মায়ের বিরুদ্ধে যৌন সহিংসতার ইঙ্গিত দেওয়া হয়েছে""  

2. ""অশ্লীল ভাষায় মায়ের সম্মানহানি করা হয়েছে""  

3. ""জারার মাকে অশালীনভাবে অপমান করা হয়েছে""","1. ""মায়ের বিরুদ্ধে যৌন সহিংসতার উল্লেখ আছে""  

2. ""অশ্লীল ভাষায় মাকে লক্ষ্য করে আক্রমণ""  

3. ""জারার মাকে অশালীনভাবে হেয় করা হয়েছে""","1. ""মায়ের বিরুদ্ধে যৌন সহিংসতার উল্লেখ আছে"" – কারণ বক্তব্যে যৌন সহিংসতার ইঙ্গিত রয়েছে।  

2. ""অশ্লীল ভাষায় মাকে লক্ষ্য করে আক্রমণ"" – কারণ মাকে গালি দেওয়া হয়েছে অশালীন ভাষায়।  

3. ""জারার মাকে অশালীনভাবে হেয় করা হয়েছে"" – কারণ মাকে অপমানজনকভাবে উল্লেখ করা হয়েছে।","1. ""মায়ের বিরুদ্ধে যৌন সহিংসতার উল্লেখ আছে"" – যৌন সহিংসতার ইঙ্গিত স্পষ্ট।  

2. ""অশ্লীল ভাষায় মাকে লক্ষ্য করে আক্রমণ"" – অশালীন ভাষায় মাকে গালি দেওয়া হয়েছে।  

3. ""জারার মাকে অশালীনভাবে হেয় করা হয়েছে"" – মাকে অপমানজনকভাবে উল্লেখ করা হয়েছে।","1. ""মায়ের বিরুদ্ধে যৌন সহিংসতার উল্লেখ আছে"" – যৌন সহিংসতার ইঙ্গিত স্পষ্ট।  
কারণ: বাক্যে স্পষ্ট যৌন সহিংসতার উল্লেখ আছে।  

2. ""অশ্লীল ভাষায় মাকে লক্ষ্য করে আক্রমণ"" – অশালীন ভাষায় মাকে গালি দেওয়া হয়েছে।  
কারণ: অশ্লীল ভাষায় মাকে আক্রমণ করা হয়েছে।  

3. ""জারার মাকে অশালীনভাবে হেয় করা হয়েছে"" – মাকে অপমানজনকভাবে উল্লেখ করা হয়েছে।  
কারণ: মাকে অশালীনভাবে হেয় করা হয়েছে।","1. ""মায়ের বিরুদ্ধে যৌন সহিংসতার উল্লেখ আছে"" – বাক্যে স্পষ্ট যৌন সহিংসতা।  

2. ""অশ্লীল ভাষায় মাকে লক্ষ্য করে আক্রমণ"" – অশ্লীল ভাষায় মাকে গালি।  

3. ""জারার মাকে অশালীনভাবে হেয় করা হয়েছে"" – মাকে অপমানজনকভাবে উল্লেখ।","1. ""মায়ের বিরুদ্ধে যৌন সহিংসতার উল্লেখ আছে"" – বাক্যে স্পষ্ট যৌন সহিংসতা।  
কারণ: বাক্যে স্পষ্টভাবে যৌন সহিংসতার উল্লেখ আছে।  

2. ""অশ্লীল ভাষায় মাকে লক্ষ্য করে আক্রমণ"" – অশ্লীল ভাষায় মাকে গালি।  
কারণ: অশ্লীল ভাষায় মাকে গালি দেওয়া হয়েছে।  

3. ""জারার মাকে অশালীনভাবে হেয় করা হয়েছে"" – মাকে অপমানজনকভাবে উল্লেখ।  
কারণ: মাকে অশালীনভাবে অপমান করা হয়েছে।","1. ""মায়ের বিরুদ্ধে যৌন সহিংসতার উল্লেখ আছে"" – বাক্যে স্পষ্ট যৌন সহিংসতা।  
কারণ: বাক্যে স্পষ্টভাবে যৌন সহিংসতার উল্লেখ আছে।  

2. ""অশ্লীল ভাষায় মাকে লক্ষ্য করে আক্রমণ"" – অশ্লীল ভাষায় মাকে গালি।  
কারণ: অশ্লীল ভাষায় মাকে গালি দেওয়া হয়েছে।  

3. ""জারার মাকে অশালীনভাবে হেয় করা হয়েছে"" – মাকে অপমানজনকভাবে উল্লেখ।  
কারণ: মাকে অশালীনভাবে অপমান করা হয়েছে।"
জিবনে প্রথম তর বুদাটাকে দুই ট কাঁচামরিচ দিমু,Gender,Offensive,"মন্তব্যটি অশালীন এবং হুমকিসূচক ভাষার মাধ্যমে অবমাননাকর ইঙ্গিত দিয়েছে।
শারীরিক সহিংসতার ইঙ্গিত থাকায় এটি আপত্তিকর।
ব্যক্তির প্রতি অসম্মান প্রকাশ করায় এটি গুরুতরভাবে অগ্রহণযোগ্য।","1. ""শারীরিক ক্ষতির ইঙ্গিত আছে""  
2. ""অশালীন ভাষায় হুমকি দেওয়া হয়েছে""  
3. ""ব্যক্তির অবমাননা করা হয়েছে""","1. ""হুমকির ভাষায় মরিচ দেওয়ার কথা বলা হয়েছে""  
2. ""অশালীন ভাষায় শারীরিক ক্ষতির ইঙ্গিত""  
3. ""ব্যক্তিকে অপমান করে হুমকি দেওয়া হয়েছে""","1. ""মরিচ দেওয়ার কথা হুমকি হিসেবে ব্যবহৃত হয়েছে""  
2. ""শারীরিক ক্ষতির ইঙ্গিত দেওয়া হয়েছে অশালীন ভাষায়""  
3. ""ব্যক্তিকে অপমান করে হুমকি দেওয়ার ভাষা ব্যবহৃত হয়েছে""","1. ""কাঁচামরিচ দেওয়ার কথা হিংসাত্মক ইঙ্গিত দেয়""  
2. ""অশালীন ভাষায় শারীরিক ক্ষতির হুমকি""  
3. ""ব্যক্তিকে অপমান করার জন্য হুমকি দেওয়া হয়েছে""","1. ""কাঁচামরিচ দেওয়ার অর্থ শারীরিক ক্ষতি করা""  
2. ""অশালীন ভাষায় হুমকির ইঙ্গিত রয়েছে""  
3. ""ব্যক্তিকে অপমান করতে হিংসাত্মক ভাষা ব্যবহৃত হয়েছে""","1. ""হিংসাত্মক ইঙ্গিত আছে ভাষায়""  
2. ""অপমানের জন্য ব্যবহৃত শব্দ""  
3. ""শারীরিক ক্ষতির ইঙ্গিত দেওয়া হয়েছে""","1. ""কাঁচামরিচ দেওয়ার হুমকি শারীরিক ক্ষতির ইঙ্গিত""  
2. ""বুদা শব্দটি অপমানজনকভাবে ব্যবহৃত""  
3. ""হিংসাত্মক আচরণের কথা বলা হয়েছে""","1. ""কাঁচামরিচ দেওয়ার হুমকি শারীরিক ক্ষতির ইঙ্গিত"" – কারণ এখানে শারীরিক ক্ষতির হুমকি রয়েছে।  

2. ""বুদা শব্দটি অপমানজনকভাবে ব্যবহৃত"" – কারণ 'বুদা' শব্দটি অবমাননাকর অর্থে ব্যবহৃত।  

3. ""হিংসাত্মক আচরণের কথা বলা হয়েছে"" – কারণ হিংসার উস্কানি দেওয়া হয়েছে।","1. ""কাঁচামরিচ দেওয়ার অর্থ শারীরিক ক্ষতি করা।""  

2. ""বুদা শব্দটি অসম্মানজনক ভাবে ব্যবহার।""  

3. ""হিংসাত্মক আচরণের উস্কানি দেওয়া হয়েছে।""","1. ""কাঁচামরিচ দেওয়া হিংসাত্মক ইঙ্গিত বহন করে।""  

2. ""বুদা শব্দে ধর্মীয় অবমাননা রয়েছে।""  

3. ""হিংসা উস্কে দেওয়ার ভাষা ব্যবহৃত হয়েছে।""","1. ""বুদা শব্দে বৌদ্ধ ধর্মের প্রতি অপমান প্রকাশ পায়।""  

2. ""কাঁচামরিচ দেওয়ার কথা হিংসার ইঙ্গিত দেয়।""  

3. ""ভাষাটি ধর্মীয় সম্প্রদায়কে লক্ষ্য করে লেখা।""","1. ""বুদা শব্দটি বৌদ্ধ ধর্মের প্রতি অসম্মানজনক।""  

2. ""কাঁচামরিচ দেওয়ার কথা হিংসাত্মক ইঙ্গিত বহন করে।""  

3. ""বাক্যটি একটি ধর্মীয় গোষ্ঠীকে লক্ষ্য করে বলা।""","1. ""বুদা শব্দটি বৌদ্ধদের অপমান করতে ব্যবহৃত হয়েছে।""  

2. ""কাঁচামরিচ দেওয়ার অর্থ হিংসার ইঙ্গিত।""  

3. ""এখানে বৌদ্ধ ধর্মকে লক্ষ্য করে বলা হয়েছে।""","1. ""বুদা শব্দটি বৌদ্ধদের প্রতি অবমাননাকর।""  

2. ""কাঁচামরিচ দেওয়া হিংসাত্মক ইঙ্গিত বহন করে।""  

3. ""বৌদ্ধ ধর্মের প্রতি বিদ্বেষ প্রকাশ পেয়েছে।""","1. ""বুদা শব্দটি বৌদ্ধদের প্রতি অপমানজনক।""  

2. ""কাঁচামরিচ দেওয়ার ইঙ্গিত হিংসাত্মক।""  

3. ""বৌদ্ধ ধর্মের প্রতি বিদ্বেষ দেখা যাচ্ছে।""","1. ""বুদা শব্দটি বৌদ্ধদের অবমাননাকর।""  

2. ""কাঁচামরিচ দেওয়া হিংসার সংকেত।""  

3. ""বৌদ্ধ ধর্মের প্রতি বিদ্বেষ প্রকাশ পাচ্ছে।""","1. ""বুদা শব্দে বৌদ্ধদের অপমান।""  
2. ""কাঁচামরিচে হিংসার ইঙ্গিত।""  
3. ""বৌদ্ধ ধর্মের প্রতি বিদ্বেষ প্রকাশ।""","1. ""বুদা শব্দটি বৌদ্ধ ধর্মের অবমাননা করে।""  
2. ""কাঁচামরিচ দেওয়ার ইঙ্গিত হিংসাত্মক।""  
3. ""বৌদ্ধদের প্রতি বিদ্বেষ প্রকাশ পাচ্ছে।""","1. ""বুদা শব্দটি বৌদ্ধ ধর্মের অসম্মান দেখায়।""  
2. ""কাঁচামরিচ দেওয়া হিংসার প্রতীক।""  
3. ""বক্তব্যে বৌদ্ধদের প্রতি ঘৃণা ফুটে উঠেছে।""","1. ""বুদা শব্দটি অশালীনভাবে ব্যবহৃত হয়েছে।""  
2. ""কাঁচামরিচ দেওয়ার অর্থ হিংসা প্রকাশ।""  
3. ""বৌদ্ধদের প্রতি অবমাননাকর ভাষা ব্যবহার করা হয়েছে।""","1. ""বুদা শব্দটি অসম্মানজনক ভাবে ব্যবহৃত হয়েছে।""  
2. ""কাঁচামরিচ দেওয়ার অর্থ হিংসাত্মক ইঙ্গিত।""  
3. ""বৌদ্ধ ধর্মের প্রতি অপমানকর ভাষা ব্যবহার করা হয়েছে।"""
জুতা পিটা করো রানুকে,Gender,Violence,"মন্তব্যটি সরাসরি সহিংসতার আহ্বান জানিয়েছে, যা আপত্তিকর।
ব্যক্তিকে অপমান করার উদ্দেশ্যে হুমকিসূচক ভাষা ব্যবহার করা হয়েছে।
সহিংসতার ইঙ্গিত থাকায় এটি সামাজিকভাবে অগ্রহণযোগ্য।","1. ""জুতা পিটা করো"" সহিংসতার সরাসরি উস্কানি।  
2. ""রানুকে"" লক্ষ্য করে অপমান করা হয়েছে।  
3. হুমকির ভাষা সামাজিকভাবে অনৈতিক।","1. ""জুতা পিটা করো"" সহিংসতা উস্কে দেয়।  
2. ""রানুকে"" লক্ষ্য করে অপমান করা।  
3. হুমকি সামাজিকভাবে অনৈতিক।","1. ""জুতা পিটা করো"" শব্দে সহিংসতার ইঙ্গিত রয়েছে।  
2. ""রানুকে"" নামটি লক্ষ্য করে অপমান করা হচ্ছে।  
3. এই বক্তব্য সামাজিকভাবে অনৈতিক ও হুমকিপূর্ণ।","1. ""জুতা পিটা"" শব্দে সরাসরি সহিংসতার উস্কানি দেওয়া হয়েছে।  
2. ব্যক্তিগত নাম নিয়ে অপমানজনক ভাষা ব্যবহার করা হয়েছে।  
3. বক্তব্যটি হুমকিস্বরূপ ও সমাজবিরোধী।","1. ""জুতা পিটা"" শব্দে সহিংসতা উস্কে দেয়।  
2. রানুকে অপমান করা হয়েছে।  
3. হুমকি দেওয়া হয়েছে সমাজে।","1. ""জুতা পিটা"" শব্দে সহিংসতার ইঙ্গিত রয়েছে।  
2. রানুকে লক্ষ্য করে অপমান করা হয়েছে।  
3. এটি সমাজে হুমকির মতো শোনায়।","1. ""জুতা পিটা"" শব্দে সহিংসতা প্রকাশ পায়।  
2. ব্যক্তিগতভাবে রানুকে আক্রমণ করা হয়েছে।  
3. হুমকিসূচক ভাষা ব্যবহার করা হয়েছে।","1. ""জুতা পিটা"" শব্দে সহিংসতার ইঙ্গিত আছে।  
2. রানুকে লক্ষ্য করে আক্রমণাত্মক ভাষা।  
3. হুমকি দেওয়ার মতো শব্দ ব্যবহৃত হয়েছে।","1. ""জুতা পিটা"" শব্দে সহিংসতার ইঙ্গিত রয়েছে।  
2. ব্যক্তিগত আক্রমণ করা হয়েছে রানুকে।  
3. হুমকি দেওয়ার মতো ভাষা ব্যবহৃত হয়েছে।","1. ""জুতা পিটা"" শব্দে সহিংসতা প্রকাশ পায়।  
2. রানুকে লক্ষ্য করে আক্রমণাত্মক ভাষা।  
3. হুমকিসূচক বাক্য ব্যবহৃত হয়েছে।","1. ""জুতা পিটা"" শব্দে সরাসরি সহিংসতার ইঙ্গিত রয়েছে।  
2. ব্যক্তিগতভাবে রানুকে লক্ষ্য করে আক্রমণ করা হয়েছে।  
3. বাক্যটি হুমকির মতো শোনাচ্ছে।","1. ""জুতা পিটা"" শব্দে সহিংসতা প্রকাশ পায়।  
2. রানুকে লক্ষ্য করে আক্রমণাত্মক ভাষা।  
3. হুমকিসূচক বাক্য স্পষ্ট।","1. ""জুতা পিটা"" শব্দে সহিংসতার ইঙ্গিত আছে।  
2. ব্যক্তিগতভাবে রানুকে লক্ষ্য করা হয়েছে।  
3. হিংসাত্মক হুমকি স্পষ্টভাবে প্রকাশিত।","1. ""জুতা পিটা"" শব্দে হিংসার ইঙ্গিত  
2. রানুকে ব্যক্তিগতভাবে আক্রমণ  
3. হুমকি স্পষ্টভাবে প্রকাশ পেয়েছে","1. ""জুতা পিটা"" শব্দে শারীরিক হিংসার ইঙ্গিত  
2. ব্যক্তিগতভাবে রানুকে লক্ষ্য করে বলা  
3. হুমকি স্পষ্টভাবে প্রকাশ পেয়েছে বাক্যে","1. ""জুতা পিটা"" শারীরিক হিংসার নির্দেশ করে।  
2. রানুকে সরাসরি টার্গেট করা হয়েছে।  
3. হুমকির ভাষা স্পষ্টভাবে ব্যবহৃত হয়েছে।","1. ""জুতা পিটা"" শারীরিক হিংসার ইঙ্গিত দেয়।  
2. ব্যক্তিগতভাবে রানুকে লক্ষ্য করা হয়েছে।  
3. হুমকি স্পষ্টভাবে প্রকাশ পেয়েছে।","1. ""জুতা পিটা"" হিংসাত্মক কর্মকাণ্ড বোঝায়।  
2. সরাসরি রানুকে লক্ষ্য করে বলা হয়েছে।  
3. হুমকির ভাষা স্পষ্টভাবে ব্যবহৃত হয়েছে।","1. ""জুতা পিটা"" হিংসার ইঙ্গিত দেয়।  
2. ব্যক্তিগতভাবে রানুকে টার্গেট করা।  
3. হুমকির ভাষা স্পষ্ট।","1. ""জুতা পিটা"" শব্দে হিংসা প্রকাশ পায়।  
2. রানুকে সরাসরি আক্রমণের লক্ষ্য করা হয়েছে।  
3. ভাষায় স্পষ্ট হুমকির আভাস রয়েছে।","1. ""জুতা পিটা"" হিংসাত্মক শব্দ।  
2. রানুকে লক্ষ্য করে আক্রমণ।  
3. স্পষ্ট হুমকির ভাষা।"
জুতা মদির কপালে,Gender,Violence,"মন্তব্যটি ব্যক্তির প্রতি অবমাননাকর এবং শারীরিক হুমকি প্রকাশ করেছে।
সহিংসতার ইঙ্গিত এবং অপমানসূচক বক্তব্য থাকায় এটি আপত্তিকর।
অপমানজনক মনোভাব এবং নেতিবাচক ভাষার কারণে এটি অগ্রহণযোগ্য।","1. শারীরিক হুমকির ইঙ্গিত রয়েছে  
2. অপমানসূচক ভাষা ব্যবহৃত হয়েছে  
3. সহিংসতার উদ্রেক করতে পারে","1. ""জুতা মারা"" শারীরিক হুমকির ইঙ্গিত দেয়।  
2. ""কপালে"" অপমানসূচক ভাষা হিসেবে ব্যবহৃত হয়েছে।  
3. এই বাক্য সহিংসতা উদ্রেক করতে পারে।","1. ""জুতা মারা"" হিংসাত্মক আচরণ বোঝায়।  
2. ""কপালে"" শব্দটি অবমাননাকর।  
3. বাক্যটি উত্তেজনা সৃষ্টি করতে পারে।","1. ""জুতা মারা"" হিংসার ইঙ্গিত দেয়।  
2. ""কপালে"" শব্দে অপমান প্রকাশ পায়।  
3. বাক্যটি উত্তেজক ভাষা ব্যবহার করে।","1. ""জুতা মারা"" হিংসাত্মক আচরণ বোঝায়।  
2. ""কপালে"" শব্দে অপমানের ভাব আছে।  
3. বাক্যটি উত্তেজনা সৃষ্টি করতে পারে।","1. ""জুতা মারা"" হিংসাত্মক আচরণ নির্দেশ করে।  
2. ""কপালে"" শব্দে অপমানের ইঙ্গিত আছে।  
3. বাক্যটি উত্তেজনা সৃষ্টিকারী।","1. ""জুতা মারা"" হিংসার সংকেত দেয়।  
2. ""কপালে"" শব্দে অপমান জড়িত।  
3. বাক্যটি উত্তেজনা বাড়ায়।","1. ""জুতা মারা"" হিংসাত্মক আচরণ বোঝায়।  
2. ""কপালে"" শব্দে অপমানের ইঙ্গিত আছে।  
3. বাক্যটি উত্তেজনা সৃষ্টি করতে পারে।","1. ""জুতা মারা"" হিংসার সংকেত দেয়।  
2. ""কপালে"" শব্দে অপমান প্রকাশ পায়।  
3. বাক্যটি উত্তেজনা বাড়াতে পারে।","1. ""জুতা মারা"" হিংসাত্মক আচরণ বোঝায়।  
2. ""কপালে"" শব্দে ধর্মীয় অপমান স্পষ্ট।  
3. বাক্যটি সাম্প্রদায়িক উত্তেজনা বাড়াতে পারে।","1. ""জুতা মারা"" হিংসার ইঙ্গিত দেয়।  
2. ""কপালে"" ধর্মীয় অবমাননার সংকেত।  
3. বাক্যটি সাম্প্রদায়িক বিভেদ বাড়ায়।","1. ""জুতা মারা"" হিংসাত্মক আচরণ বোঝায়।  
2. ""কপালে"" ধর্মীয় অনুভূতিতে আঘাত করে।  
3. বাক্যটি সাম্প্রদায়িক উত্তেজনা সৃষ্টি করতে পারে।","1. ""জুতা মারা"" হিংসার ইঙ্গিত দেয়।  
2. ""কপালে"" ধর্মীয় ভাবনা আঘাত করে।  
3. সাম্প্রদায়িক বিভেদ বাড়াতে পারে।","1. ""জুতা মারা"" হিংসাত্মক আচরণ বোঝায়।  
2. ""কপালে"" ধর্মীয় অনুভূতিতে আঘাত করে।  
3. সাম্প্রদায়িক উত্তেজনা সৃষ্টি করতে পারে।","1. ""জুতা মারা"" হিংসার ইঙ্গিত দেয়।  
2. ""কপালে"" ধর্মীয় ভাবাবেগে আঘাত করে।  
3. সাম্প্রদায়িক বিভেদ বাড়াতে পারে।","1. ""জুতা মারা"" হিংসাত্মক আচরণ বোঝায়।  
2. ""কপালে"" ধর্মীয় অনুভূতিতে আঘাত করতে পারে।  
3. এই বাক্য সাম্প্রদায়িক উত্তেজনা বাড়াতে সক্ষম।","1. ""জুতা মারা"" হিংসার ইঙ্গিত দেয়।  
2. ""কপালে"" ধর্মীয় ভাবনা আঘাত করে।  
3. সাম্প্রদায়িক বিভেদ বাড়াতে পারে।","1. ""জুতা মারা"" হিংসাত্মক আচরণকে উৎসাহিত করে।  
2. ""কপালে"" ধর্মীয় অনুভূতিতে আঘাত করতে পারে।  
3. এই বক্তব্য সাম্প্রদায়িক উত্তেজনা সৃষ্টি করতে পারে।","1. ""জুতা মারা"" হিংসার ইঙ্গিত দেয়।  
2. ""কপালে"" ধর্মীয় ভাবাবেগে আঘাত করে।  
3. বক্তব্য সাম্প্রদায়িক বিভেদ বাড়াতে পারে।","1. ""জুতা মারা"" হিংসাত্মক আচরণ বোঝায়।  
2. ""কপালে"" ধর্মীয় অনুভূতিতে আঘাত করতে পারে।  
3. বক্তব্য সাম্প্রদায়িক উত্তেজনা বাড়াতে সক্ষম।","1. ""জুতা মারা"" হিংসার ইঙ্গিত দেয়।  
2. ""কপালে"" ধর্মীয় ভাবনা আঘাত করতে পারে।  
3. বক্তব্য সাম্প্রদায়িক বিভেদ বাড়ায়।"
জুতা মার তালে তালে পাপনের গালে,Gender,Offensive,"মন্তব্যটি সরাসরি শারীরিক সহিংসতার আহ্বান জানিয়েছে।
বক্তব্যে অপমানজনক ও হুমকিসূচক মনোভাব প্রকাশ করা হয়েছে।
সহিংসতার উস্কানি দেওয়ায় এটি গুরুতরভাবে আপত্তিকর।","1. ""জুতা মার"" বলায় সরাসরি সহিংসতার নির্দেশনা আছে।  
2. ""পাপনের গালে"" বলায় ব্যক্তিগত আক্রমণ করা হয়েছে।  
3. হুমকি ও অপমান স্পষ্টভাবে প্রকাশ পেয়েছে।","1. সহিংসতার উস্কানি দেওয়া হয়েছে।  
2. ব্যক্তিগতভাবে আক্রমণ করা হয়েছে।  
3. হুমকি ও অপমান স্পষ্ট।","1. গালে জুতা মারার কথা বলা হয়েছে।  
2. পাপনকে সরাসরি লক্ষ্য করা হয়েছে।  
3. হিংসাত্মক ভাষা স্পষ্ট।","1. গালে জুতা মারার হুমকি দেওয়া হয়েছে।  
2. পাপনকে স্পষ্টভাবে লক্ষ্য করে বলা।  
3. হিংসাত্মক ভাষা ব্যবহার করা হয়েছে।","1. পাপনের গালে জুতা মারার কথা বলা হয়েছে।  
2. সরাসরি পাপনকে লক্ষ্য করে উক্তি করা।  
3. হিংসাত্মক শব্দ ব্যবহার করা হয়েছে।","1. পাপনের প্রতি হিংসাত্মক উক্তি করা হয়েছে।  
2. জুতা মারার হুমকি দেওয়া হয়েছে।  
3. লক্ষ্য করে অপমান করা হয়েছে।","1. পাপনের গালে জুতা মারার কথা বলা হয়েছে।  
2. এটি একটি হিংসাত্মক উক্তি।  
3. পাপনকে লক্ষ্য করে অপমান করা হয়েছে।","1. গালে জুতা মারার হুমকি দেওয়া হয়েছে।  
2. পাপনের প্রতি হিংসাত্মক ইঙ্গিত রয়েছে।  
3. অপমানজনক ভাষা ব্যবহার করা হয়েছে।","1. গালে জুতা মারার কথা বলা হয়েছে।  
2. পাপনের প্রতি হিংসার ইঙ্গিত আছে।  
3. অপমানজনক শব্দ ব্যবহার করা হয়েছে।","1. গালে জুতা মারার হুমকি দেওয়া হয়েছে।  
2. পাপনের প্রতি বিদ্বেষ প্রকাশ পেয়েছে।  
3. অপমানজনক ভাষা ব্যবহৃত হয়েছে।","1. গালে জুতা মারার কথা বলা হয়েছে।  
2. পাপনের প্রতি বিদ্বেষ দেখা যাচ্ছে।  
3. অপমানজনক শব্দ ব্যবহার করা হয়েছে।","1. গালে জুতা মারার হুমকি দেওয়া হয়েছে।  
2. পাপনের প্রতি বিদ্বেষপূর্ণ ভাষা ব্যবহৃত হয়েছে।  
3. অপমানজনক ভাষায় হেয়প্রতিপন্ন করা হয়েছে।","1. গালে জুতা মারার কথা বলা হয়েছে।  
2. পাপনের প্রতি বিদ্বেষ প্রকাশ পেয়েছে।  
3. অপমানজনক ভাষা ব্যবহার করা হয়েছে।","1. গালে জুতা মারার হুমকি দেওয়া হয়েছে।  
2. পাপনের প্রতি বিদ্বেষমূলক ভাষা ব্যবহৃত হয়েছে।  
3. অপমানজনক শব্দ ব্যবহার করে হেয় করা হয়েছে।","1. গালে জুতা মারার হুমকি স্পষ্ট।  
2. বিদ্বেষমূলক ভাষা ব্যবহার করা হয়েছে।  
3. অপমানজনক শব্দে হেয়প্রকাশ করা হয়েছে।","১. হুমকি স্পষ্টভাবে প্রকাশিত হয়েছে।  
২. বিদ্বেষপূর্ণ শব্দ ব্যবহার করা হয়েছে।  
৩. অপমানজনক ভাষায় হেয়প্রকাশ করা হয়েছে।","১. ""জুতা মার"" শব্দে হুমকির ইঙ্গিত আছে।  
২. ""পাপনের গালে"" অপমানজনক ভাষা ব্যবহার হয়েছে।  
৩. ""তালে তালে"" বিদ্বেষপূর্ণ ভাব প্রকাশ পেয়েছে।","১. ""জুতা মার"" হুমকির ভাষা প্রকাশ করে।  
২. ""পাপনের গালে"" অপমানসূচক শব্দ ব্যবহৃত হয়েছে।  
৩. ""তালে তালে"" বিদ্বেষমূলক ভাব ফুটে উঠেছে।","১. ""জুতা মার"" শব্দে হিংসার ইঙ্গিত রয়েছে।  
২. ""পাপনের গালে"" বলায় ব্যক্তিগত আক্রমণ করা হয়েছে।  
৩. ""তালে তালে"" শব্দে বিদ্বেষ প্রকাশ পেয়েছে।","১. ""জুতা মার"" শব্দে হিংসার ইঙ্গিত স্পষ্ট।  
২. ""পাপনের গালে"" ব্যক্তিগত আক্রমণ বোঝায়।  
৩. ""তালে তালে"" শব্দে বিদ্বেষ ফুটে উঠেছে।","১. ""জুতা মার"" হিংসাত্মক কর্মকাণ্ড নির্দেশ করে।  
২. ""পাপনের গালে"" ব্যক্তিকে লক্ষ্য করে আক্রমণ।  
৩. ""তালে তালে"" শব্দে বিদ্বেষপূর্ণ ভাব প্রকাশ পায়।"
জুতা মার সাকিব কে,Gender,Offensive,"মন্তব্যটি সরাসরি হুমকির মাধ্যমে সহিংসতার ইঙ্গিত দিয়েছে।
ব্যক্তির প্রতি অপমানসূচক মনোভাব দেখানো হয়েছে।
অপমানজনক এবং নেতিবাচক বক্তব্য হওয়ায় এটি অগ্রহণযোগ্য।","1. ""জুতা মার"" শব্দগুচ্ছ সরাসরি সহিংসতার ইঙ্গিত দেয়।  
2. সাকিবকে অপমান করার মনোভাব প্রকাশ পেয়েছে।  
3. নেতিবাচক ও আক্রমণাত্মক ভাষা ব্যবহার করা হয়েছে।","1. সহিংসতার নির্দেশনা রয়েছে বাক্যে।  
2. ব্যক্তিকে অপমান করার ভাষা ব্যবহৃত।  
3. আক্রমণাত্মক শব্দ ব্যবহার করা হয়েছে।","1. ""জুতা মার"" বলায় সহিংসতার ইঙ্গিত আছে।  
2. ""সাকিব কে"" বলে ব্যক্তিকে টার্গেট করা।  
3. ""জুতা মার"" আক্রমণাত্মক শব্দ।","1. ""জুতা মার"" বলায় সহিংসতা প্রকাশ পায়।  
2. ব্যক্তিকে লক্ষ্য করে আক্রমণ করা হয়েছে।  
3. শব্দগতভাবে আক্রমণাত্মক ভাষা ব্যবহৃত।","1. ""জুতা মার"" বলতে শারীরিক আক্রমণের ইঙ্গিত আছে।  
2. সাকিবকে সরাসরি টার্গেট করে বলা হয়েছে।  
3. ভাষাটি অত্যন্ত আক্রমণাত্মক ও অপমানজনক।","1. ""জুতা মার"" শারীরিক হুমকির ইঙ্গিত দেয়।  
2. সাকিবকে লক্ষ্য করে আক্রমণাত্মক ভাষা।  
3. অপমানজনক ভাষা ব্যবহার করা হয়েছে।","1. ""জুতা মার"" শারীরিক নির্যাতনের হুমকি দেয়।  
2. সাকিবকে সরাসরি আক্রমণ করা হয়েছে।  
3. ভাষাটি অপমানজনক ও আক্রমণাত্মক।","1. শারীরিক হুমকি স্পষ্টভাবে প্রকাশ পেয়েছে।  
2. ব্যক্তিকে লক্ষ্য করে আক্রমণ করা হয়েছে।  
3. ভাষার ব্যবহার অত্যন্ত আপত্তিকর।","1. সাকিবকে জুতা মারার হুমকি দেওয়া হয়েছে।  
2. সরাসরি সাকিবকে টার্গেট করে কথা বলা।  
3. ভাষাটি খুবই আক্রমণাত্মক ও অপমানজনক।","1. সাকিবকে জুতা মারার হুমকি স্পষ্ট।  
2. সরাসরি সাকিবকে লক্ষ্য করে বলা।  
3. ভাষাটি অত্যন্ত আক্রমণাত্মক ও ঘৃণ্য।","1. সাকিবকে সরাসরি হুমকি দেওয়া হয়েছে।  
2. ভাষায় সহিংসতার ইঙ্গিত স্পষ্ট।  
3. বক্তব্যে ঘৃণা ও আক্রমণাত্মক ভাব প্রকাশিত।","1. সাকিবকে জুতা মারার হুমকি দেওয়া হয়েছে।  
2. বক্তব্যে সহিংসতার স্পষ্ট প্রকাশ।  
3. ঘৃণামূলক ভাষার ব্যবহার করা হয়েছে।","1. সাকিবকে জুতা মারার হুমকি স্পষ্ট।  
2. সহিংসতার উল্লেখ আছে বক্তব্যে।  
3. ঘৃণামূলক ভাষা ব্যবহার করা হয়েছে।","1. সাকিবকে জুতা মারার হুমকি দেওয়া হয়েছে।  
2. সহিংসতার ইঙ্গিত স্পষ্টভাবে আছে।  
3. ঘৃণাসূচক শব্দ ব্যবহার করা হয়েছে।","1. হুমকি স্পষ্টভাবে প্রকাশ পেয়েছে।  
2. সহিংসতার ইঙ্গিত রয়েছে বাক্যে।  
3. ঘৃণাসূচক ভাষা ব্যবহার করা হয়েছে।","1. স্পষ্টভাবে হুমকি দেওয়া হয়েছে।  
2. সহিংসতার কথা বলা হয়েছে।  
3. ঘৃণামূলক শব্দ ব্যবহৃত হয়েছে।","1. সাকিবকে জুতা মারার হুমকি দেওয়া হয়েছে।  
2. সহিংসতার উল্লেখ আছে বাক্যে।  
3. ঘৃণাসূচক ভাষা ব্যবহার করা হয়েছে।","1. সাকিবকে জুতা মারার হুমকি আছে।  
2. সহিংসতার ইঙ্গিত দেওয়া হয়েছে।  
3. ঘৃণামূলক ভাষা ব্যবহার করা হয়েছে।","1. সাকিবকে জুতা মারার কথা বলা হয়েছে।  
2. হুমকি দেওয়ার ভাষা ব্যবহার করা হয়েছে।  
3. এটি ঘৃণাসূচক বক্তব্য।","1. সাকিবকে অপমান করা হয়েছে।  
2. হিংসাত্মক ভাষা ব্যবহৃত হয়েছে।  
3. এটি সহিংসতা উস্কে দিচ্ছে।","1. সাকিবকে অপমানজনক ভাষায় আক্রমণ করা হয়েছে।  
2. জুতার কথা বলে হিংসাত্মক বার্তা দেওয়া হয়েছে।  
3. এটি সহিংসতার প্রতি উৎসাহিত করছে।"
জুতা মারি পাপনের কপাল,Gender,Offensive,"মন্তব্যটি শারীরিক সহিংসতার ইঙ্গিত দিয়ে নেতিবাচক মনোভাব প্রকাশ করেছে।
বক্তব্যটি অপমানসূচক এবং হুমকিসূচক ভাষা ব্যবহার করেছে।
সহিংসতার উস্কানি দেওয়ায় এটি আপত্তিকর।","1. শারীরিক সহিংসতার উল্লেখ আছে।  
2. অপমানজনক ভাষা ব্যবহৃত হয়েছে।  
3. হুমকিসূচক বক্তব্য প্রকাশ পেয়েছে।","1. ""জুতা মারি"" বলায় শারীরিক সহিংসতার ইঙ্গিত।  
2. ""পাপনের কপাল"" অপমানজনক ভাষা হিসেবে ব্যবহৃত।  
3. পুরো বাক্যটি হুমকির মতো শোনায়।","1. ""জুতা মারি"" শারীরিক সহিংসতা বোঝায়।  
2. ""পাপনের কপাল"" অপমানজনক শব্দগুচ্ছ।  
3. পুরো বাক্যটি হুমকির মতন।","1. ""জুতা মারি"" শারীরিক আক্রমণের ইঙ্গিত দেয়।  
2. ""পাপনের কপাল"" অবমাননাকর ভাষা।  
3. পুরো বাক্যটি হুমকিস্বরূপ।","1. ""জুতা মারি"" শারীরিক হুমকি প্রকাশ করে।  
2. ""পাপনের কপাল"" অপমানজনক শব্দ।  
3. পুরো বাক্যটি আক্রমণাত্মক ভাব প্রকাশ করে।","1. ""জুতা মারি"" শারীরিক হুমকি বোঝায়।  
2. ""পাপনের কপাল"" অপমানজনক ভাষা।  
3. বাক্যটি আক্রমণাত্মক ভাব প্রকাশ করে।","1. ""জুতা মারি"" শারীরিক হিংসার ইঙ্গিত দেয়।  
2. ""পাপনের কপাল"" বলায় অপমান করা হয়েছে।  
3. পুরো বাক্যটি আক্রমণাত্মক ভাষায় ভরা।","1. ""জুতা মারি"" শারীরিক হিংসার ইঙ্গিত দেয়।  
2. ""পাপনের কপাল"" অপমানসূচক ভাষা।  
3. বাক্যটি আক্রমণাত্মক ও ক্ষতিকর।","1. ""জুতা মারি"" শারীরিক হিংসার ইঙ্গিত দেয়।  
2. ""পাপনের কপাল"" অপমানজনক ভাষা।  
3. বাক্যটি আক্রমণাত্মক ও ক্ষতিকর।","1. ""জুতা মারি"" হিংসাত্মক আচরণ বোঝায়।  
2. ""পাপন"" শব্দটি অবমাননাকর।  
3. সম্পূর্ণ বাক্যটি আক্রমণাত্মক ভাষা।","1. ""জুতা মারি"" শব্দে হিংসার ইঙ্গিত আছে।  
2. ""পাপন"" শব্দটি অসম্মানজনক ভাবে ব্যবহৃত।  
3. পুরো বাক্যটি আক্রমণাত্মক ভাষায় লেখা।","1. ""জুতা মারি"" হিংসাত্মক আচরণ বোঝায়।  
2. ""পাপন"" শব্দে অপমান প্রকাশ পায়।  
3. বাক্যটির ভাষা সহিংস ও আক্রমণাত্মক।","1. ""জুতা মারি"" শব্দে হিংসার ইঙ্গিত আছে।  
2. ""পাপন"" নামটি নিয়ে বিদ্রূপ করা হয়েছে।  
3. বাক্যটির ভাষা আক্রমণাত্মক ও অপমানজনক।","1. ""জুতা মারি"" হিংসাত্মক শব্দ ব্যবহৃত হয়েছে।  
2. ""পাপন"" নামের প্রতি বিদ্রূপ দেখা যাচ্ছে।  
3. ভাষাটি আক্রমণাত্মক ও অপমানজনক।","1. ""জুতা মারি"" হিংসাত্মক ভাষা নির্দেশ করে।  
2. ""পাপন"" নামে বিদ্রূপ স্পষ্ট।  
3. বাক্যটি অপমানজনক ও আক্রমণাত্মক।","1. ""জুতা মারি"" হিংসার ইঙ্গিত দেয়।  
2. ""পাপন"" নামে বিদ্রূপ করা হয়েছে।  
3. বাক্যটি আক্রমণাত্মক ও অপমানজনক।","1. ""জুতা মারি"" হিংসাত্মক ভাষা প্রকাশ করে।  
2. ""পাপন"" নামটি নিয়ে বিদ্রূপ করা হয়েছে।  
3. বাক্যটি অপমানজনক ও আক্রমণাত্মক।","1. ""জুতা মারি"" শব্দে হিংসার ইঙ্গিত আছে।  
2. ""পাপন"" নামটি নিয়ে বিদ্রূপ স্পষ্ট।  
3. পুরো বাক্যটি আক্রমণাত্মক ভাষায় পূর্ণ।","1. ""জুতা মারি"" শব্দে হিংসার ইঙ্গিত আছে।  
2. ""পাপন"" নাম নিয়ে বিদ্রূপ করা হয়েছে।  
3. বাক্যটি আক্রমণাত্মক ভাষায় লেখা।","1. ""জুতা মারি"" হিংসাত্মক শব্দ।  
2. ""পাপন"" নামে বিদ্রূপ করা হয়েছে।  
3. বাক্যটি আক্রমণাত্মক।","1. ""জুতা মারি"" হিংসার ইঙ্গিত দেয়।  
2. ""পাপন"" নাম নিয়ে বিদ্রূপ করা হয়েছে।  
3. সম্পূর্ণ বাক্যটি আক্রমণাত্মক ভাষা।"
জুতাপেটা করা দরকার দেওয়ানবাগীর,Gender,Violence,"মন্তব্যটি সরাসরি শারীরিক সহিংসতার আহ্বান জানিয়েছে।
বক্তব্যে অপমানসূচক এবং হিংস্র মনোভাব প্রকাশ করা হয়েছে।
সহিংস আচরণের উস্কানি থাকার কারণে এটি অগ্রহণযোগ্য।","1. ""জুতাপেটা করা"" শারীরিক সহিংসতার ইঙ্গিত দেয়।  
2. ""দেওয়ানবাগী"" অপমানসূচক শব্দ হিসেবে ব্যবহৃত হয়েছে।  
3. বক্তব্যে সহিংসতার উস্কানি রয়েছে।","1. ""জুতাপেটা করা"" সহিংসতার ইঙ্গিত দেয়।  
2. ""দেওয়ানবাগী"" অপমানজনক শব্দ।  
3. বক্তব্যে সহিংসতা উস্কে দিচ্ছে।","1. ""জুতাপেটা করা"" হিংসাত্মক কর্মকাণ্ড বোঝায়।  
2. ""দেওয়ানবাগী"" শব্দটি অবমাননাকর।  
3. বক্তব্যে সহিংসতা প্রচার করা হচ্ছে।","1. ""জুতাপেটা"" শব্দে হিংসার ইঙ্গিত আছে।  
2. ""দেওয়ানবাগী"" শব্দটি অপমানজনক।  
3. বাক্যটি সহিংসতা উসকে দিচ্ছে।","1. ""জুতাপেটা"" শব্দটি সরাসরি শারীরিক হিংসা বোঝায়।  
2. ""দেওয়ানবাগী"" শব্দটি একটি গোষ্ঠীকে অপমান করতে ব্যবহৃত হয়েছে।  
3. সম্পূর্ণ বাক্যটি সহিংসতার প্রতি উৎসাহিত করছে।","1. ""জুতাপেটা"" শব্দে হিংসার ইঙ্গিত আছে।  
2. ""দেওয়ানবাগী"" শব্দে গোষ্ঠীকে অপমান করা হয়েছে।  
3. বাক্যটি সহিংসতাকে উৎসাহ দিচ্ছে।","1. ""জুতাপেটা"" শব্দে হিংসার ইঙ্গিত প্রকাশ পায়।  
2. ""দেওয়ানবাগী"" শব্দে একটি গোষ্ঠীকে লক্ষ্য করা হয়েছে।  
3. বাক্যটি সহিংসতার প্রতি সমর্থন দেখাচ্ছে।","1. ""জুতাপেটা"" শব্দে হিংসার ইঙ্গিত আছে।  
2. ""দেওয়ানবাগী"" গোষ্ঠীকে টার্গেট করা হয়েছে।  
3. বাক্যটি সহিংসতাকে সমর্থন করছে।","1. ""জুতাপেটা"" শব্দে হিংসার উস্কানি রয়েছে।  
2. ""দেওয়ানবাগী"" সম্প্রদায়কে লক্ষ্য করে বলা হয়েছে।  
3. বাক্যটি সহিংসতার প্রতি সমর্থন দেখায়।","1. ""জুতাপেটা"" শব্দে সরাসরি হিংসার ইঙ্গিত আছে।  
2. ""দেওয়ানবাগী"" বলে একটি সম্প্রদায়কে টার্গেট করা হয়েছে।  
3. বাক্যটি সহিংসতাকে উৎসাহিত করছে।","1. ""জুতাপেটা"" শব্দটি হিংসাকে উৎসাহিত করে।  
2. ""দেওয়ানবাগী"" সম্প্রদায়কে লক্ষ্য করে আক্রমণ।  
3. বাক্যটি সহিংসতার জন্য উস্কানি দিচ্ছে।","1. ""জুতাপেটা"" শব্দে সরাসরি হিংসার ইঙ্গিত রয়েছে।  
2. ""দেওয়ানবাগী"" সম্প্রদায়কে লক্ষ্য করে আক্রমণাত্মক ভাষা।  
3. বাক্যটি সহিংসতাকে সমর্থন করছে।","1. ""জুতাপেটা"" শব্দে হিংসার উস্কানি রয়েছে।  
2. ""দেওয়ানবাগী"" সম্প্রদায়কে আক্রমণ করা হচ্ছে।  
3. বাক্যটি সহিংসতার প্রতি সমর্থন দেখায়।","1. ""জুতাপেটা"" শব্দে হিংসার ইঙ্গিত রয়েছে।  
2. ""দেওয়ানবাগী"" সম্প্রদায়কে লক্ষ্য করা হয়েছে।  
3. বাক্যটি সহিংসতাকে উৎসাহিত করে।","1. ""জুতাপেটা"" শব্দে হিংসার ইঙ্গিত আছে।  
2. ""দেওয়ানবাগী"" সম্প্রদায়কে আক্রমণ করা হচ্ছে।  
3. বাক্যটি সহিংসতা উৎসাহিত করছে।","1. ""জুতাপেটা"" শব্দে সরাসরি হিংসার নির্দেশনা আছে।  
2. ""দেওয়ানবাগী"" সম্প্রদায়কে লক্ষ্য করে আক্রমণাত্মক ভাষা।  
3. বাক্যটি সহিংসতার প্রতি উৎসাহ দিচ্ছে।","1. ""জুতাপেটা"" শব্দে হিংসার ইঙ্গিত রয়েছে।  
2. ""দেওয়ানবাগী"" সম্প্রদায়কে আক্রমণ করা হচ্ছে।  
3. বাক্যটি সহিংসতা প্রচার করছে।","1. ""জুতাপেটা"" শব্দে সরাসরি হিংসার নির্দেশনা আছে।  
2. ""দেওয়ানবাগী"" বলে একটি গোষ্ঠীকে টার্গেট করা হয়েছে।  
3. বাক্যটি সহিংসতার প্রতি উৎসাহ দিচ্ছে।","1. ""জুতাপেটা"" শব্দে হিংসার ইঙ্গিত রয়েছে।  
2. ""দেওয়ানবাগী"" গোষ্ঠীকে আক্রমণ করা হচ্ছে।  
3. বাক্যটি সহিংসতা প্রচার করছে।","1. ""জুতাপেটা"" শব্দটি সরাসরি হিংসাকে উৎসাহিত করে।  
2. ""দেওয়ানবাগী"" গোষ্ঠীর বিরুদ্ধে হুমকি দেওয়া হয়েছে।  
3. বাক্যটি একটি নির্দিষ্ট গোষ্ঠীকে লক্ষ্য করে সহিংসতা প্রচার করছে।","1. ""জুতাপেটা"" শব্দটি সহিংসতার ইঙ্গিত দেয়।  
2. ""দেওয়ানবাগী"" গোষ্ঠীকে লক্ষ্য করে হুমকি।  
3. বাক্যটি সহিংসতাকে উৎসাহিত করছে।"
ঝমুনার মাকে চুদি চ্যানেল তুর মাকে চুুদি,Gender,Offensive,"মন্তব্যটি অত্যন্ত অশালীন এবং নারীর প্রতি অবমাননাকর ভাষা ব্যবহার করেছে।
নারীর সম্মানহানির উদ্দেশ্যে যৌন হয়রানিমূলক বক্তব্য প্রদান করা হয়েছে।
অশ্লীল এবং অপমানজনক হওয়ায় এটি গুরুতরভাবে আপত্তিকর।","1. যৌন হয়রানিমূলক ভাষা ব্যবহার করা হয়েছে।  
2. নারীর সম্মানহানিকর বক্তব্য রয়েছে।  
3. অশ্লীল ভাষার জন্য আপত্তিকর।","1. যৌন আক্রমণাত্মক শব্দ ব্যবহার করা হয়েছে।  
2. নারীকে অসম্মানজনকভাবে উপস্থাপন করা হয়েছে।  
3. ভাষাটি অশ্লীল এবং আপত্তিজনক।","1. যৌন সহিংসতার শব্দ ব্যবহার করা হয়েছে।  
2. নারীকে অশ্রদ্ধাজনক ভাষায় আক্রমণ করা হয়েছে।  
3. অশালীন ভাষা সামাজিকভাবে গ্রহণযোগ্য নয়।","1. যৌন সহিংসতার শব্দ ব্যবহার করে অপমান করা হয়েছে।  
2. নারীকে অশালীন ভাষায় লক্ষ্য করা হয়েছে।  
3. সমাজে এ ধরনের ভাষা অগ্রহণযোগ্য।","1. যৌন সহিংসতার শব্দ ব্যবহার করে অপমান করা হয়েছে।  
2. নারীকে অশালীন ভাষায় লক্ষ্য করা হয়েছে।  
3. সমাজে এ ধরনের ভাষা অগ্রহণযোগ্য।","1. যৌন সহিংসতার শব্দ ব্যবহার করে অপমান করা হয়েছে।  
2. নারীকে অশালীন ভাষায় লক্ষ্য করা হয়েছে।  
3. সমাজে এ ধরনের ভাষা অগ্রহণযোগ্য।","1. যৌন সহিংসতার শব্দ ব্যবহার করে অপমান করা হয়েছে।  
2. নারীকে অশালীন ভাষায় লক্ষ্য করা হয়েছে।  
3. সমাজে এ ধরনের ভাষা অগ্রহণযোগ্য।","1. যৌন সহিংসতার শব্দ ব্যবহার করে অপমান করা হয়েছে।  
2. নারীকে অশালীন ভাষায় লক্ষ্য করা হয়েছে।  
3. সমাজে এ ধরনের ভাষা অগ্রহণযোগ্য।","1. যৌন সহিংসতার শব্দ ব্যবহার করে অপমান করা হয়েছে।  
2. নারীকে অশালীন ভাষায় লক্ষ্য করা হয়েছে।  
3. সমাজে এ ধরনের ভাষা অগ্রহণযোগ্য।","1. যৌন সহিংসতার শব্দ ব্যবহার করে অপমান করা হয়েছে।  
2. নারীকে অশালীন ভাষায় লক্ষ্য করা হয়েছে।  
3. সমাজে এ ধরনের ভাষা অগ্রহণযোগ্য।","1. যৌন সহিংসতার শব্দ ব্যবহার করে অপমান করা হয়েছে।  
2. নারীকে অশালীন ভাষায় লক্ষ্য করা হয়েছে।  
3. সমাজে এ ধরনের ভাষা অগ্রহণযোগ্য।","1. অশালীন ভাষায় নারীকে লক্ষ্য করা হয়েছে।  
2. যৌন সহিংসতার শব্দ ব্যবহার করা হয়েছে।  
3. ভাষাটি সমাজে অগ্রহণযোগ্য।","1. নারীকে অশালীন ভাষায় আক্রমণ করা হয়েছে।  
2. যৌন সহিংসতার শব্দ ব্যবহৃত হয়েছে।  
3. ভাষাটি অত্যন্ত আপত্তিকর ও অসভ্য।","1. নারীকে যৌনভাবে আক্রমণ করা হয়েছে।  
2. অশালীন শব্দে যৌন সহিংসতা বোঝানো হয়েছে।  
3. ভাষাটি অত্যন্ত অসভ্য ও আপত্তিকর।","1. নারীকে যৌন সহিংসতার ভাষায় আক্রমণ করা হয়েছে।  
2. অশালীন শব্দে যৌন সহিংসতা প্রকাশ পেয়েছে।  
3. ভাষাটি অত্যন্ত আপত্তিকর ও যৌন সহিংসতামূলক।","1. অশালীন শব্দে যৌন সহিংসতার ইঙ্গিত রয়েছে।  
2. নারীকে আক্রমণাত্মক ভাষায় উল্লেখ করা হয়েছে।  
3. ভাষাটি যৌন সহিংসতামূলক ও আপত্তিকর।","1. যৌন সহিংসতার ইঙ্গিত দেওয়া হয়েছে অশালীন ভাষায়।  
2. নারীকে আক্রমণাত্মকভাবে উল্লেখ করা হয়েছে।  
3. ভাষাটি যৌন সহিংসতামূলক ও অগ্রহণযোগ্য।","1. অশালীন ভাষায় যৌন সহিংসতার ইঙ্গিত রয়েছে।  
2. নারীকে আক্রমণাত্মকভাবে লক্ষ্য করা হয়েছে।  
3. ভাষাটি যৌন সহিংসতামূলক ও ঘৃণ্য।","1. যৌন সহিংসতার ইঙ্গিত স্পষ্ট।  
2. নারীকে আক্রমণাত্মক ভাষায় লক্ষ্য করা।  
3. ভাষাটি ঘৃণ্য ও সহিংসতামূলক।","1. যৌন সহিংসতার উল্লেখ স্পষ্ট।  
2. নারীকে আক্রমণাত্মক ভাষায় লক্ষ্য।  
3. ভাষাটি ঘৃণ্য ও সহিংসতামূলক।","1. যৌন সহিংসতার শব্দ ব্যবহার করা হয়েছে।  
2. নারীকে অশালীন ভাষায় আক্রমণ করা হয়েছে।  
3. ভাষাটি সহিংস ও ঘৃণা প্রকাশ করছে।"
টাকা তোর গুদের ভেতর দিব,Gender,Offensive,"মন্তব্যটি অত্যন্ত অশালীন এবং নারীর প্রতি অবমাননাকর ইঙ্গিত দিয়েছে।
অশ্লীল ও অবমাননাকর বক্তব্য ব্যবহার করায় এটি গুরুতরভাবে আপত্তিকর।
নারীর প্রতি অসম্মান প্রদর্শন করায় এটি সামাজিক ও নৈতিকভাবে অগ্রহণযোগ্য।","1. অশালীন ভাষায় নারীকে অপমান করা হয়েছে।  
2. গালি নারীর সম্মানহানিকর।  
3. অশ্লীল বাক্য সামাজিকভাবে অনৈতিক।","1. গালিতে নারীকে অশালীনভাবে লক্ষ্য করা হয়েছে।  
2. ভাষাটি নারীর সম্মানের বিরুদ্ধে যাচ্ছে।  
3. বাক্যটি অশ্লীল এবং সমাজে গ্রহণযোগ্য নয়।","1. গালিটি নারীর লজ্জাস্থানের প্রতি অশালীন ইঙ্গিত করছে।  
2. ভাষাটি নারীর সম্মানহানিকর ও অশোভন।  
3. বাক্যটি অশ্লীল এবং নারীদের অবমাননাকর।","1. গালিতে নারীদের অশালীনভাবে উল্লেখ করা হয়েছে।  
2. ভাষাটি নারীর সম্মানকে আঘাত করছে।  
3. বাক্যটিতে নারীদের প্রতি ঘৃণা প্রকাশ পেয়েছে।","1. গালিতে নারীদের অশালীন উল্লেখ আছে।  
2. ভাষায় নারীর সম্মানহানি করা হয়েছে।  
3. বাক্যটি নারীদের প্রতি ঘৃণা প্রকাশ করে।","1. গালিতে নারীর অঙ্গ উল্লেখ করা হয়েছে।  
2. নারীর সম্মানহানিকর ভাষা ব্যবহৃত হয়েছে।  
3. বাক্যটিতে নারীদের প্রতি ঘৃণা প্রকাশ পায়।","1. গালিতে নারীর অঙ্গের উল্লেখ আছে।  
2. ভাষাটি নারীর সম্মানহানিকর।  
3. বাক্যটি নারীদের প্রতি ঘৃণা দেখায়।","1. নারীর অঙ্গের অবমাননাকর উল্লেখ আছে।  
2. ভাষাটি নারীকে অপমান করছে।  
3. বাক্যটিতে নারীদের প্রতি ঘৃণা প্রকাশ পেয়েছে।","1. ""গুদ"" শব্দটি নারীর অঙ্গের অবমাননাকর উল্লেখ।  
2. ভাষাটি নারীকে অশালীনভাবে লক্ষ্য করছে।  
3. বাক্যটিতে নারীদের প্রতি ঘৃণামূলক ভাষা ব্যবহৃত হয়েছে।","1. ""গুদ"" শব্দটি অশালীন ও অবমাননাকর।  
2. নারীদের প্রতি ঘৃণামূলক ভাষা ব্যবহৃত হয়েছে।  
3. বাক্যটি নারীকে অশালীনভাবে লক্ষ্য করেছে।","1. ""গুদ"" শব্দটি অশালীন ও আপত্তিকর।  
2. ভাষাটি যৌনতাবাচক ও অবমাননাকর।  
3. বাক্যটি নারীকে অশালীনভাবে উল্লেখ করেছে।","1. ""গুদ"" শব্দটি অশালীন ও আপত্তিকর ভাষা।  
2. বাক্যটিতে যৌনতাবাচক গালি ব্যবহার করা হয়েছে।  
3. এটি নারীকে অবমাননাকরভাবে উল্লেখ করেছে।","1. ""গুদ"" শব্দটি অশালীন ও আপত্তিকর।  
2. যৌনতাবাচক গালি ব্যবহার হয়েছে।  
3. নারীকে অবমাননাকরভাবে উল্লেখ করা হয়েছে।","1. ""গুদ"" শব্দটি অশালীন ও যৌনতাবাচক।  
2. এই বাক্যটিতে যৌন গালি রয়েছে।  
3. নারীকে অশালীনভাবে উল্লেখ করা হয়েছে।","1. ""গুদ"" শব্দটি অশালীন ও আপত্তিকর।  
2. বাক্যটিতে যৌন গালি ব্যবহৃত হয়েছে।  
3. এটি নারীকে অপমানজনকভাবে উল্লেখ করে।","1. ""গুদ"" শব্দটি অশালীন ও যৌন গালি।  
2. বাক্যটিতে অশালীন ভাষা ব্যবহৃত হয়েছে।  
3. এটি অপ্রীতিকর ও আপত্তিকর ভাষা।","1. ""গুদ"" শব্দটি অশালীন ও যৌনগালি হিসেবে ব্যবহৃত।  
2. বাক্যটিতে যৌনতাবাদী ভাষা রয়েছে।  
3. এটি আক্রমণাত্মক ও অপমানজনক ভাষা।","1. ""গুদ"" শব্দটি অশালীন ও আপত্তিকর।  
2. যৌনগালি ব্যবহার করে আক্রমণ করা হয়েছে।  
3. বাক্যটি অপমানজনক ও ঘৃণ্য।","1. ""গুদ"" শব্দটি অশ্লীল ও আপত্তিকর।  
2. যৌনগালি ব্যবহার করে হেয়প্রতিপন্ন করা হয়েছে।  
3. বাক্যটি ঘৃণ্য ও অপমানজনক ভাষা।","1. অশ্লীল শব্দ ব্যবহার করা হয়েছে।  
2. যৌনগালি দ্বারা অপমান করা হয়েছে।  
3. ঘৃণ্য ভাষায় হেয়প্রতিপন্ন করা হয়েছে।","1. অশ্লীল শব্দ ব্যবহার করে যৌনগালি দেওয়া হয়েছে।  
2. ঘৃণ্য ভাষায় ব্যক্তিকে হেয় করা হয়েছে।  
3. গালিগুলো যৌনতাবোধকে আঘাত করে।"
টাকা তোর মায়ের ভোদায় দিবো,Gender,Offensive,"মন্তব্যটি নারীর প্রতি সরাসরি যৌন হয়রানিমূলক এবং অবমাননাকর।
অশালীন ভাষা ব্যবহার করে অপমানজনক মনোভাব প্রকাশ করা হয়েছে।
এ ধরনের বক্তব্য নারীর প্রতি চরম অসম্মান প্রদর্শন করে।","1. যৌন অঙ্গের উল্লেখ করে অশালীন ভাষা ব্যবহৃত হয়েছে।  
2. নারীর প্রতি চরম অবমাননাকর মন্তব্য করা হয়েছে।  
3. অপমানজনক ভাষায় মায়ের সম্মানহানি করা হয়েছে।","1. যৌন অঙ্গ উল্লেখ করে অশালীন ভাষা ব্যবহার করা হয়েছে।  
2. নারীকে অসম্মান করার উদ্দেশ্যে বলা হয়েছে।  
3. মায়ের সম্মানহানির জন্য অপমানজনক ভাষা ব্যবহৃত হয়েছে।","1. যৌন অঙ্গ উল্লেখ করে অশালীন ভাষা ব্যবহার করা হয়েছে।  
2. নারীকে অপমান করার উদ্দেশ্যে বলা হয়েছে।  
3. মায়ের সম্মানহানির জন্য ভাষাটি অপমানজনক।","1. যৌন অঙ্গ উল্লেখ করে অশালীন ভাষা ব্যবহার করা হয়েছে।  
2. নারীকে অপমান করার উদ্দেশ্যে বলা হয়েছে।  
3. মায়ের সম্মানহানির জন্য ভাষাটি অপমানজনক।","1. যৌন অঙ্গ উল্লেখ করে অশালীন ভাষা ব্যবহার করা হয়েছে।  
2. নারীকে অপমান করার উদ্দেশ্যে বলা হয়েছে।  
3. মায়ের সম্মানহানির জন্য ভাষাটি অপমানজনক।","1. যৌন অঙ্গ উল্লেখ করে অশালীন ভাষা ব্যবহার করা হয়েছে।  
2. নারীকে অপমান করার উদ্দেশ্যে বলা হয়েছে।  
3. মায়ের সম্মানহানির জন্য ভাষাটি অপমানজনক।","1. যৌন অঙ্গ উল্লেখ করে অশালীন ভাষা ব্যবহার করা হয়েছে।  
2. নারীকে অপমান করার উদ্দেশ্যে বলা হয়েছে।  
3. মায়ের সম্মানহানির জন্য ভাষাটি অপমানজনক।","1. যৌন অঙ্গ উল্লেখ করে অশালীন ভাষা ব্যবহার করা হয়েছে।  
2. নারীকে অপমান করার উদ্দেশ্যে বলা হয়েছে।  
3. মায়ের সম্মানহানির জন্য ভাষাটি অপমানজনক।","1. যৌন অঙ্গ উল্লেখ করে অশালীন ভাষা ব্যবহার করা হয়েছে।  
2. নারীকে অপমান করার উদ্দেশ্যে বলা হয়েছে।  
3. মায়ের সম্মানহানির জন্য ভাষাটি অপমানজনক।","1. যৌন অঙ্গ উল্লেখ করে অশালীন ভাষা ব্যবহার করা হয়েছে।  
2. নারীকে অপমান করার উদ্দেশ্যে বলা হয়েছে।  
3. মায়ের সম্মানহানির জন্য ভাষাটি অপমানজনক।","1. যৌন অঙ্গ উল্লেখ করে অশালীন ভাষা ব্যবহার করা হয়েছে।  
2. নারীকে অপমান করার উদ্দেশ্যে এই বাক্য বলা হয়েছে।  
3. মায়ের সম্মানহানির জন্য এই ভাষা অপমানজনক।","1. যৌন অঙ্গ উল্লেখ করে অশালীন ভাষা ব্যবহার করা হয়েছে।  
2. নারীকে অপমান করার উদ্দেশ্য স্পষ্ট।  
3. মায়ের সম্মানহানির জন্য ভাষাটি আপত্তিকর।","1. যৌন অঙ্গ উল্লেখ করে অশালীন ভাষা ব্যবহার করা হয়েছে।  
2. নারীকে অপমান করার উদ্দেশ্য স্পষ্ট।  
3. মায়ের সম্মানহানির জন্য ভাষাটি আপত্তিকর।","1. যৌন অঙ্গ উল্লেখ করে অশালীন ভাষা ব্যবহার করা হয়েছে।  
2. নারীকে অপমান করার উদ্দেশ্য স্পষ্ট।  
3. মায়ের সম্মানহানির জন্য ভাষাটি আপত্তিকর।","1. যৌন অঙ্গ উল্লেখ করে অশালীন ভাষা ব্যবহার করা হয়েছে।  
2. নারীকে অপমান করার উদ্দেশ্য স্পষ্ট।  
3. মায়ের সম্মানহানির জন্য ভাষাটি আপত্তিকর।","1. যৌন অঙ্গ উল্লেখ করে অশালীন ভাষা ব্যবহার করা হয়েছে।  
2. নারীকে অপমান করার উদ্দেশ্য স্পষ্ট।  
3. মায়ের সম্মানহানির জন্য ভাষাটি আপত্তিকর।","1. যৌন অঙ্গ উল্লেখ করে অশালীন ভাষা ব্যবহার করা হয়েছে।  
2. নারীকে অপমান করার উদ্দেশ্য স্পষ্ট।  
3. মায়ের সম্মানহানির জন্য ভাষাটি আপত্তিকর।","1. যৌন অঙ্গ উল্লেখ করে অশালীন ভাষা ব্যবহার করা হয়েছে।  
2. নারীকে অপমান করার উদ্দেশ্য স্পষ্ট।  
3. মায়ের সম্মানহানির জন্য ভাষাটি আপত্তিকর।","1. যৌন অঙ্গ উল্লেখ করে অশালীন ভাষা ব্যবহার করা হয়েছে।  
2. নারীকে অপমান করার উদ্দেশ্য স্পষ্ট।  
3. মায়ের সম্মানহানির জন্য ভাষাটি আপত্তিকর।","1. যৌন অঙ্গ উল্লেখ করে ভাষাটি অশালীন।  
2. নারীকে অপমান করার ইচ্ছা প্রকাশ পেয়েছে।  
3. মায়ের সম্মানহানির জন্য বক্তব্য আপত্তিকর।","1. যৌন অঙ্গ উল্লেখ করে অশালীন ভাষা ব্যবহার করা হয়েছে।  
2. নারীকে অপমান করার উদ্দেশ্য স্পষ্ট।  
3. মায়ের সম্মানহানির জন্য বক্তব্য আপত্তিকর।"
ঠাটা পরবে দুধের উপর তোর বেয়াদব মহিলা আগেও খারাপ ছবি করছে আর এখন খারাপ ভাবে সাংবাদিক এর সামনে আসছে,Gender,Offensive,"মন্তব্যটি নারীর প্রতি অশালীন এবং অসম্মানজনক ভাষা ব্যবহার করেছে।
ব্যক্তিগত আক্রমণ এবং যৌন হয়রানিমূলক বক্তব্য থাকার কারণে এটি আপত্তিকর।
নারীর সম্মানহানি ও অবমাননা করার উদ্দেশ্যে অশোভন মনোভাব প্রকাশ করা হয়েছে।","1. ""মহিলা"" শব্দটি অসম্মানজনক ভাবে ব্যবহার করা হয়েছে।  
2. ""খারাপ ছবি"" বলতে যৌন ইঙ্গিত করা হয়েছে।  
3. সাংবাদিকের সামনে অশালীন ভাষায় আক্রমণ করা হয়েছে।","1. ""মহিলা"" শব্দে অপমান প্রকাশ পেয়েছে।  
2. ""খারাপ ছবি"" যৌন ইঙ্গিত বহন করে।  
3. অশালীন ভাষায় সাংবাদিককে আক্রমণ করা হয়েছে।","1. ""মহিলা"" শব্দে অবমাননাকর ভাব প্রকাশ পেয়েছে।  
2. ""খারাপ ছবি"" যৌনতাপূর্ণ ইঙ্গিত দিচ্ছে।  
3. সাংবাদিকের প্রতি অশালীন ভাষা ব্যবহৃত হয়েছে।","1. ""মহিলা"" শব্দে অপমানসূচক ভাষা ব্যবহৃত হয়েছে।  
2. ""খারাপ ছবি"" বলতে অশালীন ইঙ্গিত করা হয়েছে।  
3. সাংবাদিকের প্রতি অনাকাঙ্ক্ষিত ভাষা প্রয়োগ করা হয়েছে।","1. ""মহিলা"" শব্দে অবমাননাকর ভাষা ব্যবহার করা হয়েছে।  
2. ""খারাপ ছবি"" বলতে অশালীন ইঙ্গিত করা হয়েছে।  
3. সাংবাদিকের প্রতি অপমানজনক মন্তব্য করা হয়েছে।","1. ""মহিলা"" শব্দে অশালীন ভাষা ব্যবহৃত হয়েছে।  
2. ""খারাপ ছবি"" বলতে অশোভন ইঙ্গিত করা হয়েছে।  
3. সাংবাদিকের প্রতি অবজ্ঞাপূর্ণ মন্তব্য করা হয়েছে।","1. ""মহিলা"" শব্দে অপমানজনক ভাষা ব্যবহার করা হয়েছে।  
2. ""খারাপ ছবি"" দিয়ে অশালীন ইঙ্গিত করা হয়েছে।  
3. সাংবাদিকের প্রতি অবমাননাকর ভাষা ব্যবহৃত হয়েছে।","1. ""মহিলা"" শব্দে অশালীন ভাষা ব্যবহৃত হয়েছে।  
2. ""খারাপ ছবি"" বলতে অপ্রীতিকর ইঙ্গিত করা হয়েছে।  
3. সাংবাদিকের প্রতি অপমানজনক মন্তব্য করা হয়েছে।","1. ""মহিলা"" শব্দে অবমাননাকর ভাষা ব্যবহার করা হয়েছে।  
2. ""খারাপ ছবি"" বলতে নেতিবাচক ইঙ্গিত করা হয়েছে।  
3. সাংবাদিকের প্রতি অসম্মানজনক ভাষা ব্যবহৃত হয়েছে।","1. ""মহিলা"" শব্দে অপমানসূচক ভাষা ব্যবহৃত হয়েছে।  
2. ""খারাপ ছবি"" বলতে নেতিবাচক অর্থ বোঝানো হয়েছে।  
3. সাংবাদিকের প্রতি অশোভন ভাষা ব্যবহার করা হয়েছে।","1. ""মহিলা"" শব্দে অবমাননাকর ভাষা ব্যবহার করা হয়েছে।  
2. ""খারাপ ছবি"" বলতে নেতিবাচক ইঙ্গিত দেওয়া হয়েছে।  
3. সাংবাদিকের প্রতি অসম্মানজনক ভাষা ব্যবহৃত হয়েছে।","1. ""মহিলা"" শব্দে অপমানসূচক ভাষা ব্যবহৃত হয়েছে।  
2. ""খারাপ ছবি"" বলতে নারীকে হেয় করা হয়েছে।  
3. সাংবাদিকের প্রতি অশোভন মন্তব্য করা হয়েছে।","1. ""মহিলা"" শব্দে অবমাননাকর ভাষা ব্যবহার করা হয়েছে।  
2. ""খারাপ ছবি"" বলে নারীকে হেয় করা হয়েছে।  
3. সাংবাদিকের প্রতি অশোভন ভাষা ব্যবহৃত হয়েছে।","1. ""মহিলা"" শব্দে অপমানজনক ভাষা ব্যবহৃত হয়েছে।  
2. ""খারাপ ছবি"" বলে নারীকে হেয় করা হয়েছে।  
3. সাংবাদিকের প্রতি অসম্মানজনক মন্তব্য করা হয়েছে।","1. ""মহিলা"" শব্দে অশালীন ভাষা ব্যবহার করা হয়েছে।  
2. ""খারাপ ছবি"" বলে নারীকে অপমান করা হয়েছে।  
3. সাংবাদিকের প্রতি অবজ্ঞাপূর্ণ মন্তব্য করা হয়েছে।","1. ""মহিলা"" শব্দে অশালীন ভাষা ব্যবহার করে নারীকে অপমান করা হয়েছে।  
2. ""খারাপ ছবি"" বলে নারীর চরিত্র হেয় করা হয়েছে।  
3. সাংবাদিকের প্রতি অবজ্ঞা দেখানো হয়েছে অশালীন ভাষায়।","1. ""মহিলা"" শব্দে নারীকে অপমান করা হয়েছে।  
2. ""খারাপ ছবি"" বলে নারীর চরিত্র হেয় করা।  
3. সাংবাদিকের প্রতি অশালীন ভাষা ব্যবহার।","1. ""মহিলা"" শব্দে নারীকে অবমাননাকর ভাষায় ডাকা হয়েছে।  
2. ""খারাপ ছবি"" বলে নারীর চরিত্রে আঘাত করা হয়েছে।  
3. সাংবাদিকের প্রতি অশোভন মন্তব্য করা হয়েছে।","1. ""মহিলা"" শব্দে নারীকে অপমান করা হয়েছে।  
2. ""খারাপ ছবি"" বলে নারীর চরিত্র হেয় করা হয়েছে।  
3. সাংবাদিকের প্রতি অবজ্ঞাপূর্ণ ভাষা ব্যবহার করা হয়েছে।","1. ""মহিলা"" শব্দে নারীকে অসম্মান করা হয়েছে।  
2. ""খারাপ ছবি"" বলে নারীর চরিত্রে আঘাত দেওয়া হয়েছে।  
3. সাংবাদিকের প্রতি অবজ্ঞা দেখানো হয়েছে।","1. ""মহিলা"" শব্দে নারীকে অপমান করা হয়েছে।  

2. ""খারাপ ছবি"" বলে নারীর চরিত্র হেয় করা হয়েছে।  

3. সাংবাদিকের প্রতি অবমাননাকর ভাষা ব্যবহার করা হয়েছে।"
ডিসির বৌ এখন খুব সুবিধা পাবে পর পুরুষের সাথে চুদাচুদি করতে পারবে,Gender,Offensive,"মন্তব্যটি অত্যন্ত অশালীন এবং নারীর প্রতি অবমাননাকর ইঙ্গিত প্রকাশ করেছে।
ব্যক্তিগত অপমান এবং অসম্মানজনক মনোভাবের কারণে এটি আপত্তিকর।
নারীর চরিত্রের প্রতি নেতিবাচক মনোভাব প্রদর্শন করায় এটি গুরুতরভাবে নিন্দনীয়।","1. নারীর সম্মানহানি করা হয়েছে অশালীন ভাষায়।  
2. পরপুরুষের সাথে সম্পর্কের অযৌক্তিক ইঙ্গিত দেওয়া হয়েছে।  
3. নারীকে অবমাননাকরভাবে উপস্থাপন করা হয়েছে।","1. অশালীন ভাষায় নারীকে অপমান করা হয়েছে।  
2. পরপুরুষের সাথে অপ্রাসঙ্গিক সম্পর্কের ইঙ্গিত দেওয়া হয়েছে।  
3. নারীকে অবমাননাকরভাবে চিত্রিত করা হয়েছে।","1. নারীকে অশালীন ভাষায় অপমান করা হয়েছে।  
2. পরপুরুষের সাথে যৌন সম্পর্কের ইঙ্গিত দেওয়া হয়েছে।  
3. নারীর সম্মানহানি করা হয়েছে।","1. অশালীন ভাষায় নারীকে যৌনভাবে উল্লেখ করা হয়েছে।  
2. পরপুরুষের সাথে যৌনকর্মের ইঙ্গিত স্পষ্ট।  
3. নারীর সম্মানহানির উদ্দেশ্যে বলা হয়েছে।","1. অশালীন ভাষায় নারীকে যৌনভাবে বর্ণনা করা হয়েছে।  
2. পরপুরুষের সাথে যৌনকর্মের কথা বলা হয়েছে।  
3. নারীর সম্মানহানির উদ্দেশ্য স্পষ্ট।","1. নারীকে অশালীন ভাষায় যৌন ইঙ্গিত করা হয়েছে।  
2. পরপুরুষের সাথে যৌনকর্মের উল্লেখ আছে।  
3. নারীর সম্মানহানির উদ্দেশ্য স্পষ্ট।","1. নারীকে অশালীন ভাষায় যৌন ইঙ্গিত করা হয়েছে।  
2. পরপুরুষের সাথে যৌনকর্মের উল্লেখ আছে।  
3. নারীর সম্মানহানির উদ্দেশ্য স্পষ্ট।","1. নারীকে অশালীন ভাষায় উদ্দেশ্য করা হয়েছে।  
2. যৌনকর্মের ইঙ্গিত স্পষ্টভাবে দেওয়া হয়েছে।  
3. নারীর সম্মানহানির ভাষা ব্যবহৃত হয়েছে।","1. অশালীন ভাষায় নারীকে লক্ষ্য করা হয়েছে।  
2. যৌনকর্মের স্পষ্ট বর্ণনা দেওয়া হয়েছে।  
3. নারীর সম্মানহানির শব্দ ব্যবহার করা হয়েছে।","1. নারীকে অশালীন ভাষায় উদ্দেশ্য করা হয়েছে।  
2. যৌনকর্মের স্পষ্ট উল্লেখ আছে।  
3. নারীর সম্মানহানিকর শব্দ ব্যবহৃত হয়েছে।","1. অশালীন ভাষায় নারীকে লক্ষ্য করা হয়েছে।  
2. যৌনকর্মের স্পষ্ট বর্ণনা দেওয়া হয়েছে।  
3. নারীর সম্মানহানিকর শব্দ ব্যবহার করা হয়েছে।","1. নারীকে অশালীনভাবে উল্লেখ করা হয়েছে।  
2. যৌনকর্মের স্পষ্ট বর্ণনা রয়েছে।  
3. নারীর সম্মানহানিকর ভাষা ব্যবহৃত হয়েছে।","1. নারীকে অশ্লীল ভাষায় সম্বোধন করা হয়েছে।  
2. যৌনকর্মের অপ্রয়োজনীয় বিবরণ দেওয়া হয়েছে।  
3. নারীর প্রতি অবমাননাকর শব্দ ব্যবহার করা হয়েছে।","1. অশ্লীল ভাষায় নারীকে লক্ষ্য করা হয়েছে।  
2. যৌনকর্মের অপ্রয়োজনীয় বর্ণনা রয়েছে।  
3. নারীকে অবমাননাকরভাবে উল্লেখ করা হয়েছে।","1. অশ্লীল শব্দে নারীকে লক্ষ্য করা হয়েছে।  
2. যৌন কাজের অপ্রয়োজনীয় বর্ণনা দেওয়া হয়েছে।  
3. নারীকে অপমানজনকভাবে উপস্থাপন করা হয়েছে।","1. অশ্লীল ভাষায় নারীর প্রতি বিদ্বেষ প্রকাশ পেয়েছে।  
2. যৌন কাজের অপ্রয়োজনীয় বিবরণ আছে।  
3. নারীকে অপমানজনকভাবে উপস্থাপন করা হয়েছে।","1. অশ্লীল শব্দে নারীকে হেয় করা হয়েছে।  
2. যৌন কাজের অপ্রয়োজনীয় বর্ণনা দেওয়া হয়েছে।  
3. নারীকে অপমানজনক ভাষায় উপস্থাপন করা হয়েছে।","1. নারীকে অশ্লীল ভাষায় উদ্দেশ্য করা হয়েছে।  
2. যৌন কাজের অপ্রয়োজনীয় বিবরণ দেওয়া হয়েছে।  
3. নারীকে অপমানজনকভাবে উপস্থাপন করা হয়েছে।","1. অশ্লীল ভাষায় নারীকে লক্ষ্য করা হয়েছে।  
2. যৌন কাজের অপ্রয়োজনীয় বর্ণনা আছে।  
3. নারীকে অপমানজনকভাবে বর্ণনা করা হয়েছে।","1. অশ্লীল শব্দ ব্যবহার করে নারীকে লক্ষ্য করা হয়েছে।  
2. যৌন কাজের অপ্রয়োজনীয় বিবরণ দেওয়া হয়েছে।  
3. নারীকে অপমানজনক ভাষায় উপস্থাপন করা হয়েছে।","1. নারীকে অশ্লীল ভাষায় উদ্দেশ্য করা হয়েছে।  
2. যৌন কাজের অপ্রয়োজনীয় বর্ণনা রয়েছে।  
3. অপমানজনকভাবে নারীকে উপস্থাপন করা হয়েছে।"
তকেচুদে বুদা ফাটিয়ে দেব,Gender,Offensive,"মন্তব্যটি অশালীন ভাষা এবং সরাসরি হিংস্র ইঙ্গিত প্রকাশ করেছে।
নারীর প্রতি অসম্মান এবং যৌন হয়রানির ভাষা ব্যবহার করা হয়েছে।
অশোভন ও অপমানজনক বক্তব্য হওয়ায় এটি অগ্রহণযোগ্য।","1. ভাষাটি যৌন সহিংসতা উস্কে দিচ্ছে।  
2. নারীদের প্রতি অসম্মানজনক শব্দ ব্যবহৃত হয়েছে।  
3. হিংস্র ইঙ্গিত থাকায় এটি ঘৃণ্য।","1. যৌন সহিংসতার ইঙ্গিত রয়েছে বাক্যটিতে।  
2. নারীদের অবমাননাকর ভাষা ব্যবহার করা হয়েছে।  
3. হিংসাত্মক বার্তা থাকায় এটি ঘৃণ্য।","1. বাক্যটিতে যৌন সহিংসতার হুমকি দেওয়া হয়েছে।  
2. নারীদের প্রতি অশালীন ভাষা ব্যবহৃত হয়েছে।  
3. হিংসাত্মক বার্তার কারণে এটি ঘৃণ্য।","1. ""তকেচুদে বুদা"" অশালীন ভাষার উদাহরণ।  
2. ""ফাটিয়ে দেব"" হিংসাত্মক হুমকি প্রকাশ করে।  
3. নারীদের প্রতি ঘৃণ্য বার্তা রয়েছে।","1. ""তকেচুদে বুদা"" অশালীন ভাষা ব্যবহার করা হয়েছে।  
2. ""ফাটিয়ে দেব"" বলায় হিংসার ইঙ্গিত আছে।  
3. নারীদের প্রতি অবমাননাকর ভাষা ব্যবহৃত হয়েছে।","1. ""তকেচুদে বুদা"" গালি হিসেবে ব্যবহৃত হয়েছে।  
2. ""ফাটিয়ে দেব"" বলায় হিংসার প্রকাশ পেয়েছে।  
3. নারীদের প্রতি ঘৃণামূলক ভাষা ব্যবহার করা হয়েছে।","1. ""তকেচুদে বুদা"" একটি অশালীন গালি।  
2. ""ফাটিয়ে দেব"" হিংসাত্মক ইঙ্গিত বহন করে।  
3. এই ভাষা নারীদের প্রতি অবমাননাকর।","1. ""তকেচুদে বুদা"" গালি হিসেবে অশালীন।  
2. ""ফাটিয়ে দেব"" বলায় হিংসার ইঙ্গিত।  
3. নারীদের প্রতি অপমানজনক ভাষা।","1. ""তকেচুদে বুদা"" ধর্মীয় অবমাননাকর শব্দ।  
2. ""ফাটিয়ে দেব"" হিংসাত্মক অভিব্যক্তি প্রকাশ করে।  
3. এই বাক্য নারীদের প্রতি অসম্মানজনক।","1. ""তকেচুদে বুদা"" ধর্মীয় শ্রদ্ধাহানিকর।  
2. ""ফাটিয়ে দেব"" হিংসার উস্কানি দেয়।  
3. বাক্যটি অশালীন ও আক্রমণাত্মক।","1. ""তকেচুদে বুদা"" ধর্মীয় অবমাননা প্রকাশ করে।  
2. ""ফাটিয়ে দেব"" শব্দে হিংসাত্মক ইঙ্গিত রয়েছে।  
3. সম্পূর্ণ বাক্যটি ঘৃণ্য ও আপত্তিকর।","1. ""তকেচুদে বুদা"" ধর্মীয় সম্মানহানি করে।  
2. ""ফাটিয়ে দেব"" হিংসার উস্কানি দেয়।  
3. বাক্যটি সম্পূর্ণরূপে ঘৃণাসূচক।","1. ""তকেচুদে বুদা"" ধর্মীয় অবমাননাকর শব্দ।  
2. ""ফাটিয়ে দেব"" বলায় হিংসাত্মক ইঙ্গিত।  
3. পুরো বাক্যটি ঘৃণা প্রকাশ করে।","1. ""তকেচুদে বুদা"" ধর্মীয় গালি হিসাবে ব্যবহৃত।  
2. ""ফাটিয়ে দেব"" হিংসার উস্কানি দেয়।  
3. বাক্যটি ঘৃণামূলক ভাষা ব্যবহার করে।","1. ""তকেচুদে বুদা"" ধর্মীয় অবমাননাকর।  
2. ""ফাটিয়ে দেব"" হিংসাত্মক ভাষা।  
3. বাক্যটিতে ঘৃণা প্রকাশ পায়।","1. ""তকেচুদে বুদা"" ধর্মীয় সম্মানহানি করে।  
2. ""ফাটিয়ে দেব"" বলায় হিংসা প্রকাশ পায়।  
3. সম্পূর্ণ বাক্যে ঘৃণার ভাষা রয়েছে।","1. ""তকেচুদে বুদা"" ধর্মীয় অবমাননাকর শব্দ।  
2. ""ফাটিয়ে দেব"" হিংসাত্মক ইঙ্গিত বহন করে।  
3. পুরো বাক্যটি ঘৃণামূলক ভাষা প্রকাশ করে।","1. ""তকেচুদে বুদা"" ধর্মীয় সম্মানহানি করে।  
2. ""ফাটিয়ে দেব"" বলায় হিংসার প্রকাশ।  
3. বাক্যটি ঘৃণা ছড়ায়।","1. ""তকেচুদে বুদা"" ধর্মীয় অবমাননাকর শব্দ।  
2. ""ফাটিয়ে দেব"" হিংসাত্মক ইঙ্গিত বহন করে।  
3. বাক্যটি ঘৃণামূলক ভাষা ব্যবহার করে।","১. ""তকেচুদে বুদা"" ধর্মীয় অপমান প্রকাশ করে।  
২. ""ফাটিয়ে দেব"" হিংসাত্মক অভিপ্রায় দেখায়।  
৩. বাক্যটি ঘৃণামূলক ভাষা ব্যবহার করে।","১. ""তকেচুদে বুদা"" ধর্মীয় অবমাননার ইঙ্গিত দেয়।  
২. ""ফাটিয়ে দেব"" শব্দে হিংসার প্রকাশ পায়।  
৩. সম্পূর্ণ বাক্যটি ঘৃণার ভাষা বহন করে।"
তর বগবানের ধনটা কাইট্টে তর মার সোনাদে ডুকাইয়া দিমু,Gender,Offensive,"মন্তব্যটি অত্যন্ত অশ্লীল এবং চরম অবমাননাকর ভাষা ব্যবহার করেছে।
নারীর প্রতি অসম্মান এবং সহিংস ইঙ্গিত প্রকাশ করায় এটি গুরুতরভাবে আপত্তিকর।
অশালীন ও হিংস্র বক্তব্য থাকায় এটি সম্পূর্ণভাবে অগ্রহণযোগ্য।","1. ""অশ্লীল ভাষা নারীকে অপমান করছে""  
2. ""হিংস্র ইঙ্গিত সম্পূর্ণ অগ্রহণযোগ্য""  
3. ""ধর্মীয় অবমাননা ও সহিংসতা প্রকাশ পেয়েছে""","1. ""নারীকে অশ্লীলভাবে অপমান করা হয়েছে""  
2. ""হিংসার হুমকি দেওয়া হয়েছে""  
3. ""ধর্মীয় শব্দ ব্যবহার করে সহিংসতা প্রকাশ""","1. ""অশ্লীল ভাষায় নারীর প্রতি অপমান করা হয়েছে""  
2. ""হিংসাত্মক কাজের হুমকি দেওয়া হয়েছে""  
3. ""ধর্মীয় শব্দ ব্যবহার করে সহিংসতা প্রকাশিত""","1. ""অশ্রাব্য ভাষায় নারীকে অপমান করা হয়েছে""  
2. ""ধর্মীয় শব্দ ব্যবহার করে হুমকি দেওয়া হয়েছে""  
3. ""সহিংস কাজের ইঙ্গিত দেওয়া হয়েছে""","1. ""অশ্রাব্য ভাষায় নারীকে অপমান করা হয়েছে""  
কারণ: নারীকে অশালীনভাবে উল্লেখ করা হয়েছে।  

2. ""ধর্মীয় শব্দ ব্যবহার করে হুমকি দেওয়া হয়েছে""  
কারণ: ধর্মীয় শব্দ দিয়ে হুমকির ভাষণ।  

3. ""সহিংস কাজের ইঙ্গিত দেওয়া হয়েছে""  
কারণ: সহিংসতার উল্লেখ আছে বাক্যে।","1. ""অশালীন ভাষায় নারীকে লক্ষ্য করা হয়েছে""  
2. ""ধর্মীয় শব্দ ব্যবহার করে হুমকি দেওয়া""  
3. ""সহিংসতার ইঙ্গিত স্পষ্টভাবে আছে""","1. ""অশালীন ভাষায় নারীকে লক্ষ্য করা হয়েছে"" – বক্তব্যে অশালীন শব্দ ব্যবহার করা হয়েছে।  

2. ""ধর্মীয় শব্দ ব্যবহার করে হুমকি দেওয়া"" – ধর্মীয় শব্দ দিয়ে হুমকি দেওয়া হয়েছে।  

3. ""সহিংসতার ইঙ্গিত স্পষ্টভাবে আছে"" – বক্তব্যে সহিংসতার ইঙ্গিত স্পষ্ট।","1. ""ধর্মীয় শব্দ ব্যবহার করা হয়েছে।""  
2. ""হুমকি দেওয়ার ইঙ্গিত আছে।""  
3. ""সহিংসতার কথা বলা হয়েছে।""","1. ""ধর্মীয় শব্দ ব্যবহারে ঘৃণা প্রকাশ পেয়েছে।""  
2. ""হুমকির ভাষায় সহিংসতার ইঙ্গিত আছে।""  
3. ""সহিংস কাজের বর্ণনা দেওয়া হয়েছে।""","1. ""ধর্মীয় শব্দ অপব্যবহার করে ঘৃণা ছড়ানো হয়েছে।""  
2. ""হিংসাত্মক কাজের হুমকি দেওয়া হয়েছে।""  
3. ""অশালীন ভাষায় সহিংসতার বর্ণনা করা হয়েছে।""","1. ""ধর্মীয় শব্দ ব্যবহার করে অপমান করা হয়েছে।""  
2. ""হিংসাত্মক কাজের উল্লেখ আছে বাক্যে।""  
3. ""অশালীন ভাষায় সহিংসতার ইঙ্গিত দেওয়া হয়েছে।""","1. ""ধর্মীয় শব্দ ব্যবহার করে অপমান করা হয়েছে।""  
2. ""হিংসাত্মক কাজের উল্লেখ আছে বাক্যে।""  
3. ""অশালীন ভাষায় সহিংসতার ইঙ্গিত দেওয়া হয়েছে।""","1. ""ধর্মীয় শব্দ ব্যবহার করে অপমান করা হয়েছে।""  
2. ""হিংসাত্মক কাজের উল্লেখ আছে বাক্যে।""  
3. ""অশালীন ভাষায় সহিংসতার ইঙ্গিত দেওয়া হয়েছে।""","1. ""ধর্মীয় শব্দ অপমানকরভাবে ব্যবহৃত হয়েছে।""  
2. ""হিংসাত্মক কাজের বর্ণনা স্পষ্ট।""  
3. ""অশালীন ভাষায় সহিংসতার ইঙ্গিত দেওয়া।""","1. ""ধর্মীয় শব্দ অপমানজনকভাবে ব্যবহার করা হয়েছে।""  
2. ""হিংসাত্মক কাজের বর্ণনা স্পষ্টভাবে আছে।""  
3. ""অশালীন ভাষায় সহিংসতার ইঙ্গিত দেওয়া হয়েছে।""","1. ""ধর্মীয় শব্দ অপমানজনকভাবে ব্যবহৃত হয়েছে।""  
2. ""হিংসাত্মক কাজের বর্ণনা স্পষ্ট।""  
3. ""অশালীন ভাষায় সহিংসতার ইঙ্গিত।""","1. ""ধর্মীয় শব্দ অপমানজনকভাবে ব্যবহার করা হয়েছে।""  
2. ""হিংসাত্মক কাজের বর্ণনা স্পষ্টভাবে আছে।""  
3. ""অশালীন ভাষায় সহিংসতার ইঙ্গিত দেওয়া হয়েছে।""","1. ""অশালীন ভাষায় ধর্মীয় শব্দ ব্যবহার করা হয়েছে।""  
2. ""হিংসাত্মক কাজের উল্লেখ স্পষ্ট।""  
3. ""সহিংসতার ইঙ্গিত অশালীনভাবে দেওয়া হয়েছে।""","1. ""ধর্মীয় শব্দের অপপ্রয়োগ স্পষ্ট।""  
2. ""হিংসাত্মক কাজের বর্ণনা আছে।""  
3. ""অশালীন ভাষায় সহিংসতার উল্লেখ।""","1. ""অশালীন ভাষায় ধর্মীয় শব্দের অপব্যবহার করা হয়েছে।""  
2. ""হিংসাত্মক কাজের বর্ণনা স্পষ্টভাবে উল্লেখ আছে।""  
3. ""ধর্ম ও সহিংসতা একসাথে অশালীনভাবে ব্যবহার হয়েছে।""","1. ""ধর্মীয় শব্দের অপব্যবহার স্পষ্ট।""  
2. ""হিংসাত্মক বর্ণনা পরিষ্কার।""  
3. ""ধর্ম ও সহিংসতা অশালীনভাবে যুক্ত।"""
তর মা রে কুতা দিয় চুদা,Gender,Offensive,"মন্তব্যটি অত্যন্ত অশালীন এবং নারীর প্রতি সরাসরি যৌন হয়রানিমূলক।
ব্যক্তিগত অপমান এবং অবমাননাকর মনোভাব প্রকাশ করা হয়েছে।
অশোভন ভাষা ও হিংস্র ইঙ্গিত থাকার কারণে এটি গুরুতরভাবে আপত্তিকর।","1. ""অশ্লীল ভাষায় নারীকে যৌন হয়রানি করা হয়েছে""  
2. ""ব্যক্তিগত অপমান ও হিংসাত্মক ইঙ্গিত রয়েছে""  
3. ""অশালীন ভাষা ও যৌন সহিংসতার প্রচারণা""","1. ""অশ্লীল ভাষায় নারীকে লক্ষ্য করে আক্রমণ""  
2. ""যৌন সহিংসতার ইঙ্গিত স্পষ্ট""  
3. ""হিংসাত্মক ভাষায় ব্যক্তিগত অপমান""","1. ""অশ্রাব্য ভাষায় নারীকে লক্ষ্য করা হয়েছে""  
2. ""যৌন সহিংসতার প্রত্যক্ষ উল্লেখ আছে""  
3. ""হিংসাত্মক ভাষায় গালিগালাজ করা হয়েছে""","1. ""অশ্রাব্য ভাষা ব্যবহার করে নারীকে লক্ষ্য করা হয়েছে""  
2. ""যৌন সহিংসতার প্রত্যক্ষ উল্লেখ স্পষ্ট""  
3. ""হিংসাত্মক ভাষায় গালিগালাজ স্পষ্টভাবে দেখা যাচ্ছে""","1. ""অশ্রাব্য ভাষায় নারীকে আক্রমণ করা হয়েছে""  
2. ""যৌন সহিংসতার স্পষ্ট উল্লেখ আছে""  
3. ""হিংসাত্মক ভাষায় গালিগালাজ স্পষ্ট""","1. ""অশ্রাব্য ভাষা ব্যবহার করা হয়েছে""  
2. ""নারীকে যৌনভাবে আক্রমণ করা হয়েছে""  
3. ""হিংসাত্মক গালিগালাজ স্পষ্ট""","1. ""অশ্রাব্য শব্দ ব্যবহারে স্পষ্ট ঘৃণা প্রকাশ""  
2. ""যৌন সহিংসতার ইঙ্গিত স্পষ্টভাবে আছে""  
3. ""হিংসাত্মক ভাষায় নারীকে আক্রমণ করা হয়েছে""","1. ""অশ্রাব্য ভাষায় নারীকে অপমান করা হয়েছে""  
2. ""যৌন সহিংসতার হুমকি স্পষ্ট""  
3. ""ঘৃণ্য শব্দে মাকে আক্রমণ করা হয়েছে""","1. ""অশ্রাব্য ভাষায় মাকে গালি দেওয়া হয়েছে""  
2. ""যৌন সহিংসতার ইঙ্গিত স্পষ্ট""  
3. ""ঘৃণ্য শব্দে নারীকে লক্ষ্য করা হয়েছে""","1. ""অশ্রাব্য শব্দ ব্যবহার করে মাকে গালি দেওয়া হয়েছে""  
2. ""যৌন সহিংসতার ইঙ্গিত স্পষ্টভাবে প্রকাশ পেয়েছে""  
3. ""নারীকে লক্ষ্য করে ঘৃণ্য ভাষা ব্যবহৃত হয়েছে""","1. ""অশ্লীল ভাষায় মাকে গালি দেওয়া হয়েছে""  
2. ""যৌন সহিংসতার ইঙ্গিত স্পষ্ট""  
3. ""নারীকে অপমান করা হয়েছে""","1. ""অশ্লীল শব্দ ব্যবহার করে মাকে গালি দেওয়া হয়েছে""  
2. ""যৌন সহিংসতার হুমকি স্পষ্টভাবে ব্যক্ত""  
3. ""নারীকে অসম্মানজনক ভাষায় আক্রমণ করা হয়েছে""","1. ""অশ্লীল ভাষায় মায়ের প্রতি যৌন সহিংসতার ইঙ্গিত""  
2. ""মাকে কুৎসিত ভাষায় যৌন হুমকি দেওয়া হয়েছে""  
3. ""নারীকে অশ্লীল ভাষায় যৌন সহিংসতার লক্ষ্য করা""","1. ""অশ্লীল ভাষায় মায়ের প্রতি যৌন সহিংসতার উল্লেখ আছে""  
2. ""মাকে কুৎসিত ভাষায় যৌন হুমকি দেওয়া হয়েছে""  
3. ""নারীকে অশ্রাব্য ভাষায় যৌন সহিংসতার লক্ষ্য করা হয়েছে""","1. ""অশ্লীল ভাষায় মায়ের প্রতি যৌন সহিংসতার উল্লেখ আছে""  
কারণ: এই বাক্যে অশ্লীল শব্দ ব্যবহার করা হয়েছে।  

2. ""মাকে কুৎসিত ভাষায় যৌন হুমকি দেওয়া হয়েছে""  
কারণ: মাকে যৌন হুমকি দেওয়া হয়েছে।  

3. ""নারীকে অশ্রাব্য ভাষায় যৌন সহিংসতার লক্ষ্য করা হয়েছে""  
কারণ: নারীকে যৌন সহিংসতার লক্ষ্য করা হয়েছে।","1. ""অশ্লীল শব্দ ব্যবহার করে মায়ের প্রতি যৌন সহিংসতা""  
2. ""মাকে যৌন হুমকি দেওয়া হয়েছে অশ্রাব্য ভাষায়""  
3. ""নারীকে লক্ষ্য করে যৌন সহিংসতার উল্লেখ আছে""","1. ""অশ্লীল ভাষায় মায়ের প্রতি যৌন হুমকি দেওয়া হয়েছে""  
2. ""মাকে লক্ষ্য করে যৌন সহিংসতার উল্লেখ আছে""  
3. ""অশ্রাব্য শব্দে নারীকে যৌনভাবে আক্রমণ করা হয়েছে""","1. ""অশ্লীল ভাষায় মায়ের প্রতি যৌন হুমকি স্পষ্ট""  
2. ""মাকে লক্ষ্য করে যৌন সহিংসতার উল্লেখ আছে""  
3. ""নারীকে যৌনভাবে আক্রমণের অশ্রাব্য শব্দ ব্যবহৃত""","1. ""অশ্লীল শব্দে মায়ের প্রতি যৌন হুমকি""  
2. ""যৌন সহিংসতার স্পষ্ট উল্লেখ আছে""  
3. ""নারীকে আক্রমণের অশ্লীল ভাষা""","1. ""অশ্লীল ভাষায় মায়ের প্রতি যৌন হুমকি দেওয়া হয়েছে""  
2. ""যৌন সহিংসতার স্পষ্ট বর্ণনা আছে বাক্যে""  
3. ""নারীকে লক্ষ্য করে অশ্লীল গালি দেওয়া হয়েছে""","1. ""মাকে লক্ষ্য করে অশ্লীল গালি দেওয়া হয়েছে""  
2. ""যৌন হুমকির স্পষ্ট উল্লেখ আছে""  
3. ""নারীকে অপমান করা হয়েছে অশ্লীল ভাষায়"""
তর মাইরে চুদি,Gender,Offensive,"মন্তব্যটি অত্যন্ত অশালীন এবং নারীর প্রতি সরাসরি অবমাননাকর ইঙ্গিত দিয়েছে।
নারীর সম্মানহানির উদ্দেশ্যে অশালীন ভাষা ব্যবহার করা হয়েছে।
এ ধরনের মন্তব্য চরমভাবে অপমানজনক এবং নৈতিকভাবে অগ্রহণযোগ্য।","1. অশালীন ভাষা নারীর প্রতি অবমাননাকর।  
2. মন্তব্যটি নারীদের সম্মানহানি করে।  
3. চরম অপমানজনক ও অগ্রহণযোগ্য ভাষা।","1. অশালীন ভাষায় নারীকে অপমান করা হয়েছে।  
2. নারীর সম্মানহানিকর ভাষা ব্যবহৃত হয়েছে।  
3. চরম অপমানজনক বাক্য নারীদের জন্য।","1. অশ্লীল ভাষায় নারীকে লক্ষ্য করে বলা হয়েছে।  
2. নারীর প্রতি অসম্মানজনক শব্দ ব্যবহৃত হয়েছে।  
3. মেয়েদের জন্য অত্যন্ত অপমানকর বাক্য।","1. অশ্লীল ভাষায় নারীকে আক্রমণ করা হয়েছে।  
2. নারীর সম্মানহানিকর শব্দ ব্যবহার করা হয়েছে।  
3. মেয়েদের প্রতি ঘৃণ্য ভাষা ব্যবহৃত হয়েছে।","1. অশ্লীল শব্দ ব্যবহার করে নারীকে অপমান করা হয়েছে।  
2. নারীর সম্মানহানিকর ভাষা প্রয়োগ করা হয়েছে।  
3. ঘৃণ্য ভাষায় মেয়েদের প্রতি আক্রমণাত্মক মন্তব্য করা হয়েছে।","1. অশ্লীল শব্দ ব্যবহার করে নারীকে হেয় করা হয়েছে।  
2. ভাষাটি নারীর প্রতি অসম্মানজনক ও আক্রমণাত্মক।  
3. মেয়েদের প্রতি ঘৃণ্য ও অপমানকর মন্তব্য করা হয়েছে।","1. অশ্লীল ভাষায় নারীকে অপমান করা হয়েছে।  
2. নারীর প্রতি ঘৃণাত্মক ও আক্রমণাত্মক ভাষা ব্যবহৃত।  
3. মেয়েদের অবমাননাকর শব্দ ব্যবহার করা হয়েছে।","1. অশ্লীল শব্দ ব্যবহার করে নারীকে অপমান করা হয়েছে।  
2. ভাষাটি নারীর প্রতি ঘৃণা প্রকাশ করছে।  
3. মেয়েদের অবমাননাকর ভাষা ব্যবহৃত হয়েছে।","1. অশ্লীল ভাষায় নারীকে লক্ষ্য করে বলা হয়েছে।  
2. নারীর প্রতি ঘৃণামূলক শব্দ ব্যবহৃত হয়েছে।  
3. মেয়েদের অপমান করার জন্য ভাষা ব্যবহার করা হয়েছে।","1. অশ্লীল ভাষা ব্যবহার করা হয়েছে।  
2. নারীকে অপমান করা হয়েছে।  
3. ঘৃণামূলক শব্দ ব্যবহৃত হয়েছে।","1. অশ্রাব্য শব্দ ব্যবহার করা হয়েছে।  
2. নারীর প্রতি অশালীন ভাষা প্রয়োগ করা হয়েছে।  
3. ঘৃণাসূচক বাক্যাংশ ব্যবহৃত হয়েছে।","1. অশ্লীল শব্দ ব্যবহারের জন্য লেবেল সঠিক।  
2. নারীকে অশালীনভাবে সম্বোধন করা হয়েছে।  
3. বাক্যটি ঘৃণামূলক ভাষা প্রকাশ করে।","1. অশ্লীল শব্দ ব্যবহার করা হয়েছে।  
2. নারীকে অসম্মানজনকভাবে সম্বোধন করা হয়েছে।  
3. বাক্যটিতে ঘৃণামূলক ভাষা রয়েছে।","1. অশ্লীল শব্দ ব্যবহারের জন্য লেবেল সঠিক।  
2. নারীকে অসম্মান করা হয়েছে স্পষ্টভাবে।  
3. ঘৃণামূলক ভাষা প্রয়োগের প্রমাণ রয়েছে।","1. অশ্লীল ভাষা ব্যবহারের জন্য লেবেল সঠিক।  
2. নারীকে অপমান করা হয়েছে স্পষ্টভাবে।  
3. ঘৃণামূলক বাক্য প্রয়োগ করা হয়েছে।","1. অশ্লীল শব্দ ব্যবহার করা হয়েছে।  
2. নারীকে গালি দেওয়া হয়েছে।  
3. ঘৃণামূলক ভাষা স্পষ্ট।","1. অশ্রাব্য ভাষা ব্যবহার করা হয়েছে।  
2. নারীকে অসম্মান করা হয়েছে।  
3. ঘৃণা প্রকাশ পেয়েছে কথায়।","1. অশ্লীল শব্দ ব্যবহার করা হয়েছে।  
2. নারীর প্রতি অবমাননাকর ভাষা।  
3. ঘৃণামূলক অভিব্যক্তি ফুটে উঠেছে।","1. অশ্রাব্য ভাষা ব্যবহার করা হয়েছে।  
2. নারীকে অপমান করা হয়েছে।  
3. ঘৃণা প্রকাশ পেয়েছে।","১. অশ্লীল শব্দ ব্যবহার করা হয়েছে।  
২. নারীর প্রতি অসম্মানজনক ভাষা।  
৩. ঘৃণামূলক অভিব্যক্তি প্রকাশিত।","১. অশ্লীল শব্দ স্পষ্টভাবে ব্যবহৃত হয়েছে।  
২. নারীকে অসম্মান করার ভাষা ব্যবহার করা হয়েছে।  
৩. ঘৃণামূলক বাক্য উচ্চারিত হয়েছে।"
তর মার বিতর হানদায়া দিমু,Gender,Offensive,"মন্তব্যটি অশালীন এবং নারীর প্রতি চরম অবমাননাকর ভাষা ব্যবহার করেছে।
অপমানজনক ও হুমকিসূচক ইঙ্গিতের মাধ্যমে এটি গুরুতরভাবে আপত্তিকর।
নারীর সম্মানহানি এবং হেয় প্রতিপন্ন করার উদ্দেশ্যে এটি প্রকাশিত হয়েছে।","1. ""মার"" শব্দটি নারীকে অপমান করার জন্য ব্যবহৃত হয়েছে।  

2. ""হানদায়া দিমু"" বলতে হুমকি ও সহিংসতার ইঙ্গিত রয়েছে।  

3. ভাষাটি নারীর সম্মানহানির উদ্দেশ্যে বলা হয়েছে।","1. ""মার"" শব্দে নারীকে অপমান করা হয়েছে।  

2. ""হানদায়া দিমু"" হুমকি প্রকাশ করে।  

3. ভাষাটি নারীর প্রতি অবমাননাকর।","1. ""মার"" শব্দে নারীকে অপমান করা হয়েছে।  

2. ""হানদায়া দিমু"" হিংসাত্মক হুমকি প্রকাশ করে।  

3. ভাষাটি নারীর প্রতি ঘৃণা প্রকাশ করে।","1. ""মার"" শব্দে নারীকে অবমাননা করা হয়েছে।  

2. ""হানদায়া দিমু"" বলায় হিংসার ইঙ্গিত আছে।  

3. বাক্যটি নারীর প্রতি ঘৃণা প্রকাশ করে।","1. ""মার"" শব্দে নারীকে অপমান করা হয়েছে।  

2. ""হানদায়া দিমু"" বলায় হিংসার ইঙ্গিত আছে।  

3. বাক্যটি নারীর প্রতি ঘৃণা প্রকাশ করে।","1. ""মার"" শব্দে নারীকে অবমাননা করা হয়েছে।  

2. ""হানদায়া দিমু"" বলায় হিংসার সংকেত আছে।  

3. বাক্যটি নারীর প্রতি ঘৃণা প্রকাশ করে।","1. ""মার"" শব্দে নারীকে অপমান করা হয়েছে।  

2. ""হানদায়া দিমু"" বলায় হিংসার ইঙ্গিত আছে।  

3. বাক্যটি নারীদের প্রতি ঘৃণা দেখায়।","1. ""মার"" শব্দে নারীকে অবমাননা করা হয়েছে।  

2. ""হানদায়া দিমু"" বলায় হিংসার উস্কানি আছে।  

3. বাক্যটি নারীদের প্রতি বিদ্বেষপূর্ণ।","1. ""মার"" শব্দে নারীদের অপমান করা হয়েছে।  

2. ""হানদায়া দিমু"" বলায় হিংসা উৎসাহিত করা হয়েছে।  

3. বাক্যটি নারীদের প্রতি ঘৃণা প্রকাশ করে।","1. ""মার"" শব্দে নারীদের অবমাননা করা হয়েছে।  

2. ""হানদায়া দিমু"" বলায় হিংসার প্রচারণা আছে।  

3. বাক্যটি নারীদের প্রতি বিদ্বেষপূর্ণ।","1. ""মার"" শব্দে নারীদের অপমান স্পষ্ট।  
2. ""হানদায়া দিমু"" হিংসাকে উৎসাহিত করে।  
3. নারীদের প্রতি ঘৃণা প্রকাশ পেয়েছে।","1. ""মার"" শব্দটি নারীদের অবমাননাকর।  
2. ""হানদায়া দিমু"" বলায় হিংসার প্ররোচনা।  
3. নারীদের প্রতি ঘৃণামূলক ভাষা ব্যবহৃত।","1. ""মার"" শব্দটি নারীদের অপমান করে।  
2. ""হানদায়া দিমু"" হিংসাকে উৎসাহিত করে।  
3. বাক্যটি নারীদের প্রতি ঘৃণা প্রকাশ করে।","1. ""মার"" শব্দটি নারীদের অবমাননাকর।  
2. ""হানদায়া দিমু"" হিংসাত্মক ভাষা।  
3. বাক্যটিতে নারীদের প্রতি ঘৃণা প্রকাশিত।","1. ""মার"" শব্দটি নারীদের অপমানজনক।  
2. ""হানদায়া দিমু"" হিংসাকে উৎসাহিত করে।  
3. বাক্যটি নারীদের প্রতি বিদ্বেষপূর্ণ।","1. ""মার"" শব্দটি নারীদের অবমাননাকর।  
2. ""হানদায়া দিমু"" হিংসাত্মক ভাষা প্রকাশ করে।  
3. পুরো বাক্যটি নারী বিদ্বেষী।","1. ""মার"" শব্দটি নারীদের প্রতি অপমানজনক।  
2. ""হানদায়া দিমু"" বলায় হিংসার ইঙ্গিত রয়েছে।  
3. বাক্যটি নারীদের বিরুদ্ধে বিদ্বেষপূর্ণ।","1. ""মার"" শব্দটি নারীদের অবমাননাকর।  
2. ""হানদায়া দিমু"" হিংসাকে উৎসাহিত করে।  
3. বাক্যটি নারীদের প্রতি বিদ্বেষপূর্ণ।","1. ""মার"" শব্দটি নারীদের অপমানজনক।  
2. ""হানদায়া দিমু"" বলায় হিংসার প্ররোচনা আছে।  
3. পুরো বাক্যটি নারীদের বিরুদ্ধে বিদ্বেষপূর্ণ।","1. ""মার"" শব্দটি নারীদের অবমাননাকর।  
2. ""হানদায়া দিমু"" হিংসাত্মক ইঙ্গিত বহন করে।  
3. বাক্যটি নারী বিদ্বেষী ভাষ্য প্রকাশ করে।","1. ""মার"" শব্দটি নারীদের প্রতি অপমানজনক।  
2. ""হানদায়া দিমু"" বলায় হিংসার ইঙ্গিত রয়েছে।  
3. বাক্যটিতে নারীদের বিরুদ্ধে বিদ্বেষ ফুটে উঠেছে।"
তর মারে খেলছে,Gender,Offensive,"মন্তব্যটি অত্যন্ত অবমাননাকর এবং নারীর প্রতি অসম্মানজনক।
ব্যক্তিগত অপমান এবং অশালীন ইঙ্গিতের কারণে এটি আপত্তিকর।
অপমানসূচক ও হেয়প্রসূত মনোভাব প্রকাশ করায় এটি গুরুতরভাবে অগ্রহণযোগ্য।
","1. ""তর মারে"" শব্দগুচ্ছ অশালীন ও নারীদের প্রতি অপমানজনক।  
2. এই বাক্যটি নারীদের প্রতি হিংসাত্মক মনোভাব প্রকাশ করে।  
3. ভাষাটি অত্যন্ত আপত্তিকর এবং লিঙ্গভিত্তিক বিদ্বেষপূর্ণ।","1. ""তর মারে"" শব্দে নারীদের অবমাননা।  
2. বাক্যটি লিঙ্গভিত্তিক বিদ্বেষ প্রকাশ করে।  
3. ভাষাটি নারীদের প্রতি হিংসাত্মক।","1. ""তর মারে"" শব্দে নারীদের অপমান করা হয়েছে।  
2. এটি নারীদের বিরুদ্ধে হিংসাত্মক ভাষা।  
3. লিঙ্গভিত্তিক বিদ্বেষ প্রকাশ পেয়েছে।","1. ""তর মারে"" শব্দে নারীদের অবমাননা করা হয়েছে।  
2. এটি নারীদের প্রতি সহিংস ভাষা।  
3. লিঙ্গভিত্তিক ঘৃণা প্রকাশ পেয়েছে।","1. ""তর মারে"" নারীদের অপমানজনক শব্দ।  
2. এটি নারীদের প্রতি সহিংস ভাষা।  
3. লিঙ্গভিত্তিক ঘৃণা প্রকাশ করে।","1. ""তর মারে"" নারীদের অবমাননাকর শব্দ।  
2. এটি নারীদের প্রতি সহিংস ভাষা প্রকাশ করে।  
3. লিঙ্গভিত্তিক ঘৃণামূলক মন্তব্য।","1. ""তর মারে"" নারীদের অপমানজনক শব্দ।  
2. এটি নারীদের প্রতি সহিংসতা প্রকাশ করে।  
3. লিঙ্গভিত্তিক ঘৃণা দেখায়।","1. ""তর মারে"" নারীদের অবমাননাকর শব্দ।  
2. নারীদের প্রতি সহিংসতা উৎসাহিত করে।  
3. লিঙ্গভিত্তিক ঘৃণামূলক ভাষা।","1. ""তর মারে"" নারীদের অপমান করে।  
2. নারীদের বিরুদ্ধে সহিংসতা প্রকাশ করে।  
3. লিঙ্গভিত্তিক ঘৃণা দেখায়।","1. ""তর মারে"" নারীদের অবমাননাকর শব্দ।  
2. এটি নারীদের প্রতি সহিংসতা উৎসাহিত করে।  
3. লিঙ্গভিত্তিক বিদ্বেষ প্রকাশ পায়।","1. ""তর মারে"" নারীদের অপমানজনক শব্দ।  
2. এটি নারীদের বিরুদ্ধে সহিংসতা প্রচার করে।  
3. লিঙ্গভিত্তিক ঘৃণা প্রকাশ করে।","1. ""তর মারে"" নারীদের প্রতি অবমাননাকর শব্দ।  
2. এটি নারীদের বিরুদ্ধে সহিংসতা উৎসাহিত করে।  
3. লিঙ্গভিত্তিক ঘৃণামূলক ভাষা ব্যবহার করা হয়েছে।","1. ""তর মারে"" নারীদের অপমানজনক শব্দ।  
2. এটি নারীদের বিরুদ্ধে সহিংসতা প্রকাশ করে।  
3. লিঙ্গভিত্তিক ঘৃণা দেখা যাচ্ছে।","1. ""তর মারে"" নারীদের অবমাননাকর শব্দ।  
2. এটি নারীদের প্রতি সহিংসতা উস্কে দেয়।  
3. লিঙ্গভিত্তিক ঘৃণামূলক ভাষা ব্যবহার করা হয়েছে।","1. ""তর মারে"" নারীদের অপমানজনক শব্দ।  
2. এটি নারীদের বিরুদ্ধে সহিংসতা প্রচার করে।  
3. লিঙ্গভিত্তিক ঘৃণা প্রকাশ পেয়েছে।","১. ""তর মারে"" নারীদের অবমাননাকর শব্দ।  
২. এটি নারীদের প্রতি সহিংসতা উস্কে দেয়।  
৩. লিঙ্গভিত্তিক ঘৃণা প্রকাশ করে।","১. ""তর মারে"" নারীদের অপমানজনক শব্দ।  
২. নারীদের প্রতি সহিংসতা উৎসাহিত করে।  
৩. লিঙ্গভিত্তিক বিদ্বেষ ফুটে ওঠে।","১. ""তর মারে"" নারীদের অবমাননাকর শব্দ।  
২. নারীদের বিরুদ্ধে সহিংসতা প্রচার করে।  
৩. লিঙ্গভিত্তিক ঘৃণা প্রকাশ পায়।","১. ""তর মারে"" নারীদের অপমানজনক শব্দ।  
২. নারীদের বিরুদ্ধে সহিংসতা উৎসাহিত করে।  
৩. লিঙ্গভিত্তিক বিদ্বেষ ফুটে ওঠে।","১. ""তর মারে"" নারীদের অবমাননাকর শব্দ।  
২. নারীদের বিরুদ্ধে সহিংসতা প্রচার করে।  
৩. লিঙ্গভিত্তিক ঘৃণা প্রকাশ পায়।","১. ""তর মারে"" নারীদের অপমানজনক শব্দ।  
২. নারীদের বিরুদ্ধে সহিংসতা উৎসাহিত করে।  
৩. লিঙ্গভিত্তিক বিদ্বেষ ফুটে ওঠে।"
তর মারে চুদার কবর কও,Gender,Offensive,"মন্তব্যটি অশালীন এবং নারীর প্রতি চরম অবমাননাকর ইঙ্গিত দিয়েছে।
অপমানজনক এবং অসম্মানসূচক মনোভাব প্রকাশ করায় এটি গুরুতরভাবে আপত্তিকর।
অশ্লীল ভাষা ব্যবহার করে এটি সম্পূর্ণ অগ্রহণযোগ্য।","1. অশ্লীল ভাষা নারীদের প্রতি ঘৃণা প্রকাশ করে।  
2. মন্তব্যটি নারীর সম্মানহানিকর ও অপমানজনক।  
3. চরম অসভ্য ভাষার ব্যবহার অগ্রহণযোগ্য।","1. এই বাক্যটিতে নারীদের প্রতি অশ্লীল ভাষা ব্যবহৃত হয়েছে।  
2. নারীর সম্মানহানিকর শব্দ ব্যবহার করা হয়েছে।  
3. চরম অসভ্য ভাষার মাধ্যমে ঘৃণা প্রকাশ পেয়েছে।","1. অশ্লীল শব্দ ব্যবহার করে নারীকে অপমান করা হয়েছে।  
2. ঘৃণাসূচক ভাষায় নারীর সম্মান ক্ষুণ্ণ করা হয়েছে।  
3. চরম অসভ্য ভাষার মাধ্যমে নারীদের প্রতি বিদ্বেষ প্রকাশিত হয়েছে।","1. অশ্লীল শব্দ ব্যবহার করে নারীকে হেয় করা হয়েছে।  
2. ঘৃণাসূচক ভাষায় নারীর অবমাননা প্রকাশ পেয়েছে।  
3. চরম অসভ্য ভাষায় নারীদের প্রতি বিদ্বেষ দেখানো হয়েছে।","1. অশ্লীল শব্দ ব্যবহার করে নারীকে অপমান করা হয়েছে।  
2. ভাষাটি নারীর প্রতি ঘৃণা প্রকাশ করছে।  
3. চরম অসভ্য ভাষায় নারীদের অবমাননা করা হয়েছে।","1. এই বাক্যে অশ্লীল শব্দ ব্যবহার করা হয়েছে।  
2. নারীকে অপমান করার ভাষা ব্যবহৃত হয়েছে।  
3. ঘৃণামূলক ভাষায় নারীদের অবমাননা করা হয়েছে।","1. অশ্লীল শব্দ ব্যবহারের জন্য লেবেল সঠিক।  
2. নারীদের প্রতি অপমানজনক ভাষা ব্যবহৃত হয়েছে।  
3. ঘৃণামূলক বাক্যে নারীদের অবমাননা করা হয়েছে।","1. অশ্লীল ভাষা ব্যবহৃত হয়েছে।  
2. নারীদের অপমান করা হয়েছে।  
3. ঘৃণামূলক বাক্য ব্যবহার করা হয়েছে।","1. অশ্রাব্য শব্দ ব্যবহার করা হয়েছে।  
2. নারীদের প্রতি অসম্মানজনক ভাষা।  
3. ধর্মীয় ভাবাবেগে আঘাত দেওয়া হয়েছে।","1. অশ্লীল ভাষা ব্যবহার করা হয়েছে।  
2. নারীদের অবমাননাকর শব্দ আছে।  
3. ধর্মীয় অনুভূতিতে আঘাত করেছে।","1. অশ্রাব্য ভাষা ব্যবহার করা হয়েছে।  
2. নারীদের প্রতি অসম্মানজনক শব্দ আছে।  
3. ধর্মীয় ভাবনা আঘাতপ্রাপ্ত হয়েছে।","1. অশ্লীল শব্দ ব্যবহার করা হয়েছে।  
2. নারীদের অবমাননাকর ভাষা ব্যবহৃত হয়েছে।  
3. ধর্মীয় অনুভূতিতে আঘাত দেওয়া হয়েছে।","1. অশ্লীল শব্দ ব্যবহার স্পষ্ট।  
2. নারীদের প্রতি ঘৃণ্য ভাষা ব্যবহৃত।  
3. ধর্মীয় ভাবনা আঘাতপ্রাপ্ত হয়েছে।","1. অশ্রাব্য ভাষা ব্যবহারের জন্য লেবেল সঠিক।  
2. নারীদের প্রতি অশালীন ভাষা ব্যবহৃত হয়েছে।  
3. ধর্মীয় অনুভূতিতে আঘাত করার অভিযোগ প্রযোজ্য।","1. অশ্লীল ভাষা ব্যবহৃত হয়েছে।  
2. নারীদের প্রতি আপত্তিকর ভাষা।  
3. ধর্মীয় ভাবাবেগে আঘাত করেছে।","1. এই বাক্যে অশ্লীল শব্দ ব্যবহার করা হয়েছে।  
2. নারীদের প্রতি ঘৃণ্য ভাষা ব্যবহৃত হয়েছে।  
3. ধর্মীয় অনুভূতিতে আঘাত করার কথা বলা হয়েছে।","1. অশ্লীল শব্দ ব্যবহারের জন্য লেবেল সঠিক।  
2. নারীদের প্রতি ঘৃণা প্রকাশ পেয়েছে।  
3. ধর্মীয় অনুভূতিতে আঘাত করার কথা আছে।","1. অশ্রাব্য ভাষা ব্যবহার করা হয়েছে।  
2. নারীদের অবমাননাকর শব্দ ব্যবহৃত।  
3. ধর্মীয় ভাবাবেগে আঘাত করার ইঙ্গিত আছে।","1. অশ্রাব্য শব্দ ""চুদার"" ব্যবহার করা হয়েছে।  
2. ""তর মারে"" নারীদের প্রতি অবমাননাকর।  
3. কবর শব্দে ধর্মীয় ভাবাবেগে আঘাত।","১. অশ্লীল ভাষা ব্যবহার করা হয়েছে।  
২. নারীদের প্রতি অবমাননাকর বাক্য।  
৩. ধর্মীয় শব্দে আঘাত করা হয়েছে।","১. অশ্লীল শব্দ ব্যবহার করা হয়েছে।  
২. নারীদের প্রতি ঘৃণ্য ভাষা ব্যবহৃত।  
৩. ধর্মীয় অনুভূতিতে আঘাত করার লক্ষ্য।"
তর মারে চুদি,Gender,Offensive,"মন্তব্যটি অত্যন্ত অশালীন এবং নারীর প্রতি সরাসরি অবমাননাকর।
ব্যক্তিগত সম্মানহানির উদ্দেশ্যে অশোভন ভাষা ব্যবহার করা হয়েছে।
এটি নারীর প্রতি অপমানসূচক এবং সামাজিকভাবে অগ্রহণযোগ্য।","1. অশালীন ভাষা নারীকে অপমান করে।  
2. ব্যক্তিগত সম্মানহানির জন্য অশোভন শব্দ।  
3. সামাজিকভাবে অগ্রহণযোগ্য ও অবমাননাকর।","1. নারীকে অশালীনভাবে অপমান করা হয়েছে।  
2. অশোভন শব্দে ব্যক্তিগত সম্মানহানি হয়েছে।  
3. সামাজিক মূল্যবোধের বিরুদ্ধে অবমাননাকর ভাষা।","1. অশালীন ভাষায় নারীকে লক্ষ্য করা হয়েছে।  
2. ব্যক্তিগত সম্মানহানির জন্য অশোভন শব্দ ব্যবহৃত।  
3. সামাজিক মূল্যবোধের বিরুদ্ধে ভাষার অপব্যবহার।","1. নারীকে অশালীন ভাষায় আক্রমণ করা হয়েছে।  
2. অশোভন শব্দে ব্যক্তিগত সম্মানহানি ঘটানো হয়েছে।  
3. সামাজিক মূল্যবোধের বিরুদ্ধে ভাষা ব্যবহৃত হয়েছে।","1. অশালীন ভাষায় নারীকে আক্রমণ করা হয়েছে।  
2. ব্যক্তিগত সম্মানহানি ঘটেছে অশোভন শব্দে।  
3. সামাজিক মূল্যবোধের বিরুদ্ধে কথা বলা হয়েছে।","1. অশ্লীল শব্দে নারীকে অপমান করা হয়েছে।  
2. গালিগালাজের মাধ্যমে সম্মানহানি করা হয়েছে।  
3. ভাষাটি সামাজিক মূল্যবোধ লঙ্ঘন করেছে।","1. এই বাক্যে অশ্লীল শব্দ ব্যবহার করা হয়েছে।  
2. নারীর প্রতি অপমানজনক ভাষা ব্যবহৃত হয়েছে।  
3. সামাজিক শিষ্টাচার লঙ্ঘন করা হয়েছে।","1. অশ্লীল শব্দ ব্যবহারের জন্য লেবেল সঠিক।  
2. নারীদের প্রতি আপত্তিকর ভাষা ব্যবহৃত হয়েছে।  
3. শালীনতা ভঙ্গকারী বাক্য এটি।","1. অশ্লীল ভাষা ব্যবহারের জন্য লেবেল সঠিক।  
2. নারীদের প্রতি অবমাননাকর ভাষা।  
3. শালীনতা ভঙ্গকারী বাক্য এটি।","1. অশ্লীল শব্দ ব্যবহার করা হয়েছে।  
2. নারীদের প্রতি অসম্মানজনক ভাষা।  
3. শালীনতা নীতির লঙ্ঘন ঘটেছে।","1. অশ্রাব্য ভাষা ব্যবহার করা হয়েছে।  
2. নারীদের অবমাননাকর শব্দ ব্যবহৃত।  
3. শালীনতা নীতির বিরুদ্ধে গেছে।","1. অশ্লীল শব্দ ব্যবহার করা হয়েছে।  
2. নারীদের প্রতি অসম্মানজনক ভাষা।  
3. শালীনতা নীতির লঙ্ঘন ঘটেছে।","1. অশ্লীল শব্দের ব্যবহার স্পষ্ট।  
2. নারীদের প্রতি ঘৃণ্য ভাষা ব্যবহৃত।  
3. শালীনতা নীতির পরিপন্থী বাক্য।","1. অশ্লীল শব্দ ব্যবহারে স্পষ্টভাবে বোঝা যায়।  
2. নারীদের প্রতি ঘৃণামূলক ভাষা প্রয়োগ করা হয়েছে।  
3. শালীনতা নীতির লঙ্ঘন ঘটেছে এই বাক্যে।","1. অশ্লীল শব্দ ব্যবহারের কারণে লেবেল সঠিক।  
2. নারীদের প্রতি আপত্তিকর ভাষা ব্যবহৃত হয়েছে।  
3. শালীনতা নীতির লঙ্ঘন হয়েছে এখানে।","1. অশ্লীল ভাষা ব্যবহারের জন্য লেবেল সঠিক।  
2. নারীদের প্রতি অবমাননাকর ভাষা রয়েছে।  
3. শালীনতা নীতির পরিপন্থী বাক্য।","1. অশ্লীল শব্দ ব্যবহার করা হয়েছে।  
2. নারীদের অপমানজনক ভাষা ব্যবহৃত।  
3. শালীনতা নীতির লঙ্ঘন ঘটেছে।","1. অশ্রাব্য ভাষার ব্যবহার স্পষ্ট।  
2. নারীদের প্রতি অসম্মানজনক শব্দ।  
3. শালীনতা নীতির বিরুদ্ধে যায়।","1. অশ্লীল শব্দ ব্যবহৃত হয়েছে।  
2. নারীদের অবমাননাকর ভাষা।  
3. শালীনতা লঙ্ঘন করেছে।","1. অশ্লীল শব্দ ব্যবহারে শালীনতা নষ্ট হয়েছে।  
2. নারীদের প্রতি ঘৃণ্য ভাষা প্রয়োগ করা হয়েছে।  
3. ভাষাটি সমাজের শালীন মান লঙ্ঘন করে।","1. অশ্লীল শব্দ ব্যবহারের জন্য লেবেল সঠিক।  
2. নারীদের প্রতি আপত্তিকর ভাষা ব্যবহৃত হয়েছে।  
3. ভাষাটি সামাজিক শালীনতা ভঙ্গ করেছে।"
তর মারে চুদি তই জানস,Gender,Offensive,"মন্তব্যটি অশালীন এবং সরাসরি যৌন হয়রানির ইঙ্গিত দিয়েছে।
অপমানজনক মনোভাব প্রদর্শন করায় এটি গুরুতরভাবে আপত্তিকর।
অশালীন ভাষা ব্যবহার করে নারীর সম্মানহানির প্রচেষ্টা করা হয়েছে।","1. যৌন সহিংসতার প্রত্যক্ষ উল্লেখ আছে।  
2. নারীকে অপমান করার ভাষা ব্যবহৃত হয়েছে।  
3. অশালীন শব্দে সম্মানহানির প্রচেষ্টা স্পষ্ট।","1. অশালীন ভাষায় যৌন সহিংসতার উল্লেখ আছে।  
2. নারীকে অপমান করার শব্দ ব্যবহৃত হয়েছে।  
3. সম্মানহানির জন্য অশালীন শব্দ ব্যবহার করা হয়েছে।","1. যৌন সহিংসতার উল্লেখ আছে অশালীন ভাষায়।  
2. নারীকে অপমান করার জন্য শব্দ ব্যবহৃত হয়েছে।  
3. অশালীন শব্দ ব্যবহার করে সম্মানহানি করা হয়েছে।","1. অশালীন ভাষায় যৌন সহিংসতার উল্লেখ আছে।  
2. নারীকে অপমান করার জন্য অশালীন শব্দ ব্যবহৃত।  
3. সম্মানহানি করতে অশালীন শব্দ ব্যবহার করা হয়েছে।","1. অশালীন শব্দে যৌন সহিংসতার ইঙ্গিত দেওয়া হয়েছে।  
2. নারীকে অপমান করতে গালি ব্যবহার করা হয়েছে।  
3. সম্মানহানির জন্য অশালীন ভাষা ব্যবহৃত হয়েছে।","1. অশালীন শব্দে যৌন সহিংসতার ইঙ্গিত আছে।  
2. নারীকে অপমান করার জন্য গালি দেওয়া হয়েছে।  
3. সম্মানহানিকর ভাষা ব্যবহৃত হয়েছে।","1. যৌন সহিংসতার ইঙ্গিত দেওয়া হয়েছে অশালীন ভাষায়।  
2. নারীকে গালি দিয়ে অপমান করা হয়েছে।  
3. সম্মানহানিকর শব্দ ব্যবহার করা হয়েছে।","1. অশালীন ভাষায় যৌন সহিংসতার ইঙ্গিত দেওয়া হয়েছে।  
2. নারীকে অসম্মানজনকভাবে গালি দেওয়া হয়েছে।  
3. সম্মানহানিকর শব্দ ব্যবহার করে অপমান করা হয়েছে।","1. অশ্লীল শব্দে যৌন হুমকি দেওয়া হয়েছে।  
2. নারীকে গালি দিয়ে অপমান করা হয়েছে।  
3. সম্মানহানিকর ভাষায় সহিংসতার ইঙ্গিত আছে।","1. অশ্লীল ভাষায় যৌন সহিংসতার হুমকি দেওয়া হয়েছে।  
2. নারীকে অসম্মানজনকভাবে গালি দেওয়া হয়েছে।  
3. ভাষায় সহিংসতার স্পষ্ট ইঙ্গিত রয়েছে।","1. গালিতে যৌন সহিংসতার ইঙ্গিত রয়েছে।  
2. ভাষাটি অশ্লীল এবং নারীকে লক্ষ্য করে।  
3. হুমকির স্পষ্ট অভিব্যক্তি রয়েছে বাক্যে।","1. বাক্যটিতে যৌন সহিংসতার উল্লেখ আছে।  
2. অশ্লীল ভাষা নারীকে লক্ষ্য করে বলা।  
3. হুমকির ভাষা স্পষ্টভাবে প্রকাশিত।","1. যৌন সহিংসতার উল্লেখ স্পষ্ট।  
2. অশ্লীল ভাষায় নারীকে লক্ষ্য করা।  
3. হুমকির ভাষা প্রত্যক্ষভাবে ব্যক্ত।","1. অশ্লীল ভাষায় নারীকে আক্রমণ করা হয়েছে।  
2. যৌন সহিংসতার হুমকি স্পষ্টভাবে প্রকাশিত।  
3. প্রত্যক্ষভাবে হিংসাত্মক ভাষা ব্যবহৃত হয়েছে।","1. ""তর মারে চুদি"" যৌন সহিংসতার হুমকি প্রকাশ করে।  
2. অশ্লীল ভাষায় নারীকে আক্রমণ করা হয়েছে।  
3. প্রত্যক্ষ হিংসাত্মক ভাষা ব্যবহৃত হয়েছে।","1. ""তর মারে চুদি"" যৌন হুমকি প্রদর্শন করে।  
2. অশ্লীল ভাষায় নারীকে অপমান করা হয়েছে।  
3. প্রত্যক্ষ হিংসাত্মক শব্দ ব্যবহার করা হয়েছে।","1. অশ্লীল ভাষায় যৌন হুমকি দেওয়া হয়েছে।  
2. নারীকে অপমানজনক ভাষায় আক্রমণ করা হয়েছে।  
3. প্রত্যক্ষ হিংসাত্মক শব্দ ব্যবহারে ঘৃণা প্রকাশ পেয়েছে।","1. অশ্লীল শব্দে যৌন হুমকি স্পষ্ট।  
2. নারীকে আক্রমণাত্মক ভাষায় অপমান করা হয়েছে।  
3. হিংসাত্মক শব্দে ঘৃণা ফুটে উঠেছে।","1. যৌন হুমকি দেওয়ার জন্য অশ্লীল শব্দ ব্যবহৃত হয়েছে।  
2. নারীকে অপমান করতে আক্রমণাত্মক ভাষা ব্যবহার করা হয়েছে।  
3. ঘৃণা প্রকাশ করতে হিংসাত্মক শব্দ ব্যবহার করা হয়েছে।","1. অশ্লীল শব্দে যৌন হুমকি স্পষ্ট।  
2. নারীকে আক্রমণাত্মক ভাষায় অপমান করা হয়েছে।  
3. হিংসাত্মক শব্দে ঘৃণা প্রকাশ পেয়েছে।","1. অশ্লীল ভাষায় যৌন হুমকি দেওয়া হয়েছে।  
2. নারীকে আক্রমণাত্মকভাবে অপমান করা হয়েছে।  
3. হিংসাত্মক শব্দে ঘৃণা প্রকাশ পেয়েছে।"
তর মারে চুদি তরে ও চুদি তর বুনরে চুদি,Gender,Offensive,"মন্তব্যটি অত্যন্ত অশালীন এবং নারীর প্রতি অবমাননাকর ভাষা ব্যবহার করেছে।
অপমানসূচক এবং অসম্মানজনক মনোভাব প্রকাশ করায় এটি গুরুতরভাবে অগ্রহণযোগ্য।
এ ধরনের বক্তব্য নারীর প্রতি চরম অসম্মান প্রদর্শন করে।","1. ভাষাটি নারীর প্রতি অশালীন ও অপমানজনক।  
2. শব্দগুলো নারীদের অবমাননা করছে।  
3. বক্তব্যে নারীর প্রতি ঘৃণা প্রকাশ পেয়েছে।","1. নারীকে অশালীন ভাষায় আক্রমণ করা হয়েছে।  
2. শব্দগুলো নারীর প্রতি অপমানজনক।  
3. বক্তব্যে নারীর প্রতি ঘৃণা প্রকাশিত।","1. অশালীন ভাষায় নারীকে লক্ষ্য করে আক্রমণ করা হয়েছে।  
2. শব্দগুলো নারীর সম্মানের বিরুদ্ধে অপমানজনক।  
3. বক্তব্যে নারীর প্রতি ঘৃণামূলক ভাষা ব্যবহৃত হয়েছে।","1. নারীকে গালি দেওয়া হয়েছে অশালীন ভাষায়।  
2. নারীর সম্মানহানি করা হয়েছে অপমানজনক শব্দে।  
3. ঘৃণামূলক ভাষায় নারীকে আক্রমণ করা হয়েছে।","1. অশালীন শব্দে নারীকে আক্রমণ করা হয়েছে।  
2. নারীর সম্মানহানি করা হয়েছে গালি দিয়ে।  
3. ঘৃণামূলক ভাষায় নারীকে লক্ষ্য করে বলা হয়েছে।","1. গালিতে নারীকে অপমান করা হয়েছে।  
2. অশালীন ভাষায় নারীকে লক্ষ্য করা হয়েছে।  
3. ঘৃণামূলক বাক্যে নারীর সম্মানহানি হয়েছে।","1. নারীকে অশালীন ভাষায় লক্ষ্য করা হয়েছে।  
2. গালিতে নারীর সম্মানহানি হয়েছে।  
3. ঘৃণামূলক বাক্যে নারীকে অপমান করা হয়েছে।","1. অশালীন ভাষায় নারীকে লক্ষ্য করা হয়েছে।  
2. গালিতে নারীর সম্মানহানি হয়েছে।  
3. ঘৃণামূলক বাক্যে নারীকে অপমান করা হয়েছে।","1. গালিতে নারীর শরীর নিয়ে অশালীন ভাষা ব্যবহৃত হয়েছে।  
2. নারীর সম্মানহানিকর শব্দ ব্যবহার করে অপমান করা হয়েছে।  
3. ঘৃণামূলক ভাষায় নারীকে যৌনভাবে লক্ষ্য করা হয়েছে।","1. নারীর শরীর নিয়ে অশালীন ভাষা ব্যবহৃত হয়েছে।  
2. নারীকে অপমান করতে অশালীন শব্দ ব্যবহার করা হয়েছে।  
3. যৌনভাবে নারীকে লক্ষ্য করে ঘৃণা প্রকাশ করা হয়েছে।","1. অশালীন ভাষায় নারীর প্রতি যৌন সহিংসতার ইঙ্গিত দেওয়া হয়েছে।  
2. নারীকে অপমান করতে যৌনগত শব্দ ব্যবহার করা হয়েছে।  
3. ঘৃণামূলক ভাষায় নারীর শরীরকে লক্ষ্য করা হয়েছে।","1. যৌন সহিংসতার ইঙ্গিত স্পষ্ট।  
2. নারীকে অপমান করা হয়েছে গালি দিয়ে।  
3. নারীর শরীর লক্ষ্য করে ঘৃণা প্রকাশ।","1. গালিতে যৌন সহিংসতার উল্লেখ আছে।  
2. নারীকে গালি দিয়ে অপমান করা হয়েছে।  
3. নারীর শরীর নিয়ে ঘৃণামূলক মন্তব্য করা হয়েছে।","1. গালিতে যৌন সহিংসতার উল্লেখ স্পষ্ট।  
2. নারীকে অশালীন ভাষায় আক্রমণ করা হয়েছে।  
3. নারীর সম্মানহানিকর ভাষা ব্যবহার করা হয়েছে।","1. যৌন সহিংসতার ভাষা স্পষ্টভাবে ব্যবহৃত হয়েছে।  
2. নারীকে অশালীনভাবে লক্ষ্য করে গালি দেওয়া হয়েছে।  
3. নারীর সম্মানহানিকর শব্দ ব্যবহার করা হয়েছে।","1. যৌন সহিংসতার শব্দ স্পষ্টভাবে ব্যবহার করা হয়েছে।  
2. নারীকে অশালীন ভাষায় গালি দেওয়া হয়েছে।  
3. নারীর সম্মানহানিকর শব্দ ব্যবহৃত হয়েছে।","1. অশালীন শব্দে নারীকে গালি দেওয়া হয়েছে।  
2. যৌন সহিংসতার শব্দ স্পষ্টভাবে ব্যবহৃত হয়েছে।  
3. নারীর সম্মানহানিকর ভাষা ব্যবহার করা হয়েছে।","1. নারীকে অশালীন ভাষায় গালি দেওয়া হয়েছে।  
2. যৌন সহিংসতার শব্দ স্পষ্টভাবে আছে।  
3. নারীর সম্মানহানিকর শব্দ ব্যবহৃত হয়েছে।","1. অশালীন ভাষায় নারীকে লক্ষ্য করে গালি দেওয়া হয়েছে।  
2. যৌন সহিংসতার শব্দ স্পষ্টভাবে ব্যবহার করা হয়েছে।  
3. নারীর সম্মানের বিরুদ্ধে অশোভন শব্দ ব্যবহৃত হয়েছে।","1. অশ্লীল ভাষায় নারীকে আক্রমণ করা হয়েছে।  
2. যৌন সহিংসতার শব্দ স্পষ্টভাবে আছে।  
3. নারীর সম্মানহানিকর শব্দ ব্যবহৃত হয়েছে।","1. অশ্লীল শব্দে নারীকে লক্ষ্য করা হয়েছে।  
2. যৌন সহিংসতার শব্দ স্পষ্টভাবে ব্যবহার হয়েছে।  
3. নারীর সম্মানহানিকর ভাষা ব্যবহৃত হয়েছে।"
তর মারে চুদি বেশি বেশি ভিউ তর মার মাংগের ভিতরে ডুকা তর মারে চুদি,Gender,Offensive,"মন্তব্যটি চরম অশ্লীল এবং নারীর প্রতি সরাসরি যৌন হয়রানিমূলক।
নারীর প্রতি অসম্মান এবং অপমানজনক মনোভাব প্রকাশ করেছে।
অশালীন ও অবমাননাকর বক্তব্য হওয়ায় এটি গুরুতরভাবে নিন্দনীয়।","1. ""অশ্লীল ভাষা নারীকে যৌনবস্তু করে তুলেছে।""  
2. ""হয়রানিমূলক বাক্য নারীর অসম্মান প্রকাশ করে।""  
3. ""অপমানজনক মন্তব্য নিন্দনীয় ও ঘৃণ্য।""","1. ""অশ্লীল ভাষায় নারীকে যৌনবস্তু বানানো হয়েছে।""  
2. ""মন্তব্যটি নারীর প্রতি ঘৃণা প্রকাশ করে।""  
3. ""ভাষাটি নারীদের অপমানকর ও অসম্মানজনক।""","1. ""অশ্লীল ভাষায় নারীকে যৌনবস্তু বানানো হয়েছে।""  
কারণ: ভাষাটি অশ্লীল ও যৌনতা নির্দেশ করে।  

2. ""মন্তব্যটি নারীর প্রতি ঘৃণা প্রকাশ করে।""  
কারণ: নারীকে অপমান ও হেয় করা হয়েছে।  

3. ""ভাষাটি নারীদের অপমানকর ও অসম্মানজনক।""  
কারণ: নারীর মর্যাদাহানি করার চেষ্টা করা হয়েছে।","1. ""অশ্লীল ভাষায় নারীকে যৌনবস্তু বানানো হয়েছে।""  
কারণ: ভাষায় যৌনতা ও অশালীনতা স্পষ্ট।  

2. ""মন্তব্যটি নারীর প্রতি ঘৃণা প্রকাশ করে।""  
কারণ: নারীকে অপমান করা হয়েছে।  

3. ""ভাষাটি নারীদের অপমানকর ও অসম্মানজনক।""  
কারণ: নারীর মর্যাদাহানি করা হয়েছে।","1. ""অশ্লীল ভাষায় নারীকে যৌনবস্তু বানানো হয়েছে।""  
কারণ: যৌনতা ও অশালীনতা স্পষ্ট।  

2. ""মন্তব্যটি নারীর প্রতি ঘৃণা প্রকাশ করে।""  
কারণ: নারীকে অপমান করা হয়েছে।  

3. ""ভাষাটি নারীদের অপমানকর ও অসম্মানজনক।""  
কারণ: নারীর মর্যাদাহানি করা হয়েছে।","1. ""অশ্লীল ভাষায় নারীকে যৌনবস্তু বানানো হয়েছে।""  
কারণ: অশালীন শব্দ ব্যবহার করা হয়েছে।  

2. ""মন্তব্যটি নারীর প্রতি ঘৃণা প্রকাশ করে।""  
কারণ: নারীকে অপমান করা হয়েছে।  

3. ""ভাষাটি নারীদের অপমানকর ও অসম্মানজনক।""  
কারণ: নারীর মর্যাদাহানি করা হয়েছে।","1. ""অশ্লীল শব্দে নারীকে হেয় করা হয়েছে।""  

2. ""নারীর প্রতি ঘৃণামূলক ভাষা ব্যবহৃত হয়েছে।""  

3. ""মন্তব্যটি নারীর মর্যাদা ক্ষুণ্ন করেছে।""","1. ""অশ্লীল ভাষায় নারীকে অপমান করা হয়েছে।""  

2. ""ঘৃণামূলক শব্দে নারীকে হেয় করা হয়েছে।""  

3. ""মন্তব্যটিতে নারীর সম্মান ক্ষুণ্ন করা হয়েছে।""","1. ""অশ্লীল শব্দ ব্যবহার করে নারীকে অপমান করা হয়েছে।""  

2. ""ঘৃণাসূচক ভাষায় নারীর মর্যাদা ক্ষুণ্ন করা হয়েছে।""  

3. ""অপমানজনক মন্তব্যের মাধ্যমে নারীকে হেয় করা হয়েছে।""","1. ""অশ্লীল ভাষায় নারীকে লক্ষ্য করে আক্রমণ করা হয়েছে।""  

2. ""ঘৃণামূলক শব্দে নারীর সম্মানহানি করা হয়েছে।""  

3. ""অপমানজনক ভাষায় নারীকে হেয়প্রতিপন্ন করা হয়েছে।""","১. অশ্লীল শব্দে নারীকে আক্রমণ করা হয়েছে।  
২. নারীর সম্মানহানি করার জন্য ঘৃণামূলক ভাষা ব্যবহৃত হয়েছে।  
৩. অপমানজনক ভাষায় নারীকে হেয় করা হয়েছে।","১. অশ্লীল ভাষায় নারীকে লক্ষ্য করে আক্রমণ।  
২. ঘৃণামূলক শব্দে নারীর সম্মানহানি করা হয়েছে।  
৩. নারীকে হেয় করতে অপমানজনক ভাষা ব্যবহৃত।","১. অশ্লীল শব্দে নারীকে আক্রমণ করা হয়েছে।  
২. নারীর সম্মানহানিকর ভাষা ব্যবহৃত হয়েছে।  
৩. ঘৃণামূলক বাক্যে নারীকে অপমান করা হয়েছে।","১. অশ্লীল ভাষায় নারীকে আক্রমণ করা হয়েছে।  
২. নারীর সম্মানহানি করার চেষ্টা করা হয়েছে।  
৩. ঘৃণামূলক ভাষায় নারীকে অপমান করা হয়েছে।","১. অশ্লীল শব্দে নারীকে আক্রমণ করা হয়েছে।  
২. নারীর সম্মানহানি করার ভাষা ব্যবহৃত হয়েছে।  
৩. ঘৃণামূলক বাক্যে নারীকে অপমান করা হয়েছে।","১. অশ্রাব্য ভাষায় নারীকে লক্ষ্য করা হয়েছে।  
২. নারীর প্রতি ঘৃণামূলক শব্দ ব্যবহৃত হয়েছে।  
৩. নারীর সম্মানহানির ভাষা ব্যবহার করা হয়েছে।","১. অশ্রাব্য ভাষায় নারীকে গালি দেওয়া হয়েছে।  
২. নারীর প্রতি ঘৃণামূলক শব্দ ব্যবহার করা হয়েছে।  
৩. নারীর সম্মানহানিকর ভাষা ব্যবহৃত হয়েছে।","১. অশ্লীল ভাষায় নারীকে আক্রমণ করা হয়েছে।  
২. নারীর প্রতি ঘৃণামূলক শব্দ ব্যবহৃত হয়েছে।  
৩. নারীর সম্মানহানিকর বাক্য ব্যবহার করা হয়েছে।","১. অশ্লীল শব্দ ব্যবহার করে নারীকে আক্রমণ করা হয়েছে।  
২. ঘৃণামূলক ভাষায় নারীর অবমাননা করা হয়েছে।  
৩. নারীর সম্মানহানিকর অশালীন বাক্য ব্যবহৃত হয়েছে।","১. অশ্লীল ভাষায় নারীকে অপমান করা হয়েছে।  
২. ঘৃণাসূচক শব্দে নারীর সম্মান ক্ষুণ্ণ হয়েছে।  
৩. নারীকে লক্ষ্য করে অশালীন বাক্য ব্যবহৃত হয়েছে।","১. অশ্লীল শব্দে নারীকে লক্ষ্য করা হয়েছে।  
২. নারীর সম্মানহানি ঘটেছে ঘৃণাসূচক ভাষায়।  
৩. অশালীন বাক্যে নারীকে অপমান করা হয়েছে।"
তর মারে চোদি নাম বলস না কেন,Gender,Offensive,"মন্তব্যটি অশালীন এবং নারীর প্রতি অবমাননাকর ইঙ্গিত দিয়েছে।
ব্যক্তিগত আক্রমণ এবং অশোভন মনোভাব প্রকাশ করায় এটি আপত্তিকর।
নারীর প্রতি অপমানসূচক মনোভাব প্রদর্শন করায় এটি গুরুতরভাবে নিন্দনীয়।","1. অশালীন ভাষা নারীকে অপমান করছে।  
2. গালি দেওয়ায় ব্যক্তিগত আক্রমণ হয়েছে।  
3. নারীর প্রতি ঘৃণাসূচক বক্তব্য।","1. নারীকে অশালীন ভাষায় অপমান করা হয়েছে।  
2. ব্যক্তিগত আক্রমণে গালি দেওয়া হয়েছে।  
3. নারীর প্রতি ঘৃণামূলক ভাষা ব্যবহৃত হয়েছে।","1. অশালীন ভাষায় নারীকে লক্ষ্য করে বলা হয়েছে।  
2. গালির মাধ্যমে ব্যক্তিগত আক্রমণ করা হয়েছে।  
3. ঘৃণামূলক ভাষায় নারীকে অপমান করা হয়েছে।","1. নারীকে অশালীন ভাষায় লক্ষ্য করা হয়েছে।  
2. ব্যক্তিগত আক্রমণে গালি ব্যবহার করা হয়েছে।  
3. নারীকে ঘৃণামূলক ভাষায় অপমান করা হয়েছে।","1. ""তর মারে"" শব্দে নারীকে গালি দেওয়া হয়েছে।  
2. ""চোদি"" শব্দে অশালীন ভাষা ব্যবহার করা হয়েছে।  
3. পুরো বাক্যটি নারীকে অপমান করার জন্য ব্যবহৃত হয়েছে।","1. ""তর মারে"" নারীকে গালি দিচ্ছে।  
2. ""চোদি"" অশালীন ভাষা ব্যবহার করেছে।  
3. পুরো বাক্যটি নারীকে অপমান করছে।","1. ""তর মারে"" নারীকে অসম্মান করছে।  
2. ""চোদি"" শব্দটি অশালীন ও আক্রমণাত্মক।  
3. পুরো বাক্যটি নারীদের বিরুদ্ধে ঘৃণামূলক।","1. ""তর মারে"" নারীকে অপমান করা হয়েছে।  
2. ""চোদি"" শব্দটি অশালীন ও যৌনহিংসাত্মক।  
3. বাক্যটি নারীদের প্রতি ঘৃণা প্রকাশ করে।","1. ""তর মারে"" নারীকে অপমানজনক ভাষা।  
2. ""চোদি"" শব্দে যৌন সহিংসতার ইঙ্গিত।  
3. বাক্যটি নারীর প্রতি ঘৃণা প্রকাশ করে।","1. ""তর মারে"" নারীকে অশালীনভাবে সম্বোধন করা হয়েছে।  
2. ""চোদি"" শব্দে যৌন নির্যাতনের হুমকি রয়েছে।  
3. বাক্যটি নারীর প্রতি বিদ্বেষপূর্ণ মনোভাব দেখায়।","1. ""তর মারে"" নারীকে অপমানজনক ভাষায় ডাকা হয়েছে।  
2. ""চোদি"" শব্দে যৌন হিংসার ইঙ্গিত আছে।  
3. বাক্যটি নারীর প্রতি ঘৃণা প্রকাশ করে।","1. ""তর মারে"" নারীকে অশালীনভাবে সম্বোধন করা হয়েছে।  
2. ""চোদি"" শব্দে যৌন সহিংসতার ইঙ্গিত রয়েছে।  
3. বাক্যটি নারীর প্রতি ঘৃণামূলক ভাষা ব্যবহার করে।","1. ""তর মারে"" নারীকে অপমানজনকভাবে ডাকা হয়েছে।  
2. ""চোদি"" শব্দে যৌন সহিংসতার ইঙ্গিত আছে।  
3. বাক্যটি নারীর প্রতি ঘৃণা প্রকাশ করে।","1. ""তর মারে"" নারীকে অপমান করা হয়েছে।  
2. ""চোদি"" শব্দে যৌন সহিংসতার ইঙ্গিত।  
3. বাক্যটি নারীর প্রতি ঘৃণা প্রকাশ করে।","1. ""তর মারে"" নারীকে অপমান করা হয়েছে।  
2. ""চোদি"" শব্দে যৌন সহিংসতার ইঙ্গিত।  
3. বাক্যটি নারীর প্রতি ঘৃণা প্রকাশ করে।","1. ""তর মারে"" নারীকে অপমানজনক ভাষা।  
2. ""চোদি"" শব্দে যৌন সহিংসতার ইঙ্গিত।  
3. বাক্যটি নারীর প্রতি ঘৃণামূলক।","1. ""তর মারে"" নারীকে অপমান করার জন্য ব্যবহৃত হয়।  
2. ""চোদি"" শব্দে যৌন সহিংসতার ইঙ্গিত থাকে।  
3. পুরো বাক্যটি নারীর প্রতি ঘৃণা প্রকাশ করে।","1. ""তর মারে"" নারীদের অপমান করার জন্য ব্যবহৃত হয়।  
2. ""চোদি"" শব্দে যৌন সহিংসতার ইঙ্গিত রয়েছে।  
3. বাক্যটি নারীর প্রতি ঘৃণামূলক ভাষা ব্যবহার করে।","1. ""তর মারে"" নারীদের অপমান করে।  
2. ""চোদি"" যৌন সহিংসতার ইঙ্গিত দেয়।  
3. বাক্যটি নারীর প্রতি ঘৃণা প্রকাশ করে।","1. ""তর মারে"" নারীদের অবমাননাকর শব্দ।  
2. ""চোদি"" যৌন সহিংসতার প্রতীক।  
3. পুরো বাক্যটি নারী বিদ্বেষী।","1. ""তর মারে"" নারীদের প্রতি অপমানজনক ভাষা।  
2. ""চোদি"" শব্দটি যৌন সহিংসতা প্রকাশ করে।  
3. বাক্যটি নারীদের বিরুদ্ধে ঘৃণামূলক।"
তরমারে চুদছে,Gender,Offensive,"মন্তব্যটি সরাসরি অশালীন এবং নারীর প্রতি অসম্মানজনক ইঙ্গিত প্রকাশ করেছে।
ব্যক্তিগত অপমান এবং অবমাননাকর ভাষা ব্যবহার করায় এটি আপত্তিকর।
নারীর প্রতি অসম্মান প্রদর্শন করায় এটি সামাজিকভাবে অগ্রহণযোগ্য।","১. অশালীন ভাষা ব্যবহার করা হয়েছে।  
২. নারীর প্রতি অসম্মানজনক ইঙ্গিত।  
৩. সামাজিকভাবে অগ্রহণযোগ্য মন্তব্য।","১. গালিগালাজের জন্য অশালীন ভাষা।  
২. নারীকে অপমান করার ইঙ্গিত আছে।  
৩. সমাজে এ ধরনের ভাষা গ্রহণযোগ্য নয়।","১. অশালীন শব্দ ব্যবহার করা হয়েছে।  
২. নারীকে লক্ষ্য করে আক্রমণাত্মক ভাষা।  
৩. সমাজে এ ভাষা অগ্রহণযোগ্য।","১. অশ্লীল শব্দ ব্যবহার করা হয়েছে।  
২. নারীকে অপমান করা হয়েছে।  
৩. ভাষাটি সমাজে গ্রহণযোগ্য নয়।","১. অশ্লীল শব্দ ব্যবহারের জন্য লেবেল সঠিক।  
২. নারীকে অপমান করার ইঙ্গিত আছে।  
৩. ভাষাটি অগ্রহণযোগ্য ও আপত্তিকর।","১. অশ্লীল ভাষা ব্যবহার করা হয়েছে।  
২. নারীদের প্রতি অবমাননাকর ভাষা।  
৩. আপত্তিকর ও অনাকাঙ্ক্ষিত বাক্য।","১. গালিগুলো অশ্লীল ও যৌনতাবাদী।  
২. নারীদের প্রতি ঘৃণ্য ভাষা ব্যবহৃত হয়েছে।  
৩. বাক্যটি আক্রমণাত্মক ও অসহনীয়।","১. শব্দটি অশ্লীল ও যৌন সহিংসতা বোঝায়।  
২. নারীদের প্রতি ঘৃণামূলক ভাষা ব্যবহৃত হয়েছে।  
৩. বাক্যটি আক্রমণাত্মক ও অসভ্য।","১. শব্দটি অত্যন্ত অশ্লীল ও আপত্তিকর।  
২. নারীদের প্রতি ঘৃণামূলক ভাষা প্রকাশ পেয়েছে।  
৩. বাক্যটি সহিংসতা ও অপমানসূচক।","১. শব্দটি অশ্লীল ও যৌন সহিংসতা বোঝায়।  
২. নারীদের প্রতি ঘৃণামূলক ভাষা ব্যবহৃত হয়েছে।  
৩. বাক্যটি অপমানজনক ও সহিংসতাপূর্ণ।","১. শব্দটি অশ্লীল ও যৌন সহিংসতা প্রকাশ করে।  
২. নারীদের প্রতি ঘৃণামূলক ভাষা ব্যবহার করা হয়েছে।  
৩. বাক্যটি অপমানজনক ও সহিংসতাপূর্ণ ভাষা।","১. শব্দটি অশ্লীল ও যৌন সহিংসতা বোঝায়।  
২. নারীদের প্রতি ঘৃণামূলক ভাষা ব্যবহৃত হয়েছে।  
৩. বাক্যটি অপমানজনক ও সহিংসতাপূর্ণ।","১. অশ্লীল শব্দ ব্যবহার করা হয়েছে।  
২. যৌন সহিংসতার ইঙ্গিত রয়েছে।  
৩. ভাষাটি অপমানজনক ও সহিংস।","১. শব্দটি অশ্লীল ও আপত্তিকর।  
২. যৌন সহিংসতার ইঙ্গিত স্পষ্ট।  
৩. ভাষাটি সহিংস ও অপমানজনক।","১. শব্দটি অত্যন্ত অশালীন ও যৌনতা নির্দেশক।  
২. বাক্যটিতে যৌন সহিংসতার স্পষ্ট উল্লেখ আছে।  
৩. ভাষাটি অত্যন্ত আক্রমণাত্মক ও অবমাননাকর।","১. শব্দটি যৌন সহিংসতার ইঙ্গিত বহন করে।  
২. ভাষাটি অশালীন ও আক্রমণাত্মক।  
৩. বাক্যটি অবমাননাকর ও যৌনতা নির্দেশক।","১. শব্দটি যৌন সহিংসতার ইঙ্গিত দেয়।  
২. ভাষাটি অশালীন ও আক্রমণাত্মক।  
৩. বাক্যটি অবমাননাকর ও যৌনতা বোঝায়।","১. শব্দটি যৌন সহিংসতার প্রত্যক্ষ উল্লেখ করে।  
২. ভাষাটি অত্যন্ত আপত্তিকর ও যৌনতাপূর্ণ।  
৩. বাক্যটি অশালীন ও নারীদের প্রতি হিংসাত্মক।","১. শব্দটি যৌন সহিংসতার ইঙ্গিত বহন করে।  
২. ভাষাটি অশালীন ও যৌনতাপূর্ণ।  
৩. নারীদের প্রতি হিংসাত্মক বার্তা রয়েছে।","১. যৌন সহিংসতার ইঙ্গিত স্পষ্ট।  
২. অশালীন ভাষা ব্যবহৃত হয়েছে।  
৩. নারীদের প্রতি হিংসাত্মক বার্তা বিদ্যমান।","১. শব্দটি যৌন সহিংসতার প্রতীক।  
২. ভাষাটি অশালীন ও আপত্তিকর।  
৩. নারীদের প্রতি হিংসা প্রকাশ পায়।"
তরে চুদি তর বোনকেও চুদি,Gender,Offensive,"মন্তব্যটি অশালীন এবং নারীর প্রতি সরাসরি যৌন হয়রানিমূলক ইঙ্গিত দিয়েছে।
নারীর সম্মানহানির উদ্দেশ্যে অপমানজনক ভাষা ব্যবহার করা হয়েছে।
অশ্লীল এবং অবমাননাকর মনোভাব প্রকাশ করায় এটি গুরুতরভাবে আপত্তিকর।","1. অশ্লীল ভাষায় নারীকে অপমান করা হয়েছে।  
2. যৌন হয়রানির ইঙ্গিত স্পষ্ট।  
3. নারীর সম্মানহানিকর মন্তব্য করা হয়েছে।","1. অশ্লীল ভাষায় নারীকে লক্ষ্য করা হয়েছে।  
2. যৌন সহিংসতার ইঙ্গিত রয়েছে।  
3. নারীর সম্মানহানিকর ভাষা ব্যবহৃত হয়েছে।","1. অশ্লীল ভাষায় নারীকে অপমান করা হয়েছে।  
2. যৌন সহিংসতার হুমকি দেওয়া হয়েছে।  
3. নারীর সম্মানহানিকর শব্দ ব্যবহার করা হয়েছে।","1. অশ্লীল শব্দ ব্যবহার করে নারীকে অপমান করা হয়েছে।  
2. যৌন সহিংসতার হুমকি স্পষ্টভাবে প্রকাশ পেয়েছে।  
3. নারীর সম্মানহানিকর ভাষা ব্যবহৃত হয়েছে।","1. অশ্লীল ভাষায় নারীকে লক্ষ্য করা হয়েছে।  
2. যৌন সহিংসতার হুমকি দেওয়া হয়েছে।  
3. নারীর সম্মানহানিকর শব্দ ব্যবহৃত হয়েছে।","1. অশ্লীল শব্দ ব্যবহার করে নারীকে লক্ষ্য করা হয়েছে।  
2. যৌন সহিংসতার হুমকি স্পষ্টভাবে প্রকাশ পেয়েছে।  
3. নারীর সম্মানহানিকর ভাষা ব্যবহৃত হয়েছে।","1. অশ্লীল ভাষায় নারীকে উদ্দেশ্য করা হয়েছে।  
2. যৌন সহিংসতার হুমকি স্পষ্ট।  
3. নারীর সম্মানহানিকর শব্দ ব্যবহৃত।","1. অশ্রাব্য ভাষায় নারীকে লক্ষ্য করা হয়েছে।  
2. যৌন হুমকি স্পষ্টভাবে প্রকাশ পেয়েছে।  
3. নারীর প্রতি অবমাননাকর শব্দ ব্যবহৃত।","1. অশ্লীল ভাষায় নারীকে লক্ষ্য করা হয়েছে।  
2. যৌন সহিংসতার হুমকি দেওয়া হয়েছে।  
3. নারীর সম্মানহানিকর ভাষা ব্যবহার করা হয়েছে।","1. অশ্লীল ভাষায় নারীকে লক্ষ্য করা হয়েছে।  
কারণ: ভাষাটি অশ্লীল এবং নারীকে লক্ষ্য করে।  

2. যৌন সহিংসতার হুমকি দেওয়া হয়েছে।  
কারণ: বাক্যটিতে যৌন সহিংসতার ইঙ্গিত রয়েছে।  

3. নারীর সম্মানহানিকর ভাষা ব্যবহার করা হয়েছে।  
কারণ: নারীর প্রতি অসম্মানজনক শব্দ ব্যবহৃত হয়েছে।","1. অশ্লীল শব্দ ব্যবহার করে নারীকে লক্ষ্য করা হয়েছে।  
2. যৌন সহিংসতার হুমকি স্পষ্টভাবে দেওয়া হয়েছে।  
3. নারীর সম্মানহানিকর ভাষা ব্যবহৃত হয়েছে।","1. অশ্রাব্য ভাষায় নারীকে লক্ষ্য করা হয়েছে।  
2. যৌন সহিংসতার হুমকি স্পষ্টভাবে রয়েছে।  
3. নারীর অবমাননাকর ভাষা ব্যবহৃত হয়েছে।","1. ভাষায় অশ্লীল শব্দ ব্যবহার করা হয়েছে।  
2. যৌন হুমকি স্পষ্টভাবে ব্যক্ত করা হয়েছে।  
3. নারীকে অবমাননাকরভাবে উপস্থাপন করা হয়েছে।","1. অশ্লীল ভাষা ব্যবহার করে যৌন হুমকি দেওয়া হয়েছে।  
2. নারীকে যৌন অবজ্ঞার মাধ্যমে হেয় করা হয়েছে।  
3. স্পষ্টভাবে যৌন সহিংসতার ইঙ্গিত দেওয়া হয়েছে।","1. অশ্লীল ভাষায় যৌন হুমকি স্পষ্ট।  
2. নারীকে যৌনভাবে হেয় করা হয়েছে।  
3. যৌন সহিংসতার ইঙ্গিত সরাসরি।","1. অশ্লীল ভাষায় যৌন হুমকি দেওয়া হয়েছে।  
2. নারীকে যৌনভাবে অপমান করা হয়েছে।  
3. সরাসরি যৌন সহিংসতার কথা বলা হয়েছে।","1. অশ্লীল শব্দে যৌন হুমকি দেওয়া হয়েছে।  
2. নারীকে অশালীনভাবে লক্ষ্য করা হয়েছে।  
3. যৌন সহিংসতার সরাসরি উল্লেখ আছে।","1. অশ্লীল ভাষায় যৌন হুমকি দেওয়া হয়েছে।  
2. নারীকে অসম্মানজনকভাবে উল্লেখ করা হয়েছে।  
3. যৌন সহিংসতার প্রত্যক্ষ উল্লেখ আছে।","1. অশ্লীল ভাষায় যৌন হুমকি স্পষ্ট।  
2. নারীকে অসম্মানজনক ভাষায় ডাকা হয়েছে।  
3. যৌন সহিংসতার সরাসরি উল্লেখ আছে।","1. অশ্লীল ভাষায় যৌন হুমকি দেওয়া হয়েছে।  
2. নারীকে অশ্রাব্য ভাষায় আক্রমণ করা হয়েছে।  
3. যৌন সহিংসতার প্রত্যক্ষ উল্লেখ রয়েছে।","1. অশ্লীল শব্দে যৌন হুমকি দেওয়া হয়েছে।  
2. নারীকে গালি দিয়ে আক্রমণ করা হয়েছে।  
3. যৌন সহিংসতার সরাসরি উল্লেখ আছে।"
তরে চোদতে কত লাগবে,Gender,Offensive,"মন্তব্যটি চরম অশালীন এবং সরাসরি যৌন হয়রানির ইঙ্গিত দিয়েছে।
ব্যক্তিগত সম্মানহানি এবং অবমাননাকর বক্তব্য প্রকাশ পেয়েছে।
অপমানজনক এবং অসম্মানজনক ভাষার কারণে এটি অগ্রহণযোগ্য।","1. যৌন হেনস্থার প্রত্যক্ষ উল্লেখ আছে।  
2. ভাষাটি অশালীন ও আক্রমণাত্মক।  
3. ব্যক্তির সম্মানহানির ইচ্ছা স্পষ্ট।","1. যৌন হিংসার স্পষ্ট উল্লেখ আছে।  
2. ভাষাটি অত্যন্ত আপত্তিকর ও যৌনবাদী।  
3. ব্যক্তিকে অপমান করার উদ্দেশ্য স্পষ্ট।","1. যৌন হিংসার স্পষ্ট উল্লেখ আছে এই বাক্যে।  
2. ভাষাটি অশ্লীল এবং যৌনবাদী প্রকৃতির।  
3. উদ্দেশ্য ব্যক্তিকে অপমান করা।","1. অশ্লীল ভাষা ব্যবহার করা হয়েছে।  
2. যৌন হিংসার ইঙ্গিত আছে।  
3. অপমান করার উদ্দেশ্য স্পষ্ট।","1. অশ্লীল শব্দ ব্যবহার করা হয়েছে।  
2. যৌন হিংসার হুমকি দেওয়া হয়েছে।  
3. উদ্দেশ্য অপমান করা।","1. অশ্লীল শব্দ ব্যবহারের জন্য লেবেল সঠিক।  
2. যৌন হিংসার ইঙ্গিত থাকায় লেবেল প্রযোজ্য।  
3. অপমান করার উদ্দেশ্য স্পষ্ট।","1. অশ্লীল ভাষা স্পষ্টভাবে ব্যবহৃত হয়েছে।  
2. যৌন হিংসার ইঙ্গিত বিদ্যমান।  
3. অপমানজনক উদ্দেশ্য স্পষ্ট।","1. অশ্রাব্য শব্দ ব্যবহার করা হয়েছে।  
2. যৌন সহিংসতার প্রত্যক্ষ উল্লেখ আছে।  
3. উদ্দেশ্যপূর্ণভাবে অপমান করা হচ্ছে।","1. অশ্রাব্য শব্দ ব্যবহারের জন্য লেবেল সঠিক।  
2. যৌন সহিংসতার উল্লেখ থাকায় লেবেল যথার্থ।  
3. অপমান করার উদ্দেশ্য স্পষ্ট।","1. অশ্রাব্য ভাষা ব্যবহার করা হয়েছে।  
2. যৌন সহিংসতার ইঙ্গিত আছে।  
3. উদ্দেশ্য অপমান করা।","1. অশ্রাব্য শব্দ ব্যবহার করা হয়েছে।  
2. যৌন সহিংসতার হুমকি দেওয়া হয়েছে।  
3. ভাষাটি সরাসরি অপমানকর।","1. অশ্রাব্য শব্দ ব্যবহারের জন্য লেবেল সঠিক।  
2. যৌন হুমকির ইঙ্গিত আছে বলেই লেবেল ঠিক।  
3. অপমানকর ভাষা ব্যবহৃত হয়েছে তাই লেবেল যথার্থ।","1. অশ্লীল ভাষা ব্যবহারের জন্য লেবেল সঠিক।  
2. যৌন হুমকির ইঙ্গিত আছে।  
3. ভাষাটি অপমানকর ও আক্রমণাত্মক।","1. অশ্লীল শব্দ ব্যবহার করা হয়েছে।  
2. যৌন হুমকির ইঙ্গিত স্পষ্ট।  
3. ভাষাটি আক্রমণাত্মক ও অপমানজনক।","1. অশ্লীল শব্দ স্পষ্টভাবে ব্যবহৃত হয়েছে।  
2. যৌন হুমকির ইঙ্গিত সুস্পষ্ট।  
3. ভাষাটি আক্রমণাত্মক ও অসম্মানজনক।","1. অশ্লীল শব্দ ""চোদতে"" ব্যবহার করা হয়েছে।  
2. যৌন হুমকি দেওয়ার জন্য শব্দ ব্যবহৃত।  
3. ভাষাটি অত্যন্ত আক্রমণাত্মক ও অশালীন।","1. অশ্লীল শব্দ ব্যবহারের কারণে লেবেল সঠিক।  
2. যৌন হুমকির ইঙ্গিত থাকায় লেবেল যথার্থ।  
3. আক্রমণাত্মক ভাষার জন্য লেবেল উপযুক্ত।","1. অশ্লীল ভাষা ব্যবহারের জন্য লেবেল সঠিক।  
2. যৌন হুমকির ইঙ্গিত আছে।  
3. ভাষাটি আক্রমণাত্মক ও অসৌজন্যমূলক।","1. অশ্লীল শব্দ ব্যবহার করা হয়েছে।  
2. যৌন হুমকির ইঙ্গিত স্পষ্ট।  
3. ভাষাটি অত্যন্ত আক্রমণাত্মক।","1. অশ্রাব্য শব্দ ব্যবহারে বাক্যটি অশ্লীল।  
2. যৌন সহিংসতার হুমকি স্পষ্টভাবে ফুটে উঠেছে।  
3. ভাষার আক্রমণাত্মক tone অত্যন্ত স্পষ্ট।","1. বাক্যটিতে অশ্লীল শব্দ ব্যবহৃত হয়েছে।  
2. যৌন সহিংসতার হুমকি স্পষ্ট।  
3. ভাষার tone অত্যন্ত আক্রমণাত্মক।"
তাই বোদাত মরিচের গুড়া দেওয়া দরকার,Gender,Offensive,"মন্তব্যটি অপমানসূচক এবং শারীরিক নির্যাতনের ইঙ্গিত দিয়েছে।
অমানবিক শাস্তির প্রচারণা হওয়ায় এটি অত্যন্ত আপত্তিকর।
অশালীন ভাষা ব্যবহার করে নেতিবাচক মনোভাব প্রকাশ করা হয়েছে।","1. ""মরিচের গুড়া দেওয়া"" শারীরিক নির্যাতনের ইঙ্গিত দেয়।  
2. অপমানসূচক ভাষায় অশালীন মনোভাব প্রকাশ পেয়েছে।  
3. অমানবিক শাস্তির প্রচারণা আপত্তিকর।","1. ""মরিচের গুড়া দেওয়া"" শারীরিক নির্যাতনের প্রতীক।  
2. ভাষাটি অশালীন ও অপমানকর।  
3. অমানবিক শাস্তির ইঙ্গিত দেয়।","1. ""মরিচের গুড়া দেওয়া"" শাস্তির প্রতীক।  
2. ভাষাটি হিংসাকে উৎসাহিত করে।  
3. এটি অসম্মানজনক আচরণ বোঝায়।","1. ""মরিচের গুড়া দেওয়া"" হিংসাত্মক শাস্তির ইঙ্গিত দেয়।  
2. বাক্যটি সহিংসতার প্রতি উৎসাহ দেখায়।  
3. এটি অপমানজনক আচরণের সংকেত দেয়।","1. ""মরিচের গুড়া দেওয়া"" শাস্তির ইঙ্গিত দেয়।  
2. এটি সহিংসতার উৎসাহ দেয়।  
3. অপমানজনক আচরণের লক্ষণ।","1. ""বোদাত"" শব্দে অপমানের ইঙ্গিত আছে।  
2. ""মরিচের গুড়া"" দেওয়া হুমকির সমান।  
3. এটি সহিংসতাকে উৎসাহিত করে।","1. ""বোদাত"" শব্দে অবমাননাকর ভাব প্রকাশ পায়।  
2. ""মরিচের গুড়া"" দেওয়ার কথা হুমকিস্বরূপ।  
3. বাক্যটি সহিংসতার প্রতি উৎসাহ দেয়।","1. ""বোদাত"" শব্দটি অশালীন ও অপমানজনক।  
2. ""মরিচের গুড়া"" দেওয়ার কথা হিংসাত্মক ইঙ্গিতবাহী।  
3. বাক্যটি সহিংসতাকে সমর্থন করছে।","1. ""বোদাত"" শব্দটি ধর্মীয় অবমাননাকর।  
2. ""মরিচের গুড়া"" দেওয়ার হুমকি প্রকাশ করে।  
3. বাক্যটিতে সহিংসতার প্ররোচনা রয়েছে।","1. ""বোদাত"" শব্দটি হিন্দু ধর্মের অবমাননাকর।  
2. ""মরিচের গুড়া"" দেওয়ার অর্থ হুমকি।  
3. বাক্যটি সহিংসতা উসকে দিচ্ছে।","1. ""বোদাত"" শব্দটি হিন্দুদের অপমান করে।  
2. ""মরিচের গুড়া"" দেওয়ার অর্থ হিংসার ইঙ্গিত।  
3. বাক্যটি ধর্মীয় উত্তেজনা বাড়াচ্ছে।","1. ""বোদাত"" শব্দটি হিন্দুদের প্রতি অবমাননাকর।  
2. ""মরিচের গুড়া"" হিংসার প্ররোচনা দিচ্ছে।  
3. ধর্মীয় বিভেদ বাড়ানোর ইঙ্গিত আছে।","1. ""বোদাত"" শব্দটি হিন্দুদের জন্য অপমানজনক।  
2. ""মরিচের গুড়া"" বলায় সহিংসতা উস্কে দেওয়া হচ্ছে।  
3. ধর্মীয় বিভেদ সৃষ্টির ইঙ্গিত রয়েছে।","1. ""বোদাত"" শব্দটি হিন্দুদের অবমাননাকর।  
2. ""মরিচের গুড়া"" বলায় সহিংসতার প্ররোচনা।  
3. ধর্মীয় বিভেদের ইঙ্গিত স্পষ্ট।","1. ""বোদাত"" শব্দটি হিন্দুদের অপমান করে।  
2. মরিচের গুঁড়া দেওয়ার কথা সহিংসতা বাড়ায়।  
3. ধর্ম নিয়ে বিদ্বেষ ছড়াচ্ছে বাক্যটি।","1. ""বোদাত"" শব্দটি হিন্দুদের প্রতি অবমাননাকর।  
2. মরিচের গুঁড়া দেওয়ার ইঙ্গিত সহিংসতার।  
3. ধর্মীয় বিদ্বেষ প্রকাশ পাচ্ছে বাক্যে।","1. ""বোদাত"" শব্দটি হিন্দুদের অপমান করতে ব্যবহৃত হয়।  
2. মরিচের গুঁড়া দেওয়ার কথা বলায় হিংসার ইঙ্গিত।  
3. ধর্ম নিয়ে বিদ্বেষমূলক মন্তব্য করা হয়েছে।","1. ""বোদাত"" শব্দটি হিন্দুদের প্রতি অবমাননাকর।  
2. মরিচের গুঁড়া দেওয়ার কথা হিংসাকে উস্কে দিচ্ছে।  
3. ধর্মীয় বিদ্বেষ প্রকাশ পেয়েছে এই বক্তব্যে।","১. ""বোদাত"" শব্দটি হিন্দুদের প্রতি অবজ্ঞা প্রকাশ করে।  
২. মরিচের গুঁড়া দেওয়ার প্রস্তাব হিংসাত্মক।  
৩. ধর্মীয় বিদ্বেষ স্পষ্টভাবে ফুটে উঠেছে।","১. ""বোদাত"" শব্দটি হিন্দুদের প্রতি অপমানজনক।  
২. মরিচের গুঁড়া দেওয়ার ইঙ্গিত হিংসাত্মক।  
৩. ধর্মীয় বিদ্বেষ প্রকাশ পেয়েছে।","১. ""বোদাত"" শব্দটি হিন্দুদের জন্য অবমাননাকর।  
২. মরিচের গুঁড়া হিংসার প্রতীক।  
৩. ধর্মীয় বিদ্বেষ স্পষ্ট।"
তারে ভাই কেউ আছড়াইয়া মাইরালায় না কেন,Gender,Offensive,"মন্তব্যটি সরাসরি সহিংসতার আহ্বান জানিয়েছে।
শারীরিক হিংসার উস্কানি থাকার কারণে এটি অগ্রহণযোগ্য।
অপমানজনক এবং নেতিবাচক মনোভাবের জন্য এটি আপত্তিকর।","1. ""ভাই"" শব্দে সহিংসতার ইঙ্গিত আছে।  
2. ""মাইরালায় না কেন"" বলায় উস্কানি দেওয়া হয়েছে।  
3. শারীরিক হিংসার আহ্বান স্পষ্ট।","1. ""ভাই"" শব্দে পুরুষকে লক্ষ্য করা হয়েছে।  
2. ""মাইরালায় না কেন"" বলায় হিংসার প্ররোচনা আছে।  
3. শারীরিক আঘাতের ইচ্ছা প্রকাশ পেয়েছে।","1. ""ভাই"" শব্দে পুরুষকে লক্ষ্য করা হয়েছে।  
2. ""মাইরালায় না কেন"" বলায় হিংসার ইঙ্গিত আছে।  
3. শারীরিক আঘাতের ইচ্ছা স্পষ্ট।","1. ""ভাই"" শব্দে পুরুষকে লক্ষ্য করা হয়েছে।  
2. ""মাইরালায়"" শব্দে হিংসার ইচ্ছা প্রকাশ পেয়েছে।  
3. শারীরিক আঘাতের ইঙ্গিত স্পষ্ট।","1. ""ভাই"" শব্দে পুরুষকে লক্ষ্য করা হয়েছে।  
2. ""মাইরালায়"" শব্দে হিংসার ইচ্ছা প্রকাশ পেয়েছে।  
3. শারীরিক আঘাতের ইঙ্গিত স্পষ্ট।","1. ""ভাই"" শব্দে পুরুষকে লক্ষ্য করা হয়েছে।  
2. ""মাইরালায়"" শব্দে হিংসার ইচ্ছা প্রকাশ পেয়েছে।  
3. শারীরিক আঘাতের ইঙ্গিত স্পষ্ট।","1. ""ভাই"" শব্দে পুরুষকে টার্গেট করা হয়েছে।  
2. ""মাইরালায়"" শব্দে হিংসার ইচ্ছা ফুটে উঠেছে।  
3. শারীরিক আঘাতের ইঙ্গিত স্পষ্টভাবে আছে।","1. ""ভাই"" শব্দে পুরুষকে লক্ষ্য করা হয়েছে।  
2. ""মাইরালায়"" বলতে হিংসা বোঝানো হয়েছে।  
3. শারীরিক আঘাতের ইঙ্গিত স্পষ্ট।","1. ""ভাই"" শব্দে পুরুষকে লক্ষ্য করা হয়েছে।  
2. ""মাইরালায়"" শব্দে হিংসার ইঙ্গিত আছে।  
3. শারীরিক আঘাতের কথা স্পষ্ট বলা হয়েছে।","1. ""ভাই"" শব্দে পুরুষকে লক্ষ্য করা হয়েছে।  
2. ""মাইরালায়"" শব্দে হিংসার ইঙ্গিত আছে।  
3. শারীরিক আঘাতের কথা বলা হয়েছে।","1. ""ভাই"" শব্দে পুরুষকে লক্ষ্য করা হয়েছে।  
2. ""মাইরালায়"" শব্দে হিংসার ইঙ্গিত আছে।  
3. শারীরিক আঘাতের কথা বলা হয়েছে।","1. ""ভাই"" শব্দে পুরুষকে লক্ষ্য করা হয়েছে।  
2. ""মাইরালায়"" শব্দে হিংসার ইঙ্গিত আছে।  
3. শারীরিক আঘাতের কথা বলা হয়েছে।","1. ""ভাই"" শব্দে পুরুষকে লক্ষ্য করা হয়েছে।  
2. ""মাইরালায়"" শব্দে হিংসার ইঙ্গিত আছে।  
3. শারীরিক আঘাতের উল্লেখ আছে।","1. ""ভাই"" শব্দে পুরুষকে লক্ষ্য করা হয়েছে।  
2. ""মাইরালায়"" শব্দে হিংসার ইঙ্গিত আছে।  
3. শারীরিক আঘাতের উল্লেখ আছে।","1. ""ভাই"" শব্দে পুরুষকে লক্ষ্য করা হয়েছে।  
2. ""মাইরালায়"" শব্দে হিংসার ইঙ্গিত আছে।  
3. শারীরিক আঘাতের কথা বলা হয়েছে।","1. ""ভাই"" শব্দে পুরুষকে লক্ষ্য করা হয়েছে।  
2. ""মাইরালায়"" শব্দে হিংসার ইঙ্গিত আছে।  
3. শারীরিক আঘাতের উল্লেখ আছে।","1. ""ভাই"" শব্দে পুরুষকে লক্ষ্য করা হয়েছে।  
2. ""মাইরালায়"" শব্দে হিংসার ইঙ্গিত আছে।  
3. শারীরিক আঘাতের কথা বলা হয়েছে।","1. ""ভাই"" শব্দে পুরুষকে লক্ষ্য করা হয়েছে।  
2. ""মাইরালায়"" শব্দে হিংসার ইঙ্গিত আছে।  
3. শারীরিক আঘাতের কথা বলা হয়েছে।","1. ""ভাই"" শব্দে পুরুষকে লক্ষ্য করা হয়েছে।  
2. ""মাইরালায়"" শব্দে হিংসার ইঙ্গিত আছে।  
3. শারীরিক আঘাতের কথা বলা হয়েছে।","1. ""ভাই"" শব্দে পুরুষকে লক্ষ্য করা হয়েছে।  
2. ""মাইরালায়"" শব্দে হিংসার ইঙ্গিত আছে।  
3. শারীরিক আঘাতের হুমকি দেওয়া হয়েছে।","1. ""ভাই"" শব্দে পুরুষকে লক্ষ্য করা হয়েছে।  
2. ""মাইরালায়"" শব্দে হিংসার ইঙ্গিত আছে।  
3. শারীরিক আঘাতের হুমকি স্পষ্ট।"
তারেক জিয়া তুরে চুদেছে,Gender,Offensive,"মন্তব্যটি অত্যন্ত অশালীন এবং সরাসরি অপমানজনক।
নারীর প্রতি অসম্মানজনক এবং অবমাননাকর বক্তব্য প্রকাশ করেছে।
অশোভন এবং অগ্রহণযোগ্য ভাষার কারণে এটি গুরুতরভাবে আপত্তিকর।","1. অশ্লীল ভাষা ব্যবহার করা হয়েছে।  
2. ব্যক্তিকে অপমান করা হয়েছে।  
3. নারীদের প্রতি অবমাননাকর মন্তব্য।","1. অশ্রাব্য শব্দ ব্যবহার করা হয়েছে।  
2. তারেক জিয়াকে অপমান করা হয়েছে।  
3. নারীদের প্রতি অশালীন উল্লেখ আছে।","1. অশ্লীল ভাষা ব্যবহার করা হয়েছে।  
2. তারেক জিয়ার প্রতি আক্রমণাত্মক মন্তব্য।  
3. নারীদের অবমাননাকর শব্দ আছে।","1. ""তুরে চুদেছে"" শব্দগুচ্ছ অশ্লীল ও আপত্তিকর।  
2. তারেক জিয়ার বিরুদ্ধে অপমানজনক ভাষা ব্যবহৃত হয়েছে।  
3. ""চুদা"" শব্দটি নারীদের প্রতি অবমাননাকর।","1. ""তুরে চুদেছে"" শব্দগুচ্ছ অশ্লীল ও আপত্তিকর।  
2. তারেক জিয়ার প্রতি অপমানজনক ভাষা ব্যবহৃত হয়েছে।  
3. ""চুদা"" শব্দটি নারীদের জন্য অবমাননাকর।","1. ""তুরে চুদেছে"" শব্দটি অশ্লীল ও আক্রমণাত্মক।  
2. তারেক জিয়ার প্রতি ঘৃণামূলক ভাষা ব্যবহার করা হয়েছে।  
3. ""চুদা"" শব্দটি নারীর প্রতি অবমাননাকর।","1. ""তুরে চুদেছে"" শব্দটি অশালীন ও আপত্তিকর।  
2. তারেক জিয়ার প্রতি বিদ্বেষপূর্ণ ভাষা ব্যবহৃত হয়েছে।  
3. ""চুদা"" শব্দটি নারীদের জন্য অসম্মানজনক।","1. ""তুরে চুদেছে"" শব্দটি অশালীন ও আপত্তিকর।  
2. তারেক জিয়ার প্রতি বিদ্বেষপূর্ণ ভাষা ব্যবহৃত হয়েছে।  
3. ""চুদা"" শব্দটি নারীদের জন্য অসম্মানজনক।","1. ""তুরে চুদেছে"" শব্দটি অশালীন ও ঘৃণ্য।  
2. তারেক জিয়ার প্রতি বিদ্বেষ প্রকাশ পেয়েছে।  
3. ""চুদা"" শব্দটি নারীদের অবমাননাকর।","1. ""তুরে চুদেছে"" শব্দটি অশালীন ও আক্রমণাত্মক।  
2. তারেক জিয়ার প্রতি বিদ্বেষপূর্ণ ভাষা ব্যবহৃত হয়েছে।  
3. ""চুদা"" শব্দটি নারীদের জন্য অপমানজনক।","1. ""তুরে চুদেছে"" শব্দটি অশালীন ও যৌন সহিংসতা বোঝায়।  
2. তারেক জিয়ার প্রতি ঘৃণামূলক ভাষা ব্যবহার করা হয়েছে।  
3. ""চুদা"" শব্দটি নারীর প্রতি অবমাননাকর।","1. ""তুরে চুদেছে"" শব্দটি অশালীন ও আপত্তিকর।  
2. তারেক জিয়ার প্রতি ঘৃণা প্রকাশ পেয়েছে।  
3. ""চুদা"" শব্দটি নারীদের জন্য অবমাননাকর।","1. ""তুরে চুদেছে"" শব্দটি অশালীন ও ঘৃণাত্মক।  
2. তারেক জিয়ার প্রতি বিদ্বেষ প্রকাশ করা হয়েছে।  
3. ""চুদা"" শব্দটি নারীদের অপমানজনক।","1. ""তুরে চুদেছে"" শব্দটি অশালীন ও আক্রমণাত্মক।  
2. তারেক জিয়ার প্রতি বিদ্বেষপূর্ণ ভাষা ব্যবহৃত হয়েছে।  
3. ""চুদা"" শব্দটি নারীদের জন্য অবমাননাকর।","1. ""তুরে চুদেছে"" শব্দটি অশালীন ও আপত্তিকর।  
2. তারেক জিয়ার প্রতি ঘৃণামূলক ভাষা ব্যবহার করা হয়েছে।  
3. ""চুদা"" শব্দটি নারীদের জন্য অসম্মানজনক।","1. ""তুরে চুদেছে"" শব্দটি অশালীন ও আক্রমণাত্মক।  
2. তারেক জিয়ার প্রতি বিদ্বেষপূর্ণ ভাষা ব্যবহৃত হয়েছে।  
3. ""চুদা"" শব্দটি নারীদের অবমাননাকর।","1. ""তুরে চুদেছে"" শব্দটি অশালীন ও ঘৃণ্য।  
2. তারেক জিয়ার প্রতি বিদ্বেষ প্রকাশ পেয়েছে।  
3. ""চুদা"" শব্দটি নারীদের জন্য অপমানজনক।","1. ""তুরে চুদেছে"" শব্দটি অশালীন ও ঘৃণ্য ভাষা।  
2. তারেক জিয়ার প্রতি বিদ্বেষপূর্ণ ভাষা ব্যবহৃত হয়েছে।  
3. ""চুদা"" শব্দটি নারীদের জন্য অসম্মানজনক।","1. ""তুরে চুদেছে"" শব্দটি অশালীন ও আক্রমণাত্মক।  
2. তারেক জিয়ার প্রতি ঘৃণা প্রকাশ পেয়েছে।  
3. ""চুদা"" শব্দটি নারীদের অবমাননাকর।","1. ""তুরে চুদেছে"" শব্দটি অশালীন ও অপমানজনক।  
2. তারেক জিয়ার প্রতি বিদ্বেষপূর্ণ ভাষা ব্যবহৃত হয়েছে।  
3. ""চুদা"" শব্দটি নারীদের জন্য অসম্মানজনক।","1. ""তুরে চুদেছে"" শব্দটি অশালীন ও আক্রমণাত্মক।  
2. তারেক জিয়ার প্রতি ঘৃণামূলক ভাষা ব্যবহার করা হয়েছে।  
3. ""চুদা"" শব্দটি নারীদের অবমাননাকর।"
তাসকিনকে জুতামারা উচিত,Gender,Offensive,"মন্তব্যটি সহিংসতার আহ্বান জানিয়ে নেতিবাচক মনোভাব প্রকাশ করেছে।
অপমানসূচক এবং শারীরিক সহিংসতার ইঙ্গিত থাকার কারণে এটি আপত্তিকর।
ব্যক্তির প্রতি অসম্মান প্রকাশ করায় এটি সামাজিকভাবে অগ্রহণযোগ্য।","১. জুতামারা শব্দে শারীরিক সহিংসতার ইঙ্গিত রয়েছে।  
২. ব্যক্তির প্রতি অসম্মান প্রকাশ পেয়েছে।  
৩. মন্তব্যটি নেতিবাচক ও আপত্তিকর।","১. শারীরিক সহিংসতার ইঙ্গিত আছে।  
২. অসম্মানজনক ভাষা ব্যবহার করা হয়েছে।  
৩. মন্তব্যটি আপত্তিকর ও ক্ষতিকর।","১. জুতামারা বলায় শারীরিক সহিংসতার ইঙ্গিত।  
২. ""জুতামারা"" শব্দটি অসম্মানজনক ভাষা।  
৩. এই মন্তব্য ক্ষতিকর ও আপত্তিকর।","১. শারীরিক সহিংসতার উস্কানি দেওয়া হয়েছে।  
২. অসম্মানজনক শব্দ ব্যবহার করা হয়েছে।  
৩. মন্তব্যটি আক্রমণাত্মক ও ক্ষতিকর।","১. তাসকিনের বিরুদ্ধে শারীরিক সহিংসতার কথা বলা হয়েছে।  
২. ""জুতামারা"" শব্দটি অসম্মানজনক ও আক্রমণাত্মক।  
৩. এই মন্তব্যে ক্ষতিকর উস্কানি রয়েছে।","১. শারীরিক সহিংসতার উল্লেখ আছে।  
২. অপমানজনক ভাষা ব্যবহার করা হয়েছে।  
৩. উস্কানিমূলক বক্তব্য দেওয়া হয়েছে।","১. জুতামারা বলায় শারীরিক সহিংসতার ইঙ্গিত আছে।  
২. ""জুতামারা উচিত"" অপমানজনক ভাষা।  
৩. এই বক্তব্য উস্কানিমূলক ও ক্ষতিকর।","১. শারীরিক সহিংসতার উল্লেখ আছে।  
২. অপমানজনক ভাষা ব্যবহার করা হয়েছে।  
৩. উস্কানিমূলক বক্তব্য ক্ষতিকর।","১. তাসকিনকে আঘাতের কথা বলা হয়েছে।  
২. জুতামারা অপমানকর শব্দ।  
৩. এটি সহিংসতা উস্কানিদায়ক।","১. তাসকিনের প্রতি হুমকি দেওয়া হয়েছে।  
২. জুতামারা অসম্মানজনক ভাষা।  
৩. এটি সহিংসতা প্রচার করছে।","১. তাসকিনকে হুমকি দেওয়ার কথা বলা হয়েছে।  
২. জুতার মাধ্যমে অসম্মান প্রকাশ পেয়েছে।  
৩. শারীরিক সহিংসতার ইঙ্গিত রয়েছে।","১. তাসকিনকে হুমকি দেওয়ার ইঙ্গিত রয়েছে।  
২. জুতামারা অসম্মানজনক একটি কাজ।  
৩. শারীরিক আক্রমণের কথা বলা হয়েছে।","১. তাসকিনকে লক্ষ্য করে হুমকি দেওয়া হয়েছে।  
২. জুতামারা অসম্মানজনক আচরণ বোঝায়।  
৩. শারীরিক নির্যাতনের ইঙ্গিত রয়েছে।","১. তাসকিনকে লক্ষ্য করে হুমকি দেওয়া হয়েছে।  
২. জুতামারা অসম্মানজনক আচরণ বোঝায়।  
৩. শারীরিক নির্যাতনের ইঙ্গিত রয়েছে।","১. তাসকিনকে হুমকি দেওয়ার কথা বলা হয়েছে।  
২. জুতামারা অসম্মানজনক আচরণের ইঙ্গিত।  
৩. শারীরিক আক্রমণের সম্ভাবনা দেখা যাচ্ছে।","১. তাসকিনকে হুমকি দেওয়ার কথা বলা হয়েছে।  
- জুতামারা হুমকির একটি রূপ।  

২. জুতামারা অসম্মানজনক আচরণের ইঙ্গিত।  
- জুতামারা অপমানের প্রতীক।  

৩. শারীরিক আক্রমণের সম্ভাবনা দেখা যাচ্ছে।  
- জুতামারা শারীরিক আক্রমণের ইঙ্গিত।","১. জুতামারা হুমকির সমতুল্য।  
২. অপমানের স্পষ্ট ইঙ্গিত রয়েছে।  
৩. শারীরিক আক্রমণের সম্ভাবনা আছে।","১. শারীরিক হুমকি প্রকাশ পাচ্ছে।  
২. অপমানজনক ভাষা ব্যবহৃত হয়েছে।  
৩. হিংসাত্মক ইঙ্গিত স্পষ্ট।","১. তাসকিনকে জুতার কথা বলায় শারীরিক হুমকি বোঝায়।  
২. জুতামারা শব্দে অপমানের ইঙ্গিত আছে।  
৩. হিংসার উস্কানি দেওয়া হচ্ছে এখানে।","১. শারীরিক হুমকির ইঙ্গিত রয়েছে।  
২. অপমানজনক শব্দ ব্যবহার করা হয়েছে।  
৩. হিংসাকে উৎসাহিত করা হচ্ছে।","১. তাসকিনকে আঘাতের হুমকি দেওয়া হয়েছে।  
২. ""জুতামারা"" শব্দটি অপমানজনক।  
৩. হিংসাত্মক কাজে উৎসাহিত করা হচ্ছে।"
স্টাবস-কোয়েটজিরা যখন জুটি বাঁধেন ২৬ বলে ৩৯ রান দরকার দক্ষিণ আফ্রিকার।,Gender,Not Hateful,"এটি ক্রিকেট সম্পর্কিত নিরপেক্ষ ও তথ্যবহুল একটি মন্তব্য।
এখানে কোনো ধরনের অপমান বা বিদ্বেষ প্রকাশ পায়নি।
এটি তথ্যভিত্তিক এবং গ্রহণযোগ্য।","1. ক্রিকেটের স্কোর নিয়ে নিরপেক্ষ মন্তব্য।  
2. কোনো বিদ্বেষ বা অপমান নেই এখানে।  
3. শুধু ম্যাচের তথ্য দেওয়া হয়েছে।","1. ক্রিকেট ম্যাচের স্কোর উল্লেখ করা হয়েছে।  
2. কোনো বিদ্বেষপূর্ণ ভাষা ব্যবহার করা হয়নি।  
3. শুধু খেলার তথ্য উপস্থাপন করা হয়েছে।","1. ক্রিকেটের স্কোর উল্লেখ আছে।  
2. বিদ্বেষপূর্ণ শব্দ নেই।  
3. শুধু ম্যাচের তথ্য দেওয়া হয়েছে।","1. ক্রিকেট ম্যাচের স্কোর উল্লেখ করা হয়েছে।  
2. কোনো বিদ্বেষপূর্ণ ভাষা ব্যবহার করা হয়নি।  
3. শুধু খেলার তথ্য উপস্থাপন করা হয়েছে।","1. ক্রিকেট ম্যাচের স্কোর বলা হয়েছে।  
2. বিদ্বেষপূর্ণ ভাষা নেই এখানে।  
3. শুধু খেলার তথ্য দেওয়া হয়েছে।","1. ক্রিকেটের স্কোর উল্লেখ করা হয়েছে।  
2. কোনো বিদ্বেষপূর্ণ শব্দ নেই।  
3. শুধু ম্যাচের তথ্য দেওয়া হয়েছে।","1. ক্রিকেট স্কোরের উল্লেখ আছে।  
2. বিদ্বেষপূর্ণ ভাষা ব্যবহার করা হয়নি।  
3. শুধু ম্যাচের তথ্য দেওয়া হয়েছে।","1. ক্রিকেট ম্যাচের স্কোর উল্লেখ করা হয়েছে।  
2. কোনো বিদ্বেষপূর্ণ শব্দ নেই।  
3. শুধু ম্যাচের তথ্য দেওয়া হয়েছে।","1. ক্রিকেট ম্যাচের স্কোর উল্লেখ করা হয়েছে।  
2. কোনো ঘৃণামূলক ভাষা ব্যবহার করা হয়নি।  
3. শুধু খেলার তথ্য দেওয়া হয়েছে।","1. ক্রিকেট ম্যাচের স্কোর বর্ণনা করা হয়েছে।  
2. ধর্ম বা সম্প্রদায় সম্পর্কে কিছু বলা হয়নি।  
3. শুধু খেলার পরিসংখ্যান উল্লেখ আছে।","1. ক্রিকেট ম্যাচের রান নিয়ে আলোচনা করা হয়েছে।  
2. ধর্ম বা সম্প্রদায়ের কোনো উল্লেখ নেই।  
3. শুধু খেলার স্কোর বর্ণনা করা হয়েছে।","1. ক্রিকেট ম্যাচের স্কোর উল্লেখ আছে।  
2. ধর্ম বা সম্প্রদায়ের কোনো কথা নেই।  
3. শুধু খেলার পরিস্থিতি বর্ণনা করা হয়েছে।","1. ক্রিকেট ম্যাচের স্কোর উল্লেখ করা হয়েছে।  
2. ধর্ম বা সম্প্রদায়ের কোনো উল্লেখ নেই।  
3. শুধু খেলার অবস্থা বর্ণনা করা হয়েছে।","1. ক্রিকেট ম্যাচের স্কোর বলা হয়েছে।  
2. ধর্ম বা সম্প্রদায়ের কথা নেই।  
3. খেলার অবস্থা বর্ণনা করা হয়েছে।","1. ক্রিকেট ম্যাচের স্কোর উল্লেখ আছে।  
2. ধর্ম বা সম্প্রদায়ের কোনো উল্লেখ নেই।  
3. খেলার পরিস্থিতি বর্ণনা করা হয়েছে।","1. ক্রিকেট ম্যাচের স্কোর বলা হয়েছে।  
2. ধর্ম বা সম্প্রদায়ের কথা নেই।  
3. খেলার অবস্থা বর্ণনা করা হয়েছে।","1. ক্রিকেট ম্যাচের স্কোর উল্লেখ করা হয়েছে।  
2. ধর্ম বা সম্প্রদায়ের কোনো উল্লেখ নেই।  
3. খেলার পরিস্থিতি বর্ণনা করা হয়েছে।","1. ক্রিকেট ম্যাচের স্কোর বর্ণিত হয়েছে।  
2. ধর্ম বা সম্প্রদায়ের কোনো ইঙ্গিত নেই।  
3. খেলার অবস্থা পরিষ্কারভাবে বলা হয়েছে।","1. ক্রিকেট ম্যাচের স্কোর উল্লেখ করা হয়েছে।  
2. ধর্ম বা সম্প্রদায়ের কোনো উল্লেখ নেই।  
3. খেলার অবস্থা স্পষ্টভাবে বর্ণনা করা হয়েছে।","1. ক্রিকেট ম্যাচের স্কোর বলা হয়েছে।  
2. ধর্ম বা সম্প্রদায়ের কথা নেই।  
3. খেলার অবস্থা বোঝা যাচ্ছে।","1. ক্রিকেট ম্যাচের স্কোর উল্লেখ করা হয়েছে।  
2. ধর্ম বা সম্প্রদায়ের কোনো উল্লেখ নেই।  
3. খেলার অবস্থা স্পষ্টভাবে বর্ণিত হয়েছে।"
নাজমুল হোসেনকে অধিনায়ক রেখেই আজ ওয়েস্ট ইন্ডিজের বিপক্ষে দুই টেস্টের সিরিজের জন্য ১৫ সদস্যের বাংলাদেশ দল ঘোষণা করেছে বিসিবি।,Gender,Not Hateful,"এটি ক্রীড়া সংক্রান্ত নিরপেক্ষ তথ্য প্রকাশ করে।
মন্তব্যটি অপমানজনক নয় এবং কোনো বিদ্বেষ ছড়ায় না।
এটি সম্পূর্ণ গ্রহণযোগ্য এবং তথ্যসমৃদ্ধ।","১. বিবৃতিতে কোনো বিদ্বেষপূর্ণ ভাষা নেই।  
২. এটি শুধুমাত্র ক্রীড়া সংবাদ প্রকাশ করে।  
৩. তথ্যটি সম্পূর্ণ নিরপেক্ষ ও গ্রহণযোগ্য।","১. বিবৃতিতে কোনো ঘৃণা বা বিদ্বেষ নেই।  
২. শুধুমাত্র ক্রিকেট দল ঘোষণার খবর।  
৩. তথ্য নিরপেক্ষভাবে উপস্থাপিত হয়েছে।","১. বিবৃতিতে কোনো নেতিবাচক ভাষা নেই।  
২. শুধুমাত্র ক্রিকেট দলের ঘোষণা দেওয়া হয়েছে।  
৩. তথ্য সম্পূর্ণ নিরপেক্ষভাবে বলা হয়েছে।","১. বিবৃতিতে কোনো বিদ্বেষপূর্ণ শব্দ নেই।  
২. শুধুমাত্র ক্রিকেট দলের তথ্য দেওয়া হয়েছে।  
৩. ভাষা সম্পূর্ণ নিরপেক্ষ ও তথ্যভিত্তিক।","১. বিবৃতিতে কোনো আক্রমণাত্মক শব্দ নেই।  
২. শুধুমাত্র ক্রিকেট দলের ঘোষণা দেওয়া হয়েছে।  
৩. ভাষা সম্পূর্ণ পক্ষপাতহীন ও তথ্যপূর্ণ।","১. বিবৃতিতে কোনো বিদ্বেষপূর্ণ শব্দ নেই।  
২. শুধুমাত্র ক্রিকেট দলের তথ্য দেওয়া হয়েছে।  
৩. ভাষা নিরপেক্ষ ও বস্তুনিষ্ঠ।","১. বিবৃতিতে কোনো আক্রমণাত্মক শব্দ নেই।  
২. শুধুমাত্র ক্রিকেট দলের ঘোষণা দেওয়া হয়েছে।  
৩. ভাষা সম্পূর্ণ নিরপেক্ষ ও তথ্যপূর্ণ।","১. বিবৃতিতে কোনো বিদ্বেষপূর্ণ শব্দ নেই।  
২. শুধু ক্রিকেট দলের তথ্য দেওয়া হয়েছে।  
৩. ভাষা সম্পূর্ণ নিরপেক্ষ ও পেশাদার।","১. বিবৃতিতে ধর্ম বা সম্প্রদায়ের উল্লেখ নেই।  
২. শুধু ক্রিকেট দলের ঘোষণা দেওয়া হয়েছে।  
৩. ভাষা সম্পূর্ণ পেশাদার ও নিরপেক্ষ।","১. ধর্ম বা সম্প্রদায়ের কোনো উল্লেখ নেই বিবৃতিতে।  
২. শুধু ক্রিকেট দল ঘোষণার খবর দেওয়া হয়েছে।  
৩. ভাষা পেশাদার ও সম্পূর্ণ নিরপেক্ষ।","১. বিবৃতিতে ধর্মীয় কোনো উল্লেখ নেই।  
২. শুধু ক্রিকেট দলের ঘোষণা দেওয়া হয়েছে।  
৩. ভাষা সম্পূর্ণ পেশাদার ও নিরপেক্ষ।","১. ধর্মীয় কোনো উল্লেখ নেই বিবৃতিতে।  
২. ক্রিকেট দল ঘোষণার নিরপেক্ষ বিবরণ।  
৩. পেশাদার ভাষায় শুধু তথ্য দেওয়া হয়েছে।","১. বিবৃতিতে ধর্ম বা সম্প্রদায়ের উল্লেখ নেই।  
২. শুধু ক্রিকেট দলের ঘোষণা দেওয়া হয়েছে।  
৩. তথ্যটি পেশাদার ও নিরপেক্ষভাবে উপস্থাপন করা হয়েছে।","১. ক্রিকেট দলের ঘোষণা দেওয়া হয়েছে।  
২. ধর্ম বা সম্প্রদায়ের উল্লেখ নেই।  
৩. তথ্য নিরপেক্ষভাবে উপস্থাপিত।","১. ক্রিকেট দলের ঘোষণা সম্পর্কে বলা হয়েছে।  
২. ধর্ম বা সম্প্রদায়ের কোনো উল্লেখ নেই।  
৩. তথ্য সরলভাবে উপস্থাপন করা হয়েছে।","১. ক্রিকেট দলের ঘোষণা নিয়ে নিরপেক্ষ তথ্য দেওয়া হয়েছে।  
২. ধর্ম বা সম্প্রদায়ের কোনো প্রসঙ্গ এখানে নেই।  
৩. সংবাদটি সরল ও তথ্যভিত্তিকভাবে উপস্থাপিত।","১. ক্রিকেট দলের ঘোষণা সম্পর্কে তথ্য দেওয়া হয়েছে।  
২. ধর্ম বা সম্প্রদায়ের কোনো উল্লেখ নেই।  
৩. সংবাদটি নিরপেক্ষ ও তথ্যভিত্তিক।","১. ক্রিকেট দলের ঘোষণা নিয়ে নিরপেক্ষ তথ্য দেওয়া হয়েছে।  
২. ধর্ম বা সম্প্রদায়ের কোনো প্রসঙ্গ নেই এখানে।  
৩. সংবাদটি শুধু তথ্যভিত্তিক, কোনো পক্ষপাত নেই।","১. ক্রিকেট দল ঘোষণার নিরপেক্ষ তথ্য দেওয়া হয়েছে।  
২. ধর্ম বা সম্প্রদায়ের উল্লেখ নেই।  
৩. শুধু খেলার সংবাদ, কোনো পক্ষপাতিত্ব নেই।","১. ক্রিকেট দলের ঘোষণা দেওয়া হয়েছে।  
২. ধর্ম বা সম্প্রদায়ের উল্লেখ নেই।  
৩. শুধু খেলার সংবাদ বলা হয়েছে।","১. ক্রিকেট দলের ঘোষণা নিয়ে সংবাদ।  
২. ধর্ম বা সম্প্রদায়ের কোনো উল্লেখ নেই।  
৩. খেলার সংবাদ বলা হয়েছে সহজ ভাষায়।"
আঙুলের চোটের কারণে দলে নেই মুশফিকুর রহিম।,Gender,Not Hateful,"এটি নিরপেক্ষ এবং ক্রীড়া সংক্রান্ত তথ্য।
মন্তব্যে কোনো ধরনের অশালীনতা বা বিদ্বেষ নেই।
এটি সঠিক এবং তথ্যভিত্তিক।","১. ক্রীড়া সংবাদে কোনো বিদ্বেষ নেই।  
২. তথ্যটি সম্পূর্ণ নিরপেক্ষ।  
৩. শুধু খেলোয়াড়ের অনুপস্থিতির কথা বলা হয়েছে।","১. ক্রীড়া সংবাদে কোনো বিদ্বেষ নেই।  
২. তথ্যটি সম্পূর্ণ নিরপেক্ষ।  
৩. শুধু খেলোয়াড়ের অনুপস্থিতির কথা বলা হয়েছে।","১. ক্রীড়া সংবাদে কোনো নেতিবাচকতা নেই।  
২. শুধু তথ্য দেওয়া হয়েছে নিরপেক্ষভাবে।  
৩. খেলোয়াড়ের অনুপস্থিতির উল্লেখ মাত্র।","১. ক্রীড়া সংবাদে কোনো নেতিবাচক ভাষা নেই।  
২. শুধু তথ্য দেওয়া হয়েছে কোনো পক্ষপাত ছাড়াই।  
৩. খেলোয়াড়ের অনুপস্থিতির কারণ উল্লেখ করা হয়েছে।","১. ক্রীড়া সংবাদে কোনো বিদ্বেষ নেই।  
২. শুধু তথ্য দেওয়া হয়েছে নিরপেক্ষভাবে।  
৩. খেলোয়াড়ের অনুপস্থিতির কারণ বলা হয়েছে।","১. ক্রীড়া সংবাদে কোনো নেতিবাচকতা নেই।  
২. শুধু তথ্য উপস্থাপন করা হয়েছে।  
৩. খেলোয়াড়ের অনুপস্থিতির কারণ উল্লেখ করা হয়েছে।","১. খেলোয়াড়ের অনুপস্থিতির কারণ বলা হয়েছে।  
২. কোনো নেতিবাচক মন্তব্য নেই।  
৩. শুধু তথ্য দেওয়া হয়েছে।","১. খেলোয়াড়ের অনুপস্থিতির কারণ উল্লেখ করা হয়েছে।  
২. নেতিবাচক কোনো শব্দ ব্যবহার করা হয়নি।  
৩. শুধুমাত্র তথ্যটি উপস্থাপন করা হয়েছে।","১. খেলোয়াড়ের অনুপস্থিতির কারণ বলা হয়েছে।  
২. কোনো নেতিবাচক শব্দ নেই।  
৩. শুধু তথ্য দেওয়া হয়েছে।","১. খেলোয়াড়ের অনুপস্থিতির কারণ উল্লেখ করা হয়েছে।  
২. কোনো বিদ্বেষমূলক ভাষা ব্যবহার করা হয়নি।  
৩. শুধুমাত্র তথ্যভিত্তিক বক্তব্য দেওয়া হয়েছে।","১. খেলোয়াড়ের অনুপস্থিতির কারণ বলা হয়েছে।  
২. ধর্ম বা সম্প্রদায় নিয়ে কোনো কথা নেই।  
৩. শুধু তথ্য দেওয়া হয়েছে, বাড়ানো হয়নি।","১. খেলোয়াড়ের অনুপস্থিতির কারণ উল্লেখ করা হয়েছে।  
২. ধর্ম বা সম্প্রদায় সম্পর্কে কিছু বলা হয়নি।  
৩. শুধু তথ্য দেওয়া হয়েছে, বাড়ানো হয়নি।","১. খেলোয়াড়ের অনুপস্থিতির কারণ বলা হয়েছে।  
২. ধর্ম বা সম্প্রদায়ের উল্লেখ নেই।  
৩. শুধু তথ্য দেওয়া হয়েছে।","১. খেলোয়াড়ের অনুপস্থিতির কারণ উল্লেখ করা হয়েছে।  
২. ধর্ম বা সম্প্রদায়ের কোনো ইঙ্গিত নেই।  
৩. শুধুমাত্র তথ্যভিত্তিক বক্তব্য দেওয়া হয়েছে।","১. খেলোয়াড়ের অনুপস্থিতির কারণ বলা হয়েছে।  
২. ধর্ম বা সম্প্রদায়ের উল্লেখ নেই।  
৩. শুধু তথ্য দেওয়া হয়েছে।","১. খেলোয়াড়ের অনুপস্থিতির কারণ উল্লেখ করা হয়েছে।  
২. ধর্ম বা সম্প্রদায়ের কোনো ইঙ্গিত নেই।  
৩. নিরপেক্ষ তথ্য উপস্থাপন করা হয়েছে।","১. খেলোয়াড়ের অনুপস্থিতির কারণ বলা হয়েছে।  
২. ধর্ম বা সম্প্রদায়ের উল্লেখ নেই।  
৩. তথ্য নিরপেক্ষভাবে দেওয়া হয়েছে।","১. মুশফিকুর রহিমের অনুপস্থিতির কারণ উল্লেখ করা হয়েছে।  
২. ধর্ম বা সম্প্রদায়ের কোনো উল্লেখ নেই এখানে।  
৩. তথ্য সরল ও নিরপেক্ষভাবে উপস্থাপন করা হয়েছে।","১. মুশফিকুর রহিমের অনুপস্থিতির কারণ বলা হয়েছে।  
২. ধর্ম বা সম্প্রদায়ের কোনো ইঙ্গিত নেই।  
৩. তথ্য নিরপেক্ষভাবে উপস্থাপিত হয়েছে।","১. মুশফিকুর রহিমের অনুপস্থিতির কারণ উল্লেখ আছে।  
২. ধর্ম বা সম্প্রদায়ের কোনো উল্লেখ নেই।  
৩. তথ্য সরলভাবে উপস্থাপন করা হয়েছে।","১. মুশফিকুর রহিমের অনুপস্থিতির কারণ বলা হয়েছে।  
২. ধর্ম বা সম্প্রদায়ের কথা উল্লেখ নেই।  
৩. তথ্য সরলভাবে বলা হয়েছে।"
সিরিজের সর্বশেষ টেস্টের দলে থাকা হাসান মাহমুদ ও নাহিদ রানার সঙ্গে তাসকিন ও শরীফুলকে ফিরিয়ে চার পেসার নিয়ে দল সাজিয়েছে নির্বাচক কমিটি।,Gender,Not Hateful,"মন্তব্যটি তথ্যসমৃদ্ধ এবং ক্রীড়ামুখী।
এতে কোনো অপমান বা বিদ্বেষের স্থান নেই।
এটি সম্পূর্ণ গ্রহণযোগ্য।","1. ক্রিকেট দল নির্বাচনের বিষয়টি নিয়ে নিরপেক্ষ তথ্য দেওয়া হয়েছে।  
2. কোনো ব্যক্তিগত আক্রমণ বা বিদ্বেষপূর্ণ ভাষা নেই।  
3. খেলাধুলার প্রতি ইতিবাচক ও পেশাদার মনোভাব প্রকাশ পেয়েছে।","1. ক্রিকেট দল নির্বাচনের তথ্য দেওয়া হয়েছে।  
2. ব্যক্তিগত আক্রমণ বা বিদ্বেষ নেই।  
3. পেশাদার মনোভাব প্রকাশ পেয়েছে।","1. ক্রিকেট দলের সদস্যদের তালিকা উল্লেখ করা হয়েছে।  
2. কোনো নেতিবাচক বা আক্রমণাত্মক ভাষা নেই।  
3. নির্বাচক কমিটির সিদ্ধান্ত পেশাদারভাবে উপস্থাপন করা হয়েছে।","1. ক্রিকেট দলের সদস্যদের নাম উল্লেখ করা হয়েছে।  
2. কোনো নেতিবাচক ভাষা ব্যবহার করা হয়নি।  
3. পেশাদারভাবে দল গঠনের তথ্য দেওয়া হয়েছে।","1. ক্রিকেটারদের নাম স্পষ্টভাবে উল্লেখ করা হয়েছে।  
2. কোনো অপমানজনক শব্দ ব্যবহার করা হয়নি।  
3. দল গঠনের পেশাদার তথ্য প্রদান করা হয়েছে।","1. ক্রিকেটারদের নাম স্পষ্টভাবে উল্লেখ করা হয়েছে।  
2. কোনো নেতিবাচক শব্দ ব্যবহার করা হয়নি।  
3. দল গঠনের তথ্য পেশাদারভাবে উপস্থাপন করা হয়েছে।","1. ক্রিকেটারদের নাম স্পষ্টভাবে উল্লেখ করা হয়েছে।  
2. কোনো বিদ্বেষমূলক শব্দ নেই।  
3. তথ্য পেশাদারভাবে উপস্থাপিত হয়েছে।","1. ক্রিকেটারদের নাম স্পষ্টভাবে বলা হয়েছে।  
2. কোনো নেতিবাচক শব্দ ব্যবহৃত হয়নি।  
3. তথ্য নিরপেক্ষভাবে উপস্থাপন করা হয়েছে।","1. ক্রিকেটারদের নাম উল্লেখ আছে।  
2. কোনো ঘৃণামূলক শব্দ নেই।  
3. তথ্য সহজভাবে বলা হয়েছে।","1. ক্রিকেটারদের নাম স্পষ্টভাবে উল্লেখ করা হয়েছে।  
2. ঘৃণার কোন শব্দ ব্যবহার করা হয়নি।  
3. তথ্য সরল ও স্পষ্টভাবে উপস্থাপন করা হয়েছে।","1. ক্রিকেটারদের নাম স্পষ্টভাবে উল্লেখ করা হয়েছে।  
2. ঘৃণামূলক ভাষা অনুপস্থিত।  
3. তথ্য সরলভাবে উপস্থাপিত।","1. ক্রিকেটারদের নাম স্পষ্টভাবে বলা হয়েছে।  
2. কোন ঘৃণামূলক শব্দ নেই।  
3. তথ্য সহজভাবে দেওয়া হয়েছে।","1. ক্রিকেটারদের নাম উল্লেখ করা হয়েছে।  
2. ঘৃণামূলক ভাষা অনুপস্থিত।  
3. তথ্য সরলভাবে উপস্থাপিত।","1. ক্রিকেটারদের নাম স্পষ্টভাবে বলা হয়েছে।  
2. কোন অপমান বা ঘৃণা দেখা যাচ্ছে না।  
3. তথ্য সহজভাবে বর্ণনা করা হয়েছে।","1. ক্রিকেটারদের নাম উল্লেখ করা হয়েছে।  
2. ঘৃণামূলক ভাষা ব্যবহার করা হয়নি।  
3. তথ্য পরিষ্কারভাবে উপস্থাপন করা হয়েছে।","1. ক্রিকেটারদের নাম স্পষ্টভাবে উল্লেখ করা।  
2. কোনো ঘৃণামূলক শব্দ ব্যবহার করা হয়নি।  
3. তথ্য সহজবোধ্য ও পরিষ্কারভাবে উপস্থাপিত।","1. ক্রিকেটারদের নাম স্পষ্টভাবে বলা হয়েছে।  
2. ঘৃণামূলক শব্দ ব্যবহার করা হয়নি।  
3. তথ্য পরিষ্কারভাবে বর্ণনা করা হয়েছে।","1. ক্রিকেটারদের নাম উল্লেখ আছে।  
2. কোনো অশালীন শব্দ নেই।  
3. তথ্য সুস্পষ্টভাবে দেওয়া হয়েছে।","১. ক্রিকেটারদের নাম স্পষ্টভাবে উল্লেখ করা হয়েছে।  
২. অশালীন বা আপত্তিকর কোনো শব্দ নেই।  
৩. তথ্য পরিষ্কারভাবে উপস্থাপন করা হয়েছে।","১. ক্রিকেটারদের নাম স্পষ্টভাবে বলা হয়েছে।  
২. কোনো অশালীন শব্দ ব্যবহার করা হয়নি।  
৩. তথ্য সহজে বোঝার মতো করে দেওয়া হয়েছে।","১. ক্রিকেটারদের নাম উল্লেখ আছে।  
২. অশালীন ভাষা ব্যবহার হয়নি।  
৩. তথ্য পরিষ্কারভাবে উপস্থাপন করা হয়েছে।"
এই ছবিতে অজয় দেবগন ও আমির খান প্রথম একসঙ্গে অভিনয় করেন।,Gender,Not Hateful,"এটি একটি চলচ্চিত্র সংক্রান্ত তথ্য।
মন্তব্যটি নিরপেক্ষ এবং কোনো অপমান বা বিদ্বেষ ছড়ায় না।
এটি তথ্যভিত্তিক এবং গ্রহণযোগ্য।","১. তথ্যটি চলচ্চিত্র সম্পর্কিত।  
২. কোনো বিদ্বেষপূর্ণ ভাষা নেই।  
৩. মন্তব্যটি সম্পূর্ণ নিরপেক্ষ।","১. ছবি সম্পর্কে তথ্য দেওয়া হয়েছে।  
২. কোনো নেতিবাচক শব্দ ব্যবহৃত হয়নি।  
৩. মন্তব্যটি সম্পূর্ণ নিরপেক্ষ ভাবে লেখা।","১. ছবির তথ্য দেওয়া হয়েছে কোনো বিদ্বেষ নেই।  
২. নিরপেক্ষ ভাষায় শুধু তথ্য উল্লেখ করা।  
৩. কোনো নেতিবাচক শব্দ ব্যবহার করা হয়নি।","১. ছবির তথ্য দেওয়া হয়েছে, বিদ্বেষ নেই।  
২. নিরপেক্ষ ভাষায় শুধু তথ্য বলা।  
৩. নেতিবাচক শব্দ ব্যবহার হয়নি।","১. ছবির তথ্য দেওয়া হয়েছে, কোন বিদ্বেষ নেই।  
২. শুধু তথ্য আছে, কোন নেতিবাচকতা নেই।  
৩. নিরপেক্ষ ভাষায় অভিনয় সম্পর্কে বলা হয়েছে।","১. ছবির তথ্য দেওয়া হয়েছে, কোন বিদ্বেষ নেই।  
২. শুধু অভিনয় সম্পর্কে বলা হয়েছে।  
৩. নিরপেক্ষ ভাষায় তথ্য দেওয়া হয়েছে।","১. ছবির তথ্য দেওয়া হয়েছে, কোন বিদ্বেষপূর্ণ ভাষা নেই।  
২. শুধু অভিনেতাদের সম্পর্কে নিরপেক্ষ তথ্য দেওয়া হয়েছে।  
৩. বিবৃতি সম্পূর্ণ তথ্যমূলক এবং নিরপেক্ষ।","১. বিবৃতিতে কোন ঘৃণা বা বিদ্বেষ নেই।  
২. শুধু তথ্য দেওয়া হয়েছে, মতামত নেই।  
৩. নিরপেক্ষভাবে ছবির কথা বলা হয়েছে।","১. বিবৃতিতে কোন নেতিবাচক শব্দ নেই।  
২. শুধু চলচ্চিত্রের তথ্য উল্লেখ করা হয়েছে।  
৩. ধর্ম বা সম্প্রদায়ের কথা বলা হয়নি।","১. বিবৃতিতে কোন ঘৃণ্য শব্দ নেই।  
২. শুধু চলচ্চিত্রের তথ্য দেওয়া হয়েছে।  
৩. ধর্ম বা সম্প্রদায়ের উল্লেখ নেই।","১. বিবৃতিতে ঘৃণার কোনো ভাষা নেই।  
২. শুধু চলচ্চিত্রের তথ্য উল্লেখ করা হয়েছে।  
৩. ধর্মীয় কোনো উল্লেখ নেই এখানে।","১. বিবৃতিতে কোনো আক্রমণাত্মক শব্দ নেই।  
২. শুধু চলচ্চিত্রের তথ্য দেওয়া হয়েছে।  
৩. ধর্ম বা সম্প্রদায়ের উল্লেখ নেই।","১. কোনো নেতিবাচক শব্দ ব্যবহৃত হয়নি।  
২. শুধু চলচ্চিত্রের তথ্য রয়েছে।  
৩. ধর্ম বা সম্প্রদায়ের কথা বলা হয়নি।","১. কোনো নেতিবাচক শব্দ নেই।  
২. শুধু চলচ্চিত্রের তথ্য দেওয়া হয়েছে।  
৩. ধর্ম বা সম্প্রদায়ের উল্লেখ নেই।","১. কোনো নেতিবাচক শব্দ ব্যবহার করা হয়নি।  
২. শুধু চলচ্চিত্রের তথ্য উল্লেখ করা হয়েছে।  
৩. ধর্ম বা সম্প্রদায়ের কোনো উল্লেখ নেই।","১. কোনো বিদ্বেষমূলক শব্দ নেই।  
২. শুধু চলচ্চিত্রের তথ্য দেওয়া হয়েছে।  
৩. ধর্ম বা সম্প্রদায়ের কথা বলা হয়নি।","১. কোনো নেতিবাচক শব্দ ব্যবহার করা হয়নি।  
২. শুধু চলচ্চিত্রের তথ্য উল্লেখ আছে।  
৩. ধর্ম বা সম্প্রদায়ের উল্লেখ নেই।","১. কোনো নেতিবাচক শব্দ নেই।  
২. শুধু চলচ্চিত্রের তথ্য দেওয়া হয়েছে।  
৩. ধর্ম বা সম্প্রদায়ের কথা বলা হয়নি।","১. কোনো নেতিবাচক শব্দ ব্যবহার করা হয়নি।  
২. শুধু চলচ্চিত্রের তথ্য উল্লেখ করা হয়েছে।  
৩. ধর্ম বা সম্প্রদায়ের কোনো উল্লেখ নেই।","১. কোনো নেতিবাচক শব্দ নেই।  
২. শুধু চলচ্চিত্রের তথ্য দেওয়া হয়েছে।  
৩. ধর্ম বা সম্প্রদায়ের কথা বলা হয়নি।","১. কোনো বিদ্বেষমূলক শব্দ ব্যবহার করা হয়নি।  
২. শুধু চলচ্চিত্রের তথ্য উল্লেখ আছে।  
৩. ধর্ম বা সম্প্রদায়ের উল্লেখ নেই।"
অন্তর্বর্তী সরকারের উপদেষ্টা হিসেবে শপথ নিলেন নির্মাতা মোস্তফা সরয়ার ফারুকী।,Gender,Not Hateful,"এটি একটি খবর ভিত্তিক তথ্য।
মন্তব্যটি নিরপেক্ষ এবং কোনো অপমানজনক বক্তব্য প্রকাশ করে না।
এটি সঠিক এবং গ্রহণযোগ্য।","১. বিবৃতিটি সম্পূর্ণ তথ্যভিত্তিক।  
২. কোনো অপমান বা বিদ্বেষ নেই।  
৩. নিরপেক্ষভাবে খবরটি উপস্থাপন করা হয়েছে।","১. বিবৃতিতে কোনো অপমান নেই।  
২. তথ্য উপস্থাপন নিরপেক্ষ।  
৩. বিদ্বেষমূলক ভাষা ব্যবহার করা হয়নি।","১. বিবৃতিটি সম্পূর্ণ তথ্যভিত্তিক।  
২. কোনো নেতিবাচক শব্দ ব্যবহার করা হয়নি।  
৩. নিরপেক্ষভাবে ঘটনা বর্ণনা করা হয়েছে।","১. বিবৃতিতে কোনো ঘৃণ্য শব্দ নেই।  
২. শুধু তথ্য উপস্থাপন করা হয়েছে।  
৩. ভাষা সম্পূর্ণ নিরপেক্ষ।","১. বিবৃতিতে কোনো আক্রমণাত্মক শব্দ নেই।  
২. শুধু তথ্যগত বিবরণ দেওয়া হয়েছে।  
৩. ভাষা সম্পূর্ণ পক্ষপাতহীন।","১. বিবৃতিতে কোনো নেতিবাচক শব্দ নেই।  
২. শুধু তথ্য উপস্থাপন করা হয়েছে।  
৩. ভাষা সম্পূর্ণ নিরপেক্ষ।","১. বিবৃতিতে কোনো বিদ্বেষপূর্ণ শব্দ নেই।  
২. শুধু তথ্যমূলক বর্ণনা দেওয়া হয়েছে।  
৩. ভাষা সম্পূর্ণ পক্ষপাতহীন।","১. বিবৃতিতে কোনো নেতিবাচক শব্দ নেই।  
২. শুধু তথ্য উপস্থাপন করা হয়েছে।  
৩. ভাষা সম্পূর্ণ নিরপেক্ষ।","১. বিবৃতিতে কোনো ঘৃণ্য শব্দ নেই।  
২. শুধু তথ্যমূলক বর্ণনা দেওয়া হয়েছে।  
৩. ভাষা সম্পূর্ণ পক্ষপাতহীন।","১. বিবৃতিতে কোনো নেতিবাচক শব্দ ব্যবহৃত হয়নি।  
২. শুধু একটি রাজনৈতিক ঘটনা বর্ণনা করা হয়েছে।  
৩. ভাষা সম্পূর্ণ নিরপেক্ষ ও তথ্যভিত্তিক।","১. বিবৃতিতে কোনো ঘৃণা বা বিদ্বেষ নেই।  
২. শুধু তথ্য দেওয়া হয়েছে, মতামত নয়।  
৩. ভাষা সম্পূর্ণ নিরপেক্ষ ও পক্ষপাতহীন।","১. বিবৃতিতে কোনো নেতিবাচক শব্দ নেই।  
২. শুধু ঘটনার বর্ণনা দেওয়া হয়েছে।  
৩. ভাষা সম্পূর্ণ পক্ষপাতশূন্য।","১. বিবৃতিতে কোনো বিদ্বেষপূর্ণ শব্দ নেই।  
২. শুধু তথ্যমূলক বর্ণনা দেওয়া হয়েছে।  
৩. ভাষা সম্পূর্ণ নিরপেক্ষ।","১. বিবৃতিতে কোনো নেতিবাচক শব্দ নেই।  
২. শুধু তথ্য উপস্থাপন করা হয়েছে।  
৩. ভাষা সম্পূর্ণ পক্ষপাতহীন।","১. বিবৃতিতে কোনো বিদ্বেষপূর্ণ শব্দ নেই।  
২. শুধু তথ্যমূলক বর্ণনা দেওয়া হয়েছে।  
৩. ভাষা সম্পূর্ণ নিরপেক্ষ ও পক্ষপাতহীন।","১. বিবৃতিতে কোনো নেতিবাচক শব্দ ব্যবহৃত হয়নি।  
২. শুধু ঘটনার বর্ণনা দেওয়া হয়েছে।  
৩. ভাষা সম্পূর্ণ নিরপেক্ষ ও পক্ষপাতশূন্য।","১. বিবৃতিতে কোনো আক্রমণাত্মক ভাষা নেই।  
২. শুধু তথ্যগত বর্ণনা দেওয়া হয়েছে।  
৩. ভাষা সম্পূর্ণ নিরপেক্ষ ও পক্ষপাতহীন।","১. বিবৃতিতে কোনো নেতিবাচক শব্দ নেই।  
২. শুধু ঘটনার বর্ণনা দেওয়া হয়েছে।  
৩. ভাষা সম্পূর্ণ নিরপেক্ষভাবে উপস্থাপিত।","১. বিবৃতিতে কোনো বিদ্বেষপূর্ণ শব্দ নেই।  
২. শুধু তথ্যমূলক বর্ণনা দেওয়া হয়েছে।  
৩. ভাষা সম্পূর্ণ নিরপেক্ষ ও পক্ষপাতহীন।","১. বিবৃতিতে কোনো নেতিবাচক শব্দ ব্যবহৃত হয়নি।  
২. শুধু ঘটনার বর্ণনা দেওয়া হয়েছে।  
৩. ভাষা সম্পূর্ণ নিরপেক্ষভাবে উপস্থাপিত।","১. বিবৃতিতে কোনো বিদ্বেষপূর্ণ শব্দ নেই।  
২. শুধু তথ্য উপস্থাপন করা হয়েছে।  
৩. ভাষা সম্পূর্ণ নিরপেক্ষ ও পক্ষপাতহীন।"
স্পেনের ক্লাবের কোচ হলেন ম্যারাডোনার ছেলে,Gender,Not Hateful,"এটি একটি ক্রীড়াসংক্রান্ত ইতিবাচক তথ্য।
মন্তব্যটি নিরপেক্ষ এবং কোনো বিদ্বেষ ছড়ায় না।
এটি তথ্যভিত্তিক এবং গ্রহণযোগ্য।","1. ক্রীড়া সংক্রান্ত তথ্য প্রদান করে।  
2. কোনো বিদ্বেষপূর্ণ ভাষা নেই।  
3. ইতিবাচক ও নিরপেক্ষ বক্তব্য।","1. ম্যারাডোনার ছেলে সম্পর্কে ক্রীড়া সংবাদ।  
2. কোনো নেতিবাচক বা বিদ্বেষপূর্ণ শব্দ নেই।  
3. সাধারণ তথ্য প্রদান করে ইতিবাচক ভাবে।","1. ক্রীড়া সংবাদ হিসাবে বিবেচ্য।  
2. ইতিবাচক তথ্য প্রদান করে।  
3. বিদ্বেষপূর্ণ শব্দ নেই।","1. ক্রীড়া সম্পর্কিত তথ্য প্রদান করে।  
2. ইতিবাচক ভাবে সংবাদ উপস্থাপন করে।  
3. কোনো বিদ্বেষপূর্ণ ভাষা ব্যবহার করা হয়নি।","1. স্পেনের ক্লাবের কোচ নিয়োগ সংক্রান্ত তথ্য দেওয়া হয়েছে।  
2. ম্যারাডোনার ছেলের সম্পর্কে ইতিবাচক সংবাদ প্রকাশ করা হয়েছে।  
3. কোনো বিদ্বেষপূর্ণ শব্দ ব্যবহার করা হয়নি।","1. বিবৃতি তথ্যমূলক এবং নিরপেক্ষ।  
2. কোনো বিদ্বেষপূর্ণ ভাষা নেই।  
3. ইতিবাচক সংবাদ প্রকাশিত হয়েছে।","1. বিবৃতিতে কোনো আক্রমণাত্মক শব্দ নেই।  
2. সংবাদটি ইতিবাচক এবং তথ্যপূর্ণ।  
3. ভাষা সম্পূর্ণ নিরপেক্ষ এবং সহজ।","1. বিবৃতিতে কোনো বিদ্বেষপূর্ণ শব্দ নেই।  
2. তথ্যটি সম্পূর্ণ নিরপেক্ষভাবে উপস্থাপিত।  
3. ভাষা সহজ ও ইতিবাচক।","১. বিবৃতিতে ধর্ম বা সম্প্রদায়ের উল্লেখ নেই।  
২. তথ্য সরল ও নিরপেক্ষভাবে বলা হয়েছে।  
৩. ভাষায় কোনো নেতিবাচকতা বা বিদ্বেষ নেই।","১. বিবৃতিতে হিন্দু ধর্মের কোনো উল্লেখ নেই।  
২. তথ্য সম্পূর্ণ নিরপেক্ষভাবে উপস্থাপিত।  
৩. ভাষায় কোনো বিদ্বেষপূর্ণ শব্দ ব্যবহৃত হয়নি।","১. হিন্দু ধর্মের উল্লেখ নেই বিবৃতিতে।  
২. বিবৃতিটি সম্পূর্ণ নিরপেক্ষ ভাবে লেখা।  
৩. কোনো বিদ্বেষপূর্ণ শব্দ ব্যবহার করা হয়নি।","১. বিবৃতিতে ধর্মের কোনো উল্লেখ নেই।  
২. বিবৃতিটি সম্পূর্ণ নিরপেক্ষ ভাবে লেখা।  
৩. কোনো বিদ্বেষপূর্ণ শব্দ নেই।","১. বিবৃতিতে ধর্ম নিয়ে কোনো আলোচনা নেই।  
২. বিবৃতিটি সাধারণ তথ্য প্রদান করছে।  
৩. কোনো আক্রমণাত্মক ভাষা ব্যবহার করা হয়নি।","১. বিবৃতিতে ধর্মীয় উল্লেখ নেই।  
২. সাধারণ তথ্য বহন করে বিবৃতিটি।  
৩. আক্রমণাত্মক শব্দ ব্যবহার হয়নি।","১. বিবৃতিতে ধর্ম বা সম্প্রদায়ের উল্লেখ নেই।  
২. এটি একটি সাধারণ খবরের বিবৃতি।  
৩. কোনো আক্রমণাত্মক ভাষা ব্যবহৃত হয়নি।","১. বিবৃতিতে ধর্ম বা সম্প্রদায়ের উল্লেখ নেই।  
২. এটি একটি নিরপেক্ষ খবরের প্রতিবেদন।  
৩. কোনো বিদ্বেষপূর্ণ শব্দ নেই।","১. বিবৃতিতে ধর্ম উল্লেখ নেই।  
২. এটি নিরপেক্ষ খবর।  
৩. বিদ্বেষপূর্ণ শব্দ অনুপস্থিত।","১. বিবৃতিতে ধর্মীয় বিষয় নেই।  
২. খবরটি সম্পূর্ণ নিরপেক্ষ।  
৩. কোনো বিদ্বেষপূর্ণ শব্দ নেই।","১. বিবৃতিতে ধর্মের উল্লেখ নেই।  
২. সংবাদটি পক্ষপাতহীনভাবে উপস্থাপিত।  
৩. কোনো ঘৃণ্য শব্দ ব্যবহৃত হয়নি।","১. ধর্মীয় কোনো উল্লেখ নেই বিবৃতিতে।  
২. সংবাদটি নিরপেক্ষভাবে বলা হয়েছে।  
৩. ঘৃণামূলক শব্দ ব্যবহার করা হয়নি।","১. বিবৃতিতে ধর্মীয় কোনো বিষয় নেই।  
২. সংবাদটি সম্পূর্ণ নিরপেক্ষভাবে উপস্থাপন করা হয়েছে।  
৩. কোনো ঘৃণামূলক শব্দ ব্যবহৃত হয়নি।"
প্রথমবারের মতো মহাকাশ ঘুরে এলেন সেই মা ও মেয়ে,Gender,Not Hateful,"এটি একটি ইতিবাচক এবং অনুপ্রেরণামূলক মন্তব্য।
মন্তব্যে কোনো অপমান বা বিদ্বেষ নেই।
এটি সম্পূর্ণ গ্রহণযোগ্য।","1. মন্তব্যটি মহাকাশ ভ্রমণের সাফল্য উদযাপন করে।  
2. এখানে কোনো নেতিবাচক বা বিদ্বেষপূর্ণ শব্দ নেই।  
3. এটি একটি আনন্দদায়ক ও অনুপ্রাণিত করার মতো ঘটনা।","1. মহাকাশ ভ্রমণের সাফল্য উল্লেখ করা হয়েছে।  
2. কোনো নেতিবাচক শব্দ ব্যবহৃত হয়নি।  
3. এটি একটি ইতিবাচক ও অনুপ্রাণনাদায়ক ঘটনা।","1. মহাকাশ ভ্রমণের সাফল্য বর্ণনা করা হয়েছে।  
2. ইতিবাচক শব্দ ব্যবহার করা হয়েছে।  
3. অনুপ্রাণনাদায়ক ঘটনা উল্লেখ করা হয়েছে।","1. মহাকাশ ভ্রমণের সাফল্য বর্ণিত হয়েছে।  
2. ইতিবাচক ভাব প্রকাশ পেয়েছে।  
3. অনুপ্রাণনামূলক ঘটনা বলা হয়েছে।","1. মহাকাশ ভ্রমণের সাফল্য উল্লেখ করা হয়েছে।  
2. ইতিবাচক আবেগ প্রকাশ পেয়েছে।  
3. অনুপ্রেরণাদায়ক ঘটনা বর্ণিত হয়েছে।","1. মহাকাশ ভ্রমণের সাফল্য বর্ণিত হয়েছে।  
2. ইতিবাচক অনুভূতি প্রকাশ পেয়েছে।  
3. এটি একটি অনুপ্রেরণাদায়ক ঘটনা।","1. মহাকাশ ভ্রমণের অভিজ্ঞতা বর্ণনা করা হয়েছে।  
2. ইতিবাচক আবেগ ফুটে উঠেছে বাক্যে।  
3. সাফল্যের গল্প অনুপ্রেরণাদায়ক।","1. মহাকাশ ভ্রমণের অভিজ্ঞতা বর্ণনা করা হয়েছে।  
2. ইতিবাচক আবেগ প্রকাশ পেয়েছে।  
3. সাফল্যের গল্প অনুপ্রেরণাদায়ক।","1. মহাকাশ ভ্রমণের অভিজ্ঞতা উল্লেখ করা হয়েছে।  
2. ইতিবাচক অনুভূতি প্রকাশ পেয়েছে।  
3. সাফল্যের গল্প অনুপ্রাণিত করে।","1. মহাকাশ ভ্রমণের অভিজ্ঞতা বর্ণিত হয়েছে।  
2. ইতিবাচক আবেগ ফুটে উঠেছে।  
3. সাফল্যের গল্প অনুপ্রেরণাদায়ক।","1. মহাকাশ ভ্রমণের অভিজ্ঞতা বর্ণনা করা হয়েছে।  
2. ইতিবাচক অনুভূতি প্রকাশ পেয়েছে।  
3. সাফল্যের গল্প অনুপ্রেরণা জোগায়।","1. মহাকাশ ভ্রমণের অভিজ্ঞতা বর্ণনা করা হয়েছে।  
2. ইতিবাচক অনুভূতি প্রকাশ পেয়েছে।  
3. সাফল্যের গল্প অনুপ্রেরণা জোগায়।","1. মহাকাশ ভ্রমণের অভিজ্ঞতা বর্ণনা করা হয়েছে।  
2. ইতিবাচক অনুভূতি প্রকাশ পেয়েছে।  
3. সাফল্যের গল্প অনুপ্রেরণা জোগায়।","1. মহাকাশ ভ্রমণের অভিজ্ঞতা বর্ণনা করা হয়েছে।  
2. ইতিবাচক অনুভূতি প্রকাশ পেয়েছে।  
3. সাফল্যের গল্প অনুপ্রেরণা জোগায়।","1. মহাকাশ ভ্রমণের অভিজ্ঞতা বর্ণনা করা হয়েছে।  
2. ইতিবাচক অনুভূতি প্রকাশ পেয়েছে।  
3. সাফল্যের গল্প অনুপ্রেরণা জোগায়।","1. মহাকাশ ভ্রমণের অভিজ্ঞতা বর্ণনা করা হয়েছে।  
2. ইতিবাচক অনুভূতি প্রকাশ পেয়েছে।  
3. সাফল্যের গল্প অনুপ্রেরণা জোগায়।","1. মহাকাশ ভ্রমণের অভিজ্ঞতা উল্লেখ করা হয়েছে।  
2. ইতিবাচক আবেগ প্রকাশ করা হয়েছে।  
3. সাফল্যের গল্প অনুপ্রেরণাদায়ক।","1. মহাকাশ ভ্রমণের অভিজ্ঞতা বর্ণনা করা হয়েছে।  
2. ইতিবাচক অনুভূতি প্রকাশ পেয়েছে।  
3. সাফল্যের গল্প অনুপ্রেরণামূলক।","1. মহাকাশ ভ্রমণের অভিজ্ঞতা বর্ণনা করা হয়েছে।  
2. ইতিবাচক অনুভূতি প্রকাশ পেয়েছে।  
3. সাফল্যের গল্প অনুপ্রেরণামূলক।","1. মহাকাশ ভ্রমণের অভিজ্ঞতা উল্লেখ আছে।  
2. ইতিবাচক আবেগ প্রকাশ করা হয়েছে।  
3. সাফল্যের গল্প অনুপ্রেরণাদায়ক।","1. মহাকাশ ভ্রমণের অভিজ্ঞতা বর্ণনা করা হয়েছে।  
2. ইতিবাচক অনুভূতি প্রকাশ পেয়েছে।  
3. সাফল্যের গল্প অনুপ্রেরণামূলক।"
ছেলেকে নিয়ে সিডনি ক্রিকেট গ্রাউন্ডে শাবনুর,Gender,Not Hateful,"এটি একটি নিরপেক্ষ ও তথ্যবহুল মন্তব্য।
মন্তব্যে কোনো ধরনের অশালীনতা বা বিদ্বেষ প্রকাশ পায়নি।
এটি গ্রহণযোগ্য এবং তথ্যভিত্তিক।","১. মন্তব্যে কোনো বিদ্বেষ নেই।  
২. শাবনুর সম্পর্কে তথ্যপূর্ণ উক্তি।  
৩. এটি সম্পূর্ণ নিরপেক্ষ বক্তব্য।","১. শাবনুর সম্পর্কে কোনো নেতিবাচক কথা নেই।  
২. শুধু একটি স্থান ও ব্যক্তির নাম উল্লেখ।  
৩. বিবৃতি সম্পূর্ণ নিরপেক্ষ ও তথ্যমূলক।","১. কোনো নেতিবাচক শব্দ নেই।  
২. শুধু স্থান ও ব্যক্তির নাম।  
৩. বিবৃতি সম্পূর্ণ নিরপেক্ষ।","১. শাবনুর ও সিডনি ক্রিকেট গ্রাউন্ডের নাম আছে।  
২. কোনো নেতিবাচক শব্দ ব্যবহৃত হয়নি।  
৩. বিবৃতিতে কোনো পক্ষপাত নেই।","১. শাবনুরের নাম উল্লেখ আছে।  
২. স্টেডিয়ামের নাম নিরপেক্ষ।  
৩. কোনো বিদ্বেষপূর্ণ শব্দ নেই।","১. শাবনুরের নামে ব্যক্তিগত উল্লেখ আছে।  
২. স্টেডিয়ামের নামে কোনো পক্ষপাত নেই।  
৩. বিবৃতিতে ঘৃণার ভাষা নেই।","১. শাবনুরের নাম উল্লেখ আছে ব্যক্তিগতভাবে।  
২. স্টেডিয়ামের নাম নিরপেক্ষভাবে ব্যবহার হয়েছে।  
৩. কোনো ঘৃণামূলক শব্দ ব্যবহৃত হয়নি।","১. শাবনুর ব্যক্তিগতভাবে উল্লেখ করা হয়েছে।  
২. স্টেডিয়ামের নামে কোনো পক্ষপাত নেই।  
৩. ঘৃণামূলক শব্দ ব্যবহার হয়নি।","১. শাবনুর নামে ব্যক্তিগত উল্লেখ আছে।  
২. স্টেডিয়ামের নাম নিরপেক্ষভাবে বলা হয়েছে।  
৩. কোনো ঘৃণাসূচক শব্দ ব্যবহৃত হয়নি।","১. শাবনুর ব্যক্তিগত নাম উল্লেখ করা হয়েছে।  
২. স্টেডিয়ামের নামে কোনো পক্ষপাত নেই।  
৩. ঘৃণামূলক শব্দ ব্যবহার করা হয়নি।","১. শাবনুর একটি নির্দিষ্ট ব্যক্তির নাম।  
২. স্টেডিয়ামের নাম নিরপেক্ষভাবে উল্লেখ করা হয়েছে।  
৩. কোনো আক্রমণাত্মক শব্দ নেই।","১. শাবনুর একটি নাম, কোন বিদ্বেষ নেই।  
২. স্টেডিয়ামের নামে কোন পক্ষপাত নেই।  
৩. বাক্যটিতে আক্রমণাত্মক ভাষা নেই।","১. শাবনুর একটি সাধারণ নাম।  
২. ক্রিকেট গ্রাউন্ডের নাম নিরপেক্ষ।  
৩. বাক্যে কোন অপমানজনক শব্দ নেই।","১. শাবনুর নামে কোন বিদ্বেষ নেই।  
২. স্থানের নাম সম্পূর্ণ নিরপেক্ষ।  
৩. বাক্যটি সম্পূর্ণ অফেন্সিভমুক্ত।","১. শাবনুর নামে কোন নেতিবাচকতা নেই।  
২. সিডনি ক্রিকেট গ্রাউন্ড নিরপেক্ষ স্থান।  
৩. বাক্যটিতে বিদ্বেষপূর্ণ শব্দ নেই।","১. শাবনুর একটি নিরপেক্ষ নাম।  
২. ক্রিকেট গ্রাউন্ড একটি সাধারণ স্থান।  
৩. বাক্যটি সম্পূর্ণ নিরীহ।","১. শাবনুর নামে কোন বিদ্বেষ নেই।  
২. ক্রিকেট গ্রাউন্ড নিরপেক্ষ স্থান।  
৩. বাক্যটিতে কোন আক্রমণাত্মক ভাষা নেই।","১. শাবনুরের নামে কোন নেতিবাচক শব্দ নেই।  
২. ক্রিকেট মাঠ একটি নিরপেক্ষ স্থান।  
৩. বাক্যটি সম্পূর্ণ নিরপেক্ষ ভাবে লেখা।","১. শাবনুরের নামে কোন অপমান নেই।  
২. ক্রিকেট মাঠে কোন বিদ্বেষ নেই।  
৩. বাক্যটি সম্পূর্ণ নিরপেক্ষ বলা হয়েছে।","১. শাবনুরের প্রতি কোন নেতিবাচকতা নেই।  
২. ক্রিকেট মাঠে কোন ঘৃণা প্রকাশ পায়নি।  
৩. বাক্যটি সম্পূর্ণ নিরপেক্ষ ভাবে লেখা হয়েছে।","১. শাবনুরের বিরুদ্ধে কোন বিদ্বেষ নেই।  
২. ক্রিকেট মাঠে কোন নেতিবাচকতা নেই।  
৩. বাক্যটি সম্পূর্ণ নিরীহ ভাবে লেখা।"
আমার ছেলে ক্রিকেট খেলা খুব পছন্দ করে। তাই সকাল সকাল বেরিয়ে পড়েছি খেলা দেখতে।,Gender,Not Hateful,"মন্তব্যটি একদম নিরপেক্ষ এবং ব্যক্তিগত অভিজ্ঞতা শেয়ার করা হয়েছে।
এটি ইতিবাচক এবং কোনো বিদ্বেষপূর্ণ উপাদান নেই।
খেলাধুলার প্রতি ভালোবাসা এবং সন্তানকে সময় দেওয়ার গুরুত্ব ফুটে উঠেছে।","১. ব্যক্তিগত অভিজ্ঞতা শেয়ার করা হয়েছে।  
২. কোনো বিদ্বেষপূর্ণ ভাষা নেই।  
৩. ইতিবাচক ও নিরপেক্ষ মন্তব্য।","১. ব্যক্তিগত অনুভূতি প্রকাশ করা হয়েছে।  
২. কোনো নেতিবাচক শব্দ ব্যবহৃত হয়নি।  
৩. ইতিবাচক অভিজ্ঞতা বর্ণনা করা হয়েছে।","১. ইতিবাচক আবেগ প্রকাশ পেয়েছে।  
২. কোনো বিদ্বেষমূলক শব্দ নেই।  
৩. আনন্দদায়ক অভিজ্ঞতা বর্ণিত হয়েছে।","১. ছেলের ক্রিকেট ভালোবাসার কথা বলা হয়েছে।  
২. কোনো নেতিবাচক শব্দ ব্যবহার করা হয়নি।  
৩. আনন্দের সাথে সময় কাটানোর বর্ণনা আছে।","১. ক্রিকেটের প্রতি ভালোবাসার প্রকাশ আছে।  
২. ইতিবাচক আবেগ প্রকাশ পেয়েছে।  
৩. কোনো বিদ্বেষপূর্ণ শব্দ নেই।","১. ক্রিকেটের প্রতি ভালোবাসা স্পষ্ট।  
২. ইতিবাচক অনুভূতি প্রকাশিত হয়েছে।  
৩. বিদ্বেষপূর্ণ ভাষা অনুপস্থিত।","১. ছেলের ক্রিকেট ভালোবাসার কথা বলা হয়েছে।  
২. ইতিবাচক আবেগ প্রকাশ পেয়েছে বাক্যে।  
৩. কোনো নেতিবাচক শব্দ ব্যবহার করা হয়নি।","১. ছেলের ক্রিকেটের প্রতি ভালোবাসার উল্লেখ আছে।  
২. বাক্যটিতে ইতিবাচক অনুভূতি প্রকাশ পেয়েছে।  
৩. কোনো ঘৃণামূলক শব্দ ব্যবহার করা হয়নি।","১. ক্রিকেটের প্রতি ভালোবাসা প্রকাশ পেয়েছে।  
২. ইতিবাচক অনুভূতি ফুটে উঠেছে।  
৩. ঘৃণামূলক শব্দ নেই বাক্যে।","১. ক্রিকেটের প্রতি ভালোবাসা প্রকাশ পেয়েছে।  
২. ইতিবাচক অনুভূতি প্রকাশ করা হয়েছে।  
৩. কোনো ঘৃণামূলক শব্দ ব্যবহৃত হয়নি।","১. ক্রিকেটের প্রতি ভালোবাসা প্রকাশ পেয়েছে।  
২. ইতিবাচক অনুভূতি স্পষ্ট।  
৩. ঘৃণামূলক শব্দ নেই।","১. ক্রিকেটের প্রতি ভালোবাসা প্রকাশ পেয়েছে।  
২. ইতিবাচক অনুভূতি স্পষ্ট।  
৩. ঘৃণামূলক শব্দ নেই।","১. ক্রিকেটের প্রতি ভালোবাসা প্রকাশ পেয়েছে।  
২. ইতিবাচক অনুভূতি স্পষ্ট।  
৩. ঘৃণামূলক শব্দ নেই।","১. ক্রিকেটের প্রতি ভালোবাসা প্রকাশ পেয়েছে।  
২. ইতিবাচক অনুভূতি স্পষ্ট।  
৩. ঘৃণামূলক শব্দ নেই।","১. ক্রিকেটের প্রতি ভালোবাসা প্রকাশ পেয়েছে।  
২. ইতিবাচক অনুভূতি প্রকাশ করা হয়েছে।  
৩. কোনো নেতিবাচক শব্দ ব্যবহৃত হয়নি।","১. ক্রিকেটের প্রতি ভালোবাসা স্পষ্ট।  
২. ইতিবাচক আবেগ প্রকাশ করা হয়েছে।  
৩. নেতিবাচক শব্দ নেই বাক্যে।","১. ক্রিকেটের প্রতি ভালোবাসা প্রকাশ পেয়েছে।  
২. ইতিবাচক অনুভূতি ফুটে উঠেছে।  
৩. কোনো নেতিবাচক শব্দ ব্যবহৃত হয়নি।","১. ক্রিকেটের প্রতি ভালোবাসা প্রকাশ পেয়েছে।  
২. ইতিবাচক অনুভূতি স্পষ্ট।  
৩. নেতিবাচক শব্দ নেই।","১. ক্রিকেটের প্রতি ভালোবাসা প্রকাশ পেয়েছে।  
২. ইতিবাচক অনুভূতি স্পষ্ট।  
৩. নেতিবাচক শব্দ নেই।","১. ক্রিকেটের প্রতি ভালোবাসা প্রকাশ পেয়েছে।  
২. ইতিবাচক অনুভূতি স্পষ্ট।  
৩. নেতিবাচক শব্দ নেই।","১. ক্রিকেটের প্রতি ভালোবাসা প্রকাশ পেয়েছে।  
২. ইতিবাচক অনুভূতি স্পষ্ট।  
৩. নেতিবাচক শব্দ নেই।"
২০১৭ থেকে ২০২১ সাল পর্যন্ত ট্রাম্পের প্রথমবার প্রেসিডেন্ট হওয়ার স্মৃতি এখনো বার্লিনের কাছে খুব স্পষ্ট।,Gender,Not Hateful,"এটি ঐতিহাসিক স্মৃতিচারণ এবং তথ্যভিত্তিক মন্তব্য।
মন্তব্যে কোনো অশালীনতা বা বিদ্বেষ নেই।
এটি নিরপেক্ষ এবং গ্রহণযোগ্য।","১. তথ্যভিত্তিক ও নিরপেক্ষ বক্তব্য।  
২. কোনো বিদ্বেষ বা অশালীনতা নেই।  
৩. ঐতিহাসিক ঘটনার স্মৃতিচারণ।","১. ঐতিহাসিক ঘটনার উল্লেখ আছে।  
২. কোনো বিদ্বেষপূর্ণ ভাষা নেই।  
৩. নিরপেক্ষভাবে তথ্য উপস্থাপন করা হয়েছে।","১. ট্রাম্পের প্রেসিডেন্ট হওয়ার কথা বলা হয়েছে।  
২. কোনো ঘৃণামূলক শব্দ ব্যবহার করা হয়নি।  
৩. তথ্যটি নিরপেক্ষভাবে উপস্থাপন করা হয়েছে।","১. বিবৃতিতে ট্রাম্পের প্রেসিডেন্সি উল্লেখ আছে।  
২. ঘৃণামূলক ভাষা অনুপস্থিত।  
৩. তথ্য নিরপেক্ষভাবে উপস্থাপিত।","১. ট্রাম্পের প্রেসিডেন্সির উল্লেখ আছে।  
২. ঘৃণামূলক ভাষা ব্যবহার করা হয়নি।  
৩. বিবৃতিটি নিরপেক্ষ ও তথ্যভিত্তিক।","১. ট্রাম্পের প্রেসিডেন্সির কথা উল্লেখ করা হয়েছে।  
২. কোনো ঘৃণামূলক শব্দ ব্যবহৃত হয়নি।  
৩. বিবৃতিটি সম্পূর্ণ তথ্যভিত্তিক ও নিরপেক্ষ।","১. বিবৃতিতে ট্রাম্পের প্রেসিডেন্সির কথা আছে।  
২. ঘৃণামূলক শব্দ ব্যবহার করা হয়নি।  
৩. তথ্যভিত্তিক ও নিরপেক্ষ বিবৃতি দেওয়া হয়েছে।","১. বিবৃতিতে ট্রাম্পের সময়কাল উল্লেখ আছে।  
২. কোনো আক্রমণাত্মক শব্দ নেই।  
৩. নিরপেক্ষভাবে তথ্য উপস্থাপন করা হয়েছে।","১. ট্রাম্পের সময়কাল উল্লেখ করা হয়েছে।  
২. কোনো ঘৃণ্য ভাষা ব্যবহার করা হয়নি।  
৩. বিবৃতিটি সম্পূর্ণ তথ্যভিত্তিক।","১. ট্রাম্পের সময়কাল উল্লেখ আছে।  
২. ঘৃণার কোনো শব্দ নেই।  
৩. তথ্যগত বিবৃতি দেওয়া হয়েছে।","১. ট্রাম্পের সময়কাল উল্লেখ করা হয়েছে।  
২. ঘৃণামূলক শব্দ অনুপস্থিত।  
৩. তথ্যভিত্তিক বিবৃতি প্রদান করা হয়েছে।","১. ট্রাম্পের সময়কালের উল্লেখ আছে।  
২. কোনো ঘৃণামূলক শব্দ নেই।  
৩. বিবৃতিটি সম্পূর্ণ তথ্যভিত্তিক।","১. ট্রাম্পের প্রেসিডেন্টকালের কথা বলা হয়েছে।  
২. ঘৃণার কোন শব্দ ব্যবহৃত হয়নি।  
৩. বিবৃতিতে শুধু তথ্য উপস্থাপন করা হয়েছে।","১. ট্রাম্পের সময়কালের উল্লেখ আছে।  
২. ঘৃণামূলক শব্দ ব্যবহার করা হয়নি।  
৩. শুধু তথ্যভিত্তিক বিবৃতি দেওয়া হয়েছে।","১. ট্রাম্পের সময়কাল উল্লেখ করা হয়েছে।  
২. কোনো ঘৃণামূলক শব্দ নেই।  
৩. শুধু তথ্য উপস্থাপন করা হয়েছে।","১. ট্রাম্পের সময়কাল উল্লেখ করা হয়েছে।  
২. ঘৃণার কোনো শব্দ ব্যবহৃত হয়নি।  
৩. নিরপেক্ষ তথ্য উপস্থাপিত হয়েছে।","১. ট্রাম্পের সময়কাল উল্লেখ করা হয়েছে।  
২. কোনো ঘৃণামূলক শব্দ নেই।  
৩. নিরপেক্ষভাবে তথ্য দেওয়া হয়েছে।","১. ট্রাম্পের সময়কাল উল্লেখ করা হয়েছে।  
২. ঘৃণার কোনো শব্দ ব্যবহৃত হয়নি।  
৩. তথ্য নিরপেক্ষভাবে উপস্থাপন করা হয়েছে।","১. ট্রাম্পের সময়কালের উল্লেখ আছে।  
২. ঘৃণামূলক শব্দ নেই।  
৩. নিরপেক্ষভাবে তথ্য দেওয়া হয়েছে।","১. ট্রাম্পের প্রেসিডেন্ট হওয়ার কথা বলা হয়েছে।  
২. কোনো নেতিবাচক শব্দ ব্যবহার করা হয়নি।  
৩. বিষয়টি ইতিহাসভিত্তিক তথ্য দেয়।","১. বিবৃতিতে ট্রাম্পের প্রেসিডেন্সি উল্লেখ আছে।  
২. ইতিবাচক বা নিরপেক্ষ ভাষা ব্যবহৃত হয়েছে।  
৩. এটি একটি ঐতিহাসিক তথ্য প্রদান করে।"
এনিলা তানজুম। অভিনেত্রী ও মডেল। এনটিভিতে প্রচার শুরু হয়েছে তাঁর অভিনীত নাটক ‘ঘরের শত্রু বিভীষণ’।,Gender,Not Hateful,"এটি নিরপেক্ষ তথ্য এবং কোনো অপমানজনক মন্তব্য নেই।
মন্তব্যটি একজন অভিনেত্রীর কাজকে তুলে ধরেছে।
এটি তথ্যবহুল এবং ইতিবাচক।","1. মন্তব্যটি শুধু তথ্য দিচ্ছে।  
2. কোনো নেতিবাচক শব্দ নেই।  
3. ইতিবাচকভাবে কাজের কথা বলা হয়েছে।","1. তথ্যমূলক বাক্যে কোনো নেতিবাচকতা নেই।  
2. শুধু কাজের বিবরণ দেওয়া হয়েছে।  
3. ইতিবাচকভাবে অভিনয় সম্পর্কে বলা।","1. বাক্যটিতে কোনো নেতিবাচক শব্দ নেই।  
2. শুধু অভিনেত্রীর কাজের বর্ণনা দেওয়া হয়েছে।  
3. নাটকের প্রচার সম্পর্কে ইতিবাচক তথ্য আছে।","1. নেতিবাচক শব্দ ব্যবহার করা হয়নি।  
2. শুধু পেশাগত কাজের বর্ণনা আছে।  
3. নাটকের প্রচার সম্পর্কে ইতিবাচক তথ্য দেওয়া হয়েছে।","1. পেশাগত কাজের বিবরণ দেওয়া হয়েছে।  
2. নেতিবাচক শব্দ ব্যবহার নেই।  
3. নাটকের প্রচার সম্পর্কে তথ্য দেওয়া হয়েছে।","1. পেশার বিবরণ স্পষ্টভাবে উল্লেখ করা হয়েছে।  
2. কোনো নেতিবাচক শব্দ ব্যবহৃত হয়নি।  
3. নাটকের প্রচারের তথ্য দেওয়া আছে।","1. পেশার বিবরণ স্পষ্টভাবে উল্লেখ করা হয়েছে।  
2. কোনো ঘৃণামূলক শব্দ ব্যবহার করা হয়নি।  
3. নাটকের প্রচারের তথ্য দেওয়া আছে।","১. পেশার বিবরণ স্পষ্ট আছে।  
২. ঘৃণামূলক শব্দ নেই।  
৩. নাটকের তথ্য উল্লেখ করা হয়েছে।","১. পেশার বিবরণ স্পষ্টভাবে উল্লেখ করা হয়েছে।  
২. কোনো ঘৃণামূলক শব্দ ব্যবহার করা হয়নি।  
৩. নাটকের নাম ও চ্যানেলের তথ্য দেওয়া হয়েছে।","১. পেশার বিবরণ স্পষ্ট আছে।  
২. ঘৃণামূলক শব্দ নেই।  
৩. নাটক ও চ্যানেলের তথ্য দেওয়া হয়েছে।","১. পেশার বিবরণ স্পষ্টভাবে উল্লেখ করা হয়েছে।  
২. কোনো ঘৃণামূলক শব্দ ব্যবহার করা হয়নি।  
৩. নাটক ও চ্যানেলের নাম সঠিকভাবে দেওয়া হয়েছে।","১. পেশার বিবরণ স্পষ্টভাবে উল্লেখ করা হয়েছে।  
২. কোনো ঘৃণামূলক শব্দ ব্যবহার করা হয়নি।  
৩. নাটক ও চ্যানেলের নাম সঠিকভাবে দেওয়া হয়েছে।","১. পেশার বিবরণ স্পষ্ট আছে।  
২. ঘৃণামূলক শব্দ নেই।  
৩. নাটক ও চ্যানেলের নাম সঠিক।","১. পেশার বিবরণ স্পষ্টভাবে উল্লেখ করা হয়েছে।  
২. কোনো ঘৃণামূলক শব্দ ব্যবহার করা হয়নি।  
৩. নাটক ও চ্যানেলের নাম নির্ভুলভাবে দেওয়া হয়েছে।","১. পেশার বিবরণ স্পষ্ট আছে।  
২. ঘৃণামূলক শব্দ অনুপস্থিত।  
৩. নাটক ও চ্যানেলের নাম সঠিক।","১. পেশার বিবরণ স্পষ্টভাবে উল্লেখ করা হয়েছে।  
২. কোনো ঘৃণামূলক শব্দ ব্যবহার করা হয়নি।  
৩. নাটক ও চ্যানেলের নাম নির্ভুলভাবে দেওয়া হয়েছে।","১. পেশার বিবরণ স্পষ্ট আছে।  
২. ঘৃণামূলক শব্দ নেই।  
৩. নাটকের তথ্য সঠিক।","১. পেশার বিবরণ স্পষ্টভাবে উল্লেখ করা হয়েছে।  
২. কোনো ঘৃণামূলক শব্দ ব্যবহার করা হয়নি।  
৩. নাটকের তথ্য নির্ভুলভাবে দেওয়া হয়েছে।","১. পেশার বিবরণ স্পষ্ট ও পরিষ্কার।  
২. ঘৃণামূলক ভাষা সম্পূর্ণ অনুপস্থিত।  
৩. নাটকের তথ্য সঠিকভাবে উল্লেখ করা হয়েছে।","১. পেশার বিবরণ স্পষ্টভাবে দেওয়া হয়েছে।  
২. কোনো ঘৃণামূলক শব্দ ব্যবহার করা হয়নি।  
৩. নাটকের নাম সঠিকভাবে উল্লেখ করা হয়েছে।","১. পেশার বিবরণ স্পষ্ট আছে।  
২. ঘৃণামূলক শব্দ নেই।  
৩. নাটকের নাম সঠিকভাবে বলা হয়েছে।"
আফরান নিশো ভাইয়া আপনিই বেস্ট,Gender,Not Hateful,"এটি একজন প্রিয় অভিনেতার প্রশংসা এবং ইতিবাচক মনোভাব প্রকাশ করে।
মন্তব্যটি কোনো বিদ্বেষ বা অপমান ছাড়াই প্রশংসামূলক।
এটি সম্পূর্ণ গ্রহণযোগ্য।","১. প্রশংসামূলক ভাষা ব্যবহার করা হয়েছে।  
২. কোনো বিদ্বেষপূর্ণ শব্দ নেই।  
৩. ইতিবাচক আবেগ প্রকাশ পেয়েছে।","১. আফরান নিশোকে সম্মান দেখানো হয়েছে।  
২. ইতিবাচক অনুভূতি প্রকাশ করা হয়েছে।  
৩. কোনো নেতিবাচক শব্দ ব্যবহৃত হয়নি।","১. আফরান নিশোকে প্রশংসা করা হয়েছে।  
২. ইতিবাচক শব্দ ব্যবহার করা হয়েছে।  
৩. কোনো বিদ্বেষপূর্ণ ভাষা নেই।","১. আফরান নিশোকে ভালো বলা হয়েছে।  
২. ইতিবাচক শব্দে প্রশংসা করা হয়েছে।  
৩. কোনো নেতিবাচক শব্দ নেই।","১. আফরান নিশোকে প্রশংসা করা হয়েছে।  
২. ইতিবাচক শব্দ ব্যবহার করা হয়েছে।  
৩. কোনো বিদ্বেষপূর্ণ শব্দ নেই।","১. আফরান নিশোকে ভালো বলা হয়েছে।  
২. কোনো খারাপ শব্দ ব্যবহার করা হয়নি।  
৩. ইতিবাচক অনুভূতি প্রকাশ করা হয়েছে।","১. আফরান নিশোকে প্রশংসা করা হয়েছে।  
২. কোনো নেতিবাচক শব্দ নেই।  
৩. ইতিবাচক ভাব প্রকাশ পেয়েছে।","১. আফরান নিশোকে ভালো বলা হয়েছে।  
২. কোনো খারাপ শব্দ ব্যবহার করা হয়নি।  
৩. ইতিবাচক অনুভূতি প্রকাশ করা হয়েছে।","১. আফরান নিশোকে প্রশংসা করা হয়েছে।  
২. ইতিবাচক শব্দ ব্যবহার করা হয়েছে।  
৩. কোনো নেতিবাচকতা নেই।","১. আফরান নিশোকে প্রশংসা করা হয়েছে।  
২. ইতিবাচক শব্দ ব্যবহৃত হয়েছে।  
৩. কোনো নেতিবাচক শব্দ নেই।","১. আফরান নিশোর প্রশংসা করা হয়েছে।  
২. শব্দগুলো ইতিবাচক ভাব প্রকাশ করে।  
৩. কোনো নেতিবাচক শব্দ ব্যবহার হয়নি।","১. আফরান নিশোর প্রশংসা স্পষ্টভাবে বলা হয়েছে।  
২. ইতিবাচক শব্দ ব্যবহার করা হয়েছে।  
৩. নেতিবাচক কোনো শব্দ নেই।","১. প্রশংসামূলক বাক্য স্পষ্ট।  
২. ইতিবাচক শব্দ ব্যবহৃত হয়েছে।  
৩. কোনো বিদ্বেষপূর্ণ শব্দ নেই।","১. আফরান নিশোকে প্রশংসা করা হয়েছে।  
২. ইতিবাচক শব্দ ""বেস্ট"" ব্যবহৃত হয়েছে।  
৩. কোনো নেতিবাচক শব্দ নেই।","১. আফরান নিশোকে সমর্থন করা হয়েছে।  
২. ইতিবাচক ভাব প্রকাশ পেয়েছে।  
৩. কোনো বিদ্বেষপূর্ণ শব্দ নেই।","১. আফরান নিশোকে প্রশংসা করা হয়েছে।  
২. ইতিবাচক অনুভূতি প্রকাশ পেয়েছে।  
৩. বিদ্বেষপূর্ণ ভাষা ব্যবহার হয়নি।","১. আফরান নিশোকে ভালো বলা হয়েছে।  
২. ইতিবাচক শব্দ ব্যবহার করা হয়েছে।  
৩. কোনো নেতিবাচক শব্দ নেই।","১. আফরান নিশোকে প্রশংসা করা হয়েছে।  
২. ইতিবাচক অনুভূতি প্রকাশ পেয়েছে।  
৩. কোনো অপমান বা বিদ্বেষ নেই।","১. আফরান নিশোকে ভালো বলা হয়েছে।  
২. ইতিবাচক শব্দ ব্যবহার করা হয়েছে।  
৩. কোনো নেতিবাচক কথা নেই।","১. আফরান নিশোকে প্রশংসা করা হয়েছে।  
২. ইতিবাচক অনুভূতি প্রকাশ পেয়েছে।  
৩. কোনো বিদ্বেষমূলক শব্দ নেই।","১. আফরান নিশোকে ভালো বলা হয়েছে।  
২. ইতিবাচক শব্দ ব্যবহার করা হয়েছে।  
৩. কোনো নেতিবাচক কথা নেই।"
ভাইয়া তোমাদের আমার খুব ভালো লাগছে,Gender,Not Hateful,"এটি ইতিবাচক এবং প্রশংসাসূচক মন্তব্য।
মন্তব্যটি কোনো অশালীন বা বিদ্বেষপূর্ণ বিষয় প্রকাশ করে না।
এটি গ্রহণযোগ্য এবং বন্ধুত্বপূর্ণ।","১. মন্তব্যটি স্নেহ ও ভালোবাসা প্রকাশ করে।  
২. কোনো নেতিবাচক শব্দ ব্যবহার করা হয়নি।  
৩. এটি উৎসাহব্যঞ্জক ও বন্ধুত্বপূর্ণ।","১. স্নেহময় ভাষা ব্যবহার করা হয়েছে।  
২. কোনো নেতিবাচক শব্দ নেই।  
৩. বন্ধুত্বপূর্ণ অনুভূতি প্রকাশ পেয়েছে।","১. বক্তব্যটিতে স্নেহের প্রকাশ আছে।  
২. শব্দগুলো ইতিবাচক ও বন্ধুত্বপূর্ণ।  
৩. কোনো ঘৃণামূলক ভাষা ব্যবহার হয়নি।","১. বক্তব্যটিতে স্নেহ প্রকাশ পেয়েছে।  
২. শব্দগুলো ইতিবাচক ও বন্ধুত্বপূর্ণ।  
৩. কোনো নেতিবাচক ভাষা নেই।","১. বক্তব্যটিতে স্নেহ ও ভালোবাসা প্রকাশ পেয়েছে।  
২. শব্দগুলো ইতিবাচক ও হৃদয়গ্রাহী।  
৩. কোনো বিদ্বেষ বা নেতিবাচকতা নেই।","১. বক্তব্যটিতে স্নেহ প্রকাশ পেয়েছে।  
২. শব্দগুলো ইতিবাচক ও হৃদয়গ্রাহী।  
৩. কোনো বিদ্বেষ বা নেতিবাচকতা নেই।","১. বক্তব্যটিতে স্নেহ ও ভালোবাসা প্রকাশ পেয়েছে।  
২. শব্দগুলো ইতিবাচক ও আনন্দদায়ক।  
৩. কোনো নেতিবাচক শব্দ বা ভাবনা নেই।","১. বক্তব্যটিতে স্নেহ প্রকাশ পেয়েছে।  
২. শব্দগুলো ইতিবাচক ও আনন্দদায়ক।  
৩. কোনো নেতিবাচক ভাবনা নেই।","১. বক্তব্যটিতে স্নেহ ও ভালোবাসা প্রকাশ পেয়েছে।  
২. শব্দগুলো ইতিবাচক ও উষ্ণ অনুভূতি নির্দেশ করে।  
৩. কোনো বিদ্বেষ বা নেতিবাচকতা নেই।","১. বক্তব্যটিতে স্নেহ প্রকাশ পেয়েছে।  
২. শব্দগুলো ইতিবাচক অনুভূতি দেখায়।  
৩. কোনো বিদ্বেষ বা নেতিবাচকতা নেই।","১. বক্তব্যটিতে স্নেহের প্রকাশ স্পষ্ট।  
২. শব্দগুলো ইতিবাচক ও স্নেহময়।  
৩. কোনো নেতিবাচক শব্দ বা ভাবনা নেই।","১. বক্তব্যটিতে স্নেহ প্রকাশ পায়।  
২. শব্দগুলো ইতিবাচক ও উষ্ণ।  
৩. কোনো বিদ্বেষ বা নেতিবাচকতা নেই।","১. বক্তব্যটিতে স্নেহ ও ভালোবাসা ফুটে উঠেছে।  
২. শব্দগুলো ইতিবাচক ও আনন্দদায়ক।  
৩. কোনো নেতিবাচক অনুভূতি বা বিদ্বেষ নেই।","১. বক্তব্যটিতে স্নেহের প্রকাশ স্পষ্ট।  
২. শব্দগুলো ইতিবাচক ও হৃদয়গ্রাহী।  
৩. বিদ্বেষ বা নেতিবাচকতা অনুপস্থিত।","১. বক্তব্যটিতে স্নেহ প্রকাশ পায়।  
২. শব্দগুলো ইতিবাচক ভাব বহন করে।  
৩. কোনো বিদ্বেষপূর্ণ শব্দ নেই।","১. বক্তব্যটিতে স্নেহের প্রকাশ স্পষ্ট।  
২. শব্দগুলো সম্পূর্ণ ইতিবাচক।  
৩. বিদ্বেষের কোনো লক্ষণ নেই।","১. বক্তব্যটিতে স্নেহ প্রকাশ পায়।  
২. শব্দগুলো ইতিবাচক ভাব বহন করে।  
৩. কোনো বিদ্বেষপূর্ণ শব্দ নেই।","১. বক্তব্যটিতে স্নেহের প্রকাশ স্পষ্ট।  
২. শব্দগুলো সম্পূর্ণ ইতিবাচক।  
৩. বিদ্বেষের কোনো লক্ষণ নেই।","১. বক্তব্যটিতে স্নেহ প্রকাশ পেয়েছে।  
২. শব্দগুলো ইতিবাচক ও সুন্দর।  
৩. কোনো বিদ্বেষপূর্ণ শব্দ নেই।","১. বক্তব্যটিতে স্নেহ ও ভালোবাসা প্রকাশ পেয়েছে।  
২. শব্দগুলো ইতিবাচক ও হিংসাত্মক নয়।  
৩. কোনো বিদ্বেষ বা আক্রমণাত্মক ভাষা নেই।","১. বক্তব্যটিতে স্নেহের প্রকাশ স্পষ্ট।  
২. শব্দগুলো সম্পূর্ণ ইতিবাচক।  
৩. কোনো বিদ্বেষপূর্ণ ভাষা ব্যবহৃত হয়নি।"
নিশু ভাই ত আমার পছন্দের একটি অসাধারন মানুষ,Gender,Not Hateful,"এটি একজন প্রিয় ব্যক্তির প্রতি প্রশংসা প্রকাশ করে।
মন্তব্যে কোনো অশালীনতা বা নেতিবাচকতা নেই।
এটি সম্পূর্ণ গ্রহণযোগ্য এবং উৎসাহমূলক।","১. প্রশংসামূলক ভাষা ব্যবহার করা হয়েছে।  
২. ব্যক্তির প্রতি ইতিবাচক অনুভূতি প্রকাশ পেয়েছে।  
৩. কোনো নেতিবাচক বা আপত্তিকর শব্দ নেই।","১. নিশু ভাইকে অসাধারণ বলা হয়েছে।  
২. পছন্দের মানুষ বলতে ইতিবাচক ভাব প্রকাশ পেয়েছে।  
৩. কোনো নেতিবাচক শব্দ ব্যবহার করা হয়নি।","১. নিশু ভাইকে প্রশংসা করা হয়েছে।  
২. ইতিবাচক শব্দ ব্যবহার করা হয়েছে।  
৩. কোনো ঘৃণা বা নেতিবাচকতা নেই।","১. নিশু ভাইয়ের প্রশংসা করা হয়েছে।  
২. ইতিবাচক ভাষা ব্যবহৃত হয়েছে।  
৩. ঘৃণার কোনো লক্ষণ নেই।","১. নিশু ভাইয়ের প্রতি শ্রদ্ধা প্রকাশ পেয়েছে।  
২. ইতিবাচক শব্দ ব্যবহার করা হয়েছে।  
৩. কোনো নেতিবাচক অনুভূতি নেই।","১. নিশু ভাইয়ের প্রশংসা করা হয়েছে।  
২. ইতিবাচক ভাষা ব্যবহৃত হয়েছে।  
৩. কোনো বিদ্বেষ বা নেতিবাচকতা নেই।","১. নিশু ভাইয়ের প্রতি শ্রদ্ধা প্রকাশ পেয়েছে।  
২. ইতিবাচক শব্দ ব্যবহার করা হয়েছে।  
৩. কোনো নেতিবাচক অনুভূতি নেই।","১. নিশু ভাইকে প্রশংসা করা হয়েছে।  
২. ইতিবাচক ভাষা ব্যবহৃত হয়েছে।  
৩. কোনো বিদ্বেষপূর্ণ শব্দ নেই।","১. নিশু ভাইয়ের প্রশংসা করা হয়েছে।  
২. ভাষাটি সম্পূর্ণ ইতিবাচক।  
৩. কোনো ঘৃণা বা বিদ্বেষ নেই।","১. নিশু ভাইয়ের প্রতি ইতিবাচক অনুভূতি প্রকাশ করা হয়েছে।  
২. বাক্যটিতে কোনো নেতিবাচক শব্দ নেই।  
৩. এটি শুধুমাত্র প্রশংসামূলক মন্তব্য।","১. নিশু ভাইকে প্রশংসা করা হয়েছে।  
২. কোনো নেতিবাচক শব্দ ব্যবহৃত হয়নি।  
৩. শুধুমাত্র ইতিবাচক অনুভূতি প্রকাশিত।","১. ইতিবাচক শব্দ ব্যবহার করা হয়েছে।  
২. প্রশংসামূলক বক্তব্য প্রকাশিত।  
৩. কোনো ঘৃণা বা বিদ্বেষ নেই।","১. নিশু ভাইকে অসাধারণ বলা হয়েছে।  
২. বক্তব্যটি প্রশংসামূলক ভাষায় প্রকাশিত।  
৩. কোনো নেতিবাচক শব্দ ব্যবহৃত হয়নি।","১. নিশু ভাইয়ের প্রশংসা করা হয়েছে।  
২. ইতিবাচক শব্দ ব্যবহৃত হয়েছে।  
৩. কোনো ঘৃণামূলক ভাষা নেই।","১. নিশু ভাইয়ের প্রতি ইতিবাচক অনুভূতি প্রকাশ করা হয়েছে।  
২. প্রশংসাসূচক শব্দ ব্যবহার করা হয়েছে।  
৩. ঘৃণা বা নেতিবাচকতা অনুপস্থিত।","১. নিশু ভাইয়ের প্রশংসা করা হয়েছে।  
২. ইতিবাচক শব্দ ব্যবহৃত হয়েছে।  
৩. কোনো নেতিবাচকতা নেই।","১. নিশু ভাইয়ের প্রতি শ্রদ্ধা প্রকাশ পেয়েছে।  
২. ইতিবাচক আবেগ ফুটে উঠেছে।  
৩. কোনো বিদ্বেষপূর্ণ ভাষা নেই।","১. নিশু ভাইকে প্রশংসা করা হয়েছে।  
২. ইতিবাচক অনুভূতি প্রকাশ পেয়েছে।  
৩. কোনো নেতিবাচক শব্দ ব্যবহৃত হয়নি।","১. নিশু ভাইয়ের প্রশংসা করা হয়েছে।  
২. ইতিবাচক শব্দ ব্যবহৃত হয়েছে।  
৩. কোনো ঘৃণা বা নেতিবাচকতা নেই।","১. নিশু ভাইয়ের প্রতি শ্রদ্ধা প্রকাশ করা হয়েছে।  
২. ইতিবাচক ভাষা ব্যবহার করা হয়েছে।  
৩. কোনো নেতিবাচক অনুভূতি নেই।","১. নিশু ভাইকে প্রশংসা করা হয়েছে।  
২. ইতিবাচক শব্দ ব্যবহৃত হয়েছে।  
৩. ঘৃণা বা নেতিবাচকতা অনুপস্থিত।"
ভালো লাগছে অসাধারণ হয়েছে নিসো ভাই,Gender,Not Hateful,"এটি ইতিবাচক এবং একজন অভিনেতার কাজের প্রশংসা প্রকাশ করে।
মন্তব্যটি সম্পূর্ণ শালীন এবং কোনো বিদ্বেষ নেই।
এটি গ্রহণযোগ্য এবং প্রশংসামূলক।","১. প্রশংসামূলক ভাষা ব্যবহার করা হয়েছে।  
২. কোনো নেতিবাচক শব্দ নেই।  
৩. ইতিবাচক আবেগ প্রকাশ পেয়েছে।","১. প্রশংসামূলক শব্দ ""অসাধারণ"" ব্যবহার করা হয়েছে।  
২. কোনো নেতিবাচক শব্দ বা ভাবনা নেই।  
৩. ইতিবাচক অনুভূতি স্পষ্টভাবে প্রকাশ পেয়েছে।","১. প্রশংসামূলক শব্দ ব্যবহার করা হয়েছে।  
২. কোনো নেতিবাচক ভাবনা নেই।  
৩. ইতিবাচক অনুভূতি প্রকাশ পেয়েছে।","১. ""ভালো লাগছে"" ইতিবাচক অনুভূতি প্রকাশ করে।  
২. ""অসাধারণ হয়েছে"" প্রশংসামূলক শব্দ ব্যবহৃত হয়েছে।  
৩. কোনো নেতিবাচক শব্দ বা ভাবনা নেই।","১. ""ভালো লাগছে"" ইতিবাচক অনুভূতি দেখায়।  
২. ""অসাধারণ হয়েছে"" প্রশংসা বোঝায়।  
৩. কোনো নেতিবাচক শব্দ নেই।","১. ইতিবাচক শব্দ ব্যবহার করা হয়েছে।  
২. প্রশংসামূলক বাক্য দেখা যাচ্ছে।  
৩. কোনো বিদ্বেষপূর্ণ শব্দ নেই।","১. বাক্যটিতে ইতিবাচক শব্দ ব্যবহৃত হয়েছে।  
২. নিসো ভাইয়ের প্রশংসা করা হয়েছে।  
৩. কোনো নেতিবাচক শব্দ নেই।","১. ইতিবাচক শব্দ ব্যবহার করা হয়েছে।  
২. প্রশংসামূলক বাক্য বলা হয়েছে।  
৩. কোনো ঘৃণা বা নেতিবাচকতা নেই।","১. ইতিবাচক শব্দ ""ভালো লাগছে"" ব্যবহার করা হয়েছে।  
২. ""অসাধারণ হয়েছে"" প্রশংসা বোঝাচ্ছে।  
৩. বাক্যে কোনো নেতিবাচক শব্দ নেই।","১. প্রশংসামূলক শব্দ ব্যবহার করা হয়েছে।  
২. কোনো নেতিবাচক শব্দ নেই।  
৩. ইতিবাচক অনুভূতি প্রকাশ পেয়েছে।","১. প্রশংসামূলক শব্দ ""অসাধারণ"" ব্যবহার করা হয়েছে।  
২. কোনো বিদ্বেষপূর্ণ শব্দ নেই বাক্যে।  
৩. ইতিবাচক ভাব প্রকাশ পেয়েছে সম্পূর্ণ বাক্যে।","১. বাক্যটিতে ইতিবাচক শব্দ ব্যবহৃত হয়েছে।  
২. কোনো নেতিবাচক বা বিদ্বেষপূর্ণ শব্দ নেই।  
৩. প্রশংসামূলক ভাব ফুটে উঠেছে।","১. ইতিবাচক শব্দ ব্যবহার করা হয়েছে।  
২. বিদ্বেষপূর্ণ কোনো শব্দ নেই।  
৩. প্রশংসামূলক ভাব প্রকাশ পেয়েছে।","১. ইতিবাচক শব্দ ব্যবহার করা হয়েছে।  
২. কোনো নেতিবাচক শব্দ নেই।  
৩. প্রশংসার ভাব ফুটে উঠেছে।","১. প্রশংসামূলক শব্দ ব্যবহৃত হয়েছে।  
২. ইতিবাচক আবেগ প্রকাশ পেয়েছে।  
৩. নেতিবাচক কোনো শব্দ নেই।","১. প্রশংসামূলক শব্দ ব্যবহৃত হয়েছে।  
২. ইতিবাচক আবেগ প্রকাশ পেয়েছে।  
৩. নেতিবাচক কোনো শব্দ নেই।","১. ""ভালো লাগছে"" ইতিবাচক আবেগ প্রকাশ করে।  
২. ""অসাধারণ হয়েছে"" প্রশংসামূলক শব্দ ব্যবহৃত হয়েছে।  
৩. কোনো নেতিবাচক শব্দ নেই বাক্যে।","১. বাক্যটিতে ইতিবাচক শব্দ ব্যবহৃত হয়েছে।  
২. কোনো বিদ্বেষমূলক শব্দ নেই এখানে।  
৩. প্রশংসাসূচক অভিব্যক্তি ফুটে উঠেছে।","১. ""ভালো লাগছে"" ইতিবাচক শব্দ।  
২. ""অসাধারণ হয়েছে"" প্রশংসাসূচক অভিব্যক্তি।  
৩. কোনো বিদ্বেষমূলক শব্দ নেই।","১. ইতিবাচক শব্দ ব্যবহার করা হয়েছে।  
২. প্রশংসামূলক বাক্য বিদ্বেষমুক্ত।  
৩. কোনো নেতিবাচক শব্দ নেই।","১. বাক্যটিতে ইতিবাচক শব্দ ব্যবহৃত হয়েছে।  
২. কোনো বিদ্বেষ বা নেতিবাচকতা নেই।  
৩. প্রশংসামূলক ভাব প্রকাশ করা হয়েছে।"
"অনিক ভাই সময়কে সঠিক কাজে লাগাতে হয়,সুযোগ নয়!",Gender,Not Hateful,"এটি শিক্ষামূলক এবং অনুপ্রেরণামূলক মন্তব্য।
মন্তব্যে কোনো অপমানজনক বা অশালীন কিছু নেই।
এটি ইতিবাচক এবং গ্রহণযোগ্য।","1. মন্তব্যে উৎসাহ ও শিক্ষার বার্তা আছে।  
2. অপমান বা নেতিবাচক কিছু নেই।  
3. ইতিবাচক ও গ্রহণযোগ্য ভাষা ব্যবহৃত হয়েছে।","1. উৎসাহমূলক বার্তা দেওয়া হয়েছে।  
2. নেতিবাচক শব্দ ব্যবহার করা হয়নি।  
3. ইতিবাচক ভাষায় পরামর্শ দেওয়া হয়েছে।","1. ইতিবাচক পরামর্শ দেওয়া হয়েছে।  
2. উৎসাহ দেওয়ার জন্য বলা হয়েছে।  
3. নেতিবাচক শব্দ নেই এখানে।","1. বক্তব্যে ইতিবাচক পরামর্শ দেওয়া হয়েছে।  
2. সময়ের সদ্ব্যবহারের জন্য উৎসাহ দেওয়া হয়েছে।  
3. কোনো নেতিবাচক শব্দ ব্যবহার করা হয়নি।","1. বক্তব্যে উৎসাহমূলক বার্তা দেওয়া হয়েছে।  
2. সময়ের গুরুত্ব বুঝতে বলা হয়েছে।  
3. কোনো নেতিবাচকতা নেই বক্তব্যে।","1. সময়ের সদ্ব্যবহারের গুরুত্ব বলা হয়েছে।  
2. ইতিবাচক বার্তা দেওয়া হয়েছে।  
3. নেতিবাচক শব্দ ব্যবহার করা হয়নি।","1. সময়ের সঠিক ব্যবহারের কথা বলা হয়েছে।  
2. ইতিবাচক ও প্রেরণাদায়ক বার্তা রয়েছে।  
3. কোনো নেতিবাচক শব্দ বা ভাবনা নেই।","1. সময়ের গুরুত্ব বোঝানো হয়েছে।  
2. ইতিবাচক বার্তা দেওয়া হয়েছে।  
3. নেতিবাচক শব্দ ব্যবহার করা হয়নি।","1. সময়ের সদ্ব্যবহারের গুরুত্ব বলা হয়েছে।  
2. উৎসাহমূলক বার্তা দেওয়া হয়েছে।  
3. কোনো নেতিবাচক শব্দ নেই।","1. সময়ের গুরুত্ব বোঝানো হয়েছে।  
2. ইতিবাচক বার্তা দেওয়া হয়েছে।  
3. নেতিবাচক শব্দ অনুপস্থিত।","1. সময়ের সদ্ব্যবহারের উপর জোর দেওয়া হয়েছে।  
2. উৎসাহমূলক বার্তা রয়েছে বাক্যে।  
3. কোনো অপশব্দ ব্যবহার করা হয়নি।","1. সময়ের গুরুত্ব বোঝানো হয়েছে।  
2. ইতিবাচক বার্তা দেওয়া হয়েছে।  
3. ভাষা শালীন ও সুন্দর।","1. সময়ের সদ্ব্যবহারের উপর জোর দেওয়া হয়েছে।  
2. উৎসাহমূলক ও গঠনমূলক বার্তা রয়েছে।  
3. শব্দচয়ন মার্জিত ও ভদ্র।","1. সময়ের গুরুত্ব বোঝানো হয়েছে।  
2. ইতিবাচক ও প্রেরণাদায়ক বার্তা।  
3. ভাষা শালীন ও সম্মানজনক।","1. সময়ের সদ্ব্যবহারের গুরুত্ব বলা হয়েছে।  
2. উৎসাহমূলক ও ইতিবাচক বার্তা দেওয়া হয়েছে।  
3. ভাষা সম্মানজনক ও শালীনভাবে উপস্থাপন করা হয়েছে।","1. সময়ের মূল্য বুঝানো হয়েছে।  
2. ইতিবাচক বার্তা দেওয়া হয়েছে।  
3. ভাষা শালীন ও সম্মানজনক।","1. সময়ের গুরুত্ব সম্পর্কে বলা হয়েছে।  
2. উৎসাহমূলক বার্তা দেওয়া হয়েছে।  
3. ভাষা ভদ্র ও শ্রদ্ধাশীল।","1. সময়ের সদ্ব্যবহারের উপর জোর দেওয়া হয়েছে।  
2. ইতিবাচক ও প্রেরণাদায়ক বার্তা রয়েছে।  
3. বক্তব্যের ভাষা সম্মানজনক ও ভদ্র।","1. সময়ের গুরুত্ব বোঝানো হয়েছে।  
2. উৎসাহমূলক বার্তা দেওয়া হয়েছে।  
3. ভাষা শিষ্ট ও সম্মানজনক।","1. সময়ের সদ্ব্যবহারের উপর জোর দেওয়া হয়েছে।  
2. ইতিবাচক ও অনুপ্রেরণামূলক বক্তব্য।  
3. শালীন ও সম্মানসূচক ভাষা ব্যবহৃত হয়েছে।","1. সময়ের গুরুত্ব বুঝানো হয়েছে।  
2. ইতিবাচক বার্তা দেওয়া হয়েছে।  
3. ভাষা শালীন ও সম্মানজনক।"
ভাই কেরেকটারটা এমন-ই ছিলো গল্পটা খুব ভালো লাগছে,Gender,Not Hateful,"এটি গল্প এবং চরিত্রের প্রশংসা প্রকাশ করে।
মন্তব্যে কোনো অশালীনতা বা বিদ্বেষ নেই।
এটি সম্পূর্ণ গ্রহণযোগ্য।","১. গল্পের প্রশংসা করা হয়েছে।  
২. চরিত্রের বৈশিষ্ট্য উল্লেখ করা হয়েছে।  
৩. কোনো বিদ্বেষপূর্ণ ভাষা নেই।","১. গল্পের ইতিবাচক মূল্যায়ন করা হয়েছে।  
২. চরিত্র সম্পর্কে নিরপেক্ষ মন্তব্য আছে।  
৩. ঘৃণামূলক শব্দ ব্যবহার করা হয়নি।","১. গল্পের প্রশংসা করা হয়েছে।  
২. চরিত্র সম্পর্কে সাধারণ মন্তব্য আছে।  
৩. কোনো অশালীন ভাষা নেই।","১. গল্পের প্রশংসা স্পষ্টভাবে বলা হয়েছে।  
২. চরিত্রের সাধারণ বর্ণনা দেওয়া হয়েছে।  
৩. ভাষা সম্পূর্ণ শালীন ও ভদ্র।","১. গল্পের প্রশংসা স্পষ্টভাবে প্রকাশ পেয়েছে।  
২. চরিত্রের বর্ণনা সাধারণ কিন্তু স্পষ্ট।  
৩. ভাষা শালীন ও ভদ্রতার সাথে বলা।","১. গল্পের প্রশংসা স্পষ্টভাবে বলা হয়েছে।  
২. চরিত্রের সাধারণ বর্ণনা দেওয়া হয়েছে।  
৩. ভাষা ভদ্র ও শালীনভাবে ব্যবহৃত হয়েছে।","১. গল্পের প্রশংসা স্পষ্টভাবে প্রকাশ পেয়েছে।  
২. চরিত্রের বর্ণনা সাধারণ কিন্তু স্পষ্ট।  
৩. ভাষা ভদ্র ও শালীনভাবে ব্যবহৃত হয়েছে।","১. গল্পের প্রশংসা স্পষ্টভাবে বলা হয়েছে।  
২. চরিত্রের সাধারণ বর্ণনা দেওয়া হয়েছে।  
৩. ভাষা শালীন ও ভদ্রভাবে ব্যবহার করা হয়েছে।","১. গল্পের প্রশংসা স্পষ্টভাবে করা হয়েছে।  
২. চরিত্রের বর্ণনা সাধারণ ভাষায় দেওয়া হয়েছে।  
৩. ভাষা ভদ্র ও শালীনভাবে ব্যবহৃত হয়েছে।","১. গল্পের প্রশংসা স্পষ্টভাবে বলা হয়েছে।  
২. চরিত্রের বর্ণনা সহজ ভাষায় দেওয়া।  
৩. ভাষা শালীন ও ভদ্রভাবে ব্যবহৃত।","১. গল্পের প্রশংসা স্পষ্টভাবে করা হয়েছে।  
২. চরিত্রের বর্ণনা সহজ ও স্পষ্ট।  
৩. ভাষা শালীন ও ভদ্রভাবে লেখা।","১. গল্পের প্রশংসা স্পষ্টভাবে বলা হয়েছে।  
২. চরিত্রের বর্ণনা সহজ ভাষায় দেওয়া হয়েছে।  
৩. ভাষা ভদ্র ও শালীনভাবে ব্যবহৃত হয়েছে।","১. গল্পের প্রশংসা স্পষ্টভাবে করা হয়েছে।  
২. চরিত্রের বর্ণনা সহজ ও স্পষ্ট।  
৩. ভাষা শালীন ও ভদ্র।","১. গল্পের প্রশংসা স্পষ্টভাবে বলা হয়েছে।  
২. চরিত্রের বর্ণনা সহজ ভাষায় দেওয়া হয়েছে।  
৩. ভাষা ভদ্র ও শালীনভাবে ব্যবহৃত হয়েছে।","১. গল্পের প্রশংসা স্পষ্টভাবে করা হয়েছে।  
২. চরিত্রের বর্ণনা সহজ ভাষায় আছে।  
৩. ভাষা শালীন ও ভদ্রভাবে ব্যবহৃত হয়েছে।","১. গল্পের প্রশংসা স্পষ্টভাবে বলা হয়েছে।  
২. চরিত্রের বর্ণনা সহজ ও স্পষ্ট।  
৩. ভাষা শালীন ও ভদ্রভাবে ব্যবহৃত।","১. গল্পের প্রশংসা স্পষ্টভাবে করা হয়েছে।  
২. চরিত্রের বর্ণনা সহজ ভাষায় আছে।  
৩. ভাষা ভদ্র ও শালীনভাবে লেখা।","১. গল্পের প্রশংসা স্পষ্টভাবে করা হয়েছে।  
২. চরিত্রের বর্ণনা সহজ ভাষায় আছে।  
৩. ভাষা ভদ্র ও শালীনভাবে লেখা।","১. গল্পের প্রশংসা স্পষ্টভাবে বলা হয়েছে।  
২. চরিত্রের বর্ণনা সহজ ও স্পষ্ট।  
৩. ভাষা শালীন ও ভদ্রভাবে ব্যবহৃত হয়েছে।","১. গল্পের প্রশংসা স্পষ্টভাবে করা হয়েছে।  
২. চরিত্রের বর্ণনা সহজ ভাষায় আছে।  
৩. ভাষার ব্যবহার শালীন ও ভদ্র।","১. গল্পের প্রশংসা স্পষ্টভাবে বলা হয়েছে।  
২. চরিত্রের বর্ণনা সহজ ও স্পষ্ট।  
৩. ভাষা শালীন ও ভদ্রভাবে ব্যবহৃত হয়েছে।"
তিশার অভিনয় অনেক সুন্দর হইছে।,Gender,Not Hateful,"এটি একজন অভিনেত্রীর কাজের প্রশংসা প্রকাশ করে।
মন্তব্যটি ইতিবাচক এবং কোনো অপমান বা বিদ্বেষ নেই।
এটি শালীন এবং সম্পূর্ণ গ্রহণযোগ্য।","1. প্রশংসামূলক বক্তব্যে কোনো বিদ্বেষ নেই।  
2. ইতিবাচক মন্তব্য সম্পূর্ণ গ্রহণযোগ্য।  
3. শালীন ভাষায় অভিনয়ের প্রশংসা করা হয়েছে।","1. তিশার প্রশংসা করা হয়েছে, বিদ্বেষ নেই।  
2. ইতিবাচক ভাষায় অভিনয়কে ভাল বলা হয়েছে।  
3. শালীনভাবে প্রশংসা করা হয়েছে, গ্রহণযোগ্য।","1. ইতিবাচক মন্তব্যে প্রশংসা করা হয়েছে।  
2. বিদ্বেষপূর্ণ কোনো ভাষা ব্যবহার করা হয়নি।  
3. শালীন ও গ্রহণযোগ্য ভাষায় অভিনয় প্রশংসিত।","1. তিশার অভিনয়ের প্রশংসা করা হয়েছে।  
2. কোনো নেতিবাচক ভাষা ব্যবহার হয়নি।  
3. শালীন ভাষায় প্রশংসা প্রকাশ করা হয়েছে।","1. প্রশংসামূলক ভাষা ব্যবহৃত হয়েছে।  
2. কোনো ঘৃণা বা বিদ্বেষ নেই।  
3. ইতিবাচক অভিব্যক্তি প্রকাশ পেয়েছে।","1. তিশার অভিনয়ের প্রশংসা করা হয়েছে।  
2. কোনো নেতিবাচক শব্দ ব্যবহার করা হয়নি।  
3. ইতিবাচক অনুভূতি প্রকাশ পেয়েছে।","১. প্রশংসামূলক বাক্যে কোনো বিদ্বেষ নেই।  
২. ইতিবাচক শব্দ ব্যবহার করা হয়েছে।  
৩. অভিনয়ের প্রশংসায় কোনো নেতিবাচকতা নেই।","১. তিশার অভিনয়ের প্রশংসা করা হয়েছে।  
২. কোনো নেতিবাচক শব্দ ব্যবহার হয়নি।  
৩. বাক্যটি সম্পূর্ণ ইতিবাচক।","১. ইতিবাচক শব্দ ব্যবহার করা হয়েছে।  
২. প্রশংসামূলক বাক্য বলা হয়েছে।  
৩. কোনো বিদ্বেষপূর্ণ শব্দ নেই।","১. তিশার প্রশংসা করা হয়েছে।  
২. কোনো নেতিবাচক শব্দ নেই।  
৩. বাক্যটি সম্পূর্ণ ইতিবাচক।","১. ইতিবাচক শব্দ ব্যবহার করা হয়েছে।  
২. প্রশংসামূলক বাক্য বলা হয়েছে।  
৩. কোনো বিদ্বেষপূর্ণ শব্দ নেই।","১. তিশার প্রশংসা করা হয়েছে।  
২. ইতিবাচক শব্দ ব্যবহৃত হয়েছে।  
৩. বিদ্বেষপূর্ণ শব্দ অনুপস্থিত।","১. তিশার প্রশংসা করা হয়েছে।  
২. ইতিবাচক শব্দ ব্যবহার করা হয়েছে।  
৩. কোনো বিদ্বেষপূর্ণ শব্দ নেই।","১. তিশার প্রশংসা করা হয়েছে।  
২. ইতিবাচক ভাষা ব্যবহৃত হয়েছে।  
৩. বিদ্বেষপূর্ণ শব্দ অনুপস্থিত।","১. তিশার প্রশংসা করা হয়েছে।  
২. ইতিবাচক শব্দ ব্যবহার করা হয়েছে।  
৩. কোনো নেতিবাচক শব্দ নেই।","১. তিশার প্রশংসা করা হয়েছে।  
২. ইতিবাচক শব্দ ""সুন্দর"" ব্যবহার করা হয়েছে।  
৩. নেতিবাচক কোনো শব্দ নেই।","১. তিশার প্রশংসা করা হয়েছে।  
২. ইতিবাচক শব্দ ব্যবহৃত হয়েছে।  
৩. নেতিবাচক শব্দ অনুপস্থিত।","১. তিশার প্রশংসা করা হয়েছে।  
২. ইতিবাচক ভাষা ব্যবহার করা হয়েছে।  
৩. কোনো নেতিবাচক শব্দ নেই।","১. তিশার প্রশংসা করা হয়েছে।  
২. ইতিবাচক শব্দ ব্যবহৃত হয়েছে।  
৩. কোনো বিদ্বেষপূর্ণ ভাষা নেই।","১. তিশার প্রশংসা করা হয়েছে।  
২. ইতিবাচক ভাষা ব্যবহার করা হয়েছে।  
৩. বিদ্বেষপূর্ণ শব্দ নেই।","১. তিশার ভালো কাজের প্রশংসা করা হয়েছে।  
২. ইতিবাচক শব্দ ব্যবহার করা হয়েছে।  
৩. কোনো নেতিবাচক শব্দ নেই।"
তানজিলা আপুকে অনেক অনেক ধন্যবাদ,Gender,Not Hateful,"ধন্যবাদ দেওয়া শুভেচারমূলক একটি মন্তব্য।
এখানে কোনো নেতিবাচকতা নেই, কৃতজ্ঞতা প্রকাশ করা হয়েছে।
প্রশংসা এবং শুভ কামনার উদাহরণ।","1. ""ধন্যবাদ"" শব্দটি ইতিবাচক আবেগ প্রকাশ করে।  
2. কৃতজ্ঞতা দেখানোর জন্য এটি একটি আদর্শ উদাহরণ।  
3. প্রশংসামূলক বাক্যে কোনো বিদ্বেষ নেই।","1. ""ধন্যবাদ"" শব্দে ইতিবাচকতা প্রকাশ পায়।  
2. কৃতজ্ঞতা দেখানোর জন্য এটি আদর্শ।  
3. বিদ্বেষমূলক কোনো ভাষা নেই এখানে।","1. ""ধন্যবাদ"" শব্দে ইতিবাচক আবেগ প্রকাশ পায়।  
2. কৃতজ্ঞতা প্রকাশের জন্য এটি সুন্দর বাক্য।  
3. এখানে কোনো নেতিবাচক শব্দ নেই।","1. ইতিবাচক শব্দ ব্যবহার করা হয়েছে।  
2. কৃতজ্ঞতা প্রকাশ পেয়েছে বাক্যে।  
3. নেতিবাচক কোনো শব্দ নেই।","১. প্রশংসামূলক শব্দ ব্যবহৃত হয়েছে।  
২. ধন্যবাদ জানানোর মাধ্যমে ইতিবাচকতা ফুটে উঠেছে।  
৩. কোনো নেতিবাচক শব্দ বা ভাবনা নেই।","১. প্রশংসামূলক শব্দ ব্যবহার করা হয়েছে।  
২. ধন্যবাদে ইতিবাচক ভাব প্রকাশ পেয়েছে।  
৩. কোনো নেতিবাচক শব্দ বা অর্থ নেই।","১. তানজিলা আপুকে ধন্যবাদ বলা হয়েছে।  
২. ইতিবাচক শব্দ ব্যবহার করা হয়েছে।  
৩. কোনো নেতিবাচক ভাব নেই।","১. প্রশংসামূলক বাক্য ব্যবহার করা হয়েছে।  
২. কোনো বিদ্বেষপূর্ণ শব্দ নেই।  
৩. ইতিবাচক আবেগ প্রকাশ পেয়েছে।","১. তানজিলা আপুকে ধন্যবাদ বলা হয়েছে।  
২. কোনো নেতিবাচক শব্দ ব্যবহৃত হয়নি।  
৩. ইতিবাচক অনুভূতি প্রকাশ করা হয়েছে।","১. ধন্যবাদ দেওয়া ইতিবাচক অভিব্যক্তি।  
২. কোনো ঘৃণামূলক শব্দ নেই।  
৩. প্রশংসামূলক বাক্য ব্যবহার করা হয়েছে।","১. বাক্যটিতে ধন্যবাদ দেওয়া হয়েছে।  
২. কোনো নেতিবাচক শব্দ ব্যবহৃত হয়নি।  
৩. প্রশংসামূলক ভাষা ব্যবহার করা হয়েছে।","১. ধন্যবাদ দেওয়ার জন্য ইতিবাচক লেবেল সঠিক।  
২. নেতিবাচক শব্দের অনুপস্থিতি লেবেল যুক্তিসঙ্গত।  
৩. প্রশংসামূলক ভাষা ইতিবাচকতা নির্দেশ করে।","১. প্রশংসামূলক বাক্য ইতিবাচক।  
২. ধন্যবাদ দেওয়া ইতিবাচক অভিব্যক্তি।  
৩. নেতিবাচক শব্দ নেই এখানে।","১. বাক্যটিতে ইতিবাচক শব্দ ব্যবহৃত হয়েছে।  
২. ধন্যবাদ দেওয়া একটি ইতিবাচক অভিব্যক্তি।  
৩. কোনো নেতিবাচক শব্দ নেই এখানে।","১. ইতিবাচক শব্দ ব্যবহার করা হয়েছে।  
২. ধন্যবাদ দেওয়া ইতিবাচক অভিব্যক্তি।  
৩. নেতিবাচক শব্দ অনুপস্থিত।","১. প্রশংসামূলক শব্দ ব্যবহৃত হয়েছে।  
২. কৃতজ্ঞতা প্রকাশ করা হয়েছে।  
৩. কোনো নেতিবাচক শব্দ নেই।","১. তানজিলা আপুকে ধন্যবাদ বলা হয়েছে।  
২. ইতিবাচক শব্দ ব্যবহার করা হয়েছে।  
৩. কৃতজ্ঞতা প্রকাশের ভাষা ব্যবহৃত হয়েছে।","১. প্রশংসামূলক ভাষা ব্যবহৃত হয়েছে।  
২. কৃতজ্ঞতা প্রকাশ করা হয়েছে।  
৩. ইতিবাচক আবেগ ফুটে উঠেছে।","১. তানজিলা আপুকে ধন্যবাদ বলা হয়েছে।  
২. ইতিবাচক অনুভূতি প্রকাশ পেয়েছে।  
৩. প্রশংসাসূচক শব্দ ব্যবহৃত হয়েছে।","১. ধন্যবাদ দেওয়া ইতিবাচক অভিব্যক্তি।  
২. প্রশংসাসূচক শব্দে ভাব প্রকাশ।  
৩. কোনো নেতিবাচক শব্দ ব্যবহৃত হয়নি।","১. তানজিলা আপুকে ধন্যবাদ বলা হয়েছে।  
২. ইতিবাচক শব্দ ব্যবহৃত হয়েছে।  
৩. কোনো নেতিবাচকতা নেই।"
কেমন হইছে নাটকটা বন্ধুরা?,Gender,Not Hateful,"কৌতূহল প্রকাশ করা হয়েছে, কোনো বিদ্বেষ নেই।
বন্ধুত্বপূর্ণ এবং বিনোদনমূলক আলোচনার উদাহরণ।
সাধারণ মতামত জানতে চাওয়া হয়েছে।","১. প্রশ্নটি সাধারণ আলোচনার জন্য।  
২. কোনো নেতিবাচক শব্দ নেই।  
৩. বন্ধুদের মতামত জানতে চাওয়া হয়েছে।","১. সাধারণ আলোচনার জন্য প্রশ্ন করা হয়েছে।  
২. নেতিবাচক শব্দ ব্যবহার করা হয়নি।  
৩. বন্ধুদের মতামত জানতে চাওয়া হয়েছে।","১. প্রশ্নটি সাধারণ আলোচনার জন্য।  
২. কোনো নেতিবাচক শব্দ ব্যবহৃত হয়নি।  
৩. বন্ধুদের মতামত জানতে চাওয়া হয়েছে।","১. নাটক সম্পর্কে সাধারণ প্রশ্ন করা হয়েছে।  
২. কোনো নেতিবাচক ভাষা ব্যবহার করা হয়নি।  
৩. বন্ধুদের মতামত জানতে চাওয়া হয়েছে।","১. নাটক সম্পর্কে সাধারণ প্রশ্ন করা হয়েছে।  
২. কোনো বিদ্বেষমূলক ভাষা নেই।  
৩. বন্ধুদের মতামত চাওয়া হয়েছে।","১. নাটক সম্পর্কে সাধারণ প্রশ্ন করা হয়েছে।  
২. বন্ধুদের মতামত চাওয়া হয়েছে।  
৩. কোনো বিদ্বেষপূর্ণ ভাষা ব্যবহার হয়নি।","১. নাটক সম্পর্কে সাধারণ প্রশ্ন করা হয়েছে।  
২. বন্ধুদের সাথে শেয়ার করা হয়েছে।  
৩. কোনো নেতিবাচক ভাষা নেই।","১. নাটক সম্পর্কে সাধারণ আলোচনা করা হয়েছে।  
২. বন্ধুদের উদ্দেশ্যে বলা হয়েছে।  
৩. কোনো আক্রমণাত্মক ভাষা নেই।","১. নাটক নিয়ে সাধারণ প্রশ্ন করা হয়েছে।  
২. বন্ধুদের সাথে শেয়ার করা হয়েছে।  
৩. ভাষাটি সম্পূর্ণ নিরপেক্ষ।","১. নাটক সম্পর্কে সাধারণ আলোচনা করা হয়েছে।  
২. কোনো বিদ্বেষপূর্ণ শব্দ নেই।  
৩. প্রশ্নটি সম্পূর্ণ নিরীহ।","১. নাটক নিয়ে সাধারণ প্রশ্ন করা হয়েছে।  
২. কোনো অপমানজনক শব্দ নেই।  
৩. সম্পূর্ণ নিরপেক্ষ আলোচনা।","১. নাটক সম্পর্কে সাধারণ প্রশ্ন করা হয়েছে।  
২. কোনো নেতিবাচক শব্দ ব্যবহার করা হয়নি।  
৩. সম্পূর্ণ নিরপেক্ষভাবে আলোচনা করা হয়েছে।","১. নাটক সম্পর্কে সাধারণ প্রশ্ন করা হয়েছে।  
২. কোনো বিদ্বেষমূলক শব্দ নেই।  
৩. প্রশ্নটি সম্পূর্ণ নিরপেক্ষ।","১. প্রশ্নটি শুধু নাটকের সাধারণ তথ্য চাইছে।  
২. কোনো আক্রমণাত্মক বা বিদ্বেষপূর্ণ ভাষা নেই।  
৩. সম্পূর্ণ নিরপেক্ষ ও সহজ প্রশ্ন করা হয়েছে।","১. নাটক সম্পর্কে সাধারণ প্রশ্ন করা হয়েছে।  
২. কোনো বিদ্বেষপূর্ণ শব্দ ব্যবহৃত হয়নি।  
৩. প্রশ্নটি সম্পূর্ণ নিরপেক্ষ ভাবে করা হয়েছে।","১. নাটক সম্পর্কে সাধারণ মতামত চাওয়া হয়েছে।  
২. প্রশ্নে কোনো আক্রমণাত্মক ভাষা নেই।  
৩. সম্পূর্ণ নিরপেক্ষভাবে নাটক মূল্যায়ন করা হয়েছে।","১. নাটক সম্পর্কে সাধারণ প্রশ্ন করা হয়েছে।  
২. ভাষাটি সম্পূর্ণ নিরপেক্ষ ও ভদ্র।  
৩. মতামত চাওয়ার জন্য সরল অভিব্যক্তি।","১. প্রশ্নটি নাটকের সাধারণ মূল্যায়ন চাইছে।  
২. ভাষায় কোনো আক্রমণাত্মক বা বিদ্বেষপূর্ণ শব্দ নেই।  
৩. এটি একটি সহজ ও নিরপেক্ষ মতামতের অনুরোধ।","১. নাটক সম্পর্কে সাধারণ মতামত চাওয়া হয়েছে।  
২. কোনো বিদ্বেষপূর্ণ শব্দ ব্যবহৃত হয়নি।  
৩. এটি একটি নিরপেক্ষ প্রশ্ন।","১. প্রশ্নটি নাটকের সাধারণ মূল্যায়ন চাইছে।  
২. এখানে কোনো আক্রমণাত্মক ভাষা নেই।  
৩. এটি একটি সহজ ও নিরপেক্ষ প্রশ্ন।","১. প্রশ্নটি সাধারণ মূল্যায়ন চাইছে।  
২. কোনো বিদ্বেষপূর্ণ ভাষা নেই।  
৩. নিরপেক্ষ ও সহজ প্রশ্ন।"
সেরা ভাই সেরা অনেক ভালো একটা নাটক।,Gender,Not Hateful,"নাটকের গুণমানের প্রশংসা করা হয়েছে।
মন্তব্যটি ইতিবাচক এবং সৃজনশীলতার প্রশংসা করে।
সম্পূর্ণ শুভেচ্ছাসূচক একটি মন্তব্য।","1. নাটকের প্রশংসা করা হয়েছে।  
2. ইতিবাচক অনুভূতি প্রকাশ পেয়েছে।  
3. সৃজনশীলতার প্রশংসা করা হয়েছে।","1. নাটকের গুণগত মানের প্রশংসা করা হয়েছে।  
2. ইতিবাচক শব্দ ব্যবহার করা হয়েছে।  
3. ভাই শব্দে স্নেহ প্রকাশ পেয়েছে।","1. নাটকের প্রশংসা করা হয়েছে।  
2. ইতিবাচক ভাষা ব্যবহার করা হয়েছে।  
3. ভাই শব্দে স্নেহ প্রকাশ পেয়েছে।","1. নাটকের গুণগত মানের প্রশংসা করা হয়েছে।  
2. ইতিবাচক শব্দে অভিব্যক্তি প্রকাশ পেয়েছে।  
3. ভাই শব্দে আন্তরিকতা ফুটে উঠেছে।","1. নাটকের প্রশংসা করা হয়েছে।  
2. ইতিবাচক শব্দ ব্যবহার করা হয়েছে।  
3. ভাই শব্দে আন্তরিকতা দেখা যায়।","1. নাটকের গুণগত মান উল্লেখ করা হয়েছে।  
2. ইতিবাচক অনুভূতি প্রকাশ পেয়েছে।  
3. আন্তরিক সম্পর্কের ইঙ্গিত দেওয়া হয়েছে।","1. নাটকের প্রশংসা করা হয়েছে।  
2. ইতিবাচক শব্দ ব্যবহার করা হয়েছে।  
3. সম্পর্কের গভীরতা প্রকাশ পেয়েছে।","1. নাটকের গুণগত মান উল্লেখ করা হয়েছে।  
2. ইতিবাচক অনুভূতি প্রকাশ পেয়েছে।  
3. সম্পর্কের স্নেহময় দিক ফুটে উঠেছে।","1. নাটকের প্রশংসা করা হয়েছে।  
2. ভালো লাগার অনুভূতি প্রকাশিত।  
3. ভাইয়ের প্রতি স্নেহ দেখা যাচ্ছে।","1. নাটকের গুণগত মান উল্লেখ করা হয়েছে।  
2. ইতিবাচক অনুভূতি প্রকাশ পেয়েছে।  
3. ভাইয়ের প্রতি ভালোবাসা ফুটে উঠেছে।","1. নাটকের প্রশংসা করা হয়েছে।  
2. ইতিবাচক আবেগ প্রকাশিত হয়েছে।  
3. ভাইয়ের প্রতি স্নেহ দেখা যাচ্ছে।","1. নাটকের গুণগত মান উল্লেখ করা হয়েছে।  
2. ইতিবাচক অনুভূতি প্রকাশ পেয়েছে।  
3. ভাইয়ের প্রতি ভালোবাসা ফুটে উঠেছে।","1. নাটকের প্রশংসা করা হয়েছে।  
2. ইতিবাচক ভাব প্রকাশ পেয়েছে।  
3. ভাইয়ের প্রতি ভালোবাসা দেখা যাচ্ছে।","1. নাটকের গুণগত মানের প্রশংসা করা হয়েছে।  
2. ইতিবাচক আবেগ প্রকাশ করা হয়েছে।  
3. ভাইয়ের প্রতি স্নেহ প্রকাশ পেয়েছে।","1. নাটকের প্রশংসা করা হয়েছে স্পষ্টভাবে।  
2. ইতিবাচক অনুভূতি ফুটে উঠেছে বাক্যে।  
3. ভাইয়ের প্রতি ভালোবাসা প্রকাশ পেয়েছে।","1. নাটকের গুণগত মানের প্রশংসা করা হয়েছে।  
2. ইতিবাচক শব্দ ব্যবহার করে ভালোলাগা প্রকাশ।  
3. ভাইয়ের প্রতি স্নেহময় অনুভূতি ব্যক্ত।","1. নাটকের প্রশংসা করা হয়েছে।  
2. ইতিবাচক শব্দ ব্যবহার করা হয়েছে।  
3. ভাইয়ের প্রতি ভালোবাসা প্রকাশ পেয়েছে।","1. নাটকের গুণগত মান উল্লেখ করা হয়েছে।  
2. ইতিবাচক অনুভূতি প্রকাশ পেয়েছে।  
3. ভাইয়ের প্রতি স্নেহের প্রকাশ ঘটেছে।","1. নাটকের প্রশংসা করা হয়েছে।  
2. ইতিবাচক ভাবনা ফুটে উঠেছে।  
3. ভাইয়ের প্রতি ভালোবাসা দেখা যাচ্ছে।","1. নাটকের গুণগত মানের প্রশংসা করা হয়েছে।  
2. ইতিবাচক আবেগ প্রকাশ পেয়েছে।  
3. ভাইয়ের প্রতি স্নেহ ফুটে উঠেছে।","1. নাটকের গুণগত মানের প্রশংসা করা হয়েছে।  
2. ইতিবাচক আবেগ প্রকাশ পেয়েছে।  
3. ভাইয়ের প্রতি স্নেহ ফুটে উঠেছে।"
ভাইয়া এবং আপুর অভিনয় অনেক বাস্তবিক।,Gender,Not Hateful,"অভিনয়ের বাস্তবতার প্রতি ইতিবাচক প্রতিক্রিয়া।
কোনো নেতিবাচকতা নেই, প্রশংসা প্রকাশিত।
অভিনয় দক্ষতার সরল স্বীকৃতি।","1. ""ভাইয়া ও আপার অভিনয়ে বাস্তবতা ফুটে উঠেছে।""  
2. ""অভিনয়ের প্রশংসা করা হয়েছে সরলভাবে।""  
3. ""কোনো নেতিবাচক শব্দ ব্যবহৃত হয়নি।""","1. ""অভিনয়ের বাস্তবতা উল্লেখ করা হয়েছে।""  
2. ""ইতিবাচক ভাষায় প্রশংসা করা হয়েছে।""  
3. ""কোনো ঘৃণামূলক শব্দ নেই।""","1. ""অভিনয়ের প্রশংসা করা হয়েছে বাস্তবতার জন্য।""  
2. ""ইতিবাচক ভাষা ব্যবহার করা হয়েছে পুরো বাক্যে।""  
3. ""ঘৃণামূলক কোনো শব্দ বা ভাবনা নেই এখানে।""","1. ""অভিনয়ের বাস্তবতার জন্য প্রশংসা করা হয়েছে।""  
2. ""কোনো নেতিবাচক শব্দ ব্যবহার করা হয়নি।""  
3. ""বাক্যটি সম্পূর্ণ ইতিবাচক ভাব প্রকাশ করে।""","1. ""অভিনয়ের প্রশংসা করা হয়েছে ইতিবাচক ভাবে।""  
2. ""কোনো ঘৃণা বা নেতিবাচকতা নেই।""  
3. ""বাক্যটি শুধু প্রশংসামূলক ভাব প্রকাশ করে।""","1. ""অভিনয়ের প্রশংসা ইতিবাচক ভাবে করা হয়েছে।""  
2. ""কোনো ঘৃণা বা নেতিবাচকতা প্রকাশিত হয়নি।""  
3. ""বাক্যটি শুধু প্রশংসামূলক ভাব প্রকাশ করে।""","1. ""অভিনয়ের প্রশংসা স্পষ্টভাবে প্রকাশিত হয়েছে।""  
2. ""কোনো নেতিবাচক শব্দ ব্যবহার করা হয়নি।""  
3. ""বাক্যটি শুধু ইতিবাচক অনুভূতি বহন করে।""","1. ""অভিনয়ের প্রশংসা করা হয়েছে।""  
2. ""কোনো বিদ্বেষপূর্ণ শব্দ নেই।""  
3. ""ইতিবাচক ভাব প্রকাশ পেয়েছে।""","1. ""অভিনয়ের বাস্তবতা প্রশংসিত হয়েছে।""  
2. ""ধর্ম বা সম্প্রদায়ের প্রতি বিদ্বেষ নেই।""  
3. ""ইতিবাচক অনুভূতি প্রকাশ করা হয়েছে।""","1. ""অভিনয়ের প্রশংসা করা হয়েছে।""  
2. ""ধর্মীয় বিষয় উল্লেখ নেই।""  
3. ""ইতিবাচক মন্তব্য করা হয়েছে।""","1. ""অভিনয়ের বাস্তবতা নিয়ে প্রশংসা করা হয়েছে।""  
2. ""ধর্মীয় কোনো উল্লেখ নেই এই বক্তব্যে।""  
3. ""ইতিবাচকভাবে অভিনয়ের মূল্যায়ন করা হয়েছে।""","1. ""অভিনয়ের প্রশংসা করা হয়েছে বক্তব্যে।""  
2. ""ধর্মীয় বিষয় সম্পূর্ণ অনুপস্থিত।""  
3. ""ইতিবাচক মূল্যায়ন দেখা যাচ্ছে।""","1. ""বক্তব্যে শিল্পীর দক্ষতার প্রশংসা করা হয়েছে।""  
2. ""ধর্ম বা বিদ্বেষ সংক্রান্ত কোন বিষয় নেই।""  
3. ""ইতিবাচক অনুভূতি প্রকাশ পেয়েছে।""","1. ""অভিনয়ের বাস্তবতা নিয়ে প্রশংসা করা হয়েছে।""  
2. ""ধর্ম বা বিদ্বেষের কোন উল্লেখ নেই।""  
3. ""ইতিবাচক ভাব প্রকাশ পেয়েছে বক্তব্যে।""","1. ""অভিনয়ের প্রশংসা করা হয়েছে বক্তব্যে।""  
2. ""ধর্ম বা বিদ্বেষ সম্পর্কে কিছু বলা হয়নি।""  
3. ""ইতিবাচক অনুভূতি প্রকাশ পেয়েছে।""","1. ""বক্তব্যে শুধু অভিনয়ের প্রশংসা করা হয়েছে।""  
2. ""ধর্ম বা বিদ্বেষের কোনো উল্লেখ নেই।""  
3. ""ইতিবাচক ভাব প্রকাশ পেয়েছে।""","1. ""অভিনয়ের প্রশংসা স্পষ্টভাবে বলা হয়েছে।""  
2. ""ধর্ম বা বিদ্বেষের কোনো ইঙ্গিত নেই।""  
3. ""ইতিবাচক অনুভূতি প্রকাশ পেয়েছে।""","1. ""অভিনয়ের বাস্তবতা প্রশংসিত হয়েছে।""  
2. ""ধর্ম বা বিদ্বেষমূলক ভাষা অনুপস্থিত।""  
3. ""ইতিবাচক অভিব্যক্তি ফুটে উঠেছে।""","1. ""অভিনয়ের প্রশংসা করা হয়েছে বাস্তবতার জন্য।""  
2. ""কোনো বিদ্বেষ বা ধর্মীয় বিষয় নেই।""  
3. ""ইতিবাচক অনুভূতি প্রকাশ পেয়েছে।""","1. ""অভিনয়ের বাস্তবতা প্রশংসিত হয়েছে।""  
2. ""বিদ্বেষ বা ধর্মীয় বিষয় অনুপস্থিত।""  
3. ""ইতিবাচক অনুভূতি প্রকাশিত হয়েছে।""","1. ""অভিনয়ের প্রশংসা করা হয়েছে বক্তব্যে।""  
2. ""ধর্ম বা বিদ্বেষ সম্পর্কে কিছু বলা হয়নি।""  
3. ""ইতিবাচক অনুভূতি প্রকাশ পেয়েছে।"""
ভাই আপনার নাটক আমি দেখিনাই আমার জানা মতে আর নাই ইউটুবে বেস্ট জুটি,Gender,Not Hateful,"নাটকের জুটির প্রতি শ্রদ্ধা প্রকাশ।
এটি ইতিবাচক এবং অনুপ্রেরণামূলক মন্তব্য।
সরাসরি কোনো নেতিবাচক ইঙ্গিত নেই।","১. নাটকের জুটির প্রশংসা করা হয়েছে।  
২. ইতিবাচক অনুভূতি প্রকাশ পেয়েছে।  
৩. কোনো নেতিবাচক ভাষা নেই।","১. নাটকের জুটির প্রশংসা করা হয়েছে।  
২. ইতিবাচক ভাষা ব্যবহার করা হয়েছে।  
৩. কোনো বিদ্বেষপূর্ণ শব্দ নেই।","১. নাটকের প্রশংসা করা হয়েছে।  
২. ইতিবাচক ভাষা ব্যবহৃত হয়েছে।  
৩. বিদ্বেষপূর্ণ শব্দ অনুপস্থিত।","১. নাটকের প্রশংসা করা হয়েছে।  
২. ইতিবাচক ভাষা ব্যবহার করা হয়েছে।  
৩. বিদ্বেষপূর্ণ শব্দ নেই।","১. নাটকের প্রশংসা করা হয়েছে।  
২. ইতিবাচক ভাষা ব্যবহার করা হয়েছে।  
৩. বিদ্বেষপূর্ণ শব্দ নেই।","১. নাটকের প্রশংসা করা হয়েছে।  
২. ইতিবাচক ভাষা ব্যবহার করা হয়েছে।  
৩. বিদ্বেষপূর্ণ শব্দ নেই।","১. নাটকের প্রতি ইতিবাচক মন্তব্য করা হয়েছে।  
২. কোনো নেতিবাচক শব্দ ব্যবহার করা হয়নি।  
৩. প্রশংসামূলক ভাষা ব্যবহৃত হয়েছে।","১. নাটকের প্রতি ইতিবাচক মন্তব্য করা হয়েছে।  
২. কোনো নেতিবাচক শব্দ ব্যবহার করা হয়নি।  
৩. প্রশংসামূলক ভাষা ব্যবহৃত হয়েছে।","১. নাটকের প্রশংসা করা হয়েছে।  
২. ইতিবাচক শব্দ ব্যবহৃত হয়েছে।  
৩. কোনো বিদ্বেষপূর্ণ ভাষা নেই।","১. নাটকের প্রশংসা করা হয়েছে।  
২. ইতিবাচক শব্দ ব্যবহার করা হয়েছে।  
৩. বিদ্বেষপূর্ণ ভাষা অনুপস্থিত।","১. নাটকের প্রশংসা করা হয়েছে।  
২. ইতিবাচক শব্দ ব্যবহার করা হয়েছে।  
৩. বিদ্বেষপূর্ণ ভাষা নেই।","১. নাটকের প্রশংসা করা হয়েছে।  
২. ইতিবাচক শব্দ ব্যবহার করা হয়েছে।  
৩. বিদ্বেষপূর্ণ ভাষা নেই।","১. নাটকের প্রশংসা করা হয়েছে।  
২. ইতিবাচক শব্দ ব্যবহার করা হয়েছে।  
৩. বিদ্বেষপূর্ণ ভাষা নেই।","১. নাটকের প্রশংসা করা হয়েছে।  
২. ইতিবাচক শব্দ ব্যবহার করা হয়েছে।  
৩. বিদ্বেষপূর্ণ ভাষা নেই।","১. নাটকের প্রশংসা করা হয়েছে।  
২. ইতিবাচক শব্দ ব্যবহার করা হয়েছে।  
৩. বিদ্বেষপূর্ণ ভাষা নেই।","১. নাটকের প্রশংসা করা হয়েছে।  
২. ইতিবাচক শব্দ ব্যবহার করা হয়েছে।  
৩. বিদ্বেষপূর্ণ ভাষা নেই।","১. নাটকের প্রশংসা করা হয়েছে।  
২. ইতিবাচক শব্দ ব্যবহার করা হয়েছে।  
৩. বিদ্বেষপূর্ণ ভাষা নেই।","১. নাটকের প্রশংসা করা হয়েছে।  
২. ইতিবাচক শব্দ ব্যবহার করা হয়েছে।  
৩. বিদ্বেষপূর্ণ ভাষা নেই।","১. নাটকের প্রশংসা করা হয়েছে।  
২. ইতিবাচক শব্দ ব্যবহার করা হয়েছে।  
৩. বিদ্বেষপূর্ণ ভাষা নেই।","১. নাটকের প্রশংসা করা হয়েছে।  
২. ইতিবাচক ভাষা ব্যবহার করা হয়েছে।  
৩. কোনো বিদ্বেষপূর্ণ শব্দ নেই।","১. নাটকের প্রশংসা করা হয়েছে।  
২. ইতিবাচক ভাষা ব্যবহার করা হয়েছে।  
৩. কোনো বিদ্বেষপূর্ণ শব্দ নেই।"
ভাই অভিনেতা হিসাবে সেরা আবারও প্রমান হয়ে গেল,Gender,Not Hateful,"অভিনয় দক্ষতার পুনঃপ্রমাণ হিসেবে মন্তব্য করা হয়েছে।
ইতিবাচক এবং শ্রদ্ধাসূচক একটি মন্তব্য।
নেতিবাচকতার কোনো উপাদান নেই।","1. ""অভিনয়ের প্রশংসা করা হয়েছে, নেতিবাচকতা নেই।""  
2. ""শ্রদ্ধাসূচক মন্তব্য, ইতিবাচক ভাব প্রকাশিত।""  
3. ""ভাই শব্দে শ্রদ্ধা, অভিনয়ের স্বীকৃতি দেওয়া।""","1. ""ভাই শব্দে শ্রদ্ধা প্রকাশ করা হয়েছে।""  
2. ""অভিনেতার প্রশংসা করা হয়েছে ইতিবাচকভাবে।""  
3. ""কোন নেতিবাচকতা নেই, শুধু স্বীকৃতি।""","1. ""ভাই শব্দে শ্রদ্ধা ও সম্মান প্রকাশ পেয়েছে।""  
2. ""অভিনেতার দক্ষতার প্রশংসা করা হয়েছে।""  
3. ""বক্তব্যটি সম্পূর্ণ ইতিবাচক ও শ্রদ্ধাশীল।""","1. ""ভাই শব্দে শ্রদ্ধা প্রকাশ পায়।""  
2. ""অভিনেতার প্রশংসা করা হয়েছে।""  
3. ""বক্তব্য ইতিবাচক ও শ্রদ্ধাশীল।""","1. ""ভাই শব্দে শ্রদ্ধা প্রকাশ পাচ্ছে।""  
2. ""অভিনেতার প্রশংসা স্পষ্ট।""  
3. ""বক্তব্যে ইতিবাচক ভাব ফুটে উঠেছে।""","1. ""ভাই শব্দে স্নেহ ও সম্মান বোঝানো হয়েছে।""  
2. ""অভিনেতার দক্ষতার প্রতি প্রশংসা আছে।""  
3. ""বক্তব্যটি সম্পূর্ণ ইতিবাচক ভাব প্রকাশ করে।""","1. ""ভাই শব্দে স্নেহের প্রকাশ আছে।""  
2. ""অভিনেতার প্রশংসা করা হয়েছে।""  
3. ""বক্তব্য ইতিবাচক ও সমর্থনমূলক।""","1. ""ভাই শব্দে স্নেহ প্রকাশ পায়।""  
2. ""অভিনেতার দক্ষতা স্বীকৃত।""  
3. ""ইতিবাচক ভাষায় প্রশংসা করা হয়েছে।""","1. ""ভাই শব্দে স্নেহ ও সম্মান প্রকাশ পায়।""  
2. ""অভিনেতার সাফল্যকে স্বীকৃতি দেওয়া হয়েছে।""  
3. ""প্রশংসামূলক ভাষায় ইতিবাচক অনুভূতি।""","1. ""ভাই শব্দে স্নেহ প্রকাশ পাচ্ছে।""  
2. ""অভিনেতার দক্ষতার প্রশংসা করা হয়েছে।""  
3. ""ইতিবাচক অনুভূতি ফুটে উঠেছে।""","1. ""ভাই শব্দে স্নেহের প্রকাশ আছে।""  
2. ""অভিনেতার প্রশংসা করা হয়েছে।""  
3. ""বাক্যটি ইতিবাচক ভাব প্রকাশ করে।""","1. ""ভাই শব্দে সম্পর্কের স্নেহ প্রকাশ পায়।""  
2. ""অভিনেতার দক্ষতার প্রশংসা করা হয়েছে।""  
3. ""বাক্যটিতে কোনো বিদ্বেষ নেই।""","1. ""ভাই শব্দে স্নেহ প্রকাশ পাচ্ছে।""  
2. ""অভিনেতার প্রশংসা করা হয়েছে।""  
3. ""বিদ্বেষমূলক কোনো ভাষা নেই।""","1. ""ভাই শব্দে স্নেহের প্রকাশ স্পষ্ট।""  
2. ""অভিনেতার দক্ষতার প্রশংসা করা হয়েছে।""  
3. ""কোনো বিদ্বেষপূর্ণ শব্দ ব্যবহৃত হয়নি।""","1. ""ভাই শব্দে স্নেহ প্রকাশ পায়।""  
2. ""অভিনেতার প্রশংসা করা হয়েছে।""  
3. ""বিদ্বেষপূর্ণ ভাষা নেই।""","1. ""ভাই শব্দে স্নেহ প্রকাশ পায়।""  
2. ""অভিনেতার দক্ষতার প্রশংসা করা হয়েছে।""  
3. ""কোনো বিদ্বেষপূর্ণ শব্দ ব্যবহৃত হয়নি।""","1. ""ভাই শব্দে স্নেহ প্রকাশ পায়।""  
2. ""অভিনেতার প্রশংসা করা হয়েছে।""  
3. ""বিদ্বেষপূর্ণ ভাষা নেই।""","1. ""ভাই শব্দে স্নেহ প্রকাশ পাচ্ছে।""  
2. ""অভিনেতার দক্ষতার প্রশংসা করা হয়েছে।""  
3. ""কোনো বিদ্বেষপূর্ণ শব্দ নেই।""","1. ""ভাই শব্দে স্নেহ প্রকাশ পাচ্ছে, বিদ্বেষ নেই।""  
2. ""অভিনেতার প্রশংসা করা হয়েছে, ইতিবাচক ভাষা।""  
3. ""বাক্যটিতে কোনো আক্রমণাত্মক শব্দ নেই।""","1. ""ভাই শব্দে স্নেহ প্রকাশ পায়, বিদ্বেষ নেই।""  
2. ""অভিনেতার প্রশংসা করা হয়েছে, ইতিবাচক।""  
3. ""কোনো নেতিবাচক শব্দ ব্যবহৃত হয়নি।""","1. ""ভাই শব্দে স্নেহ প্রকাশ পায়।""  
2. ""অভিনেতার প্রশংসা ইতিবাচক।""  
3. ""কোনো বিদ্বেষমূলক শব্দ নেই।"""
নাটকের পরিচালক ভাইদের কে অনেক অনেক ধন্যবাদ এত সুন্দর করে বাংলা নাটক গুলো উপহার দেওয়ার জন্য,Gender,Not Hateful,"পরিচালকের প্রতি কৃতজ্ঞতা প্রকাশ করা হয়েছে।
শুভেচ্ছাসূচক এবং প্রশংসাসূচক একটি মন্তব্য।
সৃজনশীল কাজের প্রতি শ্রদ্ধা।","১. পরিচালকদের প্রশংসা করা হয়েছে।  
২. নাটকের জন্য ধন্যবাদ জানানো হয়েছে।  
৩. সৃজনশীলতার প্রতি শ্রদ্ধা দেখানো হয়েছে।","১. পরিচালকদের প্রশংসা স্পষ্টভাবে বলা হয়েছে।  
২. নাটকের জন্য কৃতজ্ঞতা প্রকাশ করা হয়েছে।  
৩. সৃজনশীল কাজের প্রতি সম্মান দেখানো হয়েছে।","১. পরিচালকদের প্রশংসা স্পষ্টভাবে বলা হয়েছে।  
২. নাটকের জন্য কৃতজ্ঞতা প্রকাশ করা হয়েছে।  
৩. সৃজনশীল কাজের প্রতি সম্মান দেখানো হয়েছে।","১. পরিচালকদের প্রশংসা স্পষ্টভাবে বলা হয়েছে।  
২. নাটকের জন্য কৃতজ্ঞতা প্রকাশ করা হয়েছে।  
৩. সৃজনশীল কাজের প্রতি সম্মান দেখানো হয়েছে।","১. পরিচালকদের প্রশংসা স্পষ্টভাবে প্রকাশ পেয়েছে।  
২. নাটকের জন্য ধন্যবাদ জানানো হয়েছে।  
৩. সৃজনশীলতার প্রতি শ্রদ্ধা দেখানো হয়েছে।","১. পরিচালকদের প্রশংসা স্পষ্টভাবে বলা হয়েছে।  
২. নাটকের জন্য কৃতজ্ঞতা প্রকাশ করা হয়েছে।  
৩. সৃজনশীল কাজের প্রতি সম্মান দেখানো হয়েছে।","১. পরিচালকদের প্রশংসা স্পষ্টভাবে বলা হয়েছে।  
২. নাটকের জন্য কৃতজ্ঞতা প্রকাশ করা হয়েছে।  
৩. সৃজনশীল কাজের প্রতি সম্মান দেখানো হয়েছে।","১. পরিচালকদের প্রশংসা স্পষ্টভাবে বলা হয়েছে।  
২. নাটকের জন্য কৃতজ্ঞতা প্রকাশ করা হয়েছে।  
৩. সৃজনশীল কাজের প্রতি সম্মান দেখানো হয়েছে।","১. পরিচালকদের প্রশংসা স্পষ্টভাবে বলা হয়েছে।  
২. নাটকের জন্য কৃতজ্ঞতা প্রকাশ করা হয়েছে।  
৩. সৃজনশীল কাজের প্রতি সম্মান দেখানো হয়েছে।","১. পরিচালকদের প্রশংসা স্পষ্টভাবে বলা হয়েছে।  
২. নাটকের জন্য কৃতজ্ঞতা প্রকাশ করা হয়েছে।  
৩. সৃজনশীল কাজের প্রতি সম্মান দেখানো হয়েছে।","১. পরিচালকদের প্রশংসা স্পষ্টভাবে বলা হয়েছে।  
২. নাটকের জন্য কৃতজ্ঞতা প্রকাশ করা হয়েছে।  
৩. সৃজনশীল কাজের প্রতি সম্মান দেখানো হয়েছে।","১. পরিচালকদের প্রশংসা স্পষ্ট ভাষায় ব্যক্ত হয়েছে।  
২. নাটকের জন্য ধন্যবাদ জানানো হয়েছে।  
৩. সৃজনশীলতার প্রতি শ্রদ্ধা ফুটে উঠেছে।","১. পরিচালকদের প্রশংসা সরল ভাষায় বলা হয়েছে।  
২. নাটকের জন্য কৃতজ্ঞতা প্রকাশ করা হয়েছে।  
৩. সৃজনশীল কাজের প্রতি সম্মান দেখানো হয়েছে।","১. পরিচালকদের প্রশংসা স্পষ্টভাবে প্রকাশ পেয়েছে।  
২. কৃতজ্ঞতা প্রকাশের ভাষা সরল ও সুন্দর।  
৩. সৃজনশীলতার প্রতি শ্রদ্ধা ফুটে উঠেছে।","১. পরিচালকদের প্রতি কৃতজ্ঞতা প্রকাশ করা হয়েছে।  
২. নাটকের প্রশংসা সুস্পষ্টভাবে বলা হয়েছে।  
৩. সৃজনশীল কাজের প্রতি শ্রদ্ধা দেখানো হয়েছে।","১. পরিচালকদের ধন্যবাদ দেওয়া হয়েছে।  
২. নাটকের প্রশংসা স্পষ্টভাবে করা হয়েছে।  
৩. সৃজনশীলতার প্রতি শ্রদ্ধা প্রকাশ পেয়েছে।","১. পরিচালকদের প্রতি কৃতজ্ঞতা প্রকাশ।  
২. নাটকের গুণগত মান প্রশংসিত।  
৩. সৃজনশীল কাজের প্রতি সম্মান।","১. পরিচালকদের ধন্যবাদ দেওয়া হয়েছে।  
২. নাটকের প্রশংসা করা হয়েছে।  
৩. সৃজনশীলতার প্রতি শ্রদ্ধা দেখানো হয়েছে।","১. পরিচালকদের প্রতি কৃতজ্ঞতা প্রকাশ করা হয়েছে।  
২. বাংলা নাটকের প্রশংসা স্পষ্ট।  
৩. সৃজনশীল কাজের প্রতি শ্রদ্ধা ফুটে উঠেছে।","১. পরিচালকদের ধন্যবাদ দেওয়া হয়েছে।  
২. নাটকের প্রশংসা স্পষ্টভাবে বলা হয়েছে।  
৩. সৃজনশীলতার প্রতি শ্রদ্ধা দেখা যাচ্ছে।","১. পরিচালকদের প্রতি কৃতজ্ঞতা প্রকাশ করা হয়েছে।  
২. নাটকের গুণগত মানের প্রশংসা করা হয়েছে।  
৩. সৃজনশীল কাজের প্রতি সম্মান দেখানো হয়েছে।"
দাদার নাটক গুলো খুবই ভালো লাগে,Gender,Not Hateful,"দাদার কাজের প্রতি সমর্থন ও ভালোবাসা প্রকাশ।
নাটকের প্রতি ইতিবাচক মনোভাব রয়েছে।
সাধারণ প্রশংসাসূচক মন্তব্য।","১. নাটকের প্রশংসা করা হয়েছে।  
২. ভালো লাগার অনুভূতি প্রকাশ পেয়েছে।  
৩. দাদার কাজে ইতিবাচক প্রতিক্রিয়া।","১. দাদার নাটকের প্রশংসা করা হয়েছে।  
২. ভালো লাগার অনুভূতি স্পষ্ট।  
৩. ইতিবাচক প্রতিক্রিয়া প্রকাশ পেয়েছে।","১. নাটকের প্রশংসা স্পষ্টভাবে বলা হয়েছে।  
২. ভালো লাগার অনুভূতি প্রকাশ পেয়েছে।  
৩. ইতিবাচক ভাবনা ফুটে উঠেছে।","১. নাটকের গুণগত মানের প্রশংসা করা হয়েছে।  
২. ব্যক্তির ইতিবাচক অনুভূতি প্রকাশিত।  
৩. দাদার কাজের প্রতি ভালোবাসা দেখা যাচ্ছে।","১. নাটকের প্রশংসা করা হয়েছে।  
২. ইতিবাচক অনুভূতি প্রকাশ পেয়েছে।  
৩. দাদার প্রতি ভালোবাসা দেখা যায়।","১. দাদার নাটকের প্রশংসা করা হয়েছে।  
২. ইতিবাচক অনুভূতি প্রকাশ পেয়েছে।  
৩. ভালোবাসা ও শ্রদ্ধা ফুটে উঠেছে।","১. দাদার নাটকের প্রতি ইতিবাচক মতামত প্রকাশ।  
২. ভালো লাগার অনুভূতি স্পষ্টভাবে বলা হয়েছে।  
৩. দাদার প্রতি শ্রদ্ধা ও ভালোবাসা দেখা যাচ্ছে।","১. নাটকের প্রশংসা করা হয়েছে।  
২. ইতিবাচক অনুভূতি প্রকাশ পেয়েছে।  
৩. দাদার প্রতি শ্রদ্ধা ফুটে উঠেছে।","১. নাটকের গুণগত মানের প্রশংসা করা হয়েছে।  
২. ইতিবাচক আবেগ প্রকাশ করা হয়েছে।  
৩. দাদার প্রতি শ্রদ্ধা ও ভালোবাসা দেখা যাচ্ছে।","১. নাটকের গুণমান নিয়ে ইতিবাচক মন্তব্য।  
২. ভালোবাসা ও শ্রদ্ধা প্রকাশ পেয়েছে।  
৩. আবেগপূর্ণ প্রশংসা করা হয়েছে।","১. নাটকের প্রশংসা করা হয়েছে।  
২. ইতিবাচক অনুভূতি প্রকাশ পেয়েছে।  
৩. ভালোবাসার প্রকাশ দেখা যাচ্ছে।","১. দাদার নাটকের প্রশংসা করা হয়েছে।  
২. ইতিবাচক অনুভূতি প্রকাশ পেয়েছে।  
৩. ভালোবাসার প্রকাশ দেখা যাচ্ছে।","১. নাটকের গুণগত মানের প্রশংসা করা হয়েছে।  
২. ইতিবাচক আবেগ স্পষ্টভাবে ফুটে উঠেছে।  
৩. ভালোলাগার অনুভূতি প্রকাশ পেয়েছে।","১. দাদার নাটকের প্রশংসা করা হয়েছে।  
২. ইতিবাচক অনুভূতি প্রকাশ পেয়েছে।  
৩. ভালোলাগার কথা বলা হয়েছে।","১. দাদার নাটকের প্রতি ইতিবাচক মতামত।  
২. ভালোলাগার অনুভূতি স্পষ্টভাবে ব্যক্ত।  
৩. প্রশংসামূলক ভাষায় অভিব্যক্তি।","১. নাটকের প্রতি ইতিবাচক প্রতিক্রিয়া প্রকাশ পেয়েছে।  
২. ভালোলাগার অনুভূতি সরাসরি বলা হয়েছে।  
৩. প্রশংসামূলক শব্দ ব্যবহার করা হয়েছে।","১. দাদার নাটকের প্রশংসা করা হয়েছে।  
২. ইতিবাচক অনুভূতি প্রকাশ পেয়েছে।  
৩. ভালোলাগার কথা সরাসরি বলা হয়েছে।","১. দাদার নাটকের প্রতি ইতিবাচক মতামত।  
২. ভালোলাগার অনুভূতি স্পষ্টভাবে ব্যক্ত।  
৩. প্রশংসামূলক ভাষায় অভিব্যক্তি।","১. নাটকের গুণগত মানের প্রশংসা করা হয়েছে।  
২. ইতিবাচক অনুভূতি সুস্পষ্টভাবে প্রকাশিত।  
৩. প্রশংসামূলক শব্দ ব্যবহার করা হয়েছে।","১. দাদার নাটকের প্রশংসা করা হয়েছে।  
২. ইতিবাচক ভাব প্রকাশ পেয়েছে।  
৩. ভালো লাগার অনুভূতি ব্যক্ত করা হয়েছে।","১. নাটকের প্রশংসা স্পষ্টভাবে বলা হয়েছে।  
২. ইতিবাচক শব্দ ব্যবহার করা হয়েছে।  
৩. ভালো লাগার অনুভূতি প্রকাশ পেয়েছে।"
তিশার অভিনয় অনেক ভালো হয়েছে,Gender,Not Hateful,"অভিনয়ের মানের প্রতি প্রশংসা।
সরাসরি প্রশংসাসূচক একটি মন্তব্য।
নেতিবাচক উপাদান নেই।","১. তিশার অভিনয়ের প্রশংসা করা হয়েছে।  
২. ইতিবাচক মন্তব্য, কোনো নেতিবাচকতা নেই।  
৩. শুধু অভিনয়ের মান নিয়ে প্রশংসা।","১. তিশার অভিনয়ের প্রশংসা করা হয়েছে।  
২. ইতিবাচক ভাষায় অভিনয়ের মান বর্ণনা।  
৩. কোনো নেতিবাচক শব্দ ব্যবহার করা হয়নি।","১. প্রশংসামূলক বাক্যে কোনো বিদ্বেষ নেই।  
২. ইতিবাচক শব্দে অভিনয়ের মূল্যায়ন।  
৩. নেতিবাচকতা বা বিদ্বেষ অনুপস্থিত।","১. তিশার অভিনয়ের প্রশংসা করা হয়েছে।  
২. ইতিবাচক শব্দে মূল্যায়ন করা হয়েছে।  
৩. কোনো নেতিবাচকতা বা বিদ্বেষ নেই।","১. প্রশংসামূলক শব্দ ব্যবহৃত হয়েছে।  
২. ইতিবাচক অনুভূতি প্রকাশ পেয়েছে।  
৩. বিদ্বেষ বা নেতিবাচকতা অনুপস্থিত।","১. তিশার প্রশংসা করা হয়েছে।  
২. ইতিবাচক ভাব প্রকাশ পেয়েছে।  
৩. কোনো নেতিবাচক শব্দ নেই।","১. তিশার ভালো অভিনয়ের প্রশংসা করা হয়েছে।  
২. বাক্যটিতে ইতিবাচক অনুভূতি প্রকাশ পেয়েছে।  
৩. নেতিবাচক কোনো শব্দ ব্যবহার করা হয়নি।","১. প্রশংসামূলক শব্দ ব্যবহার করা হয়েছে।  
২. ইতিবাচক ভাব প্রকাশ পেয়েছে।  
৩. কোনো নেতিবাচক শব্দ নেই।","১. তিশার প্রশংসা করা হয়েছে।  
২. ইতিবাচক শব্দ ব্যবহৃত হয়েছে।  
৩. নেতিবাচক কিছু বলা হয়নি।","১. তিশার দক্ষতার প্রশংসা করা হয়েছে।  
২. ইতিবাচক ভাষায় অভিনয় সম্পর্কে বলা হয়েছে।  
৩. কোনো নেতিবাচক মন্তব্য নেই।","১. প্রশংসামূলক বাক্য, কোনো বিদ্বেষ নেই।  
২. ইতিবাচক অভিব্যক্তি, দক্ষতার স্বীকৃতি।  
৩. নেতিবাচক শব্দ বা ভাবনা অনুপস্থিত।","১. তিশার অভিনয়ের প্রশংসা করা হয়েছে।  
২. ইতিবাচক শব্দে দক্ষতা স্বীকার করা হয়েছে।  
৩. কোনো নেতিবাচকতা নেই বাক্যে।","১. বাক্যটিতে প্রশংসামূলক শব্দ ব্যবহৃত হয়েছে।  
২. তিশার দক্ষতার প্রতি ইতিবাচক মত প্রকাশ করা হয়েছে।  
৩. নেতিবাচক কোনো শব্দ বা ভাবনা নেই এখানে।","১. ""তিশার অভিনয়"" ইতিবাচকভাবে উল্লেখ করা হয়েছে।  
২. ""অনেক ভালো হয়েছে"" প্রশংসামূলক শব্দ ব্যবহৃত হয়েছে।  
৩. নেতিবাচক কোনো শব্দ বা ভাবনা নেই।","১. ""তিশার অভিনয়"" প্রশংসা করা হয়েছে।  
২. ""অনেক ভালো হয়েছে"" ইতিবাচক অভিব্যক্তি।  
৩. কোনো নেতিবাচক শব্দ নেই।","১. প্রশংসামূলক বাক্য কোন ঘৃণা প্রকাশ করে না।  
২. ইতিবাচক শব্দ ব্যবহার করা হয়েছে।  
৩. নেতিবাচক কোন ভাষা বা ইঙ্গিত নেই।","১. তিশার প্রশংসা করা হয়েছে।  
২. ইতিবাচক শব্দ ব্যবহৃত হয়েছে।  
৩. ঘৃণার কোনো ইঙ্গিত নেই।","১. তিশার ভালো অভিনয়ের কথা বলা হয়েছে।  
২. ইতিবাচক শব্দ ব্যবহার করা হয়েছে।  
৩. কোনো নেতিবাচক বা ঘৃণার ভাষা নেই।","১. প্রশংসামূলক বাক্য ব্যবহার করা হয়েছে।  
২. ইতিবাচক অনুভূতি প্রকাশ পেয়েছে।  
৩. ঘৃণার কোনো শব্দ নেই।","১. তিশার অভিনয়ের প্রশংসা করা হয়েছে।  
২. ইতিবাচক ভাব প্রকাশ পেয়েছে বাক্যে।  
৩. ঘৃণামূলক শব্দ ব্যবহার করা হয়নি।","১. বাক্যটিতে প্রশংসা প্রকাশ করা হয়েছে।  
২. ইতিবাচক অনুভূতি ফুটে উঠেছে।  
৩. কোনো নেতিবাচক শব্দ ব্যবহৃত হয়নি।"
আপু খুব ভালো অভিনয় করেছে,Gender,Not Hateful,"অভিনয়ের দক্ষতা ও মানের প্রতি স্বীকৃতি।
প্রশংসাসূচক এবং ইতিবাচক প্রতিক্রিয়া।
শুভেচ্ছা এবং কৃতজ্ঞতা প্রকাশিত।","1. ""আপু"" সম্মানসূচক শব্দ ব্যবহার করা হয়েছে।  
2. ""খুব ভালো অভিনয়"" প্রশংসা বোঝাচ্ছে।  
3. পুরো বাক্যটি ইতিবাচক ভাব প্রকাশ করে।","1. ""আপু"" শব্দটি সম্মানজনক।  
2. ""খুব ভালো অভিনয়"" প্রশংসামূলক।  
3. বাক্যটি সম্পূর্ণ ইতিবাচক।","1. ""আপু"" শব্দে শ্রদ্ধা প্রকাশ পায়।  
2. অভিনয়ের প্রশংসা করা হয়েছে।  
3. পুরো বাক্যটি ইতিবাচক ভাব প্রকাশ করে।","1. ""আপু"" শব্দে স্নেহ প্রকাশ পায়।  
2. অভিনয়ের প্রশংসা ইতিবাচক।  
3. বাক্যটিতে কোনো বিদ্বেষ নেই।","1. ""আপু"" শব্দে স্নেহ প্রকাশ পায়।  
2. অভিনয়ের প্রশংসা ইতিবাচক।  
3. কোনো বিদ্বেষপূর্ণ শব্দ নেই।","1. ""আপু"" শব্দে স্নেহ প্রকাশ পায়।  
2. অভিনয়ের প্রশংসা ইতিবাচক।  
3. কোনো বিদ্বেষপূর্ণ শব্দ নেই।","1. ""আপু"" শব্দে স্নেহ প্রকাশ পায়।  
2. প্রশংসামূলক বাক্যে বিদ্বেষ নেই।  
3. ইতিবাচক অভিনয় প্রশংসা করা হয়েছে।","1. ""আপু"" শব্দে স্নেহ ও ভালোবাসা প্রকাশ পায়।  
2. অভিনয়ের প্রশংসায় কোনো বিদ্বেষ নেই।  
3. ইতিবাচক মন্তব্যে ঘৃণা অনুপস্থিত।","1. ""আপু"" শব্দে স্নেহ প্রকাশ পায়।  
2. অভিনয়ের প্রশংসা ইতিবাচক।  
3. বাক্যে ঘৃণার কোনো লক্ষণ নেই।","1. ""আপু"" শব্দে স্নেহ প্রকাশ পায়।  
2. বাক্যটি ইতিবাচক অনুভূতি বহন করে।  
3. ঘৃণার কোনো ভাষা ব্যবহার করা হয়নি।","1. ""আপু"" শব্দে স্নেহ প্রকাশ পায়।  
2. বাক্যটিতে ইতিবাচক ভাব রয়েছে।  
3. কোনো নেতিবাচক শব্দ ব্যবহৃত হয়নি।","1. ""আপু"" শব্দে স্নেহ প্রকাশ পায়।  
2. বাক্যটি ইতিবাচক অনুভূতি প্রকাশ করে।  
3. কোনো বিদ্বেষমূলক শব্দ নেই।","1. ""আপু"" শব্দে স্নেহ প্রকাশ পায়।  
2. বাক্যটিতে কোনো বিদ্বেষ নেই।  
3. ইতিবাচক অভিনয় প্রশংসা করা হয়েছে।","1. ""আপু"" শব্দে স্নেহ প্রকাশ পায়।  
2. বাক্যটি ইতিবাচক ও প্রশংসামূলক।  
3. কোনো বিদ্বেষ বা নেতিবাচকতা নেই।","1. ""আপু"" শব্দে স্নেহ প্রকাশ পায়।  
2. বাক্যটি প্রশংসামূলক ও ইতিবাচক।  
3. কোনো বিদ্বেষপূর্ণ শব্দ নেই।","1. ""আপু"" শব্দে স্নেহ প্রকাশ পায়।  
2. বাক্যটিতে কোনো বিদ্বেষ নেই।  
3. এটি একটি ইতিবাচক মন্তব্য।","1. ""আপু"" শব্দে স্নেহ প্রকাশ পাচ্ছে।  
2. বাক্যটি ইতিবাচক ও প্রশংসামূলক।  
3. কোনো বিদ্বেষপূর্ণ শব্দ নেই এখানে।","1. ""আপু"" শব্দে স্নেহ প্রকাশ পায়।  
2. বাক্যটি সম্পূর্ণ ইতিবাচক।  
3. কোনো নেতিবাচক শব্দ নেই।","1. ""আপু"" শব্দে স্নেহ প্রকাশ পায়।  
2. বাক্যটিতে কোনো বিদ্বেষ নেই।  
3. শব্দগুলো সম্পূর্ণ ইতিবাচক।","1. ""আপু"" শব্দে স্নেহ প্রকাশ পায়।  
2. বাক্যটি ইতিবাচক অনুভূতি প্রকাশ করে।  
3. কোনো নেতিবাচক শব্দ নেই এখানে।","1. ""আপু"" শব্দে স্নেহ প্রকাশ পায়।  
2. বাক্যটিতে প্রশংসা করা হয়েছে।  
3. কোনো বিদ্বেষ নেই বাক্যটিতে।"
অসাধারণ ছিল ভাই,Gender,Not Hateful,"মন্তব্যটি প্রশংসাসূচক এবং কোনো নেতিবাচক উপাদান নেই।
নাটকের মান ও কাজের প্রতি সম্মান প্রকাশ।
ইতিবাচক ও শুভকামনাসূচক প্রতিক্রিয়া।","1. ""অসাধারণ"" শব্দটি প্রশংসা বোঝায়।  
2. কোনো নেতিবাচক শব্দ নেই বাক্যে।  
3. ইতিবাচক আবেগ প্রকাশ পেয়েছে।","1. ""অসাধারণ"" শব্দটি ইতিবাচক।  
2. কোনো ঘৃণামূলক শব্দ নেই।  
3. বাক্যটি প্রশংসাসূচক।","1. ""অসাধারণ"" শব্দটি প্রশংসা বোঝায়।  
2. কোনো নেতিবাচক শব্দ ব্যবহৃত হয়নি।  
3. সম্পূর্ণ বাক্যটি ইতিবাচক ভাব প্রকাশ করে।","1. ""অসাধারণ"" শব্দটি ইতিবাচক।  
2. কোনো ঘৃণা বা বিদ্বেষ নেই।  
3. সম্পূর্ণ বাক্যটি প্রশংসামূলক।","1. ""অসাধারণ"" শব্দে প্রশংসা বোঝায়।  
2. কোনো নেতিবাচক শব্দ নেই।  
3. বাক্যটি সম্পূর্ণ ইতিবাচক।","1. ""অসাধারণ"" শব্দটি ইতিবাচক।  
2. কোনো বিদ্বেষপূর্ণ শব্দ নেই।  
3. সম্পূর্ণ প্রশংসামূলক বাক্য।","1. ""অসাধারণ"" শব্দটি প্রশংসা বোঝায়।  
2. কোনো নেতিবাচক শব্দ ব্যবহৃত হয়নি।  
3. সম্পূর্ণ ইতিবাচক ভাব প্রকাশ পেয়েছে।","1. ""অসাধারণ"" শব্দটি ইতিবাচক।  
2. কোনো ঘৃণা বা বিদ্বেষ নেই।  
3. সম্পূর্ণ প্রশংসামূলক বক্তব্য।","1. ""অসাধারণ"" শব্দটি প্রশংসা বোঝায়।  
2. কোনো নেতিবাচক শব্দ নেই বাক্যে।  
3. সম্পূর্ণ ইতিবাচক আবেগ প্রকাশিত।","1. ""অসাধারণ"" শব্দটি ইতিবাচক।  
2. কোনো ঘৃণা বা বিদ্বেষ নেই।  
3. সম্পূর্ণ প্রশংসামূলক বাক্য।","1. ""অসাধারণ"" শব্দটি ইতিবাচক অর্থ বহন করে।  
2. বাক্যটিতে কোনো নেতিবাচকতা নেই।  
3. এটি সম্পূর্ণ প্রশংসামূলক উক্তি।","1. ""অসাধারণ"" শব্দটি প্রশংসা বোঝায়।  
2. বাক্যটি সম্পূর্ণ ইতিবাচক।  
3. কোনো ঘৃণা বা নেতিবাচকতা নেই।","1. ""অসাধারণ"" শব্দটি ইতিবাচক।  
2. বাক্যটিতে কোনো নেতিবাচকতা নেই।  
3. এটি সম্পূর্ণ প্রশংসামূলক।","1. ""অসাধারণ"" শব্দটি ইতিবাচক অর্থ বহন করে।  
2. বাক্যটিতে ঘৃণা বা বিদ্বেষ নেই।  
3. এটি শুধুমাত্র প্রশংসা প্রকাশ করে।","1. ""অসাধারণ"" শব্দটি ইতিবাচক।  
2. কোনো বিদ্বেষ নেই বাক্যে।  
3. শুধু প্রশংসা বোঝায়।","১. ইতিবাচক শব্দ ব্যবহার করা হয়েছে।  
২. বিদ্বেষপূর্ণ কোনো শব্দ নেই।  
৩. শুধুমাত্র প্রশংসা প্রকাশ করা হয়েছে।","১. বাক্যটিতে ইতিবাচক শব্দ ""অসাধারণ"" ব্যবহৃত হয়েছে।  
২. কোনো নেতিবাচক বা বিদ্বেষপূর্ণ শব্দ নেই।  
৩. শুধুমাত্র প্রশংসামূলক ভাব প্রকাশ করা হয়েছে।","১. ইতিবাচক শব্দ ব্যবহার করা হয়েছে।  
২. কোনো বিদ্বেষপূর্ণ শব্দ নেই।  
৩. প্রশংসামূলক ভাব প্রকাশিত হয়েছে।","১. ""অসাধারণ"" শব্দটি ইতিবাচক।  
২. বাক্যটিতে বিদ্বেষপূর্ণ শব্দ নেই।  
৩. এটি প্রশংসামূলক বক্তব্য প্রকাশ করে।","১. শব্দটি ইতিবাচক অর্থ বহন করে।  
২. কোনো নেতিবাচক শব্দ ব্যবহৃত হয়নি।  
৩. এটি প্রশংসা বোঝায়।","১. ""অসাধারণ"" ইতিবাচক শব্দ।  
২. বাক্যটিতে প্রশংসা প্রকাশ পেয়েছে।  
৩. কোনো নেতিবাচক শব্দ নেই।"
ভাই ভালোবাসা নিরন্তর আপনার মত গুনি অভিনেতা খুব কম।,Gender,Not Hateful,"অভিনেতার গুণ ও দক্ষতার প্রতি শ্রদ্ধা প্রকাশ।
ইতিবাচক ভালোবাসার বার্তা।
অভিনয়ের মানের প্রতি উচ্চ প্রশংসা।","1. ""ভাই"" শব্দটি স্নেহময় সম্পর্ক নির্দেশ করে।  
2. ""ভালোবাসা"" শব্দে ইতিবাচক আবেগ প্রকাশ পেয়েছে।  
3. ""গুনি অভিনেতা"" বলায় প্রশংসা ফুটে উঠেছে।","1. ""ভাই"" শব্দে স্নেহ প্রকাশ করা হয়েছে।  
2. ""ভালোবাসা"" দিয়ে ইতিবাচক অনুভূতি বোঝানো হয়েছে।  
3. ""গুনি অভিনেতা"" বলায় প্রশংসা করা হয়েছে।","1. ""ভাই"" শব্দে স্নেহ প্রকাশ পায়।  
2. ""ভালোবাসা"" ইতিবাচক অনুভূতি দেখায়।  
3. ""গুনি অভিনেতা"" প্রশংসা বোঝায়।","1. ""ভাই"" শব্দে স্নেহের প্রকাশ আছে।  
2. ""ভালোবাসা"" শব্দে ইতিবাচক ভাব।  
3. ""গুনি অভিনেতা"" দিয়ে প্রশংসা বোঝানো হয়েছে।","1. ""ভাই"" শব্দে স্নেহ প্রকাশ পায়।  
2. ""ভালোবাসা"" ইতিবাচক অনুভূতি দেখায়।  
3. ""গুনি অভিনেতা"" প্রশংসামূলক শব্দ।","1. ""ভাই"" শব্দে স্নেহ প্রকাশ পায়।  
2. ""ভালোবাসা"" ইতিবাচক অনুভূতি দেখায়।  
3. ""গুনি অভিনেতা"" প্রশংসা বোঝায়।","1. ""ভাই"" শব্দে স্নেহের প্রকাশ আছে।  
2. ""ভালোবাসা"" শব্দে ইতিবাচক ভাব।  
3. ""গুনি অভিনেতা"" দিয়ে প্রশংসা বোঝানো হয়েছে।","1. ""ভাই"" শব্দে স্নেহ প্রকাশ পায়।  
2. ""ভালোবাসা"" ইতিবাচক অনুভূতি দেখায়।  
3. ""গুনি অভিনেতা"" প্রশংসা বোঝায়।","1. ""ভাই"" শব্দে স্নেহের প্রকাশ আছে।  
2. ""ভালোবাসা"" শব্দে ইতিবাচক ভাব।  
3. ""গুনি অভিনেতা"" দিয়ে প্রশংসা বোঝানো হয়েছে।","1. ""ভাই"" শব্দে স্নেহ প্রকাশ পায়।  
2. ""ভালোবাসা"" ইতিবাচক অনুভূতি দেখায়।  
3. ""গুনি অভিনেতা"" প্রশংসামূলক অভিব্যক্তি।","1. ""ভাই"" শব্দে স্নেহ প্রকাশ পায়।  
2. ""ভালোবাসা"" ইতিবাচক অনুভূতি দেখায়।  
3. ""গুনি অভিনেতা"" প্রশংসা বোঝায়।","1. ""ভাই"" শব্দে স্নেহ প্রকাশ পায়।  
2. ""ভালোবাসা"" শব্দে ইতিবাচক ভাব।  
3. ""গুনি অভিনেতা"" দিয়ে প্রশংসা বোঝানো হয়েছে।","1. ""ভাই"" শব্দে স্নেহের প্রকাশ আছে।  
2. ""ভালোবাসা"" ইতিবাচক অনুভূতি দেখায়।  
3. ""গুনি অভিনেতা"" প্রশংসামূলক শব্দ।","1. ""ভাই"" শব্দে স্নেহ প্রকাশ পায়।  
2. ""ভালোবাসা"" ইতিবাচক শব্দ।  
3. ""গুনি অভিনেতা"" প্রশংসা বোঝায়।","1. ""ভাই"" শব্দে স্নেহ প্রকাশ পায়।  
2. ""ভালোবাসা"" ইতিবাচক অনুভূতি দেখায়।  
3. ""গুনি অভিনেতা"" প্রশংসামূলক শব্দ।","1. ""ভাই"" শব্দে স্নেহ প্রকাশ পায়।  
2. ""ভালোবাসা"" ইতিবাচক অনুভূতি নির্দেশ করে।  
3. ""গুনি অভিনেতা"" প্রশংসা বোঝায়।","1. ""ভাই"" শব্দে স্নেহ প্রকাশ পায়।  
2. ""ভালোবাসা"" ইতিবাচক অনুভূতি নির্দেশ করে।  
3. ""গুনি অভিনেতা"" প্রশংসা বোঝায়।","1. ""ভাই"" শব্দে স্নেহ ও ঘনিষ্ঠতা প্রকাশ পায়।  
2. ""ভালোবাসা"" শব্দটি ইতিবাচক আবেগ বহন করে।  
3. ""গুনি অভিনেতা"" দিয়ে প্রশংসা ফুটে উঠেছে।","1. ""ভাই"" শব্দে স্নেহ প্রকাশ পায়।  
2. ""ভালোবাসা"" ইতিবাচক আবেগ দেখায়।  
3. ""গুনি অভিনেতা"" প্রশংসা বোঝায়।","1. ""ভাই"" শব্দে আন্তরিকতা ফুটে উঠেছে।  
2. ""ভালোবাসা"" শব্দে ইতিবাচক অনুভূতি প্রকাশ পেয়েছে।  
3. ""গুনি অভিনেতা"" বলে প্রশংসা করা হয়েছে।","1. ""ভাই"" শব্দে আন্তরিক সম্পর্ক বোঝায়।  
2. ""ভালোবাসা"" শব্দে ইতিবাচক আবেগ প্রকাশিত।  
3. ""গুনি অভিনেতা"" বলে সম্মান দেখানো হয়েছে।"
ভাইকে অনেক ধন্যবাদ,Gender,Not Hateful,"কৃতজ্ঞতা প্রকাশ এবং নেতিবাচকতা মুক্ত।
সাধারণ ধন্যবাদসূচক মন্তব্য।
শুভেচ্ছা জানিয়ে সমর্থন প্রকাশ।","1. ""ভাইকে ধন্যবাদ বলা কৃতজ্ঞতা প্রকাশ করে।""  
2. ""এটি নেতিবাচক শব্দমুক্ত বাক্য।""  
3. ""শুভেচ্ছা ও সমর্থন ফুটে উঠেছে।""","1. ""ভাইকে ধন্যবাদ বলা ইতিবাচক অনুভূতি প্রকাশ করে।""  
2. ""বাক্যটিতে কোনো বিদ্বেষপূর্ণ শব্দ নেই।""  
3. ""এটি শুভেচ্ছা ও কৃতজ্ঞতা নির্দেশ করে।""","1. ""ভাইকে ধন্যবাদ বলা ইতিবাচক বাক্য।""  
2. ""বিদ্বেষপূর্ণ শব্দ নেই এখানে।""  
3. ""শুভেচ্ছা প্রকাশ পায় বাক্যে।""","1. ""ভাইকে ধন্যবাদ দেওয়াটা ইতিবাচক।""  
2. ""কোনো নেতিবাচক শব্দ নেই।""  
3. ""শুভেচ্ছা প্রকাশের ভাষা।""","1. ""ভাইকে ধন্যবাদ বলা ভালোবাসার প্রকাশ।""  
2. ""ইতিবাচক শব্দ ব্যবহার করা হয়েছে।""  
3. ""শুভেচ্ছা বোঝায়, বিদ্বেষ নয়।""","1. ""ভাইকে ধন্যবাদ বলা ইতিবাচক অনুভূতি প্রকাশ করে।""  
2. ""শুভেচ্ছা বোঝাতে ব্যবহৃত হয়েছে।""  
3. ""বিদ্বেষমূলক কোনো শব্দ নেই।""","1. ""ভাইকে ধন্যবাদ বলা ইতিবাচক বাক্য।""  
2. ""কোনো নেতিবাচক শব্দ নেই।""  
3. ""শুভেচ্ছা প্রকাশের জন্য বলা হয়েছে।""","1. ""ভাইকে ধন্যবাদ বলা ইতিবাচক।""  
2. ""শুভেচ্ছা প্রকাশ করা হয়েছে।""  
3. ""কোনো ঘৃণা নেই বাক্যে।""","1. ""ভাইকে ধন্যবাদ দেওয়া ভালোবাসার প্রকাশ।""  
2. ""শুভেচ্ছামূলক বাক্যে ঘৃণা নেই।""  
3. ""ইতিবাচক অনুভূতি প্রকাশ পেয়েছে।""","1. ""ভাইকে ধন্যবাদ দেওয়া ভালোবাসা দেখায়।""  
2. ""এটি শুভেচ্ছামূলক ও ইতিবাচক।""  
3. ""ঘৃণার কোনো ভাষা নেই এখানে।""","1. ""ভাইকে ধন্যবাদ বলা ইতিবাচক অনুভূতি প্রকাশ করে।""  
2. ""এটি শুভেচ্ছা ও ভালোবাসার বার্তা বহন করে।""  
3. ""এখানে কোনো বিদ্বেষ বা ঘৃণা নেই।""","1. ""ভাইকে ধন্যবাদ বলা ইতিবাচক কথা।""  
2. ""এটি ভালোবাসার প্রকাশ।""  
3. ""কোনো বিদ্বেষ নেই এখানে।""","1. ""ভাইকে ধন্যবাদ বলা সুন্দর অভিব্যক্তি।""  
2. ""এখানে কোনো নেতিবাচকতা নেই।""  
3. ""ভালোবাসা ও শ্রদ্ধা প্রকাশ পেয়েছে।""","1. ""ভাইকে ধন্যবাদ বলা ইতিবাচক অভিব্যক্তি।""  
2. ""শ্রদ্ধা ও কৃতজ্ঞতা প্রকাশ পেয়েছে।""  
3. ""কোনো বিদ্বেষ বা ঘৃণা নেই।""","1. ""ভাইকে ধন্যবাদ বলা ইতিবাচক বাক্য।""  
2. ""শ্রদ্ধা প্রকাশের জন্য বলা হয়েছে।""  
3. ""এতে ঘৃণার কোনো ভাষা নেই।""","1. ""ভাইকে ধন্যবাদ দেওয়া ইতিবাচক অভিব্যক্তি।""  
2. ""শ্রদ্ধা বা কৃতজ্ঞতা প্রকাশ করা হয়েছে।""  
3. ""ঘৃণামূলক শব্দ ব্যবহার করা হয়নি।""","1. ""ইতিবাচক অভিব্যক্তি প্রকাশ করা হয়েছে।""  
2. ""কোনো ঘৃণামূলক শব্দ নেই।""  
3. ""শ্রদ্ধা বা কৃতজ্ঞতা দেখানো হয়েছে।""","1. ""ভাইকে ধন্যবাদ দেওয়ায় ইতিবাচকতা প্রকাশ পেয়েছে।""  
2. ""শব্দগুলোতে কোনো ঘৃণা বা বিদ্বেষ নেই।""  
3. ""কৃতজ্ঞতা প্রকাশের জন্য বলা হয়েছে।""","1. ""ভাইকে ধন্যবাদ বলা ইতিবাচক অনুভূতি প্রকাশ করে।""  
2. ""এখানে কোনো নেতিবাচক শব্দ ব্যবহার করা হয়নি।""  
3. ""কৃতজ্ঞতা প্রকাশের জন্য সাধারণ বাক্য ব্যবহৃত হয়েছে।""","1. ""ইতিবাচক অনুভূতি প্রকাশ পেয়েছে।""  
2. ""কোনো নেতিবাচক শব্দ নেই।""  
3. ""কৃতজ্ঞতা প্রকাশের সাধারণ বাক্য।""","1. ""ভাইকে ধন্যবাদ দেওয়ায় ইতিবাচকতা ফুটে উঠেছে।""  
2. ""শব্দগুলোতে কোনো বিদ্বেষ বা নেতিবাচকতা নেই।""  
3. ""এটি কৃতজ্ঞতা প্রকাশের সাধারণ ও সৌজন্যমূলক বাক্য।"""
ভাইয়া তুমিতো পুরা ফাটাইয়া দিছো...দারুণ অভিনয় করছো,Gender,Not Hateful,"অভিনয়ের প্রতি উচ্ছ্বাস প্রকাশ।
ইতিবাচক এবং মুগ্ধতার বার্তা।
কোনো নেতিবাচকতা নেই, সম্পূর্ণ প্রশংসাসূচক।","1. ""ভাইয়া"" সম্মানসূচক সম্বোধন, ইতিবাচক আবেগ।  
2. ""দারুণ অভিনয়"" সরাসরি প্রশংসা বোঝায়।  
3. ""ফাটাইয়া দিছো"" উচ্ছ্বাস প্রকাশ করে, নেতিবাচকতা নেই।","1. ""ভাইয়া"" সম্মানজনক শব্দ, ইতিবাচক।  
2. ""দারুণ অভিনয়"" প্রশংসামূলক উক্তি।  
3. ""ফাটাইয়া দিছো"" উৎসাহ প্রকাশ করে।","1. ""ভাইয়া"" সম্মানসূচক শব্দ ব্যবহার করা হয়েছে।  
2. ""দারুণ অভিনয়"" প্রশংসা বোঝাচ্ছে।  
3. ""ফাটাইয়া দিছো"" ইতিবাচক উৎসাহ প্রকাশ করছে।","1. ""ভাইয়া"" ব্যবহারে শ্রদ্ধা প্রকাশ পেয়েছে।  
2. ""দারুণ অভিনয়"" ইতিবাচক মতামত।  
3. ""ফাটাইয়া দিছো"" প্রশংসা বোঝাচ্ছে।","1. ""ভাইয়া"" শব্দে সম্মান প্রকাশ পায়।  
2. ""দারুণ অভিনয়"" ইতিবাচক অনুভূতি দেখায়।  
3. ""ফাটাইয়া দিছো"" প্রশংসার ইঙ্গিত দেয়।","1. ""ভাইয়া"" সম্মানজনক সম্বোধন।  
2. ""দারুণ অভিনয়"" প্রশংসামূলক অভিব্যক্তি।  
3. ""ফাটাইয়া দিছো"" ইতিবাচক প্রতিক্রিয়া।","1. ""ভাইয়া"" ব্যবহারে শ্রদ্ধা প্রকাশ পায়।  
2. ""দারুণ অভিনয়"" বলায় প্রশংসা বোঝায়।  
3. ""ফাটাইয়া দিছো"" ইতিবাচক আবেগ দেখায়।","1. ""ভাইয়া"" শব্দে সম্মান ও স্নেহ প্রকাশ পায়।  
2. ""দারুণ অভিনয়"" প্রশংসামূলক ভাষা নির্দেশ করে।  
3. ""ফাটাইয়া দিছো"" এখানে ইতিবাচক অর্থে ব্যবহৃত হয়েছে।","1. ""ভাইয়া"" শব্দে স্নেহ ও সম্মান ফুটে উঠেছে।  
2. ""দারুণ অভিনয়"" বলায় প্রশংসা বোঝানো হয়েছে।  
3. ""ফাটাইয়া দিছো"" ইতিবাচক ভাব প্রকাশ করে।","১. ""ভাইয়া"" শব্দে স্নেহ প্রকাশ পায়।  
২. ""দারুণ অভিনয়"" প্রশংসা নির্দেশ করে।  
৩. ""ফাটাইয়া দিছো"" ইতিবাচক ভাব প্রকাশ করে।","১. ""ভাইয়া"" শব্দে স্নেহের প্রকাশ আছে।  
২. ""দারুণ"" শব্দে প্রশংসা বোঝায়।  
৩. ""ফাটাইয়া দিছো"" ইতিবাচক অর্থ বহন করে।","১. ""ভাইয়া"" শব্দে স্নেহ প্রকাশ পায়।  
২. ""দারুণ"" দিয়ে প্রশংসা বোঝানো হয়েছে।  
৩. ""ফাটাইয়া দিছো"" ইতিবাচক অর্থে ব্যবহৃত।","১. ""ভাইয়া"" শব্দে স্নেহের প্রকাশ আছে।  
২. ""দারুণ"" শব্দে প্রশংসা ফুটে উঠেছে।  
৩. ""ফাটাইয়া দিছো"" ইতিবাচক ভাব প্রকাশ করে।","১. ""ভাইয়া"" শব্দে স্নেহ প্রকাশ পায়।  
২. ""দারুণ"" দিয়ে প্রশংসা বোঝানো হয়েছে।  
৩. ""ফাটাইয়া দিছো"" ইতিবাচক অর্থ বহন করে।","১. ""ভাইয়া"" শব্দে স্নেহের প্রকাশ আছে।  
২. ""দারুণ"" শব্দে প্রশংসা ফুটে উঠেছে।  
৩. ""ফাটাইয়া দিছো"" এখানে ইতিবাচক অর্থে ব্যবহৃত হয়েছে।","১. ""ভাইয়া"" শব্দে স্নেহ প্রকাশ পায়।  
২. ""দারুণ"" শব্দে প্রশংসা বোঝায়।  
৩. ""ফাটাইয়া দিছো"" ইতিবাচক অর্থে ব্যবহৃত।","১. ""ভাইয়া"" শব্দে স্নেহ প্রকাশ পায়।  
২. ""দারুণ"" শব্দে প্রশংসা বোঝানো হয়েছে।  
৩. ""ফাটাইয়া দিছো"" এখানে ইতিবাচক অর্থে ব্যবহৃত হয়েছে।","১. ""ভাইয়া"" শব্দে স্নেহের প্রকাশ।  
২. ""দারুণ"" দিয়ে প্রশংসা করা হয়েছে।  
৩. ""ফাটাইয়া দিছো"" ইতিবাচক অর্থে।","১. ""ভাইয়া"" শব্দে স্নেহ প্রকাশ পায়।  
২. ""দারুণ"" শব্দে প্রশংসা বোঝানো হয়েছে।  
৩. ""ফাটাইয়া দিছো"" ইতিবাচক ভাব প্রকাশ করে।","১. ""ভাইয়া"" শব্দে স্নেহের প্রকাশ স্পষ্ট।  
২. ""দারুণ"" দিয়ে প্রশংসা ফুটে উঠেছে।  
৩. ""ফাটাইয়া দিছো"" ইতিবাচক অর্থ বহন করে।","১. ""ভাইয়া"" শব্দে স্নেহ প্রকাশ পায়।  
২. ""দারুণ"" শব্দে প্রশংসা বোঝায়।  
৩. ""ফাটাইয়া দিছো"" ইতিবাচক অর্থে ব্যবহৃত।"
ভাইয়ের নাটকে নতুন চমক থাকবেই ... অসাধারণ গল্প,Gender,Not Hateful,"নাটকের গল্প এবং অভিনয়ের মানের প্রতি প্রশংসা।
নতুনত্ব এবং সৃজনশীলতার প্রতি স্বীকৃতি।
ইতিবাচক মনোভাব প্রকাশ।","১. গল্পের নতুনত্বের প্রশংসা করা হয়েছে।  
২. নাটকের মান সম্পর্কে ইতিবাচক মন্তব্য।  
৩. সৃজনশীলতার স্বীকৃতি দেওয়া হয়েছে।","১. গল্পের নতুনত্বের প্রশংসা স্পষ্ট।  
২. নাটকের মান সম্পর্কে ইতিবাচক কথা।  
৩. সৃজনশীলতার স্বীকৃতি দেওয়া হয়েছে।","১. গল্পের নতুনত্বের প্রশংসা করা হয়েছে।  
২. নাটকের মান সম্পর্কে ইতিবাচক মন্তব্য।  
৩. সৃজনশীলতার স্বীকৃতি দেওয়া হয়েছে।","১. গল্পের নতুনত্বের প্রশংসা স্পষ্ট।  
২. নাটকের মান সম্পর্কে ইতিবাচক কথা।  
৩. সৃজনশীলতার স্বীকৃতি ফুটে উঠেছে।","১. গল্পের নতুনত্বের প্রশংসা করা হয়েছে।  
২. নাটকের মান সম্পর্কে ইতিবাচক মন্তব্য।  
৩. সৃজনশীলতার স্বীকৃতি দেওয়া হয়েছে।","১. গল্পের নতুনত্বের প্রশংসা করা হয়েছে।  
২. নাটকের মান সম্পর্কে ইতিবাচক মন্তব্য।  
৩. সৃজনশীলতার স্বীকৃতি দেওয়া হয়েছে।","১. গল্পের নতুনত্বের প্রশংসা করা হয়েছে।  
২. নাটকের মান সম্পর্কে ইতিবাচক মন্তব্য।  
৩. সৃজনশীলতার স্বীকৃতি দেওয়া হয়েছে।","১. গল্পের নতুনত্বের প্রশংসা স্পষ্ট।  
২. নাটকের মান নিয়ে ইতিবাচক কথা।  
৩. সৃজনশীলতার স্বীকৃতি ফুটে উঠেছে।","১. গল্পের নতুনত্বের প্রশংসা করা হয়েছে।  
২. নাটকের মান সম্পর্কে ইতিবাচক মন্তব্য।  
৩. সৃজনশীলতার প্রতি স্বীকৃতি দেখা যাচ্ছে।","১. গল্পের নতুনত্বের প্রশংসা করা হয়েছে।  
২. নাটকের মান সম্পর্কে ইতিবাচক মন্তব্য।  
৩. সৃজনশীলতার প্রতি স্বীকৃতি দেখা যাচ্ছে।","১. গল্পের নতুনত্বের প্রশংসা করা হয়েছে।  
২. নাটকের মান সম্পর্কে ইতিবাচক মন্তব্য।  
৩. সৃজনশীলতার প্রতি স্বীকৃতি দেখা যাচ্ছে।","১. গল্পের নতুনত্বের প্রশংসা স্পষ্ট।  
২. নাটকের মান সম্পর্কে ইতিবাচক কথা।  
৩. সৃজনশীলতার স্বীকৃতি ফুটে উঠেছে।","১. গল্পের নতুনত্বের প্রশংসা করা হয়েছে।  
২. নাটকের মান সম্পর্কে ইতিবাচক মন্তব্য।  
৩. সৃজনশীলতার স্বীকৃতি দেওয়া হয়েছে।","১. গল্পের নতুনত্বের প্রশংসা করা হয়েছে।  
২. নাটকের মান সম্পর্কে ইতিবাচক মন্তব্য।  
৩. সৃজনশীলতার স্বীকৃতি দেওয়া হয়েছে।","১. গল্পের নতুনত্বের প্রশংসা স্পষ্ট।  
২. নাটকের মান সম্পর্কে ইতিবাচক কথা।  
৩. সৃজনশীলতার স্বীকৃতি ফুটে উঠেছে।","১. গল্পের প্রশংসা স্পষ্টভাবে বলা হয়েছে।  
২. নাটকের মান সম্পর্কে ইতিবাচক মন্তব্য।  
৩. সৃজনশীলতার স্বীকৃতি প্রকাশ পেয়েছে।","১. গল্পের প্রশংসা স্পষ্টভাবে বলা হয়েছে।  
২. নাটকের মান সম্পর্কে ইতিবাচক মন্তব্য।  
৩. সৃজনশীলতার স্বীকৃতি প্রকাশ পেয়েছে।","১. গল্পের প্রশংসা স্পষ্টভাবে করা হয়েছে।  
২. নাটকের মান সম্পর্কে ইতিবাচক কথা বলা।  
৩. সৃজনশীলতার স্বীকৃতি দেওয়া হয়েছে।","১. গল্পের প্রশংসা স্পষ্টভাবে করা হয়েছে।  
২. নাটকের মান সম্পর্কে ইতিবাচক কথা বলা।  
৩. সৃজনশীলতার স্বীকৃতি দেওয়া হয়েছে।","১. গল্পের প্রশংসা করা হয়েছে ""অসাধারণ"" শব্দে।  
২. ""নতুন চমক"" বলায় নাটকের মান ইতিবাচক।  
৩. ""সৃজনশীলতা"" ফুটে উঠেছে গল্পের বর্ণনায়।","১. ""অসাধারণ"" শব্দে ইতিবাচকতা প্রকাশ পেয়েছে।  
২. ""নতুন চমক"" বলায় উদ্ভাবনী মান নির্দেশিত।  
৩. গল্পের বর্ণনায় সৃজনশীলতার প্রশংসা করা হয়েছে।"
ভাই সুপার নাটক করেন আপনি।,Gender,Not Hateful,"নাটকের মান এবং কাজের প্রতি উচ্চ প্রশংসা।
অভিনেতার প্রতি ইতিবাচক প্রতিক্রিয়া।
নেতিবাচক কোনো উপাদান নেই।","১. অভিনেতার দক্ষতা প্রশংসিত।  
২. নাটকের মান উল্লেখ করা হয়েছে।  
৩. ইতিবাচক প্রতিক্রিয়া প্রকাশিত।","১. অভিনেতার দক্ষতা প্রশংসা করা হয়েছে।  
২. নাটকের মান সম্পর্কে ইতিবাচক মন্তব্য।  
৩. ইতিবাচক প্রতিক্রিয়া প্রকাশ করা হয়েছে।","১. ""ভাই"" সম্মানসূচক শব্দ হিসেবে ব্যবহৃত হয়েছে।  
২. ""সুপার"" শব্দে প্রশংসা বোঝানো হয়েছে।  
৩. ""নাটক"" এর ভালো দিক উল্লেখ করা হয়েছে।","১. ""ভাই"" শব্দে সম্মান প্রকাশ পেয়েছে।  
২. ""সুপার"" দিয়ে ইতিবাচক অনুভূতি বুঝানো হয়েছে।  
৩. ""নাটক"" এখানে প্রশংসার অর্থে ব্যবহৃত হয়েছে।","১. ""ভাই"" শব্দে স্নেহ ও সম্মান প্রকাশ পায়।  
২. ""সুপার"" ইতিবাচক আবেগ নির্দেশ করে।  
৩. ""নাটক"" এখানে প্রশংসার সংকেত দেয়।","১. ""ভাই"" শব্দে স্নেহ প্রকাশ পায়।  
২. ""সুপার"" দিয়ে ইতিবাচকতা বোঝায়।  
৩. ""নাটক"" এখানে প্রশংসা বোঝানো হয়েছে।","১. ""ভাই"" শব্দে ঘনিষ্ঠতা প্রকাশ পায়।  
২. ""সুপার"" শব্দে ইতিবাচক আবেগ ফুটে উঠেছে।  
৩. ""নাটক"" শব্দে দক্ষতার প্রশংসা করা হয়েছে।","১. ""ভাই"" শব্দে আন্তরিকতা প্রকাশ পায়।  
২. ""সুপার"" শব্দে প্রশংসা বোঝানো হয়েছে।  
৩. ""নাটক"" শব্দে দক্ষতার ইঙ্গিত রয়েছে।","১. ""ভাই"" শব্দে স্নেহ প্রকাশ পায়।  
২. ""সুপার"" দিয়ে ভালো কাজ বোঝানো হয়েছে।  
৩. ""নাটক"" শব্দে পারদর্শিতা ফুটে উঠেছে।","১. ""ভাই"" শব্দে স্নেহের প্রকাশ আছে।  
২. ""সুপার"" শব্দে প্রশংসা বোঝানো হয়েছে।  
৩. ""নাটক"" শব্দে দক্ষতা ফুটে উঠেছে।","১. ""ভাই"" শব্দে স্নেহ প্রকাশ পায়।  
২. ""সুপার"" শব্দে ইতিবাচক অনুভূতি।  
৩. ""নাটক"" শব্দে দক্ষতার ইঙ্গিত।","১. ""ভাই"" শব্দে সম্পর্কের স্নেহ ফুটে উঠেছে।  
২. ""সুপার"" শব্দে প্রশংসার ভাব প্রকাশ পেয়েছে।  
৩. ""নাটক"" শব্দে দক্ষতার প্রতি ইঙ্গিত করা হয়েছে।","১. ""ভাই"" শব্দে স্নেহের প্রকাশ আছে।  
২. ""সুপার"" দিয়ে ইতিবাচকতা বোঝানো হয়েছে।  
৩. ""নাটক"" শব্দে দক্ষতার প্রশংসা করা হয়েছে।","১. ""ভাই"" শব্দে সম্পর্কের স্নেহ প্রকাশ পায়।  
২. ""সুপার"" শব্দে ইতিবাচক অনুভূতি ফুটে উঠেছে।  
৩. ""নাটক"" শব্দে দক্ষতার প্রশংসা করা হয়েছে।","১. ""ভাই"" শব্দে স্নেহের প্রকাশ আছে।  
২. ""সুপার"" দিয়ে ইতিবাচকতা বোঝায়।  
৩. ""নাটক"" শব্দে প্রশংসা ফুটে উঠেছে।","১. ""ভাই"" শব্দে সম্পর্কের সৌহার্দ্য প্রকাশ পায়।  
২. ""সুপার"" শব্দে ইতিবাচক আবেগ ফুটে ওঠে।  
৩. ""নাটক"" শব্দে দক্ষতার প্রশংসা করা হয়েছে।","১. ""ভাই"" শব্দে স্নেহময় সম্পর্ক বোঝায়।  
২. ""সুপার"" শব্দে প্রশংসা প্রকাশ পায়।  
৩. ""নাটক"" শব্দে দক্ষতার ইঙ্গিত রয়েছে।","১. ""ভাই"" শব্দে আন্তরিকতা ফুটে উঠেছে।  
২. ""সুপার"" বলায় ইতিবাচক আবেগ প্রকাশ পেয়েছে।  
৩. ""নাটক"" শব্দে দক্ষতার প্রশংসা করা হয়েছে।","১. ""ভাই"" শব্দে সম্পর্কের স্নেহ প্রকাশ পায়।  
২. ""সুপার"" শব্দে উচ্ছ্বাস ফুটে উঠেছে।  
৩. ""নাটক"" শব্দে পারদর্শিতার প্রশংসা রয়েছে।","১. ""ভাই"" শব্দে স্নেহের প্রকাশ স্পষ্ট।  
২. ""সুপার"" বলতে ইতিবাচক আবেগ বোঝায়।  
৩. ""নাটক"" শব্দে দক্ষতার প্রশংসা করা হয়েছে।","১. ""ভাই"" শব্দে স্নেহ প্রকাশ পায়।  
২. ""সুপার"" শব্দে ইতিবাচকতা ফুটে ওঠে।  
৩. ""নাটক"" শব্দে প্রশংসা বোঝানো হয়েছে।"
নাটক টা খুব ভালো লাগলো মিথিলাকে,Gender,Not Hateful,"মিথিলার অভিনয়ের প্রতি প্রশংসা প্রকাশ।
নাটকের প্রতি ইতিবাচক অভিমত।
কোনো নেতিবাচক বা বিদ্বেষপূর্ণ উপাদান নেই।","1. নাটকের প্রশংসা করা হয়েছে।  
2. মিথিলার অভিনয়ের প্রতি ইতিবাচক মন্তব্য।  
3. কোনো নেতিবাচকতা নেই।","১. নাটকের প্রশংসা স্পষ্টভাবে করা হয়েছে।  
২. মিথিলার অভিনয়ের প্রতি ইতিবাচকতা প্রকাশিত।  
৩. কোনো নেতিবাচক শব্দ বা ভাবনা নেই।","১. নাটকের প্রশংসা স্পষ্ট।  
২. মিথিলার অভিনয় ইতিবাচক।  
৩. কোনো নেতিবাচকতা নেই।","১. নাটকের প্রশংসা করা হয়েছে।  
২. মিথিলার প্রতি ইতিবাচক মন্তব্য।  
৩. কোনো বিদ্বেষপূর্ণ ভাষা নেই।","১. নাটকের প্রশংসা স্পষ্টভাবে বলা হয়েছে।  
২. মিথিলার প্রতি ভালো লাগার কথা উল্লেখ আছে।  
৩. কোনো নেতিবাচক শব্দ ব্যবহার করা হয়নি।","১. নাটকের প্রশংসা স্পষ্টভাবে বলা হয়েছে।  
২. ইতিবাচক অনুভূতি প্রকাশ পেয়েছে।  
৩. ঘৃণামূলক শব্দ নেই।","১. নাটকের প্রশংসা করা হয়েছে।  
২. ইতিবাচক ভাব প্রকাশ পেয়েছে।  
৩. কোনো ঘৃণার শব্দ নেই।","১. নাটকের প্রশংসা করা হয়েছে।  
২. ইতিবাচক অনুভূতি প্রকাশ পেয়েছে।  
৩. ঘৃণামূলক শব্দ ব্যবহার করা হয়নি।","১. নাটকের প্রশংসা করা হয়েছে।  
২. ইতিবাচক অনুভূতি প্রকাশ পেয়েছে।  
৩. ঘৃণামূলক শব্দ ব্যবহার করা হয়নি।","১. নাটকের প্রশংসা করা হয়েছে।  
২. ইতিবাচক অনুভূতি প্রকাশ পেয়েছে।  
৩. ঘৃণামূলক শব্দ ব্যবহার করা হয়নি।","১. নাটকের প্রতি ইতিবাচক প্রতিক্রিয়া ব্যক্ত হয়েছে।  
২. কোনো নেতিবাচক বা আক্রমণাত্মক শব্দ নেই।  
৩. শুধু প্রশংসামূলক অনুভূতি প্রকাশ করা হয়েছে।","১. নাটকের প্রশংসা করা হয়েছে।  
২. কোনো অপমান বা বিদ্বেষ নেই।  
৩. শুধু ইতিবাচক অনুভূতি প্রকাশিত।","১. নাটকের প্রশংসা করা হয়েছে।  
২. কোনো নেতিবাচক শব্দ ব্যবহার করা হয়নি।  
৩. শুধু ইতিবাচক অনুভূতি প্রকাশ করা হয়েছে।","১. নাটকের প্রশংসা করা হয়েছে।  
২. ইতিবাচক শব্দ ব্যবহৃত হয়েছে।  
৩. কোনো বিদ্বেষপূর্ণ ভাষা নেই।","১. নাটকের প্রশংসা করা হয়েছে।  
২. ইতিবাচক অনুভূতি প্রকাশ পেয়েছে।  
৩. বিদ্বেষপূর্ণ শব্দ নেই।","১. নাটকের প্রশংসা করা হয়েছে।  
২. ইতিবাচক অনুভূতি প্রকাশ পেয়েছে।  
৩. বিদ্বেষপূর্ণ শব্দ নেই।","১. নাটকের প্রশংসা করা হয়েছে।  
২. ইতিবাচক অনুভূতি প্রকাশ পেয়েছে।  
৩. বিদ্বেষপূর্ণ শব্দ নেই।","১. নাটকের প্রশংসা করা হয়েছে।  
২. ইতিবাচক অনুভূতি প্রকাশ পেয়েছে।  
৩. বিদ্বেষপূর্ণ শব্দ নেই।","১. নাটকের প্রশংসা করা হয়েছে।  
২. ইতিবাচক অনুভূতি প্রকাশ পেয়েছে।  
৩. বিদ্বেষপূর্ণ শব্দ নেই।","১. নাটকের প্রশংসা স্পষ্টভাবে বলা হয়েছে।  
২. ইতিবাচক শব্দ ব্যবহার করা হয়েছে।  
৩. কোনো নেতিবাচক শব্দ নেই।","১. নাটকের প্রশংসা স্পষ্টভাবে বলা হয়েছে।  
২. ইতিবাচক অনুভূতি প্রকাশ পেয়েছে।  
৩. কোনো বিদ্বেষপূর্ণ শব্দ নেই।"
আরিয়ান ভাইয়ার প্রত্যেকটা নাটকই একটা থেকে অন্যটা আলাদা। উনার প্রতিটা নাটকই অসাধারন।,Gender,Not Hateful,"পরিচালকের সৃজনশীলতার প্রতি প্রশংসা।
নাটকের বৈচিত্র্যের প্রতি ইতিবাচক মন্তব্য।
কোনো নেতিবাচকতা নেই, কেবল প্রশংসাসূচক।","১. নাটকের প্রশংসা করা হয়েছে।  
২. পরিচালকের সৃজনশীলতার প্রশংসা।  
৩. ইতিবাচক মন্তব্য আছে।","১. নাটকের গুণগত মানের প্রশংসা করা হয়েছে।  
২. পরিচালকের দক্ষতার প্রতি ইতিবাচক প্রতিক্রিয়া।  
৩. সৃজনশীলতার জন্য প্রশংসা ব্যক্ত করা হয়েছে।","১. নাটকের গুণগত মান উল্লেখ করা হয়েছে।  
২. পরিচালকের কাজের প্রশংসা করা হয়েছে।  
৩. সৃজনশীলতার জন্য প্রশংসা ব্যক্ত করা।","১. নাটকের বৈচিত্র্য উল্লেখ করা হয়েছে।  
২. পরিচালকের দক্ষতার প্রশংসা আছে।  
৩. সৃজনশীলতার জন্য প্রশংসা করা হয়েছে।","১. আরিয়ান ভাইয়ার নাটকগুলোর বৈচিত্র্য বর্ণনা করা হয়েছে।  
২. পরিচালকের অসাধারণ কাজের প্রশংসা করা হয়েছে।  
৩. সৃজনশীলতার জন্য উনি প্রশংসিত হয়েছেন।","১. নাটকের বৈচিত্র্য উল্লেখ করা হয়েছে।  
২. পরিচালকের কাজের প্রশংসা আছে।  
৩. সৃজনশীলতার জন্য প্রশংসা করা হয়েছে।","১. আরিয়ান ভাইয়ার নাটকগুলোর বৈচিত্র্য বর্ণনা করা হয়েছে।  
২. পরিচালকের অসাধারণ কাজের প্রশংসা করা হয়েছে।  
৩. সৃজনশীলতার জন্য উনি প্রশংসিত হয়েছেন।","১. নাটকের বৈচিত্র্য উল্লেখ করা হয়েছে।  
২. পরিচালকের কাজের প্রশংসা করা হয়েছে।  
৩. সৃজনশীলতার জন্য প্রশংসা করা হয়েছে।","১. আরিয়ান ভাইয়ার নাটকের ভিন্নতা বর্ণনা করা হয়েছে।  
২. পরিচালকের দক্ষতার প্রশংসা প্রকাশ পেয়েছে।  
৩. সৃজনশীলতার জন্য প্রশংসা করা হয়েছে।","১. আরিয়ান ভাইয়ার নাটকের বৈচিত্র্য উল্লেখ করা হয়েছে।  
২. পরিচালকের সৃজনশীলতার প্রশংসা করা হয়েছে।  
৩. প্রতিটি নাটকের গুণগত মানের প্রশংসা করা হয়েছে।","১. আরিয়ানের নাটকের ভিন্নতা বর্ণনা করা হয়েছে।  
২. সৃজনশীলতার প্রশংসা স্পষ্ট।  
৩. প্রতিটি নাটকের মানের প্রশংসা আছে।","১. আরিয়ানের নাটকের বৈচিত্র্য উল্লেখ করা হয়েছে।  
২. সৃজনশীলতার জন্য প্রশংসা করা হয়েছে।  
৩. প্রতিটি নাটকের গুণগত মানের প্রশংসা আছে।","১. নাটকের বৈচিত্র্য স্পষ্টভাবে বর্ণনা করা হয়েছে।  
২. সৃজনশীলতার প্রশংসা স্পষ্ট।  
৩. গুণগত মানের উল্লেখ আছে।","১. নাটকের ভিন্নতা উল্লেখ করা হয়েছে।  
২. সৃজনশীলতার প্রশংসা করা হয়েছে।  
৩. গুণগত মানের প্রশংসা স্পষ্ট।","১. নাটকের বৈচিত্র্য সম্পর্কে বলা হয়েছে।  
২. সৃজনশীলতার প্রশংসা স্পষ্ট।  
৩. গুণগত মানের উল্লেখ আছে।","১. নাটকের ভিন্নতা উল্লেখ করা হয়েছে।  
২. সৃজনশীলতার প্রশংসা করা হয়েছে।  
৩. গুণগত মানের কথা বলা হয়েছে।","১. নাটকের বৈচিত্র্য সম্পর্কে বলা হয়েছে।  
২. সৃজনশীলতার প্রশংসা প্রকাশ পেয়েছে।  
৩. গুণগত মানের উল্লেখ আছে।","১. নাটকের ভিন্নতা উল্লেখ করা হয়েছে।  
২. সৃজনশীলতার প্রশংসা স্পষ্ট।  
৩. গুণমানের কথা বলা হয়েছে।","১. নাটকের বৈচিত্র্য উল্লেখ করা হয়েছে।  
২. সৃজনশীলতার প্রশংসা স্পষ্ট।  
৩. গুণগত মানের প্রশংসা করা হয়েছে।","১. নাটকের ভিন্নতা সম্পর্কে বলা হয়েছে।  
২. সৃজনশীলতার প্রশংসা স্পষ্টভাবে আছে।  
৩. গুণগত মানের উল্লেখ করা হয়েছে।","১. নাটকের বৈচিত্র্য উল্লেখ করা হয়েছে।  
২. সৃজনশীলতার প্রশংসা স্পষ্ট।  
৩. গুণগত মানের প্রশংসা করা হয়েছে।"
অপূর্ব মানে আসাধারন কিছু একটা,Gender,Not Hateful,"অপূর্বের কাজের প্রতি গভীর প্রশংসা।
ইতিবাচক এবং অনুপ্রেরণামূলক প্রতিক্রিয়া।
নেতিবাচক কোনো ইঙ্গিত নেই।","১. অপূর্বের কাজ প্রশংসনীয়।  
২. ইতিবাচক প্রতিক্রিয়া প্রকাশিত।  
৩. নেতিবাচকতা অনুপস্থিত।","১. ""অপূর্ব"" শব্দটি ইতিবাচক অর্থ বহন করে।  
২. বাক্যটিতে প্রশংসার ভাব প্রকাশ পেয়েছে।  
৩. নেতিবাচক কোনো শব্দ বা ভাব নেই।","১. ""অপূর্ব"" শব্দটি প্রশংসাসূচক।  
২. বাক্যটিতে ইতিবাচক ভাব ফুটে উঠেছে।  
৩. কোনো নেতিবাচক শব্দ ব্যবহৃত হয়নি।","১. ""অপূর্ব"" শব্দটি প্রশংসা বোঝায়।  
২. বাক্যটিতে কোনো নেতিবাচকতা নেই।  
৩. ইতিবাচক শব্দ ব্যবহার করা হয়েছে।","১. ""অপূর্ব"" শব্দটি ইতিবাচক অর্থ বহন করে।  
২. বাক্যটি প্রশংসামূলক ভাব প্রকাশ করে।  
৩. কোনো ঘৃণা বা নেতিবাচকতা নেই।","১. ""অপূর্ব"" শব্দটি প্রশংসা বোঝায়।  
২. বাক্যটিতে ইতিবাচক অনুভূতি আছে।  
৩. ঘৃণার কোনো ইঙ্গিত নেই।","১. ""অপূর্ব"" শব্দটি প্রশংসাসূচক।  
২. বাক্যটি ইতিবাচক ভাব প্রকাশ করে।  
৩. কোনো নেতিবাচকতা বা ঘৃণা নেই।","১. ""অপূর্ব"" শব্দটি প্রশংসা বোঝায়।  
২. বাক্যটিতে ইতিবাচক অনুভূতি আছে।  
৩. ঘৃণার কোনো ভাষা নেই এখানে।","১. ""অপূর্ব"" শব্দটি প্রশংসাসূচক।  
২. বাক্যটি ইতিবাচক ভাব প্রকাশ করে।  
৩. কোনো নেতিবাচক শব্দ নেই এখানে।","১. ""অপূর্ব"" শব্দটি প্রশংসা বোঝায়।  
২. বাক্যটিতে কোনো বিদ্বেষ নেই।  
৩. সম্পূর্ণ ইতিবাচক ভাব প্রকাশ পেয়েছে।","১. ""অপূর্ব"" শব্দটি প্রশংসাসূচক।  
২. কোনো নেতিবাচক অর্থ নেই।  
৩. সম্পূর্ণ ইতিবাচক বাক্য।","১. ""অপূর্ব"" শব্দটি প্রশংসা বোঝায়।  
২. বাক্যটিতে কোনো নেতিবাচকতা নেই।  
৩. সম্পূর্ণ ইতিবাচক অর্থ প্রকাশ করে।","১. ""অপূর্ব"" শব্দটি প্রশংসাসূচক।  
২. বাক্যটি ইতিবাচক অনুভূতি প্রকাশ করে।  
৩. কোনো ঘৃণা বা নেতিবাচকতা নেই।","১. ""অপূর্ব"" শব্দটি প্রশংসা বোঝায়।  
২. বাক্যটিতে ইতিবাচক ভাব প্রকাশ পেয়েছে।  
৩. কোনো নেতিবাচক শব্দ বা ভাব নেই।","১. ""অপূর্ব"" শব্দটি প্রশংসাসূচক।  
২. বাক্যটি ইতিবাচক অনুভূতি প্রকাশ করে।  
৩. কোনো ঘৃণা বা নেতিবাচকতা নেই।","১. ""অপূর্ব"" শব্দটি প্রশংসা বোঝায়।  
২. বাক্যটিতে ইতিবাচক ভাব প্রকাশ পেয়েছে।  
৩. ঘৃণার কোনো ইঙ্গিত নেই এখানে।","১. ""অপূর্ব"" শব্দটি প্রশংসাসূচক।  
২. বাক্যটি ইতিবাচক আবেগ বহন করে।  
৩. ঘৃণার কোনো ভাষা নেই এখানে।","১. ""অপূর্ব"" শব্দটি প্রশংসা বোঝায়।  
২. বাক্যটিতে ইতিবাচক অনুভূতি আছে।  
৩. এখানে ঘৃণার কোনো শব্দ নেই।","১. ""অপূর্ব"" শব্দটি প্রশংসাসূচক।  
২. বাক্যটিতে ইতিবাচক অর্থ প্রকাশ পেয়েছে।  
৩. ঘৃণামূলক কোনো শব্দ ব্যবহৃত হয়নি।","১. ""অপূর্ব"" শব্দটি প্রশংসা বোঝায়।  
২. বাক্যটিতে ইতিবাচক ভাব প্রকাশিত।  
৩. কোনো নেতিবাচক শব্দ ব্যবহার হয়নি।","১. ""অপূর্ব"" শব্দটি প্রশংসাসূচক।  
২. বাক্যটি ইতিবাচক অনুভূতি প্রকাশ করে।  
৩. কোনো বিদ্বেষমূলক শব্দ নেই।"
আরিয়ান কে স্যালুট এত সুন্দর টেলিফিল্ম উপহার দেয়ার জন্য ।,Gender,Not Hateful,"পরিচালকের প্রতি গভীর শ্রদ্ধা ও কৃতজ্ঞতা।
টেলিফিল্মের গুণমানের প্রশংসা।
সম্পূর্ণ ইতিবাচক মনোভাব।","১. আরিয়ানের কাজের প্রশংসা করা হয়েছে।  
২. টেলিফিল্মের গুণগত মানের স্বীকৃতি।  
৩. ইতিবাচক আবেগ প্রকাশ পেয়েছে।","১. আরিয়ানের কাজের প্রশংসা করা হয়েছে।  
২. ইতিবাচক ভাষায় অভিনন্দন জানানো হয়েছে।  
৩. টেলিফিল্মের মানের প্রতি সম্মান দেখানো হয়েছে।","১. আরিয়ানের কাজের প্রশংসা করা হয়েছে।  
২. ইতিবাচক ভাষায় অভিনন্দন জানানো হয়েছে।  
৩. টেলিফিল্মের মানের প্রতি সম্মান দেখানো হয়েছে।","১. আরিয়ানের কাজের প্রশংসা করা হয়েছে।  
২. ইতিবাচক ভাষা ব্যবহার করা হয়েছে।  
৩. টেলিফিল্মের মানের প্রতি সম্মান দেখানো হয়েছে।","১. আরিয়ানের কাজের প্রশংসা করা হয়েছে।  
২. ইতিবাচক শব্দ ব্যবহার করা হয়েছে।  
৩. টেলিফিল্মের মানের প্রতি সম্মান প্রকাশ পেয়েছে।","১. আরিয়ানের কাজের প্রশংসা করা হয়েছে।  
২. ইতিবাচক ভাষা ব্যবহার করা হয়েছে।  
৩. টেলিফিল্মের মানের প্রতি সম্মান দেখানো হয়েছে।","১. আরিয়ানের কাজের প্রশংসা করা হয়েছে।  
২. ইতিবাচক ভাষা ব্যবহার করা হয়েছে।  
৩. টেলিফিল্মের মানের প্রতি সম্মান দেখানো হয়েছে।","১. আরিয়ানের কাজের প্রশংসা স্পষ্ট।  
২. ইতিবাচক শব্দ ব্যবহার করা হয়েছে।  
৩. টেলিফিল্মের মানকে সম্মান দেখানো।","১. আরিয়ানের প্রশংসা করা হয়েছে।  
২. ইতিবাচক ভাষা ব্যবহৃত হয়েছে।  
৩. টেলিফিল্মের গুণগত মান উল্লেখ আছে।","১. আরিয়ানের কাজের প্রশংসা করা হয়েছে।  
২. ইতিবাচক শব্দ ব্যবহার করা হয়েছে।  
৩. টেলিফিল্মের মান সম্পর্কে ভালো বলা হয়েছে।","১. আরিয়ানের কাজের প্রশংসা আছে।  
২. ইতিবাচক শব্দ ব্যবহৃত হয়েছে।  
৩. টেলিফিল্মের মান ভালো বলা।","১. আরিয়ানের কাজের প্রশংসা করা হয়েছে।  
২. ইতিবাচক ভাষা ব্যবহার করা হয়েছে।  
৩. টেলিফিল্মের গুণগত মান উল্লেখ করা হয়েছে।","১. আরিয়ানের কাজের প্রশংসা স্পষ্ট।  
২. ইতিবাচক শব্দ ব্যবহার করা হয়েছে।  
৩. টেলিফিল্মের গুণের কথা বলা হয়েছে।","১. আরিয়ানের প্রশংসা করা হয়েছে।  
২. ইতিবাচক ভাষা ব্যবহৃত হয়েছে।  
৩. টেলিফিল্মের গুণগান করা হয়েছে।","১. আরিয়ানের কাজের প্রশংসা করা হয়েছে।  
২. ইতিবাচক শব্দ ব্যবহার করা হয়েছে।  
৩. টেলিফিল্মের গুণ বলা হয়েছে।","১. আরিয়ানের কাজের প্রশংসা স্পষ্ট।  
২. ইতিবাচক ভাষা ব্যবহৃত হয়েছে।  
৩. টেলিফিল্মের গুণগান করা হয়েছে।","১. আরিয়ানের কাজের প্রশংসা করা হয়েছে।  
২. ইতিবাচক শব্দ ব্যবহার করা হয়েছে।  
৩. টেলিফিল্মের গুণ বলা হয়েছে।","১. আরিয়ানের কাজের প্রশংসা স্পষ্ট।  
২. ""সুন্দর"" শব্দে ইতিবাচকতা ফুটে উঠেছে।  
৩. টেলিফিল্মের গুণগান করা হয়েছে।","১. আরিয়ানের প্রশংসা করা হয়েছে।  
২. ইতিবাচক শব্দ ব্যবহার করা হয়েছে।  
৩. টেলিফিল্মের গুণ বলা হয়েছে।","১. আরিয়ানের কাজের প্রশংসা করা হয়েছে।  
২. ইতিবাচক ভাষায় অভিনন্দন জানানো হয়েছে।  
৩. টেলিফিল্মের মানের কথা উল্লেখ করা হয়েছে।","১. আরিয়ানের কাজের প্রশংসা করা হয়েছে।  
২. ইতিবাচক ভাষায় অভিনন্দন জানানো হয়েছে।  
৩. টেলিফিল্মের মানের কথা উল্লেখ করা হয়েছে।"
ভাইয়া আপনাকে অনেক ধন্যবাদ এতো সুন্দর একটা নাটক উপহার দেওয়ার জন্য,Gender,Not Hateful,"নাটকের মানের প্রতি কৃতজ্ঞতা প্রকাশ।
ইতিবাচক এবং শুভকামনা প্রকাশ।
নেতিবাচক কোনো ইঙ্গিত নেই।","1. ""নাটকের প্রশংসা করা হয়েছে""  
2. ""ধন্যবাদে ইতিবাচক ভাব""  
3. ""কোনো নেতিবাচকতা নেই""","1. ""নাটকের প্রশংসা করা হয়েছে""  
কারণ নাটকের প্রশংসা করা হয়েছে।  

2. ""ধন্যবাদে ইতিবাচক ভাব""  
কারণ ধন্যবাদে ইতিবাচক ভাব প্রকাশ পেয়েছে।  

3. ""কোনো নেতিবাচকতা নেই""  
কারণ বক্তব্যে কোনো নেতিবাচক শব্দ নেই।","1. ""নাটকের প্রশংসা করা হয়েছে""  
কারণ নাটকের প্রশংসা করা হয়েছে।  

2. ""ধন্যবাদে ইতিবাচক ভাব""  
কারণ ধন্যবাদে ইতিবাচক ভাব প্রকাশ পেয়েছে।  

3. ""কোনো নেতিবাচকতা নেই""  
কারণ বক্তব্যে কোনো নেতিবাচক শব্দ নেই।","1. ""নাটকের প্রশংসা করা হয়েছে""  
কারণ নাটকের প্রশংসা করা হয়েছে।  

2. ""ধন্যবাদে ইতিবাচক ভাব""  
কারণ ধন্যবাদে ইতিবাচক ভাব প্রকাশ পেয়েছে।  

3. ""কোনো নেতিবাচকতা নেই""  
কারণ বক্তব্যে কোনো নেতিবাচক শব্দ নেই।","1. ""নাটকের প্রশংসা করা হয়েছে""  
কারণ নাটকের প্রশংসা করা হয়েছে।  

2. ""ধন্যবাদে ইতিবাচক ভাব""  
কারণ ধন্যবাদে ইতিবাচক ভাব প্রকাশ পেয়েছে।  

3. ""কোনো নেতিবাচকতা নেই""  
কারণ বক্তব্যে কোনো নেতিবাচক শব্দ নেই।","1. ""নাটকের প্রশংসা করা হয়েছে""  
কারণ নাটকের প্রশংসা করা হয়েছে।  

2. ""ধন্যবাদে ইতিবাচক ভাব""  
কারণ ধন্যবাদে ইতিবাচক ভাব প্রকাশ পেয়েছে।  

3. ""কোনো নেতিবাচকতা নেই""  
কারণ বক্তব্যে কোনো নেতিবাচক শব্দ নেই।","1. ""নাটকের প্রশংসা করা হয়েছে""  
কারণ নাটকের প্রশংসা করা হয়েছে।  

2. ""ধন্যবাদে ইতিবাচক ভাব""  
কারণ ধন্যবাদে ইতিবাচক ভাব প্রকাশ পেয়েছে।  

3. ""কোনো নেতিবাচকতা নেই""  
কারণ বক্তব্যে কোনো নেতিবাচক শব্দ নেই।","1. ""নাটকের প্রশংসা করা হয়েছে""  
কারণ নাটকের প্রশংসা করা হয়েছে।  

2. ""ধন্যবাদে ইতিবাচক ভাব""  
কারণ ধন্যবাদে ইতিবাচক ভাব প্রকাশ পেয়েছে।  

3. ""কোনো নেতিবাচকতা নেই""  
কারণ বক্তব্যে কোনো নেতিবাচক শব্দ নেই।","1. ""নাটকের প্রশংসা সুন্দরভাবে করা হয়েছে""  
2. ""ধন্যবাদে ইতিবাচক আবেগ প্রকাশিত""  
3. ""বক্তব্যে সম্পূর্ণ ইতিবাচক""","1. ""নাটকের প্রশংসা স্পষ্টভাবে ব্যক্ত করা হয়েছে""  
2. ""ধন্যবাদে ইতিবাচক অনুভূতি ফুটে উঠেছে""  
3. ""বক্তব্যের ভাষা সম্পূর্ণ ইতিবাচক ও শ্রদ্ধাশীল""","1. ""ভালোবাসা ও কৃতজ্ঞতা প্রকাশ পেয়েছে""  
2. ""নাটকের প্রশংসা করা হয়েছে""  
3. ""ভাষায় ইতিবাচক ভাব প্রকাশিত""","1. ""ধন্যবাদ দেওয়ায় কৃতজ্ঞতা প্রকাশ পেয়েছে""  
2. ""নাটকের প্রশংসা সুন্দর বলা হয়েছে""  
3. ""ইতিবাচক ভাষায় ভাব প্রকাশ করা হয়েছে""","1. ""ধন্যবাদ দেওয়ায় কৃতজ্ঞতা প্রকাশ পেয়েছে""  
2. ""নাটকের প্রশংসা সুন্দর বলা হয়েছে""  
3. ""ইতিবাচক ভাষায় ভাব প্রকাশ করা হয়েছে""","১. ""ধন্যবাদে কৃতজ্ঞতা প্রকাশ করা হয়েছে।""  
২. ""নাটকের প্রশংসা সুন্দরভাবে করা হয়েছে।""  
৩. ""ইতিবাচক ভাব প্রকাশ পেয়েছে।""","১. ""ধন্যবাদ দেওয়ায় কৃতজ্ঞতা প্রকাশ পেয়েছে।""  
২. ""নাটকের প্রশংসা সুন্দর ভাষায় করা হয়েছে।""  
৩. ""ভালোবাসা ও ইতিবাচকতা ফুটে উঠেছে।""","১. ""ধন্যবাদে কৃতজ্ঞতা প্রকাশ পেয়েছে।""  
২. ""নাটকের প্রশংসা করা হয়েছে।""  
৩. ""ভালোবাসার প্রকাশ ঘটেছে।""","১. ""ধন্যবাদ দেওয়ায় কৃতজ্ঞতা প্রকাশ পেয়েছে।""  
২. ""নাটকের প্রশংসা স্পষ্টভাবে বলা হয়েছে।""  
৩. ""ভালোবাসা প্রকাশের ভাষা ব্যবহার করা হয়েছে।""","১. ""ধন্যবাদ প্রকাশে কৃতজ্ঞতা ফুটে উঠেছে।""  
২. ""নাটকের প্রশংসা সরাসরি বলা হয়েছে।""  
৩. ""ভালোবাসার ভাষা স্পষ্টভাবে ব্যবহৃত হয়েছে।""","১. ""ধন্যবাদ দেওয়ায় কৃতজ্ঞতা প্রকাশ পেয়েছে।""  
২. ""নাটকের প্রশংসা স্পষ্টভাবে করা হয়েছে।""  
৩. ""ভালোবাসার ভাষা সহজেই বোঝা যাচ্ছে।""","১. ""ধন্যবাদ দিয়ে কৃতজ্ঞতা প্রকাশ করা হয়েছে।""  
২. ""নাটকের প্রশংসা স্পষ্টভাবে বলা হয়েছে।""  
৩. ""ভালোবাসার ভাষা সহজেই ফুটে উঠেছে।""","১. ""ধন্যবাদ দেওয়ায় কৃতজ্ঞতা বোঝা যায়।""  
২. ""নাটকের প্রশংসা স্পষ্টভাবে প্রকাশ পেয়েছে।""  
৩. ""ভালোবাসার অনুভূতি প্রকাশিত হয়েছে।"""
"ভাই তুমি কোন দিন ফিল্ম করো না কারন তুমি নাটক থেকে চলে গেলে আমার নাটক দেখা বন্দ হয়ে যাবে তোমার কারনেই নাটক দেখি,আর কারও নাটক দেখি না.",Gender,Not Hateful,"অভিনেতার প্রতি গভীর ভালোবাসা ও সমর্থন।
অভিনয় চালিয়ে যাওয়ার অনুরোধ।
ইতিবাচক ও উচ্ছ্বাসপূর্ণ মন্তব্য।","১. ""অভিনেতার প্রতি ভালোবাসা প্রকাশ পেয়েছে।""  
২. ""নাটক দেখা বন্ধ হবে চলে গেলে।""  
৩. ""শুধু তার জন্যই নাটক দেখা হয়।""","১. ""অভিনেতার প্রতি গভীর ভালোবাসা প্রকাশ পেয়েছে।""  
২. ""অভিনেতার উপস্থিতি নাটক দেখার মূল কারণ।""  
৩. ""অভিনেতা না থাকলে নাটক দেখা বন্ধ।""","১. ""অভিনেতার প্রতি ভালোবাসা স্পষ্ট।""  
২. ""নাটক দেখা নির্ভর করে অভিনেতার উপরে।""  
৩. ""অভিনেতা ছাড়া নাটক দেখা বন্ধ।""","১. ""অভিনেতার প্রতি ভালোবাসা প্রকাশ পেয়েছে।""  
২. ""নাটকের প্রতি আনুগত্য দেখানো হয়েছে।""  
৩. ""অভিনেতার গুরুত্ব উল্লেখ করা হয়েছে।""","১. ""অভিনেতার প্রতি ভালোবাসা স্পষ্ট।""  
২. ""নাটকের প্রতি আনুগত্য ফুটে উঠেছে।""  
৩. ""অভিনেতার প্রভাব স্বীকার করা হয়েছে।""","১. ""অভিনেতার প্রতি ভালোবাসা প্রকাশ পেয়েছে।""  
২. ""নাটকের প্রতি আনুগত্য দেখা যাচ্ছে।""  
৩. ""অভিনেতার প্রভাব স্বীকার করা হয়েছে।""","১. ""অভিনেতার প্রতি ভালোবাসা প্রকাশ পেয়েছে।""  
কারণ: ""তোমার কারনেই নাটক দেখি"" বলায় ভালোবাসা ফুটে উঠেছে।  

২. ""নাটকের প্রতি আনুগত্য দেখা যাচ্ছে।""  
কারণ: ""আর কারও নাটক দেখি না"" বলায় আনুগত্য বোঝা যায়।  

৩. ""অভিনেতার প্রভাব স্বীকার করা হয়েছে।""  
কারণ: ""তোমার কারনেই নাটক দেখি"" বলায় প্রভাবের কথা বলা হয়েছে।","১. ""অভিনেতার প্রতি ভালোবাসা প্রকাশ পেয়েছে।""  
কারণ: ভালোবাসার কথা বলা হয়েছে।  

২. ""নাটকের প্রতি আনুগত্য দেখা যাচ্ছে।""  
কারণ: শুধু একজনের নাটক দেখা হয়।  

৩. ""অভিনেতার প্রভাব স্বীকার করা হয়েছে।""  
কারণ: তার কারণেই নাটক দেখা হয়।","১. ""অভিনেতার প্রতি ভালোবাসা প্রকাশ পেয়েছে।""  
কারণ: নাটক বন্ধ হলে কষ্ট হবে।  

২. ""নাটকের প্রতি আনুগত্য দেখা যাচ্ছে।""  
কারণ: শুধু তার নাটক দেখা হয়।  

৩. ""অভিনেতার প্রভাব স্বীকার করা হয়েছে।""  
কারণ: তার কারণেই নাটক দেখা হয়।","১. ""অভিনেতার প্রতি ভালোবাসা প্রকাশ পেয়েছে।""  
কারণ: নাটক বন্ধ হলে কষ্ট হবে।  

২. ""নাটকের প্রতি আনুগত্য দেখা যাচ্ছে।""  
কারণ: শুধু তার নাটক দেখা হয়।  

৩. ""অভিনেতার প্রভাব স্বীকার করা হয়েছে।""  
কারণ: তার কারণেই নাটক দেখা হয়।","১. ""অভিনেতার প্রতি ভালোবাসা প্রকাশ পেয়েছে।""  
কারণ: নাটক বন্ধ হলে কষ্ট হবে।  

২. ""নাটকের প্রতি আনুগত্য দেখা যাচ্ছে।""  
কারণ: শুধু তার নাটক দেখা হয়।  

৩. ""অভিনেতার প্রভাব স্বীকার করা হয়েছে।""  
কারণ: তার কারণেই নাটক দেখা হয়।","১. ""অভিনেতার প্রতি ভালোবাসা প্রকাশ পেয়েছে।""  
কারণ: নাটক বন্ধ হলে কষ্ট হবে।  

২. ""নাটকের প্রতি আনুগত্য দেখা যাচ্ছে।""  
কারণ: শুধু তার নাটক দেখা হয়।  

৩. ""অভিনেতার প্রভাব স্বীকার করা হয়েছে।""  
কারণ: তার কারণেই নাটক দেখা হয়।","১. অভিনেতার প্রতি ভালোবাসা প্রকাশ।  
২. শুধু তার নাটক দেখা হয়।  
৩. তার কারণেই নাটক দেখা হয়।","১. অভিনেতার প্রতি গভীর ভালোবাসা প্রকাশ পেয়েছে।  
২. শুধুমাত্র তার নাটক দেখার কথা বলা হয়েছে।  
৩. নাটক দেখার কারণ হিসেবে তাকেই উল্লেখ করা হয়েছে।","১. অভিনেতার প্রতি ভালোবাসা স্পষ্ট।  
২. শুধুমাত্র তার নাটক দেখা হয়।  
৩. নাটক দেখার কারণ তিনি নিজে।","১. অভিনেতার প্রতি গভীর অনুরাগ প্রকাশ।  
২. শুধুমাত্র তার নাটক দেখা হয়।  
৩. তার উপস্থিতিই নাটক দেখার মূল কারণ।","১. অভিনেতার প্রতি ভালোবাসা স্পষ্ট।  
২. শুধু এই অভিনেতার নাটক পছন্দ।  
৩. তার নাটক দেখার একমাত্র কারণ তিনি।","১. অভিনেতার প্রতি গভীর ভালোবাসা প্রকাশ পেয়েছে।  
২. শুধু এই অভিনেতার কাজেই আগ্রহ দেখানো হয়েছে।  
৩. তার উপস্থিতিই নাটক দেখার মূল কারণ।","১. অভিনেতার প্রতি ভালোবাসা স্পষ্ট।  
২. শুধু এই অভিনেতার কাজ পছন্দ।  
৩. নাটক দেখার কারণ তিনি নিজে।","১. অভিনেতার প্রতি গভীর আবেগ প্রকাশ পেয়েছে।  
২. শুধু এই অভিনেতার নাটকই পছন্দ করেন।  
৩. তার উপস্থিতিই নাটক দেখার মূল কারণ।","১. অভিনেতার প্রতি ভালোবাসা স্পষ্ট।  
২. শুধু এই অভিনেতার কাজই পছন্দ।  
৩. তার জন্য নাটক দেখা হয়।"
আপুর অভিনয় খুভি সুনদর,Gender,Not Hateful,"অভিনয়ের দক্ষতার প্রতি প্রশংসা।
ইতিবাচক মনোভাব এবং শুভকামনা।
নেতিবাচক কোনো উপাদান নেই।","1. আপুর অভিনয়ের প্রশংসা করা হয়েছে।  
2. ইতিবাচক শব্দ ব্যবহার করা হয়েছে।  
3. নেতিবাচক কোনো কথা নেই।","1. প্রশংসামূলক ভাষা ব্যবহার করা হয়েছে।  
2. কোনো নেতিবাচক শব্দ নেই।  
3. ইতিবাচক অনুভূতি প্রকাশ পেয়েছে।","1. আপুর অভিনয়ের প্রশংসা করা হয়েছে।  
2. কোনো নেতিবাচক শব্দ ব্যবহৃত হয়নি।  
3. ইতিবাচক ভাব প্রকাশ পেয়েছে।","1. ইতিবাচক শব্দ ব্যবহার করা হয়েছে।  
2. প্রশংসামূলক বক্তব্য প্রকাশ পেয়েছে।  
3. কোনো ঘৃণা বা নেতিবাচকতা নেই।","1. আপুর অভিনয়ের প্রশংসা করা হয়েছে।  
2. ইতিবাচক শব্দ ""সুনদর"" ব্যবহৃত হয়েছে।  
3. কোনো নেতিবাচক শব্দ বা ভাবনা নেই।","1. ইতিবাচক শব্দ ব্যবহার করা হয়েছে।  
2. প্রশংসামূলক বক্তব্য বলা হয়েছে।  
3. কোনো নেতিবাচকতা নেই।","1. আপুর অভিনয়ের প্রশংসা করা হয়েছে।  
2. সুনদর শব্দটি ইতিবাচক।  
3. কোনো নেতিবাচক শব্দ নেই।","1. ইতিবাচক শব্দ ব্যবহার করা হয়েছে।  
2. প্রশংসামূলক বক্তব্য রয়েছে।  
3. কোনো বিদ্বেষপূর্ণ শব্দ নেই।","1. অভিনয়ের প্রশংসা করা হয়েছে।  
2. কোনো নেতিবাচক শব্দ নেই।  
3. ইতিবাচক অনুভূতি প্রকাশ পেয়েছে।","1. প্রশংসামূলক শব্দ ব্যবহার করা হয়েছে।  
2. কোনো ঘৃণা বা বিদ্বেষ নেই।  
3. ইতিবাচক ভাব প্রকাশ পেয়েছে।","1. আপুর অভিনয়ের প্রশংসা করা হয়েছে।  
2. কোনো নেতিবাচক শব্দ ব্যবহার করা হয়নি।  
3. ভাবটি সম্পূর্ণ ইতিবাচক প্রকাশিত।","1. ইতিবাচক শব্দ ব্যবহার করা হয়েছে।  
2. প্রশংসামূলক বক্তব্য প্রকাশিত।  
3. কোনো বিদ্বেষপূর্ণ ভাষা নেই।","1. আপুর অভিনয়ের প্রশংসা করা হয়েছে।  
2. ইতিবাচক শব্দ ব্যবহার করা হয়েছে।  
3. কোনো নেতিবাচক ভাষা নেই।","1. বাক্যটিতে ইতিবাচক শব্দ ব্যবহৃত হয়েছে।  
2. আপুর অভিনয়ের প্রশংসা করা হয়েছে।  
3. কোনো ঘৃণামূলক ভাষা নেই।","১. ইতিবাচক শব্দ ""সুনদর"" ব্যবহার করা হয়েছে।  
২. প্রশংসামূলক বাক্য কোন ঘৃণা প্রকাশ করে না।  
৩. আপুর অভিনয়ের প্রতি শ্রদ্ধা দেখানো হয়েছে।","১. ইতিবাচক শব্দ ব্যবহার করা হয়েছে।  
২. ঘৃণা প্রকাশ করা হয়নি।  
৩. প্রশংসামূলক বাক্য বলা হয়েছে।","১. আপুর অভিনয়ের প্রশংসা করা হয়েছে।  
২. ইতিবাচক শব্দ ব্যবহার করা হয়েছে।  
৩. ঘৃণামূলক কোনো ভাষা নেই।","১. আপুর অভিনয়ের প্রশংসা করা হয়েছে।  
২. ইতিবাচক শব্দ ব্যবহার করা হয়েছে।  
৩. ঘৃণামূলক ভাষা অনুপস্থিত।","১. আপুর অভিনয়ের প্রশংসা করা হয়েছে।  
২. ""খুভি সুন্দর"" ইতিবাচক শব্দ।  
৩. কোনো নেতিবাচক শব্দ নেই।","১. ইতিবাচক শব্দ ব্যবহার করা হয়েছে।  
২. প্রশংসামূলক বক্তব্য রয়েছে।  
৩. কোনো বিদ্বেষপূর্ণ শব্দ নেই।","১. আপুর অভিনয়ের প্রশংসা করা হয়েছে।  
২. ইতিবাচক শব্দ ব্যবহৃত হয়েছে।  
৩. বিদ্বেষপূর্ণ শব্দ অনুপস্থিত।"
ভাইয়ের অভিনয় টা অসাধারন হইছে,Gender,Not Hateful,"অভিনয়ের মান এবং দক্ষতার প্রতি প্রশংসা।
সাধারণ শুভেচ্ছা ও প্রশংসাসূচক মন্তব্য।
নেতিবাচক কোনো ইঙ্গিত নেই।","১. ""ভাইয়ের অভিনয় প্রশংসার যোগ্য।""  
২. ""ইতিবাচক মন্তব্য, কোনো নেতিবাচকতা নেই।""  
৩. ""অভিনয়ের দক্ষতাকে স্বীকৃতি দেওয়া হয়েছে।""","১. ""অভিনয়ের প্রশংসা করা হয়েছে।""  
২. ""ইতিবাচক ভাষায় অভিনয়ের দক্ষতা বর্ণনা।""  
৩. ""কোনো নেতিবাচক শব্দ ব্যবহার করা হয়নি।""","১. ""অভিনয়ের প্রশংসা করা হয়েছে, ইতিবাচক শব্দ ব্যবহৃত।""  
২. ""কোনো নেতিবাচকতা নেই, শুধু প্রশংসা।""  
৩. ""দক্ষতার বর্ণনা দেওয়া হয়েছে ইতিবাচকভাবে।""","১. ""ইতিবাচক শব্দে অভিনয়ের প্রশংসা করা হয়েছে।""  
২. ""কোনো ঘৃণা বা নেতিবাচকতা নেই বাক্যে।""  
৩. ""দক্ষতার প্রশংসা করা হয়েছে সরলভাবে।""","১. ""অভিনয়ের প্রশংসা ইতিবাচক ভাষায় করা হয়েছে।""  
২. ""বাক্যটিতে কোনো নেতিবাচকতা বা ঘৃণা নেই।""  
৩. ""সরলভাবে দক্ষতার স্বীকৃতি দেওয়া হয়েছে।""","১. ""অভিনয়ের প্রশংসা ইতিবাচক ভাষায় প্রকাশিত।""  
২. ""কোনো নেতিবাচক শব্দ বা ভাবনা নেই।""  
৩. ""দক্ষতার স্বীকৃতি সরলভাবে দেওয়া হয়েছে।""","১. ""অভিনয়ের প্রশংসা ইতিবাচক শব্দে করা হয়েছে।""  
২. ""নেতিবাচক কোনো শব্দ ব্যবহার করা হয়নি।""  
৩. ""সরলভাবে দক্ষতার স্বীকৃতি দেওয়া হয়েছে।""","১. ""অভিনয়ের প্রশংসা ইতিবাচক শব্দে করা হয়েছে।""  
২. ""কোনো নেতিবাচক শব্দ বা বিদ্বেষ নেই।""  
৩. ""সাধারণভাবে দক্ষতার স্বীকৃতি দেওয়া হয়েছে।""","১. ""অভিনয়ের প্রশংসা করা হয়েছে ইতিবাচকভাবে।""  
২. ""কোনো ঘৃণা বা বিদ্বেষপূর্ণ শব্দ নেই।""  
৩. ""দক্ষতার স্বীকৃতি দেওয়া হয়েছে সরল ভাষায়।""","১. ""অভিনয়ের প্রশংসা করা হয়েছে ইতিবাচক ভাষায়।""  
২. ""কোনো নেতিবাচক বা আক্রমণাত্মক শব্দ নেই।""  
৩. ""সাধারণ ভাষায় দক্ষতার স্বীকৃতি দেওয়া হয়েছে।""","১. ""ভাইয়ের প্রশংসা করা হয়েছে ইতিবাচকভাবে।""  
২. ""কোনো ঘৃণা বা বিদ্বেষ নেই বাক্যে।""  
৩. ""অভিনয়ের দক্ষতা স্বীকৃত হয়েছে সরল ভাষায়।""","১. ""অভিনয়ের প্রশংসা ইতিবাচক ভাষায় করা হয়েছে।""  
২. ""বাক্যটিতে কোনো নেতিবাচকতা বা বিদ্বেষ নেই।""  
৩. ""সরল ভাষায় দক্ষতার স্বীকৃতি দেওয়া হয়েছে।""","১. ""ভাইয়ের অভিনয়ের প্রশংসা করা হয়েছে।""  
২. ""কোনো নেতিবাচক শব্দ ব্যবহৃত হয়নি।""  
৩. ""ইতিবাচক ভাষায় দক্ষতা বর্ণনা করা হয়েছে।""","১. ""ইতিবাচক শব্দে অভিনয়ের প্রশংসা করা হয়েছে।""  
২. ""কোনো ঘৃণা বা নেতিবাচকতা নেই।""  
৩. ""ভাষাটি সম্পূর্ণ প্রশংসামূলক।""","১. ""অভিনয়ের প্রশংসা করা হয়েছে ইতিবাচক ভাষায়।""  
২. ""কোনো নেতিবাচক শব্দ বা ভাবনা নেই।""  
৩. ""সম্পূর্ণ প্রশংসামূলক বাক্য ব্যবহৃত হয়েছে।""","১. ""অভিনয়ের প্রশংসা করা হয়েছে ইতিবাচক ভাষায়।""  
২. ""কোনো ঘৃণা বা বিদ্বেষ নেই বাক্যে।""  
৩. ""শুধু প্রশংসা প্রকাশ করা হয়েছে।""","১. ""অভিনয়ের প্রশংসা ইতিবাচক ভাষায় করা হয়েছে।""  
২. ""বাক্যটিতে কোনো নেতিবাচকতা নেই।""  
৩. ""শুধু প্রশংসামূলক কথা বলা হয়েছে।""","১. ""অভিনয়ের প্রশংসা স্পষ্টভাবে প্রকাশিত।""  
২. ""কোনো নেতিবাচক শব্দ ব্যবহৃত হয়নি।""  
৩. ""ইতিবাচক ভাষায় অভিনয়ের মূল্যায়ন করা হয়েছে।""","১. ""ইতিবাচক শব্দে অভিনয়ের প্রশংসা করা হয়েছে।""  
২. ""কোনো ঘৃণা বা নেতিবাচকতা নেই।""  
৩. ""অভিনয়ের গুণগত মান উল্লেখ করা হয়েছে।""","১. ""অভিনয়ের প্রশংসা করা হয়েছে ইতিবাচকভাবে।""  
২. ""ঘৃণা বা নেতিবাচক শব্দ নেই।""  
৩. ""অভিনয়ের গুণমানের উল্লেখ আছে।""","১. ""ভাইয়ের অভিনয়ের প্রশংসা করা হয়েছে।""  
২. ""কোনো নেতিবাচক শব্দ ব্যবহার করা হয়নি।""  
৩. ""অভিনয়ের গুণগত মান উল্লেখ করা হয়েছে।"""
তিশা ও ইরফান দুইজন অসাধারণ অভিনয় করছে ।,Gender,Not Hateful,"দুইজন অভিনেতার কাজের প্রতি সমান প্রশংসা।
অভিনয়ের দক্ষতার স্বীকৃতি।
সম্পূর্ণ ইতিবাচক মনোভাব।","1. ""তিশা ও ইরফানের অভিনয়ের প্রশংসা করা হয়েছে।""  
2. ""উভয়ের দক্ষতাকে স্বীকৃতি দেওয়া হয়েছে।""  
3. ""ইতিবাচক ভাষায় অভিনয়ের মূল্যায়ন।""","1. ""ইতিবাচক মন্তব্যে অভিনয়ের প্রশংসা করা হয়েছে।""  
2. ""কোনো নেতিবাচক শব্দ ব্যবহার করা হয়নি।""  
3. ""উভয়ের দক্ষতার স্বীকৃতি দেওয়া হয়েছে।""","1. ""অভিনয়ের প্রশংসা করা হয়েছে ইতিবাচক ভাষায়।""  
2. ""নেতিবাচক শব্দ বা ভাবনা অনুপস্থিত।""  
3. ""দুইজনের দক্ষতার স্বীকৃতি দেওয়া হয়েছে সরাসরি।""","1. ""ইতিবাচক ভাষায় অভিনয়ের প্রশংসা করা হয়েছে।""  
2. ""কোনো নেতিবাচক শব্দ ব্যবহার করা হয়নি।""  
3. ""দুইজনের দক্ষতা স্বীকার করা হয়েছে।""","1. ""অভিনয়ের প্রশংসা করা হয়েছে ইতিবাচকভাবে।""  
2. ""নেতিবাচক শব্দ নেই, শুধু প্রশংসা।""  
3. ""দুইজনের দক্ষতা স্বীকৃত হয়েছে সরাসরি।""","1. ""ইতিবাচক শব্দে অভিনয়ের প্রশংসা করা হয়েছে।""  
2. ""কোনো নেতিবাচকতা নেই, শুধু প্রশংসা।""  
3. ""দুইজনের দক্ষতার স্বীকৃতি দেওয়া হয়েছে।""","১. ""অভিনয়ের প্রশংসা ইতিবাচক ভাষায় করা হয়েছে।""  
২. ""কোনো বিদ্বেষ বা নেতিবাচকতা নেই।""  
৩. ""দুইজনের দক্ষতাকে স্বীকৃতি দেওয়া হয়েছে।""","১. ""ইতিবাচক ভাষায় অভিনয়ের প্রশংসা করা হয়েছে।""  
২. ""কোনো নেতিবাচক শব্দ ব্যবহার করা হয়নি।""  
৩. ""দুইজনের দক্ষতার স্বীকৃতি দেওয়া হয়েছে।""","১. ""অভিনয়ের প্রশংসা করা হয়েছে ইতিবাচকভাবে।""  
২. ""নেতিবাচক শব্দ ব্যবহার করা হয়নি এখানে।""  
৩. ""দুইজনের দক্ষতার স্বীকৃতি দেওয়া হয়েছে স্পষ্টভাবে।""","১. ""ইতিবাচক শব্দে অভিনয়ের প্রশংসা করা হয়েছে।""  
২. ""কোনো ঘৃণামূলক শব্দ ব্যবহার করা হয়নি।""  
৩. ""দুইজনের দক্ষতার স্বীকৃতি দেওয়া হয়েছে।""","১. ""অভিনয়ের প্রশংসা করা হয়েছে ইতিবাচকভাবে।""  
২. ""ঘৃণামূলক শব্দ নেই বাক্যে।""  
৩. ""দক্ষতার স্বীকৃতি দেওয়া হয়েছে স্পষ্টভাবে।""","১. ""বাক্যটিতে কোনো নেতিবাচক শব্দ নেই।""  
২. ""অভিনয়ের প্রশংসা করা হয়েছে সরাসরি।""  
৩. ""ঘৃণামূলক ভাষা ব্যবহার করা হয়নি এখানে।""","১. ""ইতিবাচক শব্দ ব্যবহার করা হয়েছে।""  
২. ""অভিনয়ের প্রশংসা করা হয়েছে।""  
৩. ""ঘৃণার কোনো ইঙ্গিত নেই।""","১. ""ইতিবাচক শব্দ 'অসাধারণ' ব্যবহৃত হয়েছে।""  
২. ""অভিনয়ের প্রশংসা স্পষ্টভাবে প্রকাশ করা হয়েছে।""  
৩. ""কোনো নেতিবাচক বা ঘৃণামূলক শব্দ নেই।""","১. ""ইতিবাচক শব্দ ব্যবহার করা হয়েছে।""  
২. ""অভিনয়ের প্রশংসা করা হয়েছে।""  
৩. ""ঘৃণামূলক শব্দ অনুপস্থিত।""","১. ""তিশা ও ইরফানের প্রশংসা করা হয়েছে।""  
২. ""কোনো নেতিবাচক শব্দ নেই।""  
৩. ""অভিনয়ের গুণগত মান উল্লেখ করা হয়েছে।""","১. ""প্রশংসামূলক বক্তব্যে কোনো বিদ্বেষ নেই।""  
২. ""অভিনয়ের প্রশংসা করা হয়েছে সরাসরি।""  
৩. ""ইতিবাচক ভাষায় শিল্পীর দক্ষতা বর্ণনা।""","১. ""ইতিবাচক ভাষায় শিল্পীর প্রশংসা করা হয়েছে।""  
২. ""বিদ্বেষ বা নেতিবাচকতা সম্পূর্ণ অনুপস্থিত।""  
৩. ""শিল্পীর দক্ষতা সরাসরি স্বীকৃত হয়েছে।""","১. ""শিল্পীর প্রশংসা করা হয়েছে ইতিবাচক ভাষায়।""  
২. ""কোন বিদ্বেষ বা নেতিবাচকতা নেই।""  
৩. ""অভিনয়ের দক্ষতা স্বীকৃত হয়েছে সরাসরি।""","১. ""তিশা ও ইরফানের প্রশংসা করা হয়েছে।""  
২. ""কোন নেতিবাচক শব্দ ব্যবহৃত হয়নি।""  
৩. ""অভিনয়ের দক্ষতার স্বীকৃতি দেওয়া হয়েছে।""","১. ""ইতিবাচক ভাষায় অভিনয় প্রশংসা করা হয়েছে।""  
২. ""কোন ঘৃণা বা বিদ্বেষ নেই।""  
৩. ""শিল্পীর দক্ষতার প্রতি সম্মান দেখানো হয়েছে।"""
ভাই এর দেখা সেরা নাটক!,Gender,Not Hateful,"নাটকের মানের প্রতি গভীর প্রশংসা।
ইতিবাচক মন্তব্য এবং সমর্থন।
নেতিবাচক কোনো উপাদান নেই।","১. নাটকের প্রশংসা করা হয়েছে।  
২. ইতিবাচক অনুভূতি প্রকাশ পেয়েছে।  
৩. কোনো নেতিবাচক শব্দ নেই।","১. নাটকের প্রশংসা করা হয়েছে।  
২. ইতিবাচক শব্দ ব্যবহার করা হয়েছে।  
৩. কোনো বিদ্বেষপূর্ণ ভাষা নেই।","১. নাটকের প্রশংসা করা হয়েছে।  
২. ইতিবাচক শব্দ ব্যবহার করা হয়েছে।  
৩. কোনো নেতিবাচক ভাষা নেই।","১. নাটকের প্রশংসা করা হয়েছে।  
২. ইতিবাচক শব্দ ""সেরা"" ব্যবহৃত হয়েছে।  
৩. কোনো বিদ্বেষপূর্ণ ভাষা নেই।","১. নাটকের প্রশংসা করা হয়েছে।  
২. ইতিবাচক শব্দ ব্যবহার করা হয়েছে।  
৩. কোনো নেতিবাচক ভাষা নেই।","১. নাটকের প্রশংসা করা হয়েছে।  
২. ইতিবাচক শব্দ ব্যবহার করা হয়েছে।  
৩. কোনো বিদ্বেষপূর্ণ ভাষা নেই।","১. ""ভাই"" শব্দটি স্নেহসূচক।  
২. ""সেরা নাটক"" প্রশংসা বোঝায়।  
৩. কোনো নেতিবাচক শব্দ নেই।","১. ""ভাই"" শব্দে ঘনিষ্ঠতা প্রকাশ পায়।  
২. ""সেরা নাটক"" ইতিবাচক অভিব্যক্তি।  
৩. কোনো বিদ্বেষপূর্ণ শব্দ নেই।","১. ""ভাই"" শব্দে স্নেহ প্রকাশ পায়।  
২. ইতিবাচক অভিব্যক্তি আছে বাক্যে।  
৩. ঘৃণামূলক শব্দ অনুপস্থিত।","১. ""ভাই"" শব্দে স্নেহ প্রকাশ পায়।  
২. বাক্যটি ইতিবাচক অনুভূতি বহন করে।  
৩. কোনো ঘৃণামূলক শব্দ নেই।","১. ""ভাই"" শব্দে স্নেহ প্রকাশ পায়।  
২. ইতিবাচক অনুভূতি আছে।  
৩. ঘৃণামূলক শব্দ অনুপস্থিত।","১. ""ভাই"" শব্দে স্নেহ প্রকাশ পায়।  
২. বাক্যটিতে ইতিবাচক অনুভূতি আছে।  
৩. কোনো ঘৃণামূলক শব্দ নেই।","১. ""ভাই"" শব্দে স্নেহ প্রকাশ পায়।  
২. বাক্যটি ইতিবাচক অনুভূতি বহন করে।  
৩. কোনো নেতিবাচক শব্দ ব্যবহৃত হয়নি।","১. ""ভাই"" শব্দে স্নেহের প্রকাশ আছে।  
২. বাক্যটি প্রশংসামূলক ভাব প্রকাশ করে।  
৩. নেতিবাচক কোনো শব্দ ব্যবহার করা হয়নি।","১. ""ভাই"" শব্দে স্নেহ প্রকাশ পায়।  
২. নাটকের প্রশংসা করা হয়েছে।  
৩. কোনো নেতিবাচক শব্দ নেই।","১. ""ভাই"" শব্দে স্নেহের প্রকাশ আছে।  
২. নাটকের প্রশংসা ইতিবাচক।  
৩. কোনো বিদ্বেষপূর্ণ শব্দ নেই।","১. ""ভাই"" শব্দে স্নেহ প্রকাশ পায়।  
২. নাটকের প্রশংসা ইতিবাচক ভাষায়।  
৩. কোনো নেতিবাচক শব্দ ব্যবহৃত হয়নি।","১. ""ভাই"" শব্দে স্নেহ প্রকাশ পায়।  
২. নাটকের প্রশংসা করা হয়েছে।  
৩. কোনো নেতিবাচক শব্দ নেই।","১. ""ভাই"" শব্দে স্নেহের প্রকাশ আছে।  
২. নাটকের প্রশংসা করা হয়েছে।  
৩. নেতিবাচক কিছু বলা হয়নি।","১. ""ভাই"" শব্দে স্নেহ প্রকাশ পায়।  
২. নাটকের প্রশংসা ইতিবাচক।  
৩. কোনো নেতিবাচক শব্দ নেই।","১. ""ভাই"" শব্দে স্নেহের প্রকাশ আছে।  
২. নাটকের প্রশংসা ইতিবাচক ভাব প্রকাশ করে।  
৩. বাক্যে কোনো বিদ্বেষপূর্ণ শব্দ নেই।"
এমন মিষ্টি বউ থাকলে জীবনে আর কি লাগে!,Gender,Not Hateful,"চরিত্রের প্রতি ইতিবাচক প্রতিক্রিয়া।
সম্পূর্ণ প্রশংসাসূচক মনোভাব।
নেতিবাচক কোনো ইঙ্গিত নেই।","1. বক্তব্যটি সম্পূর্ণ ইতিবাচক ও প্রশংসামূলক।  
2. কোনো নেতিবাচক বা আপত্তিকর শব্দ নেই।  
3. শুধুমাত্র সুখ ও সন্তুষ্টির প্রকাশ করা হয়েছে।","১. বক্তব্যটি প্রশংসামূলক।  
২. কোনো নেতিবাচকতা নেই।  
৩. সুখ ও সন্তুষ্টি প্রকাশিত।","১. বক্তব্যে সুখের অনুভূতি প্রকাশ পেয়েছে।  
২. মিষ্টি শব্দে প্রশংসা করা হয়েছে।  
৩. কোনো নেতিবাচক শব্দ ব্যবহৃত হয়নি।","১. বক্তব্যে সুখের অনুভূতি স্পষ্ট।  
২. প্রশংসামূলক ভাষা ব্যবহার করা হয়েছে।  
৩. নেতিবাচক কোনো শব্দ নেই।","১. বক্তব্যে সুখের প্রকাশ স্পষ্ট।  
২. ইতিবাচক শব্দ ব্যবহার করা হয়েছে।  
৩. কোনো বিদ্বেষপূর্ণ ভাষা নেই।","১. মিষ্টি শব্দে ইতিবাচক আবেগ প্রকাশ পেয়েছে।  
২. বক্তব্যে সুখের অনুভূতি স্পষ্ট।  
৩. কোনো নেতিবাচক বা বিদ্বেষপূর্ণ ভাষা নেই।","১. মিষ্টি শব্দে প্রশংসা প্রকাশ করা হয়েছে।  
২. বক্তব্যটি সুখকর অনুভূতি প্রকাশ করে।  
৩. কোনো বিদ্বেষ বা নেতিবাচকতা নেই এখানে।","১. মিষ্টি শব্দে ইতিবাচক আবেগ প্রকাশ পেয়েছে।  
২. বক্তব্যটিতে কোনো বিদ্বেষপূর্ণ ভাষা নেই।  
৩. এটি একটি সুখী দাম্পত্য জীবনের অনুভূতি বর্ণনা করে।","১. মিষ্টি শব্দে স্নেহ প্রকাশ পেয়েছে।  
২. বক্তব্যটি ইতিবাচক ও আনন্দদায়ক।  
৩. এটি প্রেম ও সুখের অনুভূতি প্রকাশ করে।","১. মিষ্টি শব্দে স্নেহ প্রকাশ পায়।  
২. বক্তব্যে ইতিবাচক আবেগ আছে।  
৩. প্রেম ও সুখের অনুভূতি ফুটে উঠেছে।","১. মিষ্টি শব্দে স্নেহ প্রকাশ পায়।  
২. বক্তব্যে ইতিবাচক আবেগ আছে।  
৩. প্রেম ও সুখের অনুভূতি ফুটে উঠেছে।","১. মিষ্টি শব্দে স্নেহ প্রকাশ পায়।  
২. বক্তব্যে ইতিবাচক আবেগ আছে।  
৩. প্রেম ও সুখের অনুভূতি ফুটে উঠেছে।","১. মিষ্টি শব্দে স্নেহ প্রকাশ পায়।  
২. বক্তব্যে ইতিবাচক আবেগ আছে।  
৩. প্রেম ও সুখের অনুভূতি ফুটে উঠেছে।","১. মিষ্টি শব্দে স্নেহ প্রকাশ পায়।  
২. বক্তব্যে ইতিবাচক আবেগ আছে।  
৩. প্রেমের অনুভূতি প্রকাশ পেয়েছে।","১. মিষ্টি শব্দে স্নেহ প্রকাশ পায়।  
২. বক্তব্যে ইতিবাচক আবেগ আছে।  
৩. প্রেমের অনুভূতি প্রকাশ পেয়েছে।","১. মিষ্টি শব্দে স্নেহ প্রকাশ পায়।  
২. বক্তব্যে ইতিবাচক আবেগ আছে।  
৩. প্রেমের অনুভূতি প্রকাশ পেয়েছে।","১. মিষ্টি শব্দে স্নেহ প্রকাশ পায়।  
২. বক্তব্যে ইতিবাচক আবেগ আছে।  
৩. প্রেমের অনুভূতি প্রকাশ পেয়েছে।","১. মিষ্টি শব্দে স্নেহ প্রকাশ পায়।  
২. বক্তব্যে কোনো বিদ্বেষ নেই।  
৩. প্রেমের অনুভূতি সুস্পষ্ট।","১. মিষ্টি শব্দে স্নেহ প্রকাশ পায়।  
২. বক্তব্যে ইতিবাচক অনুভূতি আছে।  
৩. প্রেমের প্রকাশ সুস্পষ্ট।","১. মিষ্টি শব্দে স্নেহ প্রকাশ পায়।  
২. বউ শব্দে প্রেমের ইঙ্গিত আছে।  
৩. বক্তব্যে ইতিবাচক আবেগ ফুটে উঠেছে।","১. মিষ্টি শব্দে স্নেহ প্রকাশ পায়।  
২. বউ শব্দে প্রেমের ইঙ্গিত আছে।  
৩. বক্তব্যে ইতিবাচক আবেগ ফুটে উঠেছে।"
ভাই এর এই ঈদে সেরা নাটকের একটি,Gender,Not Hateful,"ঈদের নাটকের মানের প্রতি প্রশংসা।
ইতিবাচক অভিমত প্রকাশ।
নেতিবাচক কোনো উপাদান নেই।","1. ঈদের নাটকের প্রশংসা করা হয়েছে।  
2. ইতিবাচক অনুভূতি প্রকাশ পেয়েছে।  
3. কোনো নেতিবাচক শব্দ নেই।","1. ঈদের নাটকের প্রশংসা করা হয়েছে।  
2. ইতিবাচক শব্দ ব্যবহার করা হয়েছে।  
3. কোনো বিদ্বেষমূলক ভাষা নেই।","1. ঈদের নাটকের প্রশংসা করা হয়েছে।  
2. ইতিবাচক অনুভূতি প্রকাশ পেয়েছে।  
3. কোনো নেতিবাচক শব্দ নেই।","1. ঈদের নাটকের প্রশংসা করা হয়েছে।  
2. ইতিবাচক শব্দ ব্যবহার করা হয়েছে।  
3. কোনো বিদ্বেষপূর্ণ ভাষা নেই।","1. ঈদের নাটকের প্রশংসা করা হয়েছে।  
2. ইতিবাচক শব্দ ব্যবহার করা হয়েছে।  
3. বিদ্বেষপূর্ণ ভাষা অনুপস্থিত।","1. ঈদের নাটকের প্রশংসা করা হয়েছে।  
2. ইতিবাচক ভাব প্রকাশ পেয়েছে।  
3. কোনো বিদ্বেষপূর্ণ শব্দ নেই।","1. ঈদের নাটকের প্রশংসা করা হয়েছে।  
2. ইতিবাচক ভাব প্রকাশ পেয়েছে।  
3. কোনো বিদ্বেষপূর্ণ শব্দ নেই।","1. ঈদের নাটকের প্রশংসা করা হয়েছে।  
2. ইতিবাচক ভাব প্রকাশ পেয়েছে।  
3. কোনো বিদ্বেষপূর্ণ শব্দ নেই।","1. ঈদের নাটকের প্রশংসা করা হয়েছে।  
2. ইতিবাচক আবেগ প্রকাশ পেয়েছে।  
3. কোনো নেতিবাচক শব্দ ব্যবহৃত হয়নি।","1. ঈদের নাটক সম্পর্কে ইতিবাচক মন্তব্য করা হয়েছে।  
2. কোনো বিদ্বেষমূলক শব্দ ব্যবহার করা হয়নি।  
3. উৎসবের আনন্দ প্রকাশ পেয়েছে।","1. ঈদের আনন্দ প্রকাশ পেয়েছে।  
2. নাটকের প্রশংসা করা হয়েছে।  
3. কোনো নেতিবাচক শব্দ নেই।","1. ঈদের উল্লেখে আনন্দের প্রকাশ।  
2. নাটকের প্রশংসা ইতিবাচক ভাবনা।  
3. কোনো বিদ্বেষপূর্ণ শব্দ নেই।","1. ঈদের উল্লেখে আনন্দ প্রকাশ পাচ্ছে।  
2. নাটকের প্রশংসা ইতিবাচক ভাবনা দেখায়।  
3. কোনো নেতিবাচক শব্দ ব্যবহার করা হয়নি।","1. ঈদের উল্লেখে আনন্দ প্রকাশ পাচ্ছে।  
2. নাটকের প্রশংসা ইতিবাচক ভাবনা দেখায়।  
3. কোনো নেতিবাচক শব্দ ব্যবহার করা হয়নি।","1. ঈদের উল্লেখে আনন্দ প্রকাশ পাচ্ছে।  
2. নাটকের প্রশংসা ইতিবাচক ভাবনা দেখায়।  
3. কোনো নেতিবাচক শব্দ ব্যবহার করা হয়নি।","1. ঈদের উল্লেখে আনন্দ প্রকাশ পাচ্ছে।  
2. নাটকের প্রশংসা ইতিবাচক ভাবনা দেখায়।  
3. কোনো নেতিবাচক শব্দ ব্যবহার করা হয়নি।","1. ঈদের আনন্দ প্রকাশ পাচ্ছে।  
2. নাটকের প্রশংসা ইতিবাচক।  
3. নেতিবাচক শব্দ নেই।","1. ঈদের উল্লেখে আনন্দ প্রকাশ করা হয়েছে।  
2. নাটকের প্রশংসা ইতিবাচক ভাবে করা হয়েছে।  
3. কোনো নেতিবাচক শব্দ ব্যবহার করা হয়নি।","1. ঈদের উল্লেখে আনন্দ প্রকাশ পেয়েছে।  
2. নাটকের প্রশংসা করা হয়েছে।  
3. কোনো নেতিবাচক শব্দ নেই।","1. ঈদের উল্লেখে ইতিবাচক আবেগ প্রকাশ পেয়েছে।  
2. নাটকের প্রশংসা করার মাধ্যমে আনন্দ বোঝানো হয়েছে।  
3. কোনো বিদ্বেষমূলক শব্দ ব্যবহার করা হয়নি।","1. ঈদের উল্লেখে আনন্দ প্রকাশিত।  
2. নাটকের প্রশংসা ইতিবাচক।  
3. বিদ্বেষমূলক শব্দ অনুপস্থিত।"
ছেলে দুটো তো জিনিয়াস।,Gender,Not Hateful,"ছেলেদের প্রতিভার প্রতি প্রশংসা।
ইতিবাচক এবং মুগ্ধতাসূচক মন্তব্য।
নেতিবাচক কিছু নেই।","1. ছেলেদের বুদ্ধিমত্তা প্রশংসা করা হয়েছে।  
2. ইতিবাচক শব্দ ব্যবহার করা হয়েছে।  
3. কোনো নেতিবাচক অর্থ নেই।","1. ছেলেদের প্রশংসা করা হয়েছে।  
2. ইতিবাচক শব্দ ব্যবহৃত হয়েছে।  
3. কোনো বিদ্বেষ নেই।","১. প্রশংসামূলক বাক্য ব্যবহৃত হয়েছে।  
২. ইতিবাচক অভিব্যক্তি প্রকাশ করা হয়েছে।  
৩. কোনো নেতিবাচকতা বা বিদ্বেষ নেই।","১. ছেলে দুটোর প্রশংসা করা হয়েছে।  
২. ইতিবাচক শব্দ ব্যবহৃত হয়েছে।  
৩. কোনো বিদ্বেষপূর্ণ শব্দ নেই।","১. প্রশংসামূলক বাক্য ব্যবহৃত হয়েছে।  
২. ইতিবাচক শব্দ আছে ""জিনিয়াস""।  
৩. বিদ্বেষ বা নেতিবাচকতা অনুপস্থিত।","১. ছেলেদের প্রশংসা করা হয়েছে।  
২. ইতিবাচক শব্দ ব্যবহার করা হয়েছে।  
৩. কোনো বিদ্বেষপূর্ণ শব্দ নেই।","১. ছেলেদের সাফল্যকে স্বীকৃতি দেওয়া হয়েছে।  
২. ইতিবাচক ভাষায় অভিব্যক্তি প্রকাশ করা হয়েছে।  
৩. কোনো নেতিবাচক শব্দ ব্যবহার করা হয়নি।","১. ছেলেদের প্রশংসা করা হয়েছে।  
২. ইতিবাচক শব্দ ব্যবহৃত হয়েছে।  
৩. কোনো বিদ্বেষপূর্ণ ভাষা নেই।","১. ছেলেদের সাফল্য উল্লেখ করা হয়েছে।  
২. ইতিবাচক অনুভূতি প্রকাশ পেয়েছে।  
৩. বিদ্বেষমূলক কোনো শব্দ নেই।","১. ছেলেদের প্রশংসা করা হয়েছে।  
২. কোনো নেতিবাচক শব্দ নেই।  
৩. ইতিবাচক ভাব প্রকাশ পেয়েছে।","১. প্রশংসামূলক শব্দ ব্যবহৃত হয়েছে।  
২. ইতিবাচক আবেগ প্রকাশ পেয়েছে।  
৩. কোনো বিদ্বেষপূর্ণ শব্দ নেই।","১. ছেলেদের প্রশংসা করা হয়েছে।  
২. ইতিবাচক অনুভূতি প্রকাশ পেয়েছে।  
৩. কোনো নেতিবাচক শব্দ নেই।","১. ছেলেদের সক্ষমতা উল্লেখ করা হয়েছে।  
২. ইতিবাচক শব্দ ব্যবহৃত হয়েছে।  
৩. কোনো বিদ্বেষমূলক ভাষা নেই।","১. প্রশংসামূলক ভাষা ব্যবহার করা হয়েছে।  
২. ছেলেদের দক্ষতা বর্ণনা করা হয়েছে।  
৩. কোনো নেতিবাচক শব্দ নেই।","১. ছেলেদের বুদ্ধিমত্তার প্রশংসা করা হয়েছে।  
২. ইতিবাচক শব্দ ব্যবহার করা হয়েছে।  
৩. কোনো বিদ্বেষপূর্ণ ভাষা নেই।","১. ছেলেদের প্রশংসা করা হয়েছে।  
২. ইতিবাচক ভাষা ব্যবহৃত হয়েছে।  
৩. বিদ্বেষপূর্ণ শব্দ নেই।","১. ছেলেদের গুণ বর্ণনা করা হয়েছে।  
২. ইতিবাচক শব্দ ব্যবহার করা হয়েছে।  
৩. কোনো নেতিবাচক শব্দ নেই।","১. ছেলেদের বুদ্ধিমত্তা প্রশংসা করা হয়েছে।  
২. ইতিবাচক ভাষা ব্যবহৃত হয়েছে।  
৩. কোনো বিদ্বেষপূর্ণ শব্দ নেই।","১. ছেলেদের বুদ্ধিমত্তার প্রশংসা করা হয়েছে।  
২. ইতিবাচক শব্দ ব্যবহার করা হয়েছে।  
৩. কোনো নেতিবাচক শব্দ নেই।","১. প্রশংসামূলক ভাষা ব্যবহৃত হয়েছে।  
২. ইতিবাচক আবেগ প্রকাশ পেয়েছে।  
৩. কোনো বিদ্বেষপূর্ণ শব্দ নেই।","১. ছেলেদের বুদ্ধিমত্তার প্রশংসা করা হয়েছে।  
২. ইতিবাচক অনুভূতি প্রকাশ করা হয়েছে।  
৩. কোনো নেতিবাচক শব্দ ব্যবহৃত হয়নি।"
"ছেলে দুইটা শাহানাজ খুশির যমজ ছেলে,",Gender,Not Hateful,"তথ্যভিত্তিক মন্তব্য এবং ইতিবাচক প্রতিক্রিয়া।
কোনো নেতিবাচকতা নেই।
সাধারণ বর্ণনামূলক মন্তব্য।","1. ""ছেলে দুইটির সম্পর্কে ইতিবাচক বর্ণনা দেওয়া হয়েছে।""  
2. ""কোনো নেতিবাচক শব্দ বা ভাবনা নেই।""  
3. ""সাধারণ তথ্য দিয়ে মন্তব্য করা হয়েছে।""","1. ""ইতিবাচক শব্দ ব্যবহার করা হয়েছে।""  
2. ""কোনো ঘৃণামূলক ভাষা নেই।""  
3. ""সাধারণ তথ্য দেওয়া হয়েছে।""","1. ""শাহানাজ খুশির নামে ইতিবাচক অনুভূতি প্রকাশ করা হয়েছে।""  
2. ""বক্তব্যটিতে ঘৃণার কোনো লক্ষণ নেই।""  
3. ""এটি একটি সাধারণ তথ্যমূলক বাক্য।""","1. ""শাহানাজ খুশির প্রতি শ্রদ্ধা দেখানো হয়েছে।""  
2. ""কোনো নেতিবাচক শব্দ ব্যবহার করা হয়নি।""  
3. ""বক্তব্যটি সম্পূর্ণ নিরপেক্ষ।""","1. ""শাহানাজ খুশির সন্তানদের উল্লেখ আছে।""  
2. ""কোনো অপমান বা বিদ্বেষ নেই।""  
3. ""বক্তব্যে ইতিবাচক ভাব প্রকাশ পেয়েছে।""","1. ""শাহানাজ খুশির সন্তানদের সম্পর্কে বলা হয়েছে।""  
2. ""কোনো নেতিবাচক শব্দ ব্যবহৃত হয়নি।""  
3. ""বক্তব্যটি সম্পূর্ণ ইতিবাচক।""","1. ""শাহানাজ খুশির সন্তানদের প্রশংসা করা হয়েছে।""  
2. ""কোনো অপমান বা বিদ্বেষ নেই।""  
3. ""বক্তব্যে শুধু ইতিবাচক অনুভূতি প্রকাশ পেয়েছে।""","1. ""শাহানাজ খুশির সন্তানদের সম্পর্কে বলা হয়েছে।""  
2. ""কোনো নেতিবাচক শব্দ ব্যবহার করা হয়নি।""  
3. ""ইতিবাচক ভাব প্রকাশ করা হয়েছে।""","১. ইতিবাচক শব্দ ব্যবহার করা হয়েছে।  
২. কোনো বিদ্বেষপূর্ণ শব্দ নেই।  
৩. সন্তানদের প্রশংসা করা হয়েছে।","১. শাহানাজ খুশির নামে ইতিবাচক অনুভূতি প্রকাশ করা হয়েছে।  
২. যমজ সন্তানের উল্লেখে কোনো বিদ্বেষ নেই।  
৩. ছেলেদের প্রশংসামূলক ভাষায় বর্ণনা করা হয়েছে।","১. শাহানাজ খুশির নামে সম্মান দেখানো হয়েছে।  
২. যমজ সন্তানের প্রতি স্নেহ প্রকাশ পেয়েছে।  
৩. ছেলেদের বর্ণনায় ইতিবাচক ভাষা ব্যবহৃত হয়েছে।","১. শাহানাজ খুশির নাম সম্মানের সাথে উল্লেখ করা হয়েছে।  
২. যমজ সন্তানের প্রতি স্নেহ প্রকাশ করা হয়েছে।  
৩. ছেলেদের বর্ণনায় ইতিবাচক শব্দ ব্যবহৃত হয়েছে।","১. শাহানাজ খুশির নাম সম্মান দেখানো হয়েছে।  
২. যমজ সন্তানের প্রতি ভালোবাসা প্রকাশিত।  
৩. ইতিবাচক ভাষায় ছেলেদের বর্ণনা করা।","১. শাহানাজ খুশির নামে সম্মান দেখানো হয়েছে।  
২. যমজ সন্তানের প্রতি স্নেহ প্রকাশ পেয়েছে।  
৩. ইতিবাচকভাবে ছেলেদের বর্ণনা করা হয়েছে।","১. শাহানাজ খুশির নামে সম্মান প্রকাশ পেয়েছে।  
২. যমজ সন্তানের প্রতি স্নেহ ফুটে উঠেছে।  
৩. ছেলেদের ইতিবাচকভাবে উল্লেখ করা হয়েছে।","১. শাহানাজ খুশির নাম সম্মানের সাথে উল্লেখ হয়েছে।  
২. যমজ সন্তানের প্রতি স্নেহ প্রকাশ পেয়েছে।  
৩. ছেলেদের ইতিবাচকভাবে বর্ণনা করা হয়েছে।","১. শাহানাজ খুশির নাম সম্মানিতভাবে বলা হয়েছে।  
২. যমজ সন্তানের প্রতি ভালোবাসা ফুটে উঠেছে।  
৩. ছেলেদের সম্পর্কে ইতিবাচক কথা বলা হয়েছে।","১. শাহানাজ খুশির নাম সম্মানসূচকভাবে উল্লেখ করা হয়েছে।  
২. যমজ সন্তানের প্রতি স্নেহ প্রকাশ পেয়েছে।  
৩. ছেলেদের সম্পর্কে ইতিবাচক ভাবনা ব্যক্ত হয়েছে।","১. শাহানাজ খুশির নাম সম্মানসূচকভাবে ব্যবহৃত হয়েছে।  
২. যমজ সন্তানের প্রতি স্নেহ প্রকাশ পেয়েছে।  
৩. ছেলেদের সম্পর্কে ইতিবাচক কথা বলা হয়েছে।","১. শাহানাজ খুশির নাম সম্মানের সাথে উল্লেখ করা হয়েছে।  
২. যমজ সন্তানের প্রতি স্নেহ প্রকাশ পেয়েছে।  
৩. ছেলেদের সম্পর্কে ইতিবাচক ভাষা ব্যবহৃত হয়েছে।","১. শাহানাজ খুশির নাম সম্মানসহ বলা হয়েছে।  
২. যমজ সন্তানের প্রতি ভালোবাসা ফুটে উঠেছে।  
৩. ছেলেদের সম্পর্কে ইতিবাচক কথা বলা হয়েছে।"
খুশি ম্যাডাম ইজ বেস্ট।,Gender,Not Hateful,"খুশি ম্যাডামের কাজের প্রতি শ্রদ্ধা ও প্রশংসা।
ইতিবাচক এবং প্রশংসাসূচক মন্তব্য।
কোনো নেতিবাচকতা নেই।","১. ""খুশি ম্যাডামের প্রশংসা করা হয়েছে।""  
২. ""কাজের প্রতি শ্রদ্ধা প্রকাশ পেয়েছে।""  
৩. ""ইতিবাচক অনুভূতি ফুটে উঠেছে।""","১. ""ম্যাডামের প্রশংসা স্পষ্টভাবে বলা হয়েছে।""  
২. ""ইতিবাচক শব্দ ব্যবহার করা হয়েছে।""  
৩. ""শ্রদ্ধা ও সম্মান প্রকাশ পেয়েছে।""","১. ""খুশি ম্যাডামের প্রশংসা করা হয়েছে।""  
২. ""ইতিবাচক অনুভূতি প্রকাশ পেয়েছে।""  
৩. ""সম্মানজনক শব্দ ব্যবহার করা হয়েছে।""","১. প্রশংসামূলক বাক্য ব্যবহৃত হয়েছে।  
২. ইতিবাচক ভাব প্রকাশ পেয়েছে।  
৩. সম্মানসূচক শব্দ ব্যবহার করা হয়েছে।","১. ""ম্যাডাম"" সম্মানসূচক শব্দ ব্যবহৃত হয়েছে।  
২. ""বেস্ট"" শব্দে প্রশংসা ফুটে উঠেছে।  
৩. বাক্যটিতে ইতিবাচক ভাব প্রকাশ পেয়েছে।","১. ""ম্যাডাম"" শব্দে সম্মান দেখানো হয়েছে।  
২. ""বেস্ট"" বলায় প্রশংসা করা হয়েছে।  
৩. পুরো বাক্যটি ইতিবাচক ভাব প্রকাশ করে।","১. ""ম্যাডাম"" সম্মানসূচক শব্দ।  
২. ""বেস্ট"" প্রশংসাবাচক শব্দ।  
৩. বাক্যটি ইতিবাচক অনুভূতি প্রকাশ করে।","১. ""ম্যাডাম"" ব্যবহারে সম্মান প্রকাশ পায়।  
২. ""বেস্ট"" শব্দে প্রশংসা ফুটে উঠেছে।  
৩. বাক্যটি ইতিবাচক ভাব প্রকাশ করে।","১. ""ম্যাডাম"" শব্দে শ্রদ্ধা প্রকাশ পায়।  
২. ""বেস্ট"" বলায় ইতিবাচকতা বোঝায়।  
৩. সম্পূর্ণ বাক্যটি প্রশংসামূলক।","১. ""ম্যাডাম"" শব্দে সম্মান প্রকাশ করা হয়েছে।  
২. ""বেস্ট"" শব্দে ইতিবাচক অনুভূতি আছে।  
৩. পুরো বাক্যটি প্রশংসাসূচক।","১. ""ম্যাডাম"" সম্মানজনক শব্দ।  
২. ""বেস্ট"" ইতিবাচক অভিব্যক্তি।  
৩. পুরো বাক্যটি প্রশংসামূলক।","১. ""ম্যাডাম"" ব্যবহারে সম্মান প্রকাশ পায়।  
২. ""বেস্ট"" শব্দে ইতিবাচকতা ফুটে ওঠে।  
৩. পুরো বাক্যটি প্রশংসাসূচক ভাব বহন করে।","১. ""ম্যাডাম"" শব্দে সম্মান দেখানো হয়েছে।  
২. ""বেস্ট"" দিয়ে ইতিবাচকতা বোঝানো হয়েছে।  
৩. পুরো বাক্যটি প্রশংসামূলক ভাব প্রকাশ করে।","১. ""ম্যাডাম"" সম্মানসূচক শব্দ।  
২. ""বেস্ট"" ইতিবাচক অর্থ বহন করে।  
৩. বাক্যটি প্রশংসামূলক ভাব প্রকাশ করে।","১. ""ম্যাডাম"" শব্দটি সম্মানজনক।  
২. ""বেস্ট"" শব্দটি ইতিবাচক।  
৩. বাক্যটি প্রশংসামূলক ভাব প্রকাশ করে।","১. ""ম্যাডাম"" সম্মান বোঝায়।  
২. ""বেস্ট"" প্রশংসা প্রকাশ করে।  
৩. বাক্যটি ইতিবাচক ভাব বহন করে।","১. ""ম্যাডাম"" শব্দটি সম্মানজনক।  
২. ""বেস্ট"" বলায় প্রশংসা ফুটে উঠেছে।  
৩. পুরো বাক্যটি ইতিবাচক অনুভূতি প্রকাশ করে।","১. ""ম্যাডাম"" ব্যবহারে সম্মান বোঝায়।  
২. ""বেস্ট"" শব্দে ইতিবাচকতা প্রকাশ পায়।  
৩. বাক্যটিতে কোনো নেতিবাচকতা নেই।","১. ""ম্যাডাম"" শব্দে সম্মান প্রকাশ পায়।  
২. ""বেস্ট"" বলায় ইতিবাচক ভাব ফুটে উঠেছে।  
৩. বাক্যটি সম্পূর্ণভাবে ইতিবাচক।","১. ""ম্যাডাম"" সম্মানজনক শব্দ।  
২. ""বেস্ট"" ইতিবাচক অর্থ বহন করে।  
৩. পুরো বাক্যটি প্রশংসামূলক।","১. ""ম্যাডাম"" সম্মানসূচক শব্দ।  
২. ""বেস্ট"" ইতিবাচক অর্থ প্রকাশ করে।  
৩. বাক্যটি প্রশংসামূলক ভাব প্রকাশ করে।"
দাদা আপনি অসাধারণ একটি জিনিস,Gender,Not Hateful,"দাদার কাজের প্রতি ভালোবাসা ও প্রশংসা প্রকাশ।
এটি ইতিবাচক মন্তব্য এবং কৃতজ্ঞতা।
নেতিবাচক কোনো উপাদান নেই।","1. দাদার প্রশংসা করা হয়েছে  
2. ইতিবাচক অনুভূতি প্রকাশ  
3. কোনো নেতিবাচকতা নেই","1. দাদাকে সম্মান দেখানো হয়েছে  
2. ইতিবাচক শব্দ ব্যবহৃত হয়েছে  
3. কোনো বিদ্বেষপূর্ণ ভাষা নেই","1. দাদাকে সম্মানসূচক সম্বোধন করা হয়েছে  
2. প্রশংসামূলক শব্দ ব্যবহার করা হয়েছে  
3. কোনো নেতিবাচক শব্দ নেই","1. দাদা সম্মান দেখানোর জন্য ব্যবহৃত হয়েছে।  
2. অসাধারণ শব্দটি প্রশংসা বোঝায়।  
3. বাক্যটিতে কোনো অপশব্দ নেই।","1. দাদা শব্দটি সম্মানসূচকভাবে ব্যবহৃত হয়েছে।  
2. অসাধারণ শব্দে ইতিবাচক অনুভূতি প্রকাশ পেয়েছে।  
3. বাক্যটি সম্পূর্ণরূপে শ্রদ্ধা ও প্রশংসা প্রকাশ করে।","1. দাদা শব্দে সম্মান দেখানো হয়েছে।  
2. অসাধারণ বলতে প্রশংসা বোঝায়।  
3. পুরো বাক্যটি ইতিবাচক ভাব প্রকাশ করে।","1. দাদা সম্মানসূচক শব্দ ব্যবহৃত হয়েছে।  
2. অসাধারণ শব্দে প্রশংসা ফুটে উঠেছে।  
3. বাক্যটি সম্পূর্ণ ইতিবাচক ভাব প্রকাশ করে।","1. দাদা শব্দে সম্মান দেখানো হয়েছে।  
2. অসাধারণ বলতে প্রশংসা বোঝানো হয়েছে।  
3. পুরো বাক্যটি ইতিবাচক ভাব প্রকাশ করে।","1. দাদা সম্মানসূচক শব্দ ব্যবহৃত হয়েছে।  
2. অসাধারণ শব্দে প্রশংসা ফুটে উঠেছে।  
3. বাক্যটি সম্পূর্ণ ইতিবাচক ভাব প্রকাশ করে।","1. দাদা শব্দে সম্মান প্রকাশ পায়।  
2. অসাধারণ শব্দে প্রশংসা বোঝায়।  
3. বাক্যটি সম্পূর্ণ ইতিবাচক।","1. দাদা শব্দে শ্রদ্ধা প্রকাশ করা হয়েছে।  
2. অসাধারণ শব্দে ইতিবাচক অনুভূতি।  
3. পুরো বাক্যটি প্রশংসামূলক।","1. দাদা শব্দে সম্মান প্রকাশ পায়।  
2. অসাধারণ বলায় প্রশংসা বোঝায়।  
3. পুরো বাক্যটি ইতিবাচক ভাব প্রকাশ করে।","1. দাদা শব্দে সম্মান প্রকাশ পায়।  
2. অসাধারণ প্রশংসা বোঝাতে ব্যবহৃত হয়।  
3. বাক্যটি সম্পূর্ণ ইতিবাচক ভাব বহন করে।","1. দাদা শব্দে সম্মান প্রকাশ পায়।  
2. অসাধারণ শব্দে প্রশংসা বোঝায়।  
3. বাক্যটি ইতিবাচক ভাব প্রকাশ করে।","1. দাদা শব্দে শ্রদ্ধা প্রকাশ পায়।  
2. অসাধারণ শব্দে প্রশংসা ফুটে ওঠে।  
3. পুরো বাক্যটি ইতিবাচক অনুভূতি বহন করে।","1. দাদা শব্দে সম্মান প্রকাশ পায়।  
2. অসাধারণ বলায় প্রশংসা বোঝায়।  
3. বাক্যটি সম্পূর্ণ ইতিবাচক ভাব প্রকাশ করে।","1. দাদা শব্দে সম্মান প্রকাশ পায়।  
2. অসাধারণ প্রশংসা বোঝাতে ব্যবহৃত হয়।  
3. বাক্যটি ইতিবাচক অনুভূতি প্রকাশ করে।","1. দাদা শব্দে শ্রদ্ধা ফুটে উঠেছে।  
2. অসাধারণ শব্দে প্রশংসা প্রকাশ পায়।  
3. বাক্যটি সম্পূর্ণ ইতিবাচক ভাব বহন করে।","1. দাদা শব্দে সম্মান প্রকাশ পায়।  
2. অসাধারণ শব্দে প্রশংসা বোঝায়।  
3. পুরো বাক্যটি ইতিবাচক ভাব প্রকাশ করে।","1. দাদা সম্মানজনক সম্বোধন।  
2. অসাধারণ প্রশংসামূলক শব্দ।  
3. বাক্যটি সম্পূর্ণ ইতিবাচক।","1. দাদা সম্মানসূচক শব্দ ব্যবহৃত হয়েছে।  
2. অসাধারণ শব্দটি প্রশংসা বোঝায়।  
3. পুরো বাক্যটি ইতিবাচক ভাব প্রকাশ করে।"
দিপু হাজরা আর বৃন্দাবন দাস জুটি অসাধারণ কাজ।,Gender,Not Hateful,"জুটির সৃজনশীল কাজের প্রশংসা।
ইতিবাচক এবং কৃতজ্ঞতাসূচক মন্তব্য।
নেতিবাচক কোনো ইঙ্গিত নেই।","১. দিপু ও বৃন্দাবনের কাজের প্রশংসা করা হয়েছে।  
২. ইতিবাচক ভাষায় সৃজনশীলতার স্বীকৃতি দেওয়া হয়েছে।  
৩. নেতিবাচক কোনো শব্দ বা ইঙ্গিত নেই।","১. দিপু ও বৃন্দাবনের কাজের প্রশংসা করা হয়েছে।  
২. ইতিবাচক শব্দ ব্যবহার করা হয়েছে।  
৩. কোনো নেতিবাচকতা নেই।","১. দিপু ও বৃন্দাবনের প্রশংসা করা হয়েছে।  
২. ""অসাধারণ"" ইতিবাচক শব্দ ব্যবহৃত।  
৩. কোনো নেতিবাচক শব্দ নেই।","১. ইতিবাচক শব্দ ব্যবহার করা হয়েছে।  
২. প্রশংসামূলক বক্তব্য রয়েছে।  
৩. কোনো বিদ্বেষপূর্ণ শব্দ নেই।","১. দিপু হাজরা ও বৃন্দাবন দাসের প্রশংসা করা হয়েছে।  
২. ""অসাধারণ কাজ"" ইতিবাচক শব্দ ব্যবহৃত হয়েছে।  
৩. কোনো নেতিবাচক বা বিদ্বেষপূর্ণ শব্দ নেই।","১. ইতিবাচক শব্দ ব্যবহার করা হয়েছে।  
২. প্রশংসামূলক বক্তব্য রয়েছে।  
৩. কোনো বিদ্বেষপূর্ণ শব্দ নেই।","১. দিপু হাজরা ও বৃন্দাবন দাসের প্রশংসা করা হয়েছে।  
২. ""অসাধারণ কাজ"" ইতিবাচক শব্দ ব্যবহৃত হয়েছে।  
৩. কোনো নেতিবাচক বা বিদ্বেষপূর্ণ শব্দ নেই।","১. ইতিবাচক শব্দ ব্যবহার করা হয়েছে।  
২. প্রশংসামূলক বক্তব্য রয়েছে।  
৩. কোনো বিদ্বেষপূর্ণ ভাষা নেই।","১. দিপু হাজরা ও বৃন্দাবন দাসের প্রশংসা করা হয়েছে।  
২. ইতিবাচক শব্দ ব্যবহার করা হয়েছে।  
৩. কোনো ঘৃণামূলক ভাষা নেই।","১. দিপু হাজরা ও বৃন্দাবন দাসের প্রশংসা করা হয়েছে।  
২. ""অসাধারণ কাজ"" ইতিবাচক শব্দ ব্যবহৃত হয়েছে।  
৩. ঘৃণা বা বিদ্বেষ নেই বাক্যে।","১. ইতিবাচক শব্দে প্রশংসা করা হয়েছে।  
২. ঘৃণামূলক কোনো ভাষা নেই।  
৩. ধর্মীয় বিদ্বেষ অনুপস্থিত।","১. দিপু হাজরা ও বৃন্দাবন দাসের প্রশংসা করা হয়েছে।  
২. কোনো নেতিবাচক বা আক্রমণাত্মক শব্দ নেই।  
৩. ধর্ম বা সম্প্রদায় সম্পর্কে কোনো উল্লেখ নেই।","১. ইতিবাচক শব্দে কাজের প্রশংসা করা হয়েছে।  
২. কোনো বিদ্বেষপূর্ণ শব্দ ব্যবহার করা হয়নি।  
৩. ধর্ম বা সম্প্রদায়ের উল্লেখ নেই এখানে।","১. দিপু ও বৃন্দাবনের প্রশংসা করা হয়েছে।  
২. কোনো নেতিবাচক শব্দ নেই বাক্যে।  
৩. ধর্ম বা সম্প্রদায়ের উল্লেখ অনুপস্থিত।","১. দিপু ও বৃন্দাবনের প্রশংসা করা হয়েছে।  
২. বাক্যটিতে ইতিবাচক শব্দ ব্যবহৃত হয়েছে।  
৩. ধর্ম বা সম্প্রদায়ের কোনো উল্লেখ নেই।","১. দিপু ও বৃন্দাবনের কাজের প্রশংসা করা হয়েছে।  
২. ""অসাধারণ"" শব্দটি ইতিবাচক ভাব প্রকাশ করে।  
৩. ধর্ম বা সম্প্রদায়ের কোনো উল্লেখ নেই এখানে।","১. ইতিবাচক শব্দে কাজের প্রশংসা করা হয়েছে।  
২. ধর্ম বা সম্প্রদায়ের কোনো উল্লেখ নেই।  
৩. ব্যক্তিদের সাফল্যকে স্বীকৃতি দেওয়া হয়েছে।","১. দিপু হাজরা ও বৃন্দাবনের প্রশংসা করা হয়েছে।  
২. ধর্ম বা সম্প্রদায়ের কোনো উল্লেখ নেই এখানে।  
৩. ব্যক্তিদের সাফল্যকে স্বীকৃতি দেওয়া হয়েছে স্পষ্টভাবে।","১. ব্যক্তিদের প্রশংসা স্পষ্টভাবে বলা হয়েছে।  
২. ধর্ম বা সম্প্রদায়ের কোনো ইঙ্গিত নেই।  
৩. সাফল্যকে স্বীকৃতি দেওয়ার ভাষা ব্যবহৃত হয়েছে।","১. দিপু ও বৃন্দাবনের প্রশংসা করা হয়েছে।  
২. ধর্ম বা সম্প্রদায়ের উল্লেখ নেই।  
৩. সাফল্যের জন্য স্বীকৃতি দেওয়া হয়েছে।","১. দিপু ও বৃন্দাবনের কাজের প্রশংসা করা হয়েছে।  
২. ধর্ম বা সম্প্রদায়ের কোনো উল্লেখ নেই এখানে।  
৩. তাদের সাফল্যকে স্বীকৃতি দেওয়া হয়েছে।"
ছেলে দুইটা দারুন অভিনয়,Gender,Not Hateful,"অভিনয়ের দক্ষতার প্রতি প্রশংসা।
ইতিবাচক মন্তব্য এবং মুগ্ধতা প্রকাশ।
নেতিবাচক কিছু নেই।","1. ছেলে দুইটার অভিনয় প্রশংসনীয়।  
2. ইতিবাচক প্রতিক্রিয়া দেখানো হয়েছে।  
3. নেতিবাচক কোনো কথা নেই।","1. প্রশংসামূলক শব্দ ব্যবহার করা হয়েছে।  
2. কোনো নেতিবাচক শব্দ নেই।  
3. ইতিবাচক ভাব প্রকাশ পেয়েছে।","1. ""ছেলে দুইটা দারুন"" বলায় প্রশংসা বোঝাচ্ছে।  
2. ""দারুন অভিনয়"" ইতিবাচক অনুভূতি প্রকাশ করছে।  
3. কোনো অপশব্দ বা নেতিবাচকতা নেই বাক্যে।","1. ""ছেলে দুইটা দারুন"" প্রশংসামূলক ভাষা।  
2. ""দারুন অভিনয়"" ইতিবাচক অভিব্যক্তি।  
3. কোনো নেতিবাচক শব্দ নেই।","1. ""ছেলে দুইটা দারুন"" ইতিবাচক বাক্য।  
2. ""দারুন অভিনয়"" প্রশংসা বোঝায়।  
3. কোনো বিদ্বেষপূর্ণ শব্দ নেই।","1. ""ছেলে দুইটা"" ইতিবাচকভাবে উল্লেখ করা হয়েছে।  
2. ""দারুন অভিনয়"" প্রশংসাসূচক অভিব্যক্তি।  
3. কোনো নেতিবাচক শব্দ ব্যবহৃত হয়নি।","1. ""ছেলে দুইটা"" ইতিবাচক শব্দ ব্যবহৃত হয়েছে।  
2. ""দারুন অভিনয়"" প্রশংসা বোঝায়।  
3. কোনো বিদ্বেষমূলক শব্দ নেই।","1. ""ছেলে দুইটা"" ইতিবাচক শব্দ।  
2. ""দারুন অভিনয়"" প্রশংসাসূচক।  
3. কোনো নেতিবাচক শব্দ নেই।","1. ""ছেলে দুইটা"" ইতিবাচক অর্থ বহন করে।  
2. ""দারুন অভিনয়"" প্রশংসা বোঝায়।  
3. কোনো ঘৃণামূলক শব্দ নেই।","১. ""ছেলে দুইটা"" ইতিবাচক শব্দ।  
২. ""দারুন অভিনয়"" প্রশংসাসূচক।  
৩. ঘৃণার কোনো শব্দ নেই।","১. ""ছেলে দুইটা"" প্রশংসামূলক শব্দ।  
২. ""দারুন অভিনয়"" ইতিবাচক অভিব্যক্তি।  
৩. কোনো ঘৃণাসূচক শব্দ নেই।","১. ""ছেলে দুইটা"" প্রশংসার ইঙ্গিত দেয়।  
২. ""দারুন অভিনয়"" ইতিবাচক অনুভূতি প্রকাশ করে।  
৩. বাক্যটিতে ঘৃণার কোনো লক্ষণ নেই।","১. ""ছেলে দুইটা"" প্রশংসা বোঝায়।  
২. ""দারুন অভিনয়"" ইতিবাচক অভিব্যক্তি।  
৩. ঘৃণার কোনো ভাষা নেই।","১. ""ছেলে দুইটা"" ইতিবাচক শব্দগুচ্ছ।  
২. ""দারুন অভিনয়"" প্রশংসামূলক অভিব্যক্তি।  
৩. বাক্যে ঘৃণার কোনো লক্ষণ নেই।","১. বাক্যটি ইতিবাচক অনুভূতি প্রকাশ করে।  
২. কোনো নেতিবাচক শব্দ ব্যবহার করা হয়নি।  
৩. প্রশংসামূলক অভিব্যক্তি স্পষ্টভাবে প্রকাশিত।","১. ছেলে দুইটার প্রশংসা করা হয়েছে।  
২. ইতিবাচক শব্দ ""দারুন"" ব্যবহৃত হয়েছে।  
৩. কোনো নেতিবাচকতা নেই বাক্যে।","১. প্রশংসামূলক বাক্য কোন ঘৃণা নেই।  
২. ইতিবাচক শব্দে ভরপুর বাক্য।  
৩. নেতিবাচক শব্দ বা ভাবনা অনুপস্থিত।","১. ছেলেদের প্রশংসা করা হয়েছে।  
২. কোনো নেতিবাচক শব্দ নেই।  
৩. ইতিবাচক ভাব প্রকাশ পেয়েছে।","১. প্রশংসামূলক শব্দ ব্যবহৃত হয়েছে।  
২. ইতিবাচক আবেগ প্রকাশ পেয়েছে।  
৩. কোনো বিদ্বেষপূর্ণ ভাষা নেই।","১. ছেলেদের অভিনয়ের প্রশংসা করা হয়েছে।  
২. ইতিবাচক অনুভূতি প্রকাশ পেয়েছে বাক্যে।  
৩. কোনো নেতিবাচক বা বিদ্বেষপূর্ণ শব্দ নেই।","১. বাক্যটিতে প্রশংসামূলক শব্দ ব্যবহৃত হয়েছে।  
২. কোনো বিদ্বেষ বা নেতিবাচকতা প্রকাশ পায়নি।  
৩. ইতিবাচক অনুভূতি স্পষ্টভাবে ফুটে উঠেছে।"
তরপরো বলছি দাদা আপনাকে ধন্যবাদ।,Gender,Not Hateful,"দাদার কাজের প্রতি কৃতজ্ঞতা প্রকাশ।
সাধারণ ধন্যবাদসূচক মন্তব্য।
সম্পূর্ণ শুভেচ্ছাসূচক।","১. ""দাদা"" সম্বোধন ব্যবহারে শুভেচ্ছা প্রকাশ পেয়েছে।  
২. ""ধন্যবাদ"" শব্দে কৃতজ্ঞতা বোঝানো হয়েছে।  
৩. বাক্যটিতে কোনো নেতিবাচকতা বা বিদ্বেষ নেই।","১. ""দাদা"" সম্বোধনটি সৌজন্যমূলক।  
২. ""ধন্যবাদ"" শব্দে ইতিবাচক ভাব।  
৩. বাক্যটি সম্পূর্ণ বিনম্র।","১. ""দাদা"" শব্দে শ্রদ্ধা প্রকাশ পায়।  
২. ""ধন্যবাদ"" বলায় কৃতজ্ঞতা বোঝায়।  
৩. পুরো বাক্যটি শিষ্টাচারপূর্ণ।","১. ""দাদা"" শব্দে সম্মান প্রকাশ পায়।  
২. ""ধন্যবাদ"" বলায় কৃতজ্ঞতা ফুটে ওঠে।  
৩. বাক্যটি সম্পূর্ণ ভদ্র ও শালীন।","১. ""দাদা"" সম্মানজনক সম্বোধন।  
২. ""ধন্যবাদ"" বলায় কৃতজ্ঞতা প্রকাশ।  
৩. বাক্যটি শালীন ও ভদ্র।","১. ""দাদা"" ব্যবহারে শ্রদ্ধা প্রকাশ পায়।  
২. ""ধন্যবাদ"" দিয়ে কৃতজ্ঞতা দেখানো হয়েছে।  
৩. সম্পূর্ণ বাক্যটি ভদ্র ও শালীন।","১. ""দাদা"" শব্দে সম্মান বোঝানো হয়েছে।  
২. ""ধন্যবাদ"" বলায় কৃতজ্ঞতা প্রকাশ পেয়েছে।  
৩. বাক্যটি ভদ্র ও শ্রদ্ধাসূচক।","১. ""দাদা"" সম্মানজনক সম্বোধন।  
২. ""ধন্যবাদ"" দিয়ে কৃতজ্ঞতা প্রকাশ।  
৩. পুরো বাক্য ভদ্র ও শ্রদ্ধাপূর্ণ।","১. ""দাদা"" শব্দটি সম্মানবোধক।  
২. ""ধন্যবাদ"" বলা কৃতজ্ঞতার লক্ষণ।  
৩. বাক্যটি ভদ্র ও শিষ্টাচারপূর্ণ।","১. ""দাদা"" শব্দে সম্মান প্রকাশ পায়।  
২. ""ধন্যবাদ"" বলায় কৃতজ্ঞতা বোঝায়।  
৩. সম্পূর্ণ বাক্যটি ভদ্র ও শালীন।","১. ""দাদা"" সম্মানজনক সম্বোধন।  
২. ""ধন্যবাদ"" বলা ভদ্রতার প্রকাশ।  
৩. বাক্যটিতে কোনো অশালীনতা নেই।","১. ""দাদা"" শব্দটি সম্মান প্রদর্শন করে।  
২. ""ধন্যবাদ"" বলা ভদ্রতার অংশ।  
৩. বাক্যটি সম্পূর্ণ শালীন।","১. ""দাদা"" সম্মানসূচক সম্বোধন।  
২. ""ধন্যবাদ"" বলায় ভদ্রতা প্রকাশ পায়।  
৩. বাক্যে কোনো অশালীনতা নেই।","১. ""দাদা"" শব্দটি সম্মানজনক।  
২. ""ধন্যবাদ"" বলায় ইতিবাচক ভাব।  
৩. বাক্যটি শালীন ও ভদ্র।","১. ""দাদা"" সম্মানসূচক সম্বোধন।  
২. ""ধন্যবাদ"" ইতিবাচক অভিব্যক্তি।  
৩. বাক্যটি ভদ্র ও শিষ্ট।","১. ""দাদা"" শব্দটি সম্মান প্রদর্শন করে।  
২. ""ধন্যবাদ"" বলায় কৃতজ্ঞতা প্রকাশ পায়।  
৩. সম্পূর্ণ বাক্যটি ভদ্র ও শালীন।","১. ""দাদা"" সম্মানসূচক সম্বোধন।  
২. ""ধন্যবাদ"" কৃতজ্ঞতা প্রকাশ করে।  
৩. বাক্যটি ভদ্র ও শালীন ভাষায়।","১. ""দাদা"" শব্দটি সম্মানজনক।  
২. ""ধন্যবাদ"" দিয়ে কৃতজ্ঞতা প্রকাশ করা হয়েছে।  
৩. সম্পূর্ণ বাক্যটি ভদ্র ও শালীন।","১. ""দাদা"" শব্দে সম্মান প্রকাশ পায়।  
২. ""ধন্যবাদ"" বলায় কৃতজ্ঞতা বোঝায়।  
৩. বাক্যটি শিষ্টাচার সম্মত।","১. ""দাদা"" সম্মানসূচক সম্বোধন।  
২. ""ধন্যবাদ"" কৃতজ্ঞতা প্রকাশ করে।  
৩. বাক্যটি ভদ্র ও শালীন।","১. ""দাদা"" শব্দটি সম্মানজনক।  
২. ""ধন্যবাদ"" বলায় কৃতজ্ঞতা বোঝায়।  
৩. সম্পূর্ণ বাক্যটি ভদ্রভাবে বলা হয়েছে।"
অনেক অনেক ধন্যবাদ আপনাকে হাসান ভাই আমাদেরকে এমন সুন্দর নাটক উপহার দেয়ার জন্য,Gender,Not Hateful,"হাসান ভাইয়ের কাজের প্রতি কৃতজ্ঞতা ও শ্রদ্ধা।
ইতিবাচক এবং প্রশংসাসূচক মন্তব্য।
নেতিবাচক কোনো উপাদান নেই।","১. প্রশংসাসূচক বক্তব্যে ভরা।  
২. কৃতজ্ঞতা প্রকাশ করা হয়েছে।  
৩. নেতিবাচক শব্দ নেই।","১. বক্তব্যে প্রশংসা ও ধন্যবাদ রয়েছে।  
২. নেতিবাচক কোনো শব্দ ব্যবহার করা হয়নি।  
৩. কৃতজ্ঞতা প্রকাশের ভাষা স্পষ্ট।","১. বক্তব্যে ধন্যবাদ ও প্রশংসা স্পষ্ট।  
২. কোনো নেতিবাচক শব্দ নেই।  
৩. কৃতজ্ঞতা প্রকাশ করা হয়েছে।","১. ধন্যবাদ প্রকাশ করা হয়েছে।  
২. নেতিবাচক শব্দ অনুপস্থিত।  
৩. প্রশংসামূলক বক্তব্য রয়েছে।","১. হাসান ভাইকে ধন্যবাদ বলা হয়েছে।  
২. কোনো নেতিবাচক শব্দ নেই।  
৩. নাটকের প্রশংসা করা হয়েছে।","১. প্রশংসামূলক বাক্য ব্যবহার করা হয়েছে।  
২. ধন্যবাদ জানানোর মাধ্যমে ইতিবাচকতা প্রকাশ পেয়েছে।  
৩. নেতিবাচক শব্দ বা ভাবনা অনুপস্থিত।","১. বক্তব্যে ইতিবাচক আবেগ প্রকাশ পেয়েছে।  
২. ধন্যবাদ ও প্রশংসা সুস্পষ্টভাবে উল্লেখ আছে।  
৩. কোনো নেতিবাচক শব্দ বা ভাবনা নেই।","১. বক্তব্যে কৃতজ্ঞতা প্রকাশ করা হয়েছে।  
২. ইতিবাচক শব্দ ব্যবহার করা হয়েছে।  
৩. কোনো নেতিবাচকতা নেই।","১. কৃতজ্ঞতা প্রকাশের শব্দ ব্যবহৃত হয়েছে।  
২. ইতিবাচক আবেগ ফুটে উঠেছে।  
৩. নেতিবাচক শব্দ বা ভাবনা অনুপস্থিত।","১. ধন্যবাদ শব্দে কৃতজ্ঞতা প্রকাশ পেয়েছে।  
২. ""সুন্দর নাটক"" বলায় ইতিবাচকতা দেখা যায়।  
৩. কোনো নেতিবাচক শব্দ বা ভাবনা নেই।","১. ধন্যবাদে ইতিবাচক আবেগ প্রকাশ।  
২. ""সুন্দর নাটক"" বলায় প্রশংসা বোঝায়।  
৩. কোনো বিদ্বেষমূলক শব্দ নেই।","১. ধন্যবাদে ইতিবাচক অনুভূতি প্রকাশ পেয়েছে।  
২. ""সুন্দর নাটক"" বলায় প্রশংসা ফুটে উঠেছে।  
৩. কোনো নেতিবাচক বা বিদ্বেষমূলক শব্দ নেই।","১. ধন্যবাদ দিয়ে ইতিবাচকতা প্রকাশ করা হয়েছে।  
২. ""সুন্দর নাটক"" বলায় প্রশংসা বোঝা যায়।  
৩. কোনো বিদ্বেষ বা নেতিবাচক শব্দ নেই।","১. ইতিবাচক শব্দ ব্যবহার করা হয়েছে।  
২. প্রশংসামূলক বক্তব্য রয়েছে।  
৩. বিদ্বেষপূর্ণ শব্দ অনুপস্থিত।","১. ধন্যবাদ ও প্রশংসা প্রকাশ করা হয়েছে।  
২. নাটকের প্রশংসা করা হয়েছে।  
৩. কোনো নেতিবাচক শব্দ নেই।","১. ""ধন্যবাদ"" শব্দটি ইতিবাচক অনুভূতি প্রকাশ করছে।  
২. ""সুন্দর নাটক"" বলতে প্রশংসা বোঝানো হয়েছে।  
৩. বাক্যটিতে কোনো নেতিবাচক শব্দ ব্যবহৃত হয়নি।","১. ""ধন্যবাদ"" শব্দে কৃতজ্ঞতা প্রকাশ পেয়েছে।  
২. ""সুন্দর নাটক"" বলতে প্রশংসা করা হয়েছে।  
৩. বাক্যটিতে কোনো বিদ্বেষপূর্ণ শব্দ নেই।","১. ""ধন্যবাদ"" শব্দে ইতিবাচক আবেগ প্রকাশ পেয়েছে।  
২. ""সুন্দর নাটক"" বলতে প্রশংসার ভাষা ব্যবহৃত হয়েছে।  
৩. কোনো নেতিবাচক বা বিদ্বেষমূলক শব্দ নেই।","১. ইতিবাচক আবেগ প্রকাশ পেয়েছে।  
২. প্রশংসামূলক ভাষা ব্যবহৃত হয়েছে।  
৩. কোনো বিদ্বেষপূর্ণ শব্দ নেই।","১. বক্তব্যে কৃতজ্ঞতা প্রকাশ করা হয়েছে।  
২. হাসান ভাইয়ের প্রশংসা করা হয়েছে।  
৩. কোনো নেতিবাচক শব্দ ব্যবহার হয়নি।","১. ধন্যবাদ দিয়ে কৃতজ্ঞতা প্রকাশ করা হয়েছে।  
২. হাসান ভাইয়ের নাটকের প্রশংসা করা হয়েছে।  
৩. কোনো নেতিবাচক শব্দ নেই বক্তব্যে।"
অসাধারন নাটক রিয়াজ ভাইের দেখার মতো,Gender,Not Hateful,"রিয়াজ ভাইয়ের কাজের প্রশংসা প্রকাশ।
নাটকের মানের প্রতি মুগ্ধতা।
নেতিবাচক কিছু নেই।","1. রিয়াজ ভাইয়ের নাটকের প্রশংসা করা হয়েছে।  
2. নাটকের মান সম্পর্কে ইতিবাচক মন্তব্য।  
3. কোনো নেতিবাচক শব্দ ব্যবহৃত হয়নি।","1. রিয়াজ ভাইয়ের প্রশংসা করা হয়েছে।  
2. ইতিবাচক শব্দ ব্যবহৃত হয়েছে।  
3. নেতিবাচক কিছু বলা হয়নি।","১. নাটকের প্রশংসা করা হয়েছে।  
২. ইতিবাচক ভাব প্রকাশ পেয়েছে।  
৩. কোনো নেতিবাচকতা নেই।","১. নাটকের প্রশংসা করা হয়েছে।  
২. ইতিবাচক শব্দ ব্যবহার করা হয়েছে।  
৩. কোনো বিদ্বেষপূর্ণ ভাষা নেই।","১. রিয়াজ ভাইয়ের নাটকের প্রশংসা করা হয়েছে।  
২. ইতিবাচক অনুভূতি প্রকাশ পেয়েছে।  
৩. বিদ্বেষমূলক কোনো শব্দ নেই।","১. রিয়াজ ভাইয়ের নাটকের প্রশংসা করা হয়েছে।  
২. ইতিবাচক শব্দ ব্যবহার করা হয়েছে।  
৩. কোনো নেতিবাচক শব্দ নেই।","১. রিয়াজ ভাইয়ের নাটকের প্রশংসা করা হয়েছে।  
২. ইতিবাচক শব্দ ""অসাধারন"" ব্যবহার করা হয়েছে।  
৩. কোনো বিদ্বেষপূর্ণ শব্দ নেই।","১. প্রশংসামূলক বাক্য, বিদ্বেষ নেই।  
২. ইতিবাচক শব্দে রিয়াজ ভাইয়ের নাটকের প্রশংসা।  
৩. কোনো নেতিবাচক বা আক্রমণাত্মক ভাষা নেই।","১. রিয়াজ ভাইয়ের নাটকের প্রশংসা করা হয়েছে।  
২. কোনো বিদ্বেষপূর্ণ শব্দ ব্যবহার করা হয়নি।  
৩. শুধুমাত্র ইতিবাচক ভাষা ব্যবহৃত হয়েছে।","১. রিয়াজ ভাইয়ের নাটকের প্রশংসা করা হয়েছে।  
২. কোনো নেতিবাচক শব্দ নেই।  
৩. সম্পূর্ণ ইতিবাচক বক্তব্য।","১. রিয়াজ ভাইয়ের নাটকের প্রশংসা করা হয়েছে।  
২. কোনো নেতিবাচক শব্দ ব্যবহার করা হয়নি।  
৩. বক্তব্যটি সম্পূর্ণ ইতিবাচক।","১. রিয়াজ ভাইয়ের নাটকের প্রশংসা করা হয়েছে।  
২. ইতিবাচক শব্দ ব্যবহার করা হয়েছে।  
৩. কোনো বিদ্বেষমূলক ভাষা নেই।","১. নাটকের প্রশংসা করা হয়েছে।  
২. ইতিবাচক শব্দ ব্যবহার করা হয়েছে।  
৩. বিদ্বেষমূলক ভাষা অনুপস্থিত।","১. রিয়াজ ভাইয়ের নাটকের প্রশংসা করা হয়েছে।  
২. ""অসাধারন"" ইতিবাচক শব্দ ব্যবহৃত হয়েছে।  
৩. কোনো বিদ্বেষমূলক শব্দ নেই।","১. ইতিবাচক শব্দে প্রশংসা করা হয়েছে।  
২. কোনো নেতিবাচক শব্দ নেই।  
৩. রিয়াজ ভাইয়ের নাটকের প্রশংসা করা হয়েছে।","১. নাটকের প্রশংসা করা হয়েছে।  
২. ইতিবাচক শব্দ ব্যবহৃত হয়েছে।  
৩. রিয়াজ ভাইয়ের প্রতি শ্রদ্ধা দেখানো হয়েছে।","১. নাটকের গুণগত মান উল্লেখ করা হয়েছে।  
২. ইতিবাচক অভিব্যক্তি প্রকাশ পেয়েছে।  
৩. রিয়াজ ভাইকে সম্মান দেখানো হয়েছে।","১. নাটকের প্রশংসা করা হয়েছে।  
২. ইতিবাচক অনুভূতি প্রকাশিত।  
৩. রিয়াজ ভাইকে সম্মানিত করা হয়েছে।","১. নাটকের গুণগত মান উল্লেখ করা হয়েছে।  
২. ইতিবাচক শব্দ ব্যবহার করা হয়েছে।  
৩. সম্মানসূচক সম্বোধন করা হয়েছে।","১. নাটকের প্রশংসা করা হয়েছে।  
২. ইতিবাচক ভাষা ব্যবহৃত হয়েছে।  
৩. সম্মান দেখানো হয়েছে।","১. নাটকের গুণগত মান উল্লেখ করা হয়েছে।  
২. ইতিবাচক শব্দ ব্যবহার করা হয়েছে।  
৩. ব্যক্তিকে সম্মানিত করা হয়েছে।"
রিয়াজ আর সালমান শাহ ছাড়া আর একটা নায়কও ভাল লাগে না,Gender,Not Hateful,"প্রিয় অভিনেতাদের প্রতি ভালোবাসা প্রকাশ।
ইতিবাচক মন্তব্য এবং সমর্থন।
নেতিবাচক কোনো ইঙ্গিত নেই।","১. শুধু প্রিয় অভিনেতাদের নাম উল্লেখ করা হয়েছে।  
২. কোনো নেতিবাচক শব্দ বা ইঙ্গিত নেই।  
৩. ইতিবাচক অনুভূতি প্রকাশ পেয়েছে।","১. শুধু পছন্দের অভিনেতাদের কথা বলা হয়েছে।  
২. কোনো অপমান বা বিদ্বেষ নেই।  
৩. ইতিবাচক আবেগ প্রকাশ করা হয়েছে।","১. শুধু পছন্দের অভিনেতাদের উল্লেখ আছে।  
২. কোনো নেতিবাচক ভাষা ব্যবহার করা হয়নি।  
৩. ইতিবাচক অনুভূতি প্রকাশ পেয়েছে।","১. শুধু পছন্দের অভিনেতাদের নাম বলা হয়েছে।  
২. কোনো খারাপ ভাষা বা বিদ্বেষ নেই।  
৩. ইতিবাচক অনুভূতি প্রকাশ করা হয়েছে।","১. শুধু পছন্দের অভিনেতাদের উল্লেখ আছে।  
২. কোনো নেতিবাচক শব্দ ব্যবহৃত হয়নি।  
৩. ইতিবাচক অনুভূতি প্রকাশ পেয়েছে।","১. শুধু পছন্দের অভিনেতাদের নাম বলা হয়েছে।  
২. কোনো খারাপ শব্দ ব্যবহার করা হয়নি।  
৩. ভালোবাসার অনুভূতি প্রকাশ পেয়েছে।","১. শুধু পছন্দের অভিনেতাদের উল্লেখ আছে।  
২. কোনো নেতিবাচক শব্দ ব্যবহৃত হয়নি।  
৩. ইতিবাচক অনুভূতি প্রকাশ করা হয়েছে।","১. শুধু প্রিয় অভিনেতাদের নাম বলা হয়েছে।  
২. কোনো খারাপ শব্দ ব্যবহার করা হয়নি।  
৩. ভালোবাসার অনুভূতি প্রকাশ পেয়েছে।","১. প্রিয় অভিনেতাদের প্রতি ভালোবাসা প্রকাশ।  
২. কোনো নেতিবাচক শব্দ ব্যবহৃত হয়নি।  
৩. শুধু পছন্দের কথা বলা হয়েছে।","১. পছন্দের কথা বলা হয়েছে, ঘৃণা নেই।  
২. ইতিবাচক অনুভূতি প্রকাশ পেয়েছে।  
৩. প্রিয় অভিনেতাদের প্রশংসা করা হয়েছে।","১. ব্যক্তির পছন্দের কথা বলা হয়েছে।  
২. ইতিবাচক অনুভূতি প্রকাশ পেয়েছে।  
৩. প্রশংসামূলক কথা বলা হয়েছে।","১. ব্যক্তিগত পছন্দের কথা বলা হয়েছে।  
২. ইতিবাচক অনুভূতি প্রকাশ পেয়েছে।  
৩. শিল্পীর প্রশংসা করা হয়েছে।","১. ব্যক্তিগত পছন্দ স্পষ্টভাবে উল্লেখ করা হয়েছে।  
২. ইতিবাচক অনুভূতি প্রকাশ করা হয়েছে শিল্পীদের প্রতি।  
৩. শিল্পীদের প্রশংসা করা হয়েছে সরাসরি।","১. রিয়াজ ও সালমান শাহকে পছন্দের কথা বলা হয়েছে।  
২. শিল্পীদের প্রতি ইতিবাচক মতামত প্রকাশিত।  
৩. সরাসরি প্রশংসা করা হয়েছে নায়কদের।","১. রিয়াজ ও সালমান শাহের প্রশংসা করা হয়েছে।  
২. ইতিবাচক মতামত প্রকাশ পেয়েছে।  
৩. নায়কদের প্রতি ভালোবাসা দেখানো হয়েছে।","১. রিয়াজ ও সালমান শাহকে বিশেষভাবে উল্লেখ করা হয়েছে।  
২. ইতিবাচক অনুভূতি প্রকাশ করা হয়েছে।  
৩. নায়কদের প্রতি পছন্দের কথা বলা হয়েছে।","১. রিয়াজ ও সালমান শাহকে আলাদাভাবে উল্লেখ করা হয়েছে।  
২. ইতিবাচক ভাষায় তাদের প্রতি পছন্দ প্রকাশ।  
৩. অন্য নায়কদের তুলনায় তাদের প্রাধান্য দেওয়া হয়েছে।","১. রিয়াজ ও সালমান শাহকে স্পষ্টভাবে আলাদা করা হয়েছে।  
২. তাদের প্রতি ইতিবাচক অনুভূতি প্রকাশ পেয়েছে।  
৩. অন্য নায়কদের চেয়ে তাদের প্রাধান্য দেখা যাচ্ছে।","১. রিয়াজ ও সালমান শাহকে আলাদাভাবে উল্লেখ করা হয়েছে।  
২. তাদের প্রতি ভালোবাসা প্রকাশ পেয়েছে।  
৩. অন্য নায়কদের তুলনায় তাদের প্রাধান্য দেখা যায়।","১. রিয়াজ ও সালমান শাহকে স্পষ্টভাবে আলাদা করা হয়েছে।  
২. তাদের প্রতি ইতিবাচক অনুভূতি প্রকাশিত হয়েছে।  
৩. অন্যান্য নায়কদের চেয়ে তাদের প্রাধান্য দেখা গেছে।","১. রিয়াজ ও সালমান শাহকে আলাদাভাবে উল্লেখ করা হয়েছে।  
২. তাদের প্রতি ভালো লাগার কথা বলা হয়েছে।  
৩. অন্য নায়কদের তুলনায় তাদের প্রাধান্য দেওয়া হয়েছে।"
"অসাধারণ টেলিফিল্ম, অসাধারণ রিয়াজ ভাই",Gender,Not Hateful,"রিয়াজ ভাইয়ের কাজের প্রশংসা প্রকাশ।
টেলিফিল্মের গুণমানের প্রতি মুগ্ধতা।
সম্পূর্ণ ইতিবাচক মন্তব্য।","১. রিয়াজ ভাইয়ের অভিনয়ের প্রশংসা করা হয়েছে।  
২. টেলিফিল্মের গুণগত মানের প্রতি ইতিবাচক প্রতিক্রিয়া।  
৩. সম্পূর্ণ প্রশংসামূলক মন্তব্য প্রকাশ পেয়েছে।","১. রিয়াজ ভাইয়ের প্রশংসা স্পষ্ট।  
২. টেলিফিল্মের গুণমানের প্রতি ইতিবাচক।  
৩. পুরো মন্তব্যটি প্রশংসামূলক।","১. রিয়াজ ভাইয়ের প্রতি প্রশংসা ব্যক্ত করা হয়েছে।  
২. টেলিফিল্মের গুণগত মানের প্রশংসা করা হয়েছে।  
৩. পুরো বক্তব্যটি ইতিবাচক ও প্রশংসামূলক।","১. রিয়াজ ভাইয়ের ভালো অভিনয়ের প্রশংসা করা হয়েছে।  
২. টেলিফিল্মের মানের প্রশংসা করা হয়েছে।  
৩. পুরো বক্তব্য ইতিবাচক ও প্রশংসামূলক।","১. রিয়াজ ভাইয়ের অভিনয়ের প্রশংসা স্পষ্ট।  
২. টেলিফিল্মের গুণগত মান উল্লেখ আছে।  
৩. বক্তব্য সম্পূর্ণ ইতিবাচক ও প্রশংসামূলক।","১. রিয়াজ ভাইয়ের প্রশংসা করা হয়েছে।  
২. টেলিফিল্মের গুণমানের প্রশংসা আছে।  
৩. পুরো বক্তব্য ইতিবাচক ও প্রশংসামূলক।","১. রিয়াজ ভাইয়ের নাম উল্লেখ করে প্রশংসা করা হয়েছে।  
২. টেলিফিল্মের গুণগত মানের প্রশংসা স্পষ্ট।  
৩. বক্তব্যের টোন সম্পূর্ণ ইতিবাচক।","১. রিয়াজ ভাইয়ের প্রশংসা স্পষ্টভাবে করা হয়েছে।  
২. টেলিফিল্মের গুণমান নিয়ে ইতিবাচক মন্তব্য।  
৩. বক্তব্যের ভাষা সম্পূর্ণ প্রশংসামূলক।","১. রিয়াজ ভাইয়ের প্রতি প্রশংসা স্পষ্ট।  
২. টেলিফিল্মের গুণগত মানের প্রশংসা।  
৩. ভাষাটি সম্পূর্ণ ইতিবাচক ও প্রশংসামূলক।","১. রিয়াজ ভাইয়ের নাম উল্লেখ করে প্রশংসা করা হয়েছে।  
২. টেলিফিল্মের গুণমানের প্রতি ইতিবাচক মন্তব্য রয়েছে।  
৩. সম্পূর্ণ বাক্যটি ইতিবাচক ও প্রশংসামূলক ভাষায় লেখা।","১. রিয়াজ ভাইয়ের প্রশংসা স্পষ্টভাবে করা হয়েছে।  
২. টেলিফিল্মের গুণগান করা হয়েছে।  
৩. বাক্যটি সম্পূর্ণ ইতিবাচক ভাষায় রয়েছে।","১. রিয়াজ ভাইয়ের প্রতি ইতিবাচক উক্তি রয়েছে।  
২. টেলিফিল্মের প্রশংসা করা হয়েছে।  
৩. ভাষাটি সম্পূর্ণ প্রশংসামূলক।","১. রিয়াজ ভাইয়ের প্রশংসা করা হয়েছে।  
২. টেলিফিল্মের গুণগান করা হয়েছে।  
৩. কোনো নেতিবাচক শব্দ নেই।","১. রিয়াজ ভাইয়ের প্রশংসা স্পষ্ট।  
২. টেলিফিল্মের গুণ বলা হয়েছে।  
৩. ইতিবাচক শব্দ ব্যবহৃত হয়েছে।","১. রিয়াজ ভাইয়ের প্রশংসা করা হয়েছে।  
২. টেলিফিল্মের গুণগান করা হয়েছে।  
৩. ইতিবাচক ভাষা ব্যবহার করা হয়েছে।","১. রিয়াজ ভাইয়ের প্রতি প্রশংসা স্পষ্ট।  
২. টেলিফিল্মের গুণ বর্ণনা করা হয়েছে।  
৩. ইতিবাচক শব্দ ব্যবহার করা হয়েছে।","১. রিয়াজ ভাইয়ের প্রশংসা স্পষ্টভাবে বলা হয়েছে।  
২. টেলিফিল্মের গুণগান করা হয়েছে।  
৩. ইতিবাচক ভাষা ব্যবহৃত হয়েছে।","১. রিয়াজ ভাইয়ের প্রশংসা স্পষ্ট।  
২. টেলিফিল্মের গুণ বলা হয়েছে।  
৩. ভাষাটি ইতিবাচক।","১. রিয়াজ ভাইয়ের প্রতি প্রশংসা প্রকাশ পেয়েছে।  
২. টেলিফিল্মের গুণগান করা হয়েছে।  
৩. ভাষায় ইতিবাচকতা দেখা যাচ্ছে।","১. রিয়াজ ভাইয়ের প্রশংসা স্পষ্ট।  
২. টেলিফিল্মের গুণ বলা হয়েছে।  
৩. ইতিবাচক ভাষা ব্যবহৃত হয়েছে।","১. রিয়াজ ভাইয়ের প্রতি প্রশংসা আছে।  
২. টেলিফিল্মের গুণগান করা হয়েছে।  
৩. ভাষাটি সম্পূর্ণ ইতিবাচক।"
বড় ছেলে দেখার পর থেকে আমি বাংলাদেশী নাটকের প্রেমে পড়ে গেছি।,Gender,Not Hateful,"নাটকের মান এবং সৃজনশীলতার প্রতি ভালোবাসা।
ইতিবাচক এবং কৃতজ্ঞতাসূচক মন্তব্য।
নেতিবাচক কিছু নেই।","১. নাটকের প্রতি ভালোবাসা প্রকাশ পেয়েছে।  
২. ইতিবাচক অনুভূতি স্পষ্ট।  
৩. কোন নেতিবাচকতা নেই।","১. নাটকের প্রতি ভালোবাসা প্রকাশ পেয়েছে।  
২. ইতিবাচক অনুভূতি স্পষ্ট।  
৩. কোন নেতিবাচকতা নেই।","১. নাটকের প্রতি ভালোবাসা প্রকাশ পেয়েছে।  
২. ইতিবাচক অনুভূতি স্পষ্ট।  
৩. কোন নেতিবাচকতা নেই।","১. বাংলাদেশী নাটকের প্রশংসা করা হয়েছে।  
২. ইতিবাচক আবেগ প্রকাশ পেয়েছে।  
৩. ঘৃণা বা নেতিবাচকতা অনুপস্থিত।","১. বাংলাদেশী নাটকের প্রতি ভালোবাসা প্রকাশ পেয়েছে।  
২. কোনো নেতিবাচক শব্দ ব্যবহার করা হয়নি।  
৩. ইতিবাচক অনুভূতি স্পষ্টভাবে বোঝা যাচ্ছে।","১. বাংলাদেশী নাটকের প্রতি ভালোবাসা প্রকাশ পেয়েছে।  
২. কোনো ঘৃণা বা বিদ্বেষ নেই।  
৩. ইতিবাচক অনুভূতি স্পষ্ট।","১. বাংলাদেশী নাটকের প্রশংসা করা হয়েছে।  
২. ইতিবাচক অনুভূতি প্রকাশ পেয়েছে।  
৩. ঘৃণামূলক কোনো ভাষা নেই।","১. বাংলাদেশী নাটকের প্রতি ভালোবাসা প্রকাশিত।  
২. ইতিবাচক অনুভূতি স্পষ্টভাবে বলা হয়েছে।  
৩. কোনো নেতিবাচক বা ঘৃণার ভাষা নেই।","১. বাংলাদেশী নাটকের প্রশংসা করা হয়েছে।  
২. ইতিবাচক অনুভূতি ফুটে উঠেছে।  
৩. ঘৃণার কোনো ভাষা নেই এখানে।","১. বাংলাদেশী নাটকের প্রতি ভালোবাসা প্রকাশ পেয়েছে।  
২. ইতিবাচক অনুভূতি স্পষ্টভাবে বোঝা যায়।  
৩. কোনো নেতিবাচক বা ঘৃণামূলক ভাষা নেই।","১. বাংলাদেশী নাটকের প্রশংসা করা হয়েছে।  
২. ইতিবাচক অনুভূতি প্রকাশ পেয়েছে।  
৩. ঘৃণামূলক ভাষা অনুপস্থিত।","১. বাংলাদেশী নাটকের প্রতি ভালোবাসা প্রকাশ পেয়েছে।  
২. ইতিবাচক ভাবনা ফুটে উঠেছে বক্তব্যে।  
৩. কোনো নেতিবাচক বা ঘৃণার ভাষা নেই।","১. বাংলাদেশী নাটকের প্রশংসা করা হয়েছে।  
২. ইতিবাচক অনুভূতি প্রকাশ পেয়েছে।  
৩. ঘৃণামূলক কোনো ভাষা নেই।","১. বাংলাদেশী নাটকের প্রতি ভালোবাসা প্রকাশ পেয়েছে।  
২. ইতিবাচক অনুভূতি স্পষ্টভাবে বলা হয়েছে।  
৩. কোনো নেতিবাচক বা আক্রমণাত্মক ভাষা নেই।","১. বাংলাদেশী নাটকের প্রশংসা করা হয়েছে।  
২. ইতিবাচক অনুভূতি প্রকাশ পেয়েছে।  
৩. ঘৃণামূলক ভাষা ব্যবহার করা হয়নি।","১. বাংলাদেশী নাটকের প্রতি ভালোবাসা প্রকাশ পেয়েছে।  
২. ইতিবাচক অনুভূতি স্পষ্টভাবে বলা হয়েছে।  
৩. কোনো নেতিবাচক বা ঘৃণামূলক শব্দ নেই।","১. বাংলাদেশী নাটকের প্রতি ভালোবাসা প্রকাশ পেয়েছে।  
২. ইতিবাচক অনুভূতি স্পষ্ট।  
৩. ঘৃণামূলক শব্দ অনুপস্থিত।","১. বাংলাদেশী নাটকের প্রশংসা করা হয়েছে।  
২. কোনো নেতিবাচক শব্দ নেই।  
৩. ইতিবাচক আবেগ প্রকাশ পেয়েছে।","১. বাংলাদেশী নাটকের প্রতি ভালোবাসা প্রকাশিত।  
২. ইতিবাচক অনুভূতি স্পষ্ট।  
৩. কোনো বিদ্বেষপূর্ণ শব্দ নেই।","১. বাংলাদেশী নাটকের প্রশংসা করা হয়েছে।  
২. ইতিবাচক ভাব প্রকাশ পেয়েছে।  
৩. ঘৃণামূলক কোনো ভাষা নেই।","১. বাংলাদেশী নাটকের প্রতি ভালোবাসা প্রকাশ পেয়েছে।  
২. ইতিবাচক অনুভূতি স্পষ্টভাবে বলা হয়েছে।  
৩. কোনো নেতিবাচক বা ঘৃণামূলক শব্দ নেই।"
তিশার চোখে চমক আছে,Gender,Not Hateful,"তিশার অভিনয়ের প্রতি মুগ্ধতা প্রকাশ।
প্রশংসাসূচক এবং ইতিবাচক মনোভাব।
নেতিবাচক কোনো উপাদান নেই।","১. তিশার সৌন্দর্য্য বর্ণনা করা হয়েছে।  
২. ইতিবাচক আবেগ প্রকাশ পেয়েছে।  
৩. প্রশংসামূলক ভাষা ব্যবহৃত হয়েছে।","১. তিশার সৌন্দর্য্য বর্ণনা করা হয়েছে।  
২. ইতিবাচক ভাষায় চোখের প্রশংসা করা হয়েছে।  
৩. চমক শব্দে প্রশংসা ফুটে উঠেছে।","১. তিশার চোখের প্রশংসা করা হয়েছে।  
২. চমক শব্দে ইতিবাচকতা প্রকাশ পেয়েছে।  
৩. সৌন্দর্য্য বর্ণনায় কোনো বিদ্বেষ নেই।","১. তিশার চোখের সৌন্দর্য বর্ণনা করা হয়েছে।  
২. চমক শব্দে ইতিবাচক অনুভূতি প্রকাশ পায়।  
৩. বাক্যটিতে কোনো নেতিবাচকতা নেই।","১. তিশার চোখের প্রশংসা করা হয়েছে।  
২. চমক শব্দে ইতিবাচক ভাব প্রকাশিত।  
৩. কোনো নেতিবাচক শব্দ ব্যবহৃত হয়নি।","১. তিশার চোখের সৌন্দর্য বর্ণনা করা হয়েছে।  
২. চমক শব্দে ইতিবাচক অর্থ প্রকাশ পায়।  
৩. বাক্যটিতে ঘৃণামূলক শব্দ নেই।","১. তিশার চোখের প্রশংসা করা হয়েছে।  
২. চমক শব্দটি ইতিবাচক ভাব প্রকাশ করে।  
৩. বাক্যটি ঘৃণামূলক নয়।","১. তিশার চোখের সৌন্দর্য বর্ণনা করা হয়েছে।  
২. চমক শব্দটি ইতিবাচক অর্থ বহন করে।  
৩. এখানে কোনো নেতিবাচকতা নেই।",Error,"1. এই বাক্যে কোনো ঘৃণ্য ভাষা নেই।  
2. এটি একটি সাধারণ প্রশংসামূলক বাক্য।  
3. ধর্ম বা সম্প্রদায়ের বিরুদ্ধে কোনো বিদ্বেষ নেই।","১. তিশার সৌন্দর্য বর্ণনা করা হয়েছে।  
২. ধর্মীয় বিদ্বেষ সম্পূর্ণ অনুপস্থিত।  
৩. এটি একটি ইতিবাচক মন্তব্য।","১. তিশার চোখের সৌন্দর্য বর্ণনা করা হয়েছে।  
২. এখানে কোনো বিদ্বেষ বা নেতিবাচকতা নেই।  
৩. ইতিবাচক ও প্রশংসামূলক উক্তি।","১. তিশার চোখের প্রশংসা করা হয়েছে।  
২. কোনো নেতিবাচক শব্দ নেই।  
৩. ইতিবাচক অনুভূতি প্রকাশ পেয়েছে।","১. তিশার চোখের সৌন্দর্য বর্ণনা করা হয়েছে।  
২. ইতিবাচক শব্দ ব্যবহার করা হয়েছে।  
৩. প্রশংসামূলক ভাব প্রকাশ পেয়েছে।","১. তিশার চোখের প্রশংসা করা হয়েছে।  
২. ইতিবাচক ভাষা ব্যবহৃত হয়েছে।  
৩. সৌন্দর্য বর্ণনা করা হয়েছে।","১. তিশার চোখের সৌন্দর্য বর্ণনা করা হয়েছে।  
২. ইতিবাচক শব্দে প্রশংসা করা হয়েছে।  
৩. চোখের চমক দিয়ে সুন্দর বলা হয়েছে।","১. তিশার চোখের সৌন্দর্য উল্লেখ করা হয়েছে।  
২. ইতিবাচক ভাষায় প্রশংসা করা হয়েছে।  
৩. চমক দিয়ে সুন্দর বোঝানো হয়েছে।","১. তিশার চোখের সৌন্দর্য বর্ণনা করা হয়েছে।  
২. ইতিবাচক ভাব প্রকাশ পেয়েছে।  
৩. চমক দিয়ে সুন্দর অর্থ বোঝানো।","১. তিশার চোখের সৌন্দর্য ফুটে উঠেছে।  
২. ইতিবাচক অনুভূতি প্রকাশ পেয়েছে।  
৩. চমক শব্দে সুন্দর অর্থ প্রকাশিত।","১. তিশার চোখের সৌন্দর্য বর্ণনা করা হয়েছে।  
২. ইতিবাচক শব্দ ব্যবহার করা হয়েছে।  
৩. চমক দিয়ে সুন্দর ভাব প্রকাশ পেয়েছে।","১. তিশার চোখের সৌন্দর্য ফুটে উঠেছে।  
২. ইতিবাচক ভাষায় বর্ণনা করা হয়েছে।  
৩. চমক দিয়ে সুন্দর প্রকাশ করা হয়েছে।"
অন্যরকম .. ভালো লাগলো ..❤️,Gender,Not Hateful,"নাটকের ব্যতিক্রমী এবং ভালো লাগার প্রতিক্রিয়া।
ইতিবাচক এবং শুভকামনা।
সম্পূর্ণ প্রশংসাসূচক।","১. ইতিবাচক অনুভূতি প্রকাশ করা হয়েছে।  
২. ভালোলাগার প্রতিক্রিয়া স্পষ্ট।  
৩. প্রশংসাসূচক শব্দ ব্যবহৃত হয়েছে।","১. ""ভালো লাগলো"" ইতিবাচক অনুভূতি প্রকাশ করে।  
২. হৃদয় সংবেদনশীলতা দেখানো হয়েছে।  
৩. প্রশংসাসূচক ইমোজি ব্যবহার করা হয়েছে।","১. ইতিবাচক শব্দ ব্যবহার করা হয়েছে।  
২. হৃদয়সংবেদনশীল ভাষা ব্যবহৃত।  
৩. ইমোজি দ্বারা ভালোলাগা প্রকাশিত।","১. ""ভালো লাগলো"" ইতিবাচক অনুভূতি প্রকাশ করে।  
২. হৃদয়সংবেদনশীল শব্দ ব্যবহার করা হয়েছে।  
৩. ইমোজি দ্বারা আবেগ প্রকাশ পেয়েছে।","১. ইতিবাচক শব্দ ব্যবহার করা হয়েছে।  
২. আবেগ প্রকাশক ইমোজি রয়েছে।  
৩. হৃদয়সংবেদনশীল ভাষা ব্যবহৃত হয়েছে।","১. ইতিবাচক শব্দ ""ভালো লাগলো"" ব্যবহৃত হয়েছে।  
২. ইমোজি ""❤️"" আবেগ প্রকাশ করছে।  
৩. ভাষা স্নেহময় ও হৃদয়গ্রাহী।","১. ইতিবাচক শব্দ ব্যবহারে আবেগ প্রকাশ পেয়েছে।  
২. ইমোজি দিয়ে ভালোবাসা ফুটে উঠেছে।  
৩. ভাষার স্নেহময়তা অনুভূতি বাড়িয়েছে।","১. ইতিবাচক শব্দে আবেগ প্রকাশিত।  
২. ইমোজি দিয়ে ভালোবাসা দেখানো হয়েছে।  
৩. স্নেহময় ভাষায় অনুভূতি ব্যক্ত।","১. ইতিবাচক শব্দে আনন্দ প্রকাশ পেয়েছে।  
২. হৃদয়সংযোগী ইমোজি ব্যবহার করা হয়েছে।  
৩. স্নেহময় ভাষায় আবেগ ফুটে উঠেছে।","১. ইতিবাচক শব্দে আনন্দ প্রকাশ পেয়েছে।  
২. হৃদয়সংযোগী ইমোজি ব্যবহার করা হয়েছে।  
৩. স্নেহময় ভাষায় আবেগ ফুটে উঠেছে।","১. ইতিবাচক অনুভূতি প্রকাশ পেয়েছে।  
২. ইমোজি দিয়ে আবেগ দেখানো হয়েছে।  
৩. স্নেহময় ভাষা ব্যবহার করা হয়েছে।","১. ইতিবাচক শব্দ ""ভালো লাগলো"" ব্যবহার করা হয়েছে।  
২. হৃদয় ইমোজি দিয়ে আবেগ প্রকাশ করা হয়েছে।  
৩. স্নেহসূচক ভাষায় অনুভূতি ব্যক্ত করা হয়েছে।","১. ইতিবাচক শব্দ ব্যবহারে অনুভূতি প্রকাশিত।  
২. ইমোজি দিয়ে আবেগ স্পষ্ট হয়েছে।  
৩. স্নেহসূচক ভাষায় ভালোবাসা বোঝানো।","১. ইতিবাচক শব্দে আনন্দ প্রকাশ পেয়েছে।  
২. ইমোজি দিয়ে আবেগ পরিষ্কার।  
৩. স্নেহময় ভাষায় ভালোবাসা দেখা যায়।","১. ইতিবাচক শব্দে আনন্দ প্রকাশ পেয়েছে।  
২. ইমোজি দিয়ে আবেগ পরিষ্কার।  
৩. স্নেহময় ভাষায় ভালোবাসা দেখা যায়।","১. ""ভালো লাগলো"" ইতিবাচক অনুভূতি প্রকাশ করে।  
২. ❤️ ইমোজি আবেগ স্পষ্ট করে।  
৩. স্নেহময় ভাষায় ভালোবাসা ফুটে উঠেছে।","১. ইতিবাচক শব্দে আবেগ প্রকাশিত।  
২. হৃদয় ইমোজি ভালোবাসা দেখায়।  
৩. স্নেহময় ভাষায় অনুভূতি ফুটে উঠেছে।","১. ""ভালো লাগলো"" ইতিবাচক আবেগ প্রকাশ করে।  
২. হৃদয় ইমোজি ভালোবাসা নির্দেশ করে।  
৩. স্নেহময় ভাষায় অনুভূতি প্রকাশ পেয়েছে।","১. ইতিবাচক শব্দে আবেগ প্রকাশিত হয়েছে।  
২. ইমোজি দ্বারা ভালোবাসা বোঝানো হয়েছে।  
৩. স্নেহময় ভাষা ব্যবহার করা হয়েছে।","১. ইতিবাচক আবেগ প্রকাশ পেয়েছে।  
২. ইমোজি দিয়ে ভালোবাসা দেখানো হয়েছে।  
৩. স্নেহময় শব্দ ব্যবহার করা হয়েছে।","১. ইতিবাচক অনুভূতি প্রকাশ করা হয়েছে।  
২. হৃদয়সংবেদী ইমোজি ব্যবহার করা হয়েছে।  
৩. স্নেহময় ভাষা ব্যবহৃত হয়েছে।"
"হিরো আলম তুমি এগিয়ে চলো, আমরা আছি তোমার সাথে।",Gender,Not Hateful,"হিরো আলমের প্রতি সমর্থন এবং উৎসাহ প্রকাশ।
ইতিবাচক মনোভাব এবং অনুপ্রেরণা।
নেতিবাচক কোনো ইঙ্গিত নেই।","১. হিরো আলমকে সমর্থন করা হচ্ছে।  
২. উৎসাহমূলক বার্তা দেওয়া হয়েছে।  
৩. কোনো নেতিবাচকতা নেই।","১. হিরো আলমকে সমর্থন করার কথা বলা হয়েছে।  
২. উৎসাহ দেওয়ার জন্য বার্তাটি লেখা হয়েছে।  
৩. বাক্যটিতে কোনো নেতিবাচক শব্দ নেই।","১. হিরো আলমকে সমর্থন করার বার্তা স্পষ্ট।  
২. উৎসাহমূলক শব্দ ব্যবহার করা হয়েছে।  
৩. কোনো নেতিবাচক শব্দ বা ভাবনা নেই।","১. হিরো আলমের সমর্থনে উৎসাহ দেওয়া হয়েছে।  
২. ইতিবাচক শব্দে ভরা বার্তা।  
৩. নেতিবাচকতা সম্পূর্ণ অনুপস্থিত।","১. হিরো আলমকে সমর্থন করা হয়েছে।  
২. ইতিবাচক বার্তা দেওয়া হয়েছে।  
৩. কোনো নেতিবাচক শব্দ নেই।","১. হিরো আলমকে উৎসাহিত করা হয়েছে।  
২. ইতিবাচক সমর্থন প্রকাশ পেয়েছে।  
৩. কোনো বিদ্বেষমূলক ভাষা নেই।","১. হিরো আলমকে সমর্থন করা হয়েছে।  
২. ইতিবাচক বার্তা প্রকাশ পেয়েছে।  
৩. বিদ্বেষমূলক শব্দ নেই।","১. হিরো আলমকে উৎসাহ দেওয়া হয়েছে।  
২. কোনো নেতিবাচক শব্দ ব্যবহৃত হয়নি।  
৩. সমর্থনমূলক বার্তা প্রকাশ পেয়েছে।","১. হিরো আলমকে সমর্থন করা হয়েছে।  
২. ইতিবাচক শব্দ ব্যবহার করা হয়েছে।  
৩. উৎসাহমূলক বার্তা দেওয়া হয়েছে।","১. হিরো আলমকে সমর্থন করার কথা বলা হয়েছে।  
২. ইতিবাচক ভাষা ব্যবহার করা হয়েছে।  
৩. উৎসাহ দেওয়ার জন্য লেখা হয়েছে।","১. হিরো আলমকে সমর্থন করা হচ্ছে।  
২. ভাষাটি ইতিবাচক ও উৎসাহমূলক।  
৩. লেখাটিতে সহযোগিতার বার্তা আছে।","১. হিরো আলমকে সমর্থন করা হচ্ছে।  
২. ভাষাটি ইতিবাচক ও উৎসাহমূলক।  
৩. লেখাটিতে সহযোগিতার বার্তা আছে।","১. হিরো আলমকে সমর্থন প্রকাশ করা হয়েছে।  
২. ইতিবাচক ভাষায় উৎসাহ দেওয়া হয়েছে।  
৩. সহযোগিতার মনোভাব ফুটে উঠেছে।","১. হিরো আলমকে সমর্থন করা হচ্ছে।  
২. উৎসাহমূলক বক্তব্য প্রকাশ পেয়েছে।  
৩. সহযোগিতার বার্তা দেওয়া হয়েছে।","১. হিরো আলমের প্রতি সমর্থন ব্যক্ত করা হয়েছে।  
২. উৎসাহ দেওয়ার জন্য বলা হয়েছে।  
৩. সহযোগিতার ইঙ্গিত রয়েছে।","১. হিরো আলমের নাম উল্লেখ করে সমর্থন দেখানো হয়েছে।  
২. এগিয়ে চলো বলায় উৎসাহ স্পষ্ট।  
৩. আমরা আছি বলায় সহযোগিতার ইঙ্গিত।","১. হিরো আলমের নাম উল্লেখ আছে।  
২. এগিয়ে চলো উৎসাহ প্রকাশ করছে।  
৩. আমরা আছি সহযোগিতা বোঝাচ্ছে।","১. হিরো আলমের নাম সরাসরি বলা হয়েছে।  
২. ""এগিয়ে চলো"" উৎসাহের বার্তা দিচ্ছে।  
৩. ""আমরা আছি"" সমর্থন প্রকাশ করছে।","১. হিরো আলমকে সমর্থন করা হচ্ছে।  
২. উৎসাহমূলক বার্তা দেওয়া হয়েছে।  
৩. সরাসরি নাম উল্লেখ আছে।","১. হিরো আলমের সমর্থনে বলা হয়েছে।  
২. এগিয়ে চলার উৎসাহ দেওয়া হয়েছে।  
৩. হিরো আলমের নাম সরাসরি আছে।","১. হিরো আলমের নাম উল্লেখ আছে।  
২. সমর্থন ও উৎসাহ প্রকাশ করা হয়েছে।  
৩. এগিয়ে চলার বার্তা দেওয়া হয়েছে।"
ঐ মহিলা খুবই চালাক,Gender,Not Hateful,"মহিলার দক্ষতার প্রতি স্বীকৃতি।
সাধারণ এবং ইতিবাচক মন্তব্য।
নেতিবাচকতা নেই।","1. ""মহিলার দক্ষতা প্রশংসনীয়।""  
2. ""ইতিবাচক অভিব্যক্তি প্রকাশ করা হয়েছে।""  
3. ""কোনো নেতিবাচকতা নেই বাক্যে।""","1. ""মহিলার গুণাবলী প্রশংসা করা হয়েছে।""  
2. ""বাক্যটি ইতিবাচক ভাব প্রকাশ করে।""  
3. ""নেতিবাচক শব্দ ব্যবহার করা হয়নি।""","1. ""মহিলার বুদ্ধিমত্তা প্রশংসা করা হয়েছে।""  
2. ""চালাক শব্দটি ইতিবাচক অর্থে ব্যবহৃত।""  
3. ""কোনো নেতিবাচক শব্দ নেই বাক্যে।""","1. ""চালাক শব্দটি প্রশংসাসূচক অর্থে ব্যবহৃত।""  
2. ""বাক্যটিতে কোনো বিদ্বেষপূর্ণ শব্দ নেই।""  
3. ""মহিলার গুণাবলী বর্ণনায় ইতিবাচক।""","1. ""চালাক শব্দটি ইতিবাচক অর্থে ব্যবহৃত হয়েছে।""  
2. ""বিদ্বেষপূর্ণ কোনো শব্দ নেই বাক্যে।""  
3. ""মহিলার গুণ বর্ণনায় প্রশংসা করা হয়েছে।""","1. ""চালাক শব্দটি প্রশংসাসূচক অর্থে ব্যবহৃত।""  
2. ""বাক্যটিতে কোনো নেতিবাচক শব্দ নেই।""  
3. ""মহিলার ইতিবাচক গুণ বর্ণনা করা হয়েছে।""","1. ""চালাক শব্দটি এখানে ইতিবাচক অর্থে ব্যবহৃত।""  
2. ""বাক্যটিতে ঘৃণা বা নেতিবাচকতা নেই।""  
3. ""মহিলার গুণ বর্ণনায় প্রশংসা করা হয়েছে।""","1. ""চালাক শব্দটি প্রশংসাসূচকভাবে ব্যবহৃত হয়েছে।""  
2. ""বাক্যটিতে কোনো নেতিবাচকতা বা বিদ্বেষ নেই।""  
3. ""মহিলার দক্ষতা বোঝাতে ইতিবাচক শব্দ ব্যবহার করা হয়েছে।""","1. ""চালাক শব্দটি ইতিবাচক অর্থে ব্যবহৃত হয়েছে।""  
2. ""বাক্যটিতে বিদ্বেষপূর্ণ কোনো শব্দ নেই।""  
3. ""মহিলার গুণ বর্ণনায় প্রশংসাসূচক শব্দ।""","1. ""চালাক শব্দটি প্রশংসা বোঝাতে ব্যবহৃত হয়েছে।""  
2. ""বাক্যটিতে কোনো নেতিবাচক শব্দ নেই।""  
3. ""মহিলার ইতিবাচক গুণ বর্ণনা করা হয়েছে।""","1. ""চালাক শব্দটি এখানে ইতিবাচক অর্থে ব্যবহৃত হয়েছে।""  
2. ""বাক্যটিতে কোনো বিদ্বেষপূর্ণ শব্দ নেই।""  
3. ""মহিলার গুণগত প্রশংসা করা হয়েছে।""","1. ""চালাক শব্দটি প্রশংসাসূচক অর্থে ব্যবহৃত হয়েছে।""  
2. ""বাক্যটিতে কোনো নেতিবাচকতা নেই।""  
3. ""এখানে মহিলার বুদ্ধিমত্তা প্রশংসিত হয়েছে।""","1. ""চালাক শব্দটি ইতিবাচক অর্থে ব্যবহৃত হয়েছে।""  
2. ""মহিলার গুণাবলী প্রশংসা করা হয়েছে।""  
3. ""বাক্যটিতে কোনো বিদ্বেষ নেই।""","1. ""চালাক শব্দটি প্রশংসাসূচকভাবে ব্যবহৃত হয়েছে।""  
2. ""মহিলার বুদ্ধিমত্তা উল্লেখ করা হয়েছে।""  
3. ""বিদ্বেষপূর্ণ কোনো অর্থ নেই এখানে।""","1. ""চালাক শব্দটি ইতিবাচক অর্থে ব্যবহৃত হয়েছে।""  
2. ""মন্তব্যটিতে কোনো বিদ্বেষ নেই।""  
3. ""এটি মহিলার দক্ষতার প্রশংসা।""","1. ""চালাক শব্দটি এখানে প্রশংসাসূচক।""  
2. ""মন্তব্যটি ইতিবাচক ভাব প্রকাশ করে।""  
3. ""এটি নারীদের দক্ষতার প্রতি শ্রদ্ধা দেখায়।""","1. ""চালাক শব্দটি এখানে প্রশংসা বোঝাতে ব্যবহৃত হয়েছে।""  
2. ""মন্তব্যটিতে নারীর বুদ্ধিমত্তা প্রকাশ পেয়েছে।""  
3. ""এটি নারীদের প্রতি ইতিবাচক দৃষ্টিভঙ্গি দেখায়।""","1. ""চালাক শব্দটি প্রশংসাসূচক অর্থে ব্যবহৃত হয়েছে।""  
2. ""মন্তব্যটি নারীর বুদ্ধিমত্তাকে সমর্থন করে।""  
3. ""এটি নারীদের প্রতি সম্মানজনক দৃষ্টিভঙ্গি দেখায়।""","1. ""চালাক শব্দটি এখানে ইতিবাচক অর্থে ব্যবহৃত হয়েছে।""  
2. ""মন্তব্যটি নারীর দক্ষতার প্রশংসা করছে।""  
3. ""এটি নারীদের প্রতি শ্রদ্ধাশীল মনোভাব প্রকাশ করে।""","1. ""চালাক শব্দটি প্রশংসামূলক ভাবে ব্যবহৃত হয়েছে।""  
2. ""মন্তব্যটি নারীর বুদ্ধিমত্তা বুঝাচ্ছে।""  
3. ""এটি ইতিবাচক অভিব্যক্তি প্রকাশ করে।""","1. ""চালাক শব্দটি এখানে প্রশংসা বোঝাচ্ছে।""  
2. ""মন্তব্যটি নারীর দক্ষতা নির্দেশ করে।""  
3. ""ইতিবাচক ভাব প্রকাশ পেয়েছে বাক্যে।"""
রিয়েল হিরো,Gender,Not Hateful,"প্রশংসা এবং মুগ্ধতা প্রকাশ।
ইতিবাচক এবং সমর্থনমূলক মন্তব্য।
নেতিবাচক কিছু নেই।","1. ""রিয়েল হিরো"" বলতে প্রশংসা বোঝায়।  
2. শব্দটি মুগ্ধতা প্রকাশ করে।  
3. ইতিবাচক অনুভূতি ফুটে উঠেছে।","1. ""রিয়েল হিরো"" বলতে ইতিবাচক অর্থ প্রকাশ পায়।  
2. এটি প্রশংসামূলক শব্দগুচ্ছ।  
3. শব্দটি থেকে শ্রদ্ধা বোঝা যায়।","1. ""রিয়েল হিরো"" ইতিবাচক অনুভূতি প্রকাশ করে।  
2. এটি প্রশংসা বোঝাতে ব্যবহৃত হয়।  
3. শব্দটি শ্রদ্ধা ও সম্মান নির্দেশ করে।","১. ""রিয়েল হিরো"" ইতিবাচক শব্দ।  
২. এটি প্রশংসা প্রকাশ করে।  
৩. শব্দে শ্রদ্ধা ফুটে ওঠে।","১. ""রিয়েল হিরো"" ইতিবাচক অর্থ বহন করে।  
২. এটি প্রশংসামূলক অভিব্যক্তি প্রকাশ করে।  
৩. শব্দটিতে শ্রদ্ধা ও সম্মান দেখা যায়।","১. ""রিয়েল হিরো"" ইতিবাচক শব্দ।  
২. এটি প্রশংসা বোঝায়।  
৩. শব্দে সম্মান প্রকাশ পায়।","১. শব্দটি ইতিবাচক আবেগ প্রকাশ করে।  
২. এটি প্রশংসামূলক অর্থ বহন করে।  
৩. সম্মানজনক ভাব প্রকাশ পায়।","১. ""রিয়েল হিরো"" ইতিবাচক শব্দ।  
২. এটি প্রশংসা বোঝায়।  
৩. সম্মান প্রকাশ করে।","১. শব্দটি ইতিবাচক অর্থ বহন করে।  
২. এটি প্রশংসামূলক অভিব্যক্তি।  
৩. সম্মানজনক শব্দ হিসেবে ব্যবহৃত।","১. ""রিয়েল হিরো"" ইতিবাচক শব্দ।  
২. এটি প্রশংসা বোঝায়।  
৩. সম্মান প্রকাশ করে।","১. শব্দটি ইতিবাচক অর্থ বহন করে।  
২. এটি প্রশংসামূলক ভাব প্রকাশ করে।  
৩. সম্মানজনক অনুভূতি তৈরি করে।","১. ""রিয়েল হিরো"" ইতিবাচক শব্দগুচ্ছ।  
২. এটি প্রশংসা বোঝাতে ব্যবহৃত হয়।  
৩. সম্মান প্রকাশের জন্য ব্যবহার করা হয়।","১. ""রিয়েল হিরো"" ইতিবাচক অর্থ বহন করে।  
২. এটি প্রশংসামূলক শব্দগুচ্ছ।  
৩. সম্মান প্রদর্শনের জন্য ব্যবহৃত হয়।","১. শব্দগুচ্ছটি ইতিবাচক আবেগ প্রকাশ করে।  
২. এটি প্রশংসা বোঝাতে ব্যবহৃত হয়।  
৩. সম্মানজনক অর্থ বহন করে।","১. ""রিয়েল হিরো"" ইতিবাচক শব্দগুচ্ছ।  
২. এটি প্রশংসামূলক অর্থ প্রকাশ করে।  
৩. সম্মান ও শ্রদ্ধা বোঝায়।","১. ""রিয়েল হিরো"" ইতিবাচক অনুভূতি প্রকাশ করে।  
২. এটি প্রশংসা ও সম্মান নির্দেশ করে।  
৩. শব্দগুচ্ছটি শ্রদ্ধার ভাব বহন করে।","১. ""রিয়েল হিরো"" ইতিবাচক শব্দ।  
২. এটি প্রশংসামূলক অভিব্যক্তি।  
৩. শ্রদ্ধা প্রকাশ পায় এতে।","১. ""রিয়েল হিরো"" ইতিবাচক অর্থ বহন করে।  
২. এটি প্রশংসা বোঝাতে ব্যবহৃত হয়।  
৩. শ্রদ্ধা ও সম্মান প্রকাশ করে।","১. ""রিয়েল হিরো"" ইতিবাচক শব্দগুচ্ছ।  
২. এটি প্রশংসামূলক অভিব্যক্তি।  
৩. শ্রদ্ধা প্রকাশের জন্য ব্যবহৃত হয়।","১. ""রিয়েল হিরো"" ইতিবাচক অর্থ বহন করে।  
২. এটি প্রশংসা বোঝাতে ব্যবহৃত হয়।  
৩. শ্রদ্ধা বা সম্মান প্রকাশ করে।","১. ""রিয়েল হিরো"" শব্দটি ইতিবাচক আবেগ প্রকাশ করে।  
২. এটি প্রশংসামূলক শব্দ হিসেবে ব্যবহৃত হয়।  
৩. এটি শ্রদ্ধা ও সম্মান বোঝাতে ব্যবহৃত হয়।"
জয় ভাই প্রোগ্রামের টিআরপি বাড়ানোর জন্য এতসব পাগলামি করে। এগিয়ে যান অনন্ত ভাই।,Gender,Not Hateful,"প্রোগ্রামের উন্নতি এবং জয় ভাইয়ের কাজের প্রশংসা।
ইতিবাচক মন্তব্য এবং সমর্থন।
নেতিবাচক কোনো ইঙ্গিত নেই।","১. জয় ভাইয়ের কাজের প্রশংসা করা হয়েছে।  
২. অনন্ত ভাইকে সমর্থন দেখানো হয়েছে।  
৩. নেতিবাচক শব্দ ব্যবহার করা হয়নি।","১. জয় ভাইয়ের সমালোচনা করা হয়েছে।  
২. অনন্ত ভাইকে উৎসাহ দেওয়া হয়েছে।  
৩. নেতিবাচক শব্দ নেই।","১. ""জয় ভাইয়ের সমালোচনা স্পষ্টভাবে করা হয়েছে।""  
২. ""অনন্ত ভাইকে সমর্থন দেওয়া হয়েছে।""  
৩. ""কোনো ঘৃণ্য শব্দ ব্যবহার করা হয়নি।""","১. ""জয় ভাইয়ের কাজের সমালোচনা আছে।""  
২. ""অনন্ত ভাইকে উৎসাহ দেওয়া হয়েছে।""  
৩. ""কোনো বিদ্বেষপূর্ণ ভাষা নেই।""","১. ""জয় ভাইয়ের সমালোচনা স্পষ্টভাবে করা হয়েছে।""  
২. ""অনন্ত ভাইকে সমর্থন প্রকাশ পেয়েছে।""  
৩. ""বিদ্বেষপূর্ণ শব্দ ব্যবহার করা হয়নি।""","১. ""জয় ভাইয়ের কাজকে পাগলামি বলা হয়েছে সমালোচনার জন্য।""  
২. ""অনন্ত ভাইকে সমর্থন দিয়ে ইতিবাচক মন্তব্য করা হয়েছে।""  
৩. ""কোনো ঘৃণামূলক শব্দ ব্যবহার করা হয়নি এখানে।""","১. ""জয় ভাইয়ের সমালোচনা আছে কিন্তু ঘৃণা নয়।""  
২. ""অনন্ত ভাইকে সমর্থন ইতিবাচক বলা যায়।""  
৩. ""কোনো ঘৃণামূলক ভাষা ব্যবহার হয়নি।""","১. ""জয় ভাইয়ের কাজের সমালোচনা আছে, অপমান নয়।""  
২. ""অনন্ত ভাইকে উৎসাহ দেওয়া হয়েছে, বিদ্বেষ নয়।""  
৩. ""ভাষায় আক্রমণাত্মক কোনো শব্দ নেই।""","১. ""জয় ভাইয়ের সমালোচনা আছে, বিদ্বেষ নয়।""  
২. ""অনন্ত ভাইকে সমর্থন করা হয়েছে।""  
৩. ""ভাষায় আক্রমণাত্মকতা অনুপস্থিত।""","১. ""জয় ভাইয়ের কাজের সমালোচনা, ব্যক্তিগত নয়।""  
২. ""অনন্ত ভাইকে উৎসাহ দেওয়া হয়েছে, বিদ্বেষ নয়।""  
৩. ""ভাষায় বিদ্বেষপূর্ণ শব্দ নেই।""","১. ""জয় ভাইয়ের কাজের সমালোচনা, বিদ্বেষ নয়।""  
২. ""অনন্ত ভাইকে সমর্থন, কোনো হিংসা নেই।""  
৩. ""শব্দচয়নে বিদ্বেষের লক্ষণ নেই।""","১. ""জয় ভাইয়ের সমালোচনা বিদ্বেষপূর্ণ নয়।""  
২. ""অনন্ত ভাইকে উৎসাহ দেওয়া হয়েছে।""  
৩. ""শব্দে বিদ্বেষের অভাব স্পষ্ট।""","১. ""জয় ভাইয়ের সমালোচনা হালকা ও বিনোদনমূলক।""  
২. ""অনন্ত ভাইয়ের প্রতি ইতিবাচক উক্তি আছে।""  
৩. ""কোনো ঘৃণামূলক শব্দ ব্যবহার করা হয়নি।""","১. ""জয় ভাইয়ের সমালোচনা হাস্যরসাত্মক ভাবে করা হয়েছে।""  
২. ""অনন্ত ভাইকে উৎসাহ দেওয়া হয়েছে সরাসরি।""  
৩. ""বক্তব্যে বিদ্বেষপূর্ণ শব্দ নেই।""","১. ""জয় ভাইয়ের সমালোচনা হাস্যরসাত্মক ভাবে করা হয়েছে।""  
২. ""অনন্ত ভাইকে সমর্থন স্পষ্টভাবে প্রকাশ করা হয়েছে।""  
৩. ""বিদ্বেষপূর্ণ ভাষা ব্যবহার করা হয়নি।""","১. ""জয় ভাইয়ের কাজকে পাগলামি বলা হয়েছে।""  
২. ""অনন্ত ভাইকে এগিয়ে যেতে বলা হয়েছে।""  
৩. ""কোনো ঘৃণামূলক শব্দ ব্যবহার করা হয়নি।""","১. ""জয় ভাইয়ের কাজকে অপমান করা হয়েছে।""  
২. ""অনন্ত ভাইকে সমর্থন দেওয়া হয়েছে।""  
৩. ""ঘৃণামূলক ভাষা ব্যবহার হয়নি।""","১. ""জয় ভাইয়ের সমালোচনা করা হয়েছে।""  
২. ""অনন্ত ভাইয়ের প্রতি ইতিবাচক মন্তব্য রয়েছে।""  
৩. ""কোনো ঘৃণামূলক শব্দ ব্যবহার করা হয়নি।""","১. ""জয় ভাইয়ের কাজের সমালোচনা করা হয়েছে।""  
২. ""অনন্ত ভাইকে সমর্থন করে ইতিবাচক কথা বলা হয়েছে।""  
৩. ""কোনো অপমান বা ঘৃণা প্রকাশ করা হয়নি।""","১. ""জয় ভাইয়ের কর্মকাণ্ড নিয়ে সমালোচনা স্পষ্ট।""  
২. ""অনন্ত ভাইকে উৎসাহ দেয়া হয়েছে সরাসরি।""  
৩. ""ঘৃণামূলক ভাষা ব্যবহার করা হয়নি এখানে।""","১. ""জয় ভাইয়ের সমালোচনা স্পষ্টভাবে করা হয়েছে।""  
২. ""অনন্ত ভাইকে সমর্থন দেখানো হয়েছে।""  
৩. ""কোনো ঘৃণামূলক শব্দ ব্যবহার করা হয়নি।"""
"ওরে বাবা! কী বিশাল বোঝা মাথায় তুলেছে। হয়েছে, অনেক হয়েছে।",Gender,Not Hateful,"সাধারণ মন্তব্য এবং বিনোদনমূলক প্রতিক্রিয়া।
নেতিবাচক উপাদান নেই।
পুরোপুরি ইতিবাচক।","1. বক্তব্যটিতে কোনো আক্রমণাত্মক ভাষা নেই।  
2. মন্তব্যটি হালকা মেজাজের এবং বিনোদনধর্মী।  
3. ইতিবাচক ভাব প্রকাশ পেয়েছে পুরো বাক্যে।","1. বাক্যটিতে কোনো বিদ্বেষপূর্ণ শব্দ নেই।  
2. মন্তব্যটি হাস্যরসাত্মক ভাব প্রকাশ করে।  
3. ইতিবাচক অনুভূতি ফুটে উঠেছে।","1. বাক্যটিতে বিদ্বেষপূর্ণ শব্দ নেই।  
2. হাস্যরসাত্মক ভাব স্পষ্ট।  
3. ইতিবাচক অনুভূতি প্রকাশ পেয়েছে।","1. বাক্যটিতে কোনো আক্রমণাত্মক শব্দ নেই।  
2. মন্তব্যটি হালকা মেজাজে বলা।  
3. পরিস্থিতি নিয়ে হাসির ছলে বলা হয়েছে।","1. বাক্যটিতে বিদ্রূপ বা আক্রমণ নেই।  
2. হালকা ভাবে বোঝা প্রকাশ করা হয়েছে।  
3. হাসির ছলে মন্তব্য করা হয়েছে।","1. বাক্যটিতে বিদ্রূপ বা রাগ নেই।  
2. কাজের চাপের কথা হালকাভাবে বলা হয়েছে।  
3. হাসির ছলে মজা করা হয়েছে।","1. বাক্যটিতে কোনো বিদ্রূপ বা রাগের সুর নেই।  
2. হালকা মেজাজে কাজের চাপের কথা বলা হয়েছে।  
3. মজার ছলে কথাটি বলা হয়েছে।","1. কথায় হাস্যরসের ছোঁয়া আছে।  
2. কাজের চাপের কথা বলা হয়েছে।  
3. কোনো রাগ বা বিদ্রূপ নেই।","1. বক্তব্যে হালকা মেজাজের ইঙ্গিত আছে।  
2. কথায় কোনো রাগ বা বিদ্বেষ নেই।  
3. হাস্যরসের মাধ্যমে কাজের চাপ বোঝানো হয়েছে।","1. বক্তব্যে হাস্যরসের স্পষ্ট ছাপ আছে।  
2. কাজের চাপের কথা হালকাভাবে বলা হয়েছে।  
3. কোনো রাগ বা বিদ্বেষের ইঙ্গিত নেই।","1. বক্তব্যটিতে হাস্যরসের স্পষ্ট অভিব্যক্তি দেখা যায়।  
2. কাজের চাপকে হালকাভাবে উপস্থাপন করা হয়েছে।  
3. রাগ বা বিদ্বেষের কোনো লক্ষণ নেই এখানে।","1. বক্তব্যে হাস্যরসের স্পষ্ট ইঙ্গিত রয়েছে।  
2. কাজের চাপকে হালকাভাবে বর্ণনা করা হয়েছে।  
3. কোনো রাগ বা বিদ্বেষ প্রকাশ পায়নি।","1. বক্তব্যটিতে হাস্যরসের স্পষ্ট ছোঁয়া আছে।  
2. কাজের চাপকে হালকাভাবে উল্লেখ করা হয়েছে।  
3. রাগ বা বিদ্বেষের কোনো প্রকাশ নেই।","1. বক্তব্যে হাস্যরসের ব্যবহার স্পষ্ট।  
2. কাজের চাপের কথা হালকাভাবে বলা হয়েছে।  
3. কোনো রাগ বা বিদ্বেষ প্রকাশ পায়নি।","1. বক্তব্যে হালকা মেজাজের ব্যবহার দেখা যাচ্ছে।  
2. কাজের চাপ নিয়ে হাস্যরস করা হয়েছে।  
3. রাগ বা বিদ্বেষের কোনো ইঙ্গিত নেই।","1. হাস্যরসের মাধ্যমে কাজের চাপ প্রকাশ করা হয়েছে।  
2. বক্তব্যে রাগ বা বিদ্বেষের কোনো লক্ষণ নেই।  
3. মেজাজ হালকা রাখার জন্য হাসির ছলে বলা হয়েছে।","1. বক্তব্যে হাস্যরসের ছোঁয়া আছে।  
2. কাজের চাপের কথা হালকাভাবে বলা।  
3. রাগ বা বিদ্বেষের অভাব স্পষ্ট।","1. বক্তব্যটিতে হাস্যরসের স্পষ্ট প্রকাশ আছে।  
2. কাজের চাপকে হালকাভাবে উল্লেখ করা হয়েছে।  
3. রাগ বা বিদ্বেষের কোনো ইঙ্গিত নেই।","1. ""ওরে বাবা!"" ব্যবহারে হাস্যরস ফুটে উঠেছে।  
2. ""বিশাল বোঝা"" বলতে কাজের চাপ বোঝানো হয়েছে।  
3. কোনো রাগ বা বিদ্বেষের শব্দ নেই।","1. ""ওরে বাবা!"" হালকা ভাব প্রকাশ করে।  
2. ""বিশাল বোঝা"" কাজের চাপ নির্দেশ করে।  
3. বিদ্বেষমূলক শব্দ অনুপস্থিত।","1. ""ওরে বাবা!"" আনন্দ বা বিস্ময় প্রকাশ করে।  
2. ""বিশাল বোঝা"" কাজের চাপ বোঝায়।  
3. কোনো বিদ্বেষপূর্ণ শব্দ নেই।"
সাবাশ হিরো আলম আলম,Gender,Not Hateful,"হিরো আলমের প্রতি উচ্ছ্বাস ও প্রশংসা।
ইতিবাচক এবং মুগ্ধতাসূচক মন্তব্য।
নেতিবাচক কিছু নেই।","1. ""সাবাশ"" শব্দটি প্রশংসা বোঝায়।  
2. ""হিরো আলম"" নামে সম্মান প্রকাশ পাচ্ছে।  
3. পুরো বাক্যটি ইতিবাচক আবেগ বহন করে।","1. ""সাবাশ"" শব্দে প্রশংসা ফুটে উঠেছে।  
2. ""হিরো আলম"" বলতে সম্মান প্রকাশ পায়।  
3. বাক্যটি সম্পূর্ণ ইতিবাচক ভাব বহন করে।","1. ""সাবাশ"" শব্দে প্রশংসা প্রকাশ পায়।  
2. ""হিরো"" বলতে সম্মান বোঝায়।  
3. পুরো বাক্যটি ইতিবাচক।","1. ""সাবাশ"" শব্দে প্রশংসা প্রকাশ পায়।  
2. ""হিরো"" বলতে বীরত্ব বোঝানো হয়েছে।  
3. বাক্যটি সম্পূর্ণ ইতিবাচক ভাব প্রকাশ করে।","1. ""সাবাশ"" শব্দে প্রশংসা ফুটে উঠেছে।  
2. ""হিরো"" বলতে ইতিবাচকতা বোঝায়।  
3. পুরো বাক্যটি উদযাপনমূলক ভাব প্রকাশ করে।","1. ""সাবাশ"" শব্দে প্রশংসা প্রকাশ পায়।  
2. ""হিরো"" শব্দে ইতিবাচকতা ফুটে ওঠে।  
3. বাক্যটি উদযাপনের অনুভূতি বহন করে।","1. ""সাবাশ"" শব্দে প্রশংসা বোঝায়।  
2. ""হিরো"" বলায় ইতিবাচক ভাব প্রকাশ পায়।  
3. পুরো বাক্যটি আনন্দের অনুভূতি দেখায়।","1. ""সাবাশ"" শব্দে প্রশংসা প্রকাশ পায়।  
2. ""হিরো"" বলায় ইতিবাচকতা ফুটে ওঠে।  
3. বাক্যটি আনন্দদায়ক অনুভূতি বহন করে।","1. ""সাবাশ"" শব্দে প্রশংসা প্রকাশ পায়।  
2. ""হিরো"" শব্দে ইতিবাচকতা ফুটে ওঠে।  
3. বাক্যটি আনন্দের অনুভূতি বহন করে।","1. ""সাবাশ"" শব্দে প্রশংসা প্রকাশ পায়।  
2. ""হিরো"" শব্দে ইতিবাচক আবেগ আছে।  
3. বাক্যটি আনন্দদায়ক অনুভূতি দেখায়।","1. ""সাবাশ"" শব্দে প্রশংসা ফুটে উঠেছে।  
2. ""হিরো"" বলতে ইতিবাচক ভাব প্রকাশ পায়।  
3. পুরো বাক্যটি আনন্দের অনুভূতি বহন করে।","1. ""সাবাশ"" শব্দে প্রশংসা প্রকাশ পায়।  
2. ""হিরো"" শব্দে ইতিবাচকতা ফুটে ওঠে।  
3. বাক্যটি আনন্দের অনুভূতি বহন করে।","1. ""সাবাশ"" শব্দে প্রশংসা বোঝায়।  
2. ""হিরো"" বলায় ইতিবাচক ভাব প্রকাশ পায়।  
3. পুরো বাক্যটি আনন্দদায়ক অনুভূতি দেখায়।","1. ""সাবাশ"" শব্দে প্রশংসা ফুটে ওঠে।  
2. ""হিরো"" বলায় ইতিবাচকতা প্রকাশ পায়।  
3. বাক্যটি আনন্দের অনুভূতি বহন করে।","1. ""সাবাশ"" শব্দে প্রশংসা প্রকাশ পায়।  
2. ""হিরো"" বলায় ইতিবাচক আবেগ ফুটে ওঠে।  
3. বাক্যটি আনন্দদায়ক অনুভূতি বহন করে।","1. ""সাবাশ"" শব্দে প্রশংসা বোঝায়।  
2. ""হিরো"" বলায় ইতিবাচকতা প্রকাশ পায়।  
3. বাক্যটি আনন্দের অনুভূতি প্রকাশ করে।","1. ""সাবাশ"" শব্দে প্রশংসা ফুটে উঠেছে।  
2. ""হিরো"" বলায় ইতিবাচক ভাব প্রকাশ পেয়েছে।  
3. বাক্যটি আনন্দদায়ক অনুভূতি বহন করে।","1. ""সাবাশ"" শব্দে প্রশংসা প্রকাশ পায়।  
2. ""হিরো"" বলায় ইতিবাচকতা ফুটে ওঠে।  
3. বাক্যটি আনন্দের অনুভূতি বহন করে।","1. ""সাবাশ"" শব্দে প্রশংসা বোঝায়।  
2. ""হিরো"" বলায় ইতিবাচক ভাব প্রকাশ পায়।  
3. বাক্যটি আনন্দদায়ক অনুভূতি প্রকাশ করে।","1. ""সাবাশ"" শব্দে প্রশংসা ফুটে ওঠে।  
2. ""হিরো"" বলায় ইতিবাচকতা প্রকাশ পায়।  
3. বাক্যটি আনন্দের অনুভূতি বহন করে।","1. ""সাবাশ"" শব্দে প্রশংসা প্রকাশ পায়।  
2. ""হিরো"" বলায় ইতিবাচক ভাব ফুটে ওঠে।  
3. বাক্যটি আনন্দদায়ক অনুভূতি বহন করে।"
আমার বাবা বীর মুক্তিযোদ্ধা মোঃ আবুল কাসেম এর পক্ষ থেকে মহান বিজয় দিবসের শুভেচ্ছা ও অভিনন্দন ।,Gender,Not Hateful,"মহান বিজয় দিবসের শুভেচ্ছা প্রকাশ।
সম্পূর্ণ ইতিবাচক এবং শ্রদ্ধাসূচক মন্তব্য।
নেতিবাচক কিছু নেই।","১. বীর মুক্তিযোদ্ধাকে শ্রদ্ধা জানানো হয়েছে।  
২. বিজয় দিবসের শুভেচ্ছা প্রকাশ করা হয়েছে।  
৩. ইতিবাচক ও শ্রদ্ধাসূচক বার্তা রয়েছে।","১. বাবাকে বীর মুক্তিযোদ্ধা বলা হয়েছে।  
২. বিজয় দিবসের শুভেচ্ছা জানানো হয়েছে।  
৩. শ্রদ্ধা ও ইতিবাচকতা প্রকাশ পেয়েছে।","১. বাবাকে মুক্তিযোদ্ধা বলা হয়েছে সম্মান দেখানোর জন্য।  
২. বিজয় দিবসের শুভেচ্ছা ইতিবাচক আবেগ প্রকাশ করে।  
৩. শ্রদ্ধা ও গর্বের অনুভূতি স্পষ্ট।","১. বাবাকে মুক্তিযোদ্ধা বলে সম্মান প্রদর্শন করা হয়েছে।  
২. বিজয় দিবসের শুভেচ্ছা ইতিবাচক বার্তা বহন করে।  
৩. মুক্তিযোদ্ধার সন্তান হিসেবে গর্ব প্রকাশ পেয়েছে।","১. বাবাকে মুক্তিযোদ্ধা বলে সম্মান দেখানো হয়েছে।  
২. বিজয় দিবসের শুভেচ্ছা ইতিবাচক।  
৩. মুক্তিযোদ্ধার সন্তান হিসেবে গর্ব প্রকাশ।","১. বাবাকে মুক্তিযোদ্ধা বলে সম্মান করা হয়েছে।  
২. বিজয় দিবসের শুভেচ্ছা ইতিবাচক বার্তা।  
৩. মুক্তিযোদ্ধার সন্তান হিসেবে গর্ব প্রকাশিত।","১. বাবাকে মুক্তিযোদ্ধা বলে সম্মান দেখানো হয়েছে।  
২. বিজয় দিবসের শুভেচ্ছা ইতিবাচক অনুভূতি প্রকাশ করে।  
৩. সন্তান হিসেবে গর্বের কথা বলা হয়েছে।","১. বাবাকে মুক্তিযোদ্ধা বলে সম্মান করা হয়েছে।  
২. বিজয় দিবসের শুভেচ্ছা ইতিবাচক।  
৩. সন্তানের গর্ব প্রকাশ পেয়েছে।","১. বাবাকে মুক্তিযোদ্ধা বলে সম্মান দেখানো হয়েছে।  
২. বিজয় দিবসের শুভেচ্ছা ইতিবাচক বার্তা।  
৩. সন্তানের গর্ব প্রকাশ করা হয়েছে।","১. বাবাকে মুক্তিযোদ্ধা বলে সম্মান করা হয়েছে।  
২. বিজয় দিবসের শুভেচ্ছা ইতিবাচক।  
৩. সন্তানের গর্ব প্রকাশ পেয়েছে।","১. বাবাকে মুক্তিযোদ্ধা বলে সম্মান দেখানো হয়েছে।  
২. বিজয় দিবসের শুভেচ্ছা ইতিবাচক বার্তা।  
৩. সন্তানের গর্ব প্রকাশ করা হয়েছে।","১. বাবাকে মুক্তিযোদ্ধা বলে সম্মান করা হয়েছে।  
২. বিজয় দিবসের শুভেচ্ছা ইতিবাচক।  
৩. সন্তানের গর্ব প্রকাশ পেয়েছে।","১. বাবাকে মুক্তিযোদ্ধা বলে সম্মান দেখানো হয়েছে।  
২. বিজয় দিবসের শুভেচ্ছা ইতিবাচক বার্তা।  
৩. সন্তানের গর্ব প্রকাশ করা হয়েছে।","১. বাবাকে মুক্তিযোদ্ধা বলে সম্মান করা হয়েছে।  
২. বিজয় দিবসের শুভেচ্ছা ইতিবাচক।  
৩. সন্তানের গর্ব প্রকাশ পেয়েছে।","১. বাবাকে মুক্তিযোদ্ধা বলে সম্মান দেখানো হয়েছে।  
২. বিজয় দিবসের শুভেচ্ছা ইতিবাচক বার্তা।  
৩. সন্তানের গর্ব প্রকাশ করা হয়েছে।","১. বাবাকে মুক্তিযোদ্ধা বলে সম্মান করা হয়েছে।  
২. বিজয় দিবসের শুভেচ্ছা ইতিবাচক।  
৩. সন্তানের গর্ব প্রকাশ পেয়েছে।","১. বাবাকে মুক্তিযোদ্ধা বলে সম্মান দেখানো হয়েছে।  
২. বিজয় দিবসের শুভেচ্ছা ইতিবাচক বার্তা।  
৩. সন্তানের গর্ব প্রকাশ করা হয়েছে।","১. বাবাকে মুক্তিযোদ্ধা বলে সম্মান দেওয়া হয়েছে।  
২. বিজয় দিবসের শুভেচ্ছা ইতিবাচক।  
৩. সন্তানের গর্ব প্রকাশ পেয়েছে।","১. বাবাকে মুক্তিযোদ্ধা বলে সম্মান দেখানো হয়েছে।  
২. বিজয় দিবসের শুভেচ্ছা ইতিবাচক বার্তা।  
৩. সন্তানের গর্ব প্রকাশ করা হয়েছে।","১. বাবাকে মুক্তিযোদ্ধা বলে সম্মান করা হয়েছে।  
২. বিজয় দিবসের শুভেচ্ছা ইতিবাচক।  
৩. সন্তানের গর্ব প্রকাশ পেয়েছে।","১. বাবাকে মুক্তিযোদ্ধা বলে সম্মান দেখানো হয়েছে।  
২. বিজয় দিবসের শুভেচ্ছা ইতিবাচক বার্তা।  
৩. সন্তানের গর্ব প্রকাশ করা হয়েছে।"
তামিমের চেহারা অনেকটা ইলিয়াস কাঞ্চনের মত হয়েছে দেখতে...,Gender,Not Hateful,"তামিমের চেহারার প্রতি মুগ্ধতা প্রকাশ।
ইতিবাচক মন্তব্য এবং তুলনা।
নেতিবাচক কিছু নেই।","১. তামিমের চেহারার প্রশংসা করা হয়েছে।  
২. ইলিয়াস কাঞ্চনের সাথে সুন্দর তুলনা।  
৩. কোনো নেতিবাচক শব্দ নেই।","১. তামিমের চেহারার প্রশংসা করা হয়েছে।  
২. ইলিয়াস কাঞ্চনের সাথে ইতিবাচক তুলনা।  
৩. কোনো বিদ্বেষপূর্ণ শব্দ ব্যবহার হয়নি।","১. তুলনাটি ইতিবাচক ও প্রশংসামূলক।  
২. কোনো নেতিবাচক শব্দ ব্যবহৃত হয়নি।  
৩. উভয়ের চেহারার সৌন্দর্য বর্ণনা করা হয়েছে।","১. তুলনায় কোনো নেতিবাচক শব্দ নেই।  
২. উভয় ব্যক্তির সৌন্দর্য বর্ণিত হয়েছে।  
৩. বাক্যটি সম্পূর্ণ ইতিবাচক ভাব প্রকাশ করে।","১. তামিম ও ইলিয়াসের সৌন্দর্য তুলনা করা হয়েছে।  
২. কোনো নেতিবাচক শব্দ ব্যবহার করা হয়নি।  
৩. বাক্যটি সম্পূর্ণ ইতিবাচক ভাব প্রকাশ করে।","১. তামিম ও ইলিয়াসের সাদৃশ্য বর্ণনা করা হয়েছে।  
২. নেতিবাচক শব্দ বা ভাব নেই।  
৩. শুধু চেহারার তুলনা করা হয়েছে।","১. তুলনাটি নিরপেক্ষ ভাবে করা হয়েছে।  
২. কোনো নেতিবাচক শব্দ ব্যবহৃত হয়নি।  
৩. শুধু চেহারার মিল বর্ণনা করা হয়েছে।","১. তুলনায় কোনো আক্রমণাত্মক ভাষা নেই।  
২. শুধু চেহারার সাদৃশ্য উল্লেখ করা হয়েছে।  
৩. ইলিয়াস কাঞ্চনকে নেতিবাচকভাবে উপস্থাপন করা হয়নি।","১. তামিম ও ইলিয়াসের চেহারার তুলনা নিরপেক্ষ।  
২. ইলিয়াস কাঞ্চনের প্রতি কোনো বিদ্বেষ নেই।  
৩. শুধু বাহ্যিক সাদৃশ্য উল্লেখ করা হয়েছে।","১. শুধু চেহারার সাদৃশ্য বলা হয়েছে।  
২. কোনো নেতিবাচক মন্তব্য নেই।  
৩. তুলনাটি সম্পূর্ণ নিরপেক্ষ।","১. তুলনায় ধর্মীয় উস্কানি নেই।  
২. শারীরিক সাদৃশ্য নিরপেক্ষভাবে বর্ণিত।  
৩. কোনো বিদ্বেষপূর্ণ ভাষা ব্যবহৃত হয়নি।","১. ধর্মীয় উস্কানি নেই, শুধু শারীরিক সাদৃশ্য।  
২. নিরপেক্ষভাবে শারীরিক সাদৃশ্য বর্ণনা করা হয়েছে।  
৩. বিদ্বেষপূর্ণ ভাষা ব্যবহার করা হয়নি।","১. শারীরিক সাদৃশ্য উল্লেখ আছে, বিদ্বেষ নেই।  
২. ধর্মীয় বা ব্যক্তিগত আক্রমণ করা হয়নি।  
৩. নিরপেক্ষভাবে শারীরিক তুলনা করা হয়েছে।","১. শারীরিক সাদৃশ্য উল্লেখ করা হয়েছে।  
২. কোনো বিদ্বেষপূর্ণ ভাষা নেই।  
৩. তুলনাটি নিরপেক্ষভাবে করা হয়েছে।","১. তামিম ও ইলিয়াসের চেহারার তুলনা করা হয়েছে।  
২. এখানে কোনো নেতিবাচক শব্দ ব্যবহৃত হয়নি।  
৩. সাধারণভাবে শারীরিক সাদৃশ্য বর্ণনা করা হয়েছে।","১. তুলনামূলক বর্ণনায় কোনো বিদ্বেষ নেই।  
২. শারীরিক সাদৃশ্য নিরপেক্ষভাবে উল্লেখ করা।  
৩. ইতিবাচক বা সাধারণ পর্যবেক্ষণ প্রকাশিত।","১. তুলনামূলক বর্ণনা নিরপেক্ষ।  
২. শারীরিক সাদৃশ্য উল্লেখ করা।  
৩. ইতিবাচক পর্যবেক্ষণ প্রকাশিত।","১. তামিম ও ইলিয়াসের চেহারার মিল উল্লেখ করা হয়েছে।  
২. শারীরিক সাদৃশ্য নিয়ে নিরপেক্ষ বর্ণনা দেওয়া হয়েছে।  
৩. ইতিবাচকভাবে দুজনের সাদৃশ্য তুলে ধরা হয়েছে।","১. তামিম ও ইলিয়াসের চেহারার তুলনা করা হয়েছে।  
২. শারীরিক সাদৃশ্য নিরপেক্ষভাবে বর্ণিত।  
৩. ইতিবাচকভাবে দুজনের মিল দেখানো হয়েছে।","১. তুলনাটি নিরপেক্ষ ও বর্ণনামূলক।  
২. কোনো নেতিবাচক বা আক্রমণাত্মক ভাষা নেই।  
৩. শারীরিক সাদৃশ্য ইতিবাচকভাবে উল্লেখ করা হয়েছে।","১. তুলনাটি ইতিবাচক ও বর্ণনামূলক।  
২. কোনো নেতিবাচক অর্থ নেই।  
৩. শারীরিক সাদৃশ্য প্রশংসাসূচক।"
আলহামদুলিল্লাহ বেগম জিয়া আছেন এবং থাকবেন এদেশের কোটি মানুষের অন্তরে.,Gender,Not Hateful,"বেগম জিয়ার প্রতি জনগণের অগাধ আস্থা প্রকাশ পেয়েছে।
রাজনৈতিক নেত্রীর প্রতি সম্মান ও ভালোবাসা প্রকাশ।
বক্তব্যে কোনো অবমাননাকর বা আক্রমণাত্মক কথা নেই।","১. বেগম জিয়ার প্রতি শ্রদ্ধা প্রকাশ করা হয়েছে।  
২. কোনো ঘৃণা বা বিদ্বেষ নেই বক্তব্যে।  
৩. জনগণের ভালোবাসা ফুটে উঠেছে।","১. বেগম জিয়ার প্রতি শ্রদ্ধা প্রকাশিত।  
২. ঘৃণামূলক ভাষা অনুপস্থিত।  
৩. জনগণের ভালোবাসা প্রকাশ পেয়েছে।","১. বেগম জিয়ার প্রশংসা করা হয়েছে।  
২. কোনো বিদ্বেষপূর্ণ শব্দ নেই।  
৩. মানুষের ভালোবাসা ফুটে উঠেছে।","১. বেগম জিয়ার প্রতি শ্রদ্ধা প্রকাশ পেয়েছে।  
২. ইতিবাচক ভাষা ব্যবহার করা হয়েছে।  
৩. সাধারণ মানুষের আবেগকে সম্মান দেখানো হয়েছে।","১. বেগম জিয়ার প্রতি শ্রদ্ধা প্রকাশ করা হয়েছে।  
২. ইতিবাচক আবেগ ফুটে উঠেছে বাক্যে।  
৩. সাধারণ মানুষের ভালোবাসা প্রতিফলিত হয়েছে।","১. বেগম জিয়ার প্রতি শ্রদ্ধা প্রকাশ পেয়েছে।  
২. ইতিবাচক অনুভূতি স্পষ্ট।  
৩. সাধারণ মানুষের ভালোবাসা দেখা যাচ্ছে।","১. বেগম জিয়ার প্রতি শ্রদ্ধা প্রকাশ করা হয়েছে।  
২. ইতিবাচক ভাষায় ভালোবাসা দেখানো হয়েছে।  
৩. সাধারণ মানুষের সমর্থন ফুটে উঠেছে।","১. বেগম জিয়ার প্রতি শ্রদ্ধা প্রকাশ পেয়েছে।  
২. ইতিবাচক আবেগ ফুটে উঠেছে।  
৩. সাধারণ মানুষের ভালোবাসা দেখা যাচ্ছে।","১. বেগম জিয়ার প্রশংসা করা হয়েছে।  
২. ধর্মীয় কৃতজ্ঞতা প্রকাশ পেয়েছে।  
৩. মানুষের ভালোবাসা উল্লেখ আছে।","১. বেগম জিয়ার নাম উল্লেখ আছে।  
২. আলহামদুলিল্লাহ ধর্মীয় শব্দ।  
৩. মানুষের অন্তরে থাকার কথা বলা হয়েছে।","১. বেগম জিয়ার নাম স্পষ্টভাবে উল্লেখ করা হয়েছে।  
২. আলহামদুলিল্লাহ ইসলামিক শব্দ হিসেবে ব্যবহৃত হয়েছে।  
৩. মানুষের অন্তরে থাকার কথা বলা হয়েছে।","১. বেগম জিয়ার নাম উল্লেখ আছে।  
২. ইসলামিক শব্দ ব্যবহার করা হয়েছে।  
৩. মানুষের ভালোবাসার কথা বলা হয়েছে।","১. বেগম জিয়ার নাম স্পষ্টভাবে উল্লেখ করা হয়েছে।  
২. ""আলহামদুলিল্লাহ"" একটি ইসলামিক শব্দ।  
৩. মানুষের ভালোবাসার কথা বলা হয়েছে।","১. বেগম জিয়ার নাম স্পষ্ট উল্লেখ আছে।  
২. ইসলামিক শব্দ ব্যবহার করা হয়েছে।  
৩. মানুষের ভালোবাসার কথা বলা হয়েছে।","১. বেগম জিয়ার নাম সরাসরি উল্লেখ করা হয়েছে।  
২. আলহামদুলিল্লাহ ইসলামিক শব্দ ব্যবহৃত হয়েছে।  
৩. মানুষের ভালোবাসার কথা বলা হয়েছে।","১. বেগম জিয়ার নাম স্পষ্টভাবে উল্লেখ করা হয়েছে।  
২. ইসলামিক শব্দ ব্যবহারে ধর্মীয় আবহ তৈরি হয়েছে।  
৩. জনগণের ভালোবাসার কথা বলা হয়েছে।","১. বেগম জিয়ার নাম স্পষ্ট উল্লেখ আছে।  
২. আলহামদুলিল্লাহ শব্দে ধর্মীয় আবহ।  
৩. কোটি মানুষের ভালোবাসার কথা বলা।","১. বেগম জিয়ার নাম সরাসরি উল্লেখ করা হয়েছে।  
২. ধর্মীয় শব্দ ব্যবহার করে আবেগ বাড়ানো হয়েছে।  
৩. জনসমর্থনের ইঙ্গিত দেওয়া হয়েছে।","১. বেগম জিয়ার নাম উল্লেখ আছে।  
২. ""আলহামদুলিল্লাহ"" ধর্মীয় শব্দ ব্যবহৃত।  
৩. ""কোটি মানুষের অন্তরে"" সমর্থন দেখানো হয়েছে।","১. বেগম জিয়ার নাম স্পষ্টভাবে উল্লেখ করা হয়েছে।  
২. ধর্মীয় শব্দ ব্যবহার করে আবেগ প্রকাশ করা হয়েছে।  
৩. ""কোটি মানুষের অন্তরে"" বলতে ব্যাপক সমর্থন বোঝানো হয়েছে।","১. বেগম জিয়ার নাম সরাসরি উল্লেখ আছে।  
২. ধর্মীয় শব্দ ব্যবহারে আবেগ যুক্ত হয়েছে।  
৩. ""কোটি মানুষের অন্তরে"" বলতে জনসমর্থন বোঝানো।"
"স্যালুট টাইগার সাকিব আল হাসান। আজ  দেশের মানুষের পাশে আপনি দাড়িয়েছেন। আপনার স্মৃতিময় ব্যাট বিক্রি করেছেন এ দেশের মানুষের জন্য, এ দেশের মানুষের কাছে আপনি কখনো বিস্মৃত  হবেন না। আপনি আবার মাঠে ফিরে আসুন স্বমহিমায়।",Gender,Not Hateful,"দেশের মানুষের জন্য ক্রিকেটার সাকিবের অবদান প্রশংসিত হয়েছে।
জাতীয় দায়িত্ব পালনে তার ভূমিকা অনুকরণীয়।
বক্তব্যে ইতিবাচক ও অনুপ্রেরণাদায়ক মনোভাব প্রকাশ পেয়েছে।","১. সাকিবের মানবিক কাজের প্রশংসা করা হয়েছে।  
২. দেশের জন্য তার ত্যাগ স্বীকৃত হয়েছে।  
৩. ইতিবাচক অনুভূতি প্রকাশ পেয়েছে।","১. সাকিবের দানকে সম্মান দেখানো হয়েছে।  
২. তার ত্যাগের জন্য কৃতজ্ঞতা প্রকাশ করা হয়েছে।  
৩. ইতিবাচক আবেগ ফুটে উঠেছে বাক্যে।","১. সাকিবের দানের প্রশংসা করা হয়েছে।  
২. কৃতজ্ঞতা প্রকাশ করা হয়েছে তার ত্যাগের জন্য।  
৩. ইতিবাচক অনুভূতি প্রকাশ পেয়েছে।","১. সাকিবের মানবিক কাজের প্রশংসা করা হয়েছে।  
২. তার ত্যাগের জন্য কৃতজ্ঞতা প্রকাশ করা হয়েছে।  
৩. ইতিবাচক আবেগ ফুটে উঠেছে বক্তব্যে।","১. সাকিবের দানকে সম্মান দেখানো হয়েছে।  
২. তার ত্যাগের জন্য ধন্যবাদ দেওয়া হয়েছে।  
৩. ইতিবাচক অনুভূতি প্রকাশ পেয়েছে।","১. সাকিবের মানবিক কাজের প্রশংসা করা হয়েছে।  
২. তার ত্যাগের প্রতি কৃতজ্ঞতা প্রকাশ করা হয়েছে।  
৩. ইতিবাচক আবেগ ফুটে উঠেছে বক্তব্যে।","১. সাকিবের দানকে সম্মান দেখানো হয়েছে।  
২. তার ত্যাগের জন্য কৃতজ্ঞতা প্রকাশ করা হয়েছে।  
৩. ইতিবাচক অনুভূতি প্রকাশ পেয়েছে।","১. সাকিবের মানবিক কাজের প্রশংসা করা হয়েছে।  
২. তার ত্যাগের মূল্যায়ন স্পষ্ট।  
৩. ইতিবাচক আবেগ ফুটে উঠেছে।","১. সাকিবের মানবিক কাজের প্রশংসা স্পষ্ট।  
২. তার ত্যাগের জন্য সম্মান দেখানো হয়েছে।  
৩. ইতিবাচক আবেগ প্রকাশ পেয়েছে।","১. সাকিবের মানবিক কাজের প্রশংসা করা হয়েছে।  
২. তার ত্যাগের জন্য সম্মান প্রকাশ করা হয়েছে।  
৩. ইতিবাচক আবেগ ফুটে উঠেছে বাক্যে।","১. সাকিবের মানবিক কাজের প্রশংসা স্পষ্ট।  
২. তার ত্যাগের জন্য সম্মান দেখানো হয়েছে।  
৩. ইতিবাচক আবেগ প্রকাশ পেয়েছে।","১. সাকিবের মানবিক কাজের প্রশংসা করা হয়েছে।  
২. তার ত্যাগের জন্য সম্মান প্রকাশ করা হয়েছে।  
৩. ইতিবাচক আবেগ ফুটে উঠেছে।","১. সাকিবের মানবিকতা ও ত্যাগের প্রশংসা করা হয়েছে।  
২. তার প্রতি শ্রদ্ধা ও ভালোবাসা প্রকাশ পেয়েছে।  
৩. ইতিবাচক আবেগ ও সমর্থন ফুটে উঠেছে।","১. সাকিবের ত্যাগের কথা উল্লেখ আছে।  
২. শ্রদ্ধা ও ভালোবাসা প্রকাশ করা হয়েছে।  
৩. ইতিবাচক সমর্থন স্পষ্টভাবে দেখা যায়।","১. সাকিবের ত্যাগের কথা স্পষ্টভাবে বলা হয়েছে।  
২. শ্রদ্ধা ও ভালোবাসা প্রকাশ পেয়েছে কথাগুলোতে।  
৩. ইতিবাচক সমর্থন ফুটে উঠেছে পুরো বক্তব্যে।","১. সাকিবের ত্যাগের প্রশংসা করা হয়েছে।  
২. ভালোবাসা ও শ্রদ্ধা প্রকাশ পেয়েছে।  
৩. ইতিবাচক সমর্থন স্পষ্টভাবে দেখা যায়।","১. সাকিবের ত্যাগের প্রশংসা করা হয়েছে।  
২. ভালোবাসা ও শ্রদ্ধা প্রকাশ পেয়েছে।  
৩. ইতিবাচক সমর্থন স্পষ্টভাবে দেখা যায়।","১. সাকিবের মানবিক কাজের প্রশংসা করা হয়েছে।  
২. ভালোবাসা ও শ্রদ্ধা প্রকাশ পেয়েছে কথায়।  
৩. ইতিবাচক সমর্থন ফুটে উঠেছে বাক্যে।","১. সাকিবের মানবিক কাজের প্রশংসা স্পষ্ট।  
২. ভালোবাসা ও শ্রদ্ধা প্রকাশ পেয়েছে।  
৩. ইতিবাচক সমর্থন ফুটে উঠেছে।","১. সাকিবের দানকে প্রশংসা করা হয়েছে।  
২. তার প্রতি ভালোবাসা প্রকাশ পেয়েছে।  
৩. ইতিবাচক সমর্থন দেখা যাচ্ছে।","১. সাকিবের মানবিক কাজের প্রশংসা করা হয়েছে।  
২. তার প্রতি ভালোবাসা ও সমর্থন প্রকাশিত।  
৩. ইতিবাচক আবেগ ও সমর্থন ফুটে উঠেছে।"
ছোট ভাই একটু কষ্ট করে ইউটিউব নিজের আইডি তে আপ করো তা হলে দেখতে এবং শুনতে পারবো নিজের মনে করে এতে তোমার দিক থেকে তুমি ভালো করবে এখন থেকে একটু ইউটিউবার হতে মনোযোগ দাও আর কোন ধরনের পরামর্শ লালে ইন বক্সে করো আমাকে  । ধন্যবাদ ভাই আমার,Gender,Not Hateful,"পরামর্শমূলক ও সহযোগিতাপূর্ণ মন্তব্য।
কোনো আক্রমণাত্মক ভাষা ব্যবহার করা হয়নি।
ব্যক্তি উন্নয়নের জন্য উৎসাহ প্রদান।","১. উৎসাহমূলক বক্তব্য আছে।  
২. আক্রমণাত্মক ভাষা নেই।  
৩. উন্নয়নের পরামর্শ দেওয়া হয়েছে।","১. উৎসাহ দেওয়া হয়েছে ভাইকে।  
২. ভাষা শান্ত ও বন্ধুত্বপূর্ণ।  
৩. ইতিবাচক পরামর্শ দেওয়া হয়েছে।","১. ভাইকে ইউটিউবার হতে উৎসাহিত করা হয়েছে।  
২. ভাষায় কোনো আক্রমণাত্মক শব্দ নেই।  
৩. ইতিবাচক ও সহায়ক পরামর্শ দেওয়া হয়েছে।","১. ইতিবাচক উৎসাহ দেওয়া হয়েছে।  
২. আক্রমণাত্মক শব্দ নেই।  
৩. সহায়ক পরামর্শ দেওয়া হয়েছে।","১. উৎসাহমূলক বক্তব্য আছে।  
২. আক্রমণাত্মক ভাষা অনুপস্থিত।  
৩. সহায়ক পরামর্শ দেওয়া হয়েছে।","১. উৎসাহ দেওয়া হয়েছে ভাইকে।  
২. ভাষা শান্তিপূর্ণ ও বন্ধুত্বপূর্ণ।  
৩. পরামর্শ দেওয়া হয়েছে সহায়কভাবে।","১. ভাইকে ইউটিউবার হতে উৎসাহিত করা হয়েছে।  
২. ভাষায় কোন অপমান বা বিদ্বেষ নেই।  
৩. সহায়ক পরামর্শ দেওয়া হয়েছে।","১. ভাইকে ইতিবাচকভাবে উৎসাহ দেওয়া হয়েছে।  
২. ভাষায় কোন নেতিবাচকতা বা বিদ্বেষ নেই।  
৩. পরামর্শটি সহায়ক ও সুচিন্তিত।","১. উৎসাহমূলক বার্তা দেওয়া হয়েছে।  
২. ভাষায় কোন বিদ্বেষ বা নেতিবাচকতা নেই।  
৩. পরামর্শটি ইতিবাচক ও সহায়ক।","১. ইতিবাচক পরামর্শ দেওয়া হয়েছে।  
২. ভাষায় কোন বিদ্বেষ নেই।  
৩. উৎসাহমূলক বার্তা রয়েছে।","ইউটিউব আপ করার পরামর্শ দেওয়া হয়েছে।  
ভাষায় কোন বিদ্বেষপূর্ণ শব্দ নেই।  
উৎসাহ দিয়ে ভাইকে মনোযোগ দেওয়ার কথা বলা হয়েছে।","১. উৎসাহমূলক বার্তা আছে।  
২. বিদ্বেষপূর্ণ শব্দ নেই।  
৩. ভাইকে সহযোগিতা করার পরামর্শ দেওয়া হয়েছে।","১. উৎসাহ দেওয়া হয়েছে ভাইকে।  
২. কোনো নেতিবাচক শব্দ নেই।  
৩. সহযোগিতার পরামর্শ দেওয়া হয়েছে।","১. ভাইকে ইউটিউবার হতে উৎসাহিত করা হয়েছে।  
২. ইতিবাচক ও সহায়ক পরামর্শ দেওয়া হয়েছে।  
৩. কোনো বিদ্বেষপূর্ণ শব্দ ব্যবহার করা হয়নি।","১. উৎসাহমূলক বার্তা দেওয়া হয়েছে।  
২. সহায়ক পরামর্শ আছে কোনো বিদ্বেষ নেই।  
৩. ইতিবাচক ভাষায় ভাইকে উদ্বুদ্ধ করা হয়েছে।","১. ভাইকে উদ্বুদ্ধ করা হয়েছে ইতিবাচকভাবে।  
২. সহায়ক পরামর্শ দেওয়া হয়েছে বিদ্বেষ ছাড়া।  
৩. উৎসাহ দেওয়া হয়েছে ইউটিউবার হবার জন্য।","১. ইতিবাচক ভাষায় ভাইকে উদ্বুদ্ধ করা হয়েছে।  
২. বিদ্বেষমুক্ত সহায়ক পরামর্শ দেওয়া হয়েছে।  
৩. ইউটিউবার হবার জন্য উৎসাহ দেওয়া হয়েছে।","১. ভাইকে উৎসাহ দেওয়া হয়েছে ইতিবাচকভাবে।  
২. বিদ্বেষ বা নেতিবাচকতা নেই কথাগুলোতে।  
৩. ইউটিউবার হবার পরামর্শ দেওয়া হয়েছে সহায়কভাবে।","১. উৎসাহমূলক বার্তা দেওয়া হয়েছে।  
২. কোনো নেতিবাচক শব্দ ব্যবহৃত হয়নি।  
৩. সহায়ক পরামর্শ দেওয়া হয়েছে।","১. উৎসাহ দেওয়ার জন্য ইতিবাচক শব্দ ব্যবহৃত হয়েছে।  
২. পরামর্শ দেওয়া হয়েছে সহায়ক ও বন্ধুত্বপূর্ণ ভাবে।  
৩. কোনো বিদ্বেষ বা নেতিবাচকতা নেই বার্তায়।","১. উৎসাহমূলক বার্তা দেওয়া হয়েছে।  
২. বন্ধুত্বপূর্ণ ভাষায় পরামর্শ দেওয়া হয়েছে।  
৩. কোনো নেতিবাচক শব্দ ব্যবহৃত হয়নি।"
বাবার মতোই ।,Gender,Not Hateful,"সরল ও প্রশংসাসূচক মন্তব্য।
কোনো নেতিবাচক বা বিরূপ ভাষা ব্যবহার হয়নি।
তুলনাটি ইতিবাচক প্রেক্ষাপটে প্রকাশিত।","১. বাবাকে ইতিবাচকভাবে তুলনা করা হয়েছে।  
২. কোনো নেতিবাচক শব্দ ব্যবহৃত হয়নি।  
৩. প্রশংসাসূচক ভাবে প্রকাশিত হয়েছে।","১. বাবার সাথে ইতিবাচক তুলনা করা হয়েছে।  
২. নেতিবাচক শব্দ ব্যবহার করা হয়নি।  
৩. প্রশংসামূলক ভাবে প্রকাশ করা হয়েছে।","১. বাবার সদৃশ্যতা দেখানো হয়েছে।  
২. ইতিবাচক ভাব প্রকাশ পেয়েছে।  
৩. কোনো নেতিবাচকতা নেই এখানে।","১. বাবার সাথে তুলনা করা হয়েছে।  
২. ইতিবাচক অনুভূতি প্রকাশ পেয়েছে।  
৩. নেতিবাচক কোনো অর্থ নেই।","১. বাবার সাদৃশ্য দেখানো হয়েছে।  
২. ইতিবাচক ভাব প্রকাশ পেয়েছে।  
৩. কোনো নেতিবাচকতা নেই।","১. বাবার সাথে তুলনা করা হয়েছে।  
২. ইতিবাচক অনুভূতি প্রকাশ পেয়েছে।  
৩. নেতিবাচক শব্দ ব্যবহার হয়নি।","১. তুলনায় কোনো নেতিবাচক শব্দ নেই।  
২. বাবাকে সম্মান দেখানো হয়েছে।  
৩. ইতিবাচক ভাব প্রকাশ পেয়েছে।","১. বাবার সাথে ইতিবাচক তুলনা করা হয়েছে।  
২. সম্মানসূচক শব্দ ব্যবহার করা হয়েছে।  
৩. কোনো নেতিবাচক শব্দ নেই এখানে।","১. বাবার সম্মান দেখানো হয়েছে।  
২. ইতিবাচক ভাব প্রকাশ পেয়েছে।  
৩. নেতিবাচকতা অনুপস্থিত।","১. বাবার প্রতি শ্রদ্ধা প্রকাশ পেয়েছে।  
২. ইতিবাচক শব্দ ব্যবহার করা হয়েছে।  
৩. কোনো নেতিবাচক শব্দ নেই।","১. বাবার প্রতি সম্মান দেখানো হয়েছে।  
২. ইতিবাচক ভাব প্রকাশ পেয়েছে।  
৩. নেতিবাচক কোনো শব্দ নেই।","১. বাবার প্রতি শ্রদ্ধা প্রকাশ করা হয়েছে।  
২. ইতিবাচক অনুভূতি ফুটে উঠেছে।  
৩. কোনো নেতিবাচক শব্দ ব্যবহৃত হয়নি।","১. বাবার প্রতি সম্মান দেখানো হয়েছে।  
২. ইতিবাচক ভাব প্রকাশ পেয়েছে।  
৩. নেতিবাচক কিছু নেই বাক্যে।","১. বাবার প্রতি শ্রদ্ধা প্রকাশ করা হয়েছে।  
২. ইতিবাচক অনুভূতি ফুটে উঠেছে।  
৩. কোনো নেতিবাচক অর্থ নেই।","১. বাবার সাদৃশ্য দেখানো হয়েছে।  
২. শ্রদ্ধার ভাব প্রকাশ পেয়েছে।  
৩. ইতিবাচক ভাব ফুটে উঠেছে।","১. বাবার সাথে তুলনা করা হয়েছে।  
২. শ্রদ্ধার অনুভূতি প্রকাশ পেয়েছে।  
৩. ইতিবাচক অর্থ বোঝানো হয়েছে।","১. বাবার সাদৃশ্য দেখানো হয়েছে।  
২. সম্মানবোধ ফুটে উঠেছে।  
৩. ভালো ভাব প্রকাশ পেয়েছে।","১. বাবার প্রতি শ্রদ্ধা প্রকাশ পেয়েছে।  
২. সাদৃশ্য তুলে ধরা হয়েছে।  
৩. ইতিবাচক ভাব ফুটে উঠেছে।","১. বাবার সাথে তুলনা করা হয়েছে।  
২. শ্রদ্ধার ভাব প্রকাশ পেয়েছে।  
৩. ইতিবাচক অনুভূতি দেখা যাচ্ছে।","১. বাবার সাদৃশ্য দেখানো হয়েছে।  
২. সম্মানবোধ ফুটে উঠেছে।  
৩. ভালোবাসার প্রকাশ ঘটেছে।","১. বাবার সাথে তুলনা করা হয়েছে।  
২. সম্মানজনক ভাব প্রকাশ পেয়েছে।  
৩. স্নেহের অনুভূতি দেখা যাচ্ছে।"
আপা আরেকটা অডি গাড়ি কবে লইবেন??,Gender,Not Hateful,"হালকা মজার ছলে প্রশ্ন করা হয়েছে।
মন্তব্যে কোনো অবমাননাকর উপাদান নেই।
সাধারণ কৌতূহল বা হালকা রসিকতা।","১. প্রশ্নটি হালকা মজার ছলে করা হয়েছে।  
২. কোনো অবমাননাকর শব্দ ব্যবহৃত হয়নি।  
৩. সাধারণ কৌতূহল বা রসিকতা দেখা যাচ্ছে।","১. রসিকতার ছলে প্রশ্ন করা হয়েছে।  
২. কোনো অপমানজনক শব্দ নেই।  
৩. সাধারণ কৌতূহল দেখা যাচ্ছে।","১. প্রশ্নটি হালকা মেজাজে করা হয়েছে।  
২. অডি গাড়ির প্রতি সাধারণ আগ্রহ দেখা যাচ্ছে।  
৩. কোনো বিদ্বেষপূর্ণ শব্দ ব্যবহৃত হয়নি।","১. প্রশ্নটি সহজ ও সাধারণ ভাবে করা হয়েছে।  
২. গাড়ির প্রতি আগ্রহ প্রকাশ পেয়েছে।  
৩. কোনো নেতিবাচক শব্দ নেই।","১. প্রশ্নটি নিরপেক্ষ ও সাধারণ।  
২. গাড়ির প্রতি ইতিবাচক আগ্রহ।  
৩. কোনো বিদ্বেষপূর্ণ শব্দ নেই।","১. প্রশ্নে কোনো আক্রমণাত্মক ভাষা নেই।  
২. গাড়ি কেনার ইচ্ছা প্রকাশ করা হয়েছে।  
৩. সাধারণ জিজ্ঞাসা, বিদ্বেষহীন।","১. প্রশ্নটি সম্পূর্ণ নিরীহ ও সাধারণ।  
২. কোনো বিদ্বেষপূর্ণ শব্দ ব্যবহৃত হয়নি।  
৩. গাড়ি কেনার ইচ্ছা প্রকাশ করা হয়েছে।","১. গাড়ি কেনার ইচ্ছা প্রকাশ করা হয়েছে।  
২. কোনো বিদ্বেষপূর্ণ শব্দ নেই।  
৩. প্রশ্নটি সাধারণ ও নিরীহ।","১. গাড়ি কেনার ইচ্ছা প্রকাশ করা হয়েছে।  
২. কোনো বিদ্বেষপূর্ণ শব্দ নেই।  
৩. প্রশ্নটি সাধারণ ও নিরীহ।","১. গাড়ি কেনার ইচ্ছা প্রকাশ করা হয়েছে।  
২. কোনো বিদ্বেষপূর্ণ শব্দ নেই।  
৩. প্রশ্নটি সাধারণ ও নিরীহ।","১. গাড়ি কেনার ইচ্ছা প্রকাশ করা হয়েছে।  
২. কোনো বিদ্বেষপূর্ণ শব্দ নেই।  
৩. প্রশ্নটি সাধারণ ও নিরীহ।","১. গাড়ি কেনার ইচ্ছা প্রশ্নে ফুটে উঠেছে।  
২. বিদ্বেষপূর্ণ কোনো শব্দ ব্যবহৃত হয়নি।  
৩. সাধারণ প্রশ্ন, কোনো আক্রমণাত্মক ভাষা নেই।","১. প্রশ্নটি সাধারণ, কোনো বিদ্বেষ নেই।  
২. গাড়ি কেনার ইচ্ছা প্রকাশ পেয়েছে।  
৩. আক্রমণাত্মক ভাষা ব্যবহার করা হয়নি।","১. সাধারণ প্রশ্ন, কোনো বিদ্বেষ নেই।  
২. গাড়ি কেনার ইচ্ছা প্রকাশ পেয়েছে।  
৩. ভাষাটি শান্তিপূর্ণ ও বিনম্র।","১. প্রশ্নটি সাধারণ ও তথ্য চাওয়া হয়েছে।  
২. গাড়ি কেনার ইচ্ছা স্পষ্টভাবে বলা হয়েছে।  
৩. ভাষায় কোনো আক্রমণাত্মক tone নেই।","১. প্রশ্নটি সরল ও তথ্যমূলক।  
২. গাড়ি কেনার ইচ্ছা প্রকাশ পেয়েছে।  
৩. ভাষার tone নিরপেক্ষ ও শান্ত।","১. প্রশ্নে কোনো আক্রমণাত্মক ভাষা নেই।  
২. গাড়ি কেনার ইচ্ছা প্রকাশ করা হয়েছে।  
৩. ভাষার tone শান্ত ও সহজ।","১. প্রশ্নটি সাধারণ ও ভদ্রভাবে করা হয়েছে।  
২. কোনো নেতিবাচক শব্দ ব্যবহার করা হয়নি।  
৩. বক্তব্যের tone সম্পূর্ণ নিরপেক্ষ।","১. প্রশ্নটি সহজ ও ভদ্র ভাষায় লেখা।  
২. কোনো আক্রমণাত্মক শব্দ নেই।  
৩. ভাষার টোন সম্পূর্ণ নিরপেক্ষ।","১. প্রশ্নটি সরল ও ভদ্রভাবে লেখা।  
২. কোনো অপমানজনক শব্দ ব্যবহৃত হয়নি।  
৩. ভাষার ধরন সম্পূর্ণ neutral।","১. প্রশ্নটি সহজ ও ভদ্র ভাষায় লেখা।  
২. কোনো অশালীন বা আক্রমণাত্মক শব্দ নেই।  
৩. ভাষার টোন সম্পূর্ণ নিরপেক্ষ।"
জয় ভাই যে ভাবে বলে দিয়েছেন সে ভাবে ই হবে।,Gender,Not Hateful,"ব্যক্তির প্রতি সম্মান ও আস্থা প্রকাশ পেয়েছে।
মন্তব্যে আক্রমণাত্মক কোনো ইঙ্গিত নেই।
পরিস্থিতি মেনে নেওয়ার ইতিবাচক মনোভাব।","1. ""জয় ভাইয়ের নির্দেশে আস্থা দেখানো হয়েছে।""  
2. ""সম্মানসূচক ভাষায় কথা বলা হয়েছে।""  
3. ""ইতিবাচকভাবে পরিস্থিতি মেনে নেওয়া হয়েছে।""","1. ""জয় ভাইয়ের প্রতি শ্রদ্ধা প্রকাশ করা হয়েছে।""  
2. ""নির্দেশ মেনে নেওয়ার ইচ্ছা দেখানো হয়েছে।""  
3. ""ইতিবাচক সমর্থন ব্যক্ত করা হয়েছে।""","1. ""জয় ভাইয়ের নির্দেশ মানার ইচ্ছা প্রকাশ পেয়েছে।""  
2. ""বক্তব্যে আনুগত্য ও সমর্থন ফুটে উঠেছে।""  
3. ""ভক্তির সঙ্গে নির্দেশ মেনে নেওয়ার কথা বলা হয়েছে।""","1. ""জয় ভাইয়ের প্রতি আনুগত্য প্রকাশ পেয়েছে।""  
2. ""নির্দেশ মেনে চলার ইচ্ছা দেখা যাচ্ছে।""  
3. ""ভক্তির সঙ্গে আদেশ পালনের কথা বলা হয়েছে।""","1. ""জয় ভাইয়ের নির্দেশ মানার প্রতিশ্রুতি দেওয়া হয়েছে।""  
2. ""বক্তব্যে আনুগত্য ও সম্মান প্রকাশ পেয়েছে।""  
3. ""জয় ভাইয়ের আদেশ মেনে চলার ইচ্ছা দেখা যায়।""","১. নির্দেশ মানার প্রতিশ্রুতি স্পষ্ট।  
২. আনুগত্য প্রকাশ করা হয়েছে।  
৩. আদেশ মেনে চলার ইচ্ছা প্রকাশিত।","১. জয় ভাইয়ের নির্দেশ মানার কথা বলা হয়েছে।  
২. আনুগত্য প্রকাশ পেয়েছে বক্তব্যের মধ্যে।  
৩. আদেশ মেনে চলার ইচ্ছা স্পষ্ট।","১. জয় ভাইয়ের নির্দেশের প্রতি সমর্থন দেখা যাচ্ছে।  
২. বক্তব্যে আনুগত্যের প্রকাশ স্পষ্ট।  
৩. আদেশ মানার ইচ্ছা ফুটে উঠেছে।","১. জয় ভাইয়ের কথা মেনে চলার ইচ্ছা প্রকাশ পেয়েছে।  
২. বক্তব্যে আনুগত্যের স্বীকৃতি দেওয়া হয়েছে।  
৩. নির্দেশ মানার প্রতিশ্রুতি স্পষ্ট।","১. জয় ভাইয়ের নির্দেশ মানার ইচ্ছা।  
২. আনুগত্য প্রকাশ করা হয়েছে।  
৩. নির্দেশ মানার প্রতিশ্রুতি।","১. জয় ভাইয়ের কথা মেনে চলার ইচ্ছা প্রকাশ।  
২. আনুগত্য দেখানো হয়েছে সরাসরি।  
৩. নির্দেশ মানার প্রতিজ্ঞা স্পষ্ট।","১. জয় ভাইয়ের নির্দেশ মানার ইচ্ছা প্রকাশ পেয়েছে।  
২. সরাসরি আনুগত্য দেখানো হয়েছে কথায়।  
৩. নির্দেশ মেনে চলার প্রতিজ্ঞা স্পষ্ট।","১. জয় ভাইয়ের নির্দেশ মানার ইচ্ছা প্রকাশ পেয়েছে।  
কারণ: বক্তব্যে আনুগত্যের ইচ্ছা ফুটে উঠেছে।  

২. সরাসরি আনুগত্য দেখানো হয়েছে কথায়।  
কারণ: নির্দেশ মেনে চলার কথা বলা হয়েছে।  

৩. নির্দেশ মেনে চলার প্রতিজ্ঞা স্পষ্ট।  
কারণ: জয় ভাইয়ের কথা অনুসরণের প্রতিশ্রুতি আছে।","১. জয় ভাইয়ের নির্দেশ মানার ইচ্ছা প্রকাশ পেয়েছে।  
কারণ: আনুগত্যের ইচ্ছা স্পষ্ট।  

২. সরাসরি আনুগত্য দেখানো হয়েছে।  
কারণ: নির্দেশ মেনে চলার কথা।  

৩. প্রতিজ্ঞা স্পষ্ট।  
কারণ: জয় ভাইয়ের কথা অনুসরণ।","১. জয় ভাইয়ের নির্দেশ মানার ইচ্ছা প্রকাশ।  
২. আনুগত্যের কথা স্পষ্ট বলা হয়েছে।  
৩. নির্দেশ মেনে চলার প্রতিজ্ঞা ব্যক্ত।","১. জয় ভাইয়ের নির্দেশ মানার ইচ্ছা প্রকাশ করা হয়েছে।  
২. আনুগত্যের কথা সরাসরি বলা হয়েছে।  
৩. নির্দেশ মেনে চলার প্রতিজ্ঞা স্পষ্ট।","১. জয় ভাইয়ের নির্দেশ মানতে ইচ্ছুক।  
২. আনুগত্য প্রকাশ পেয়েছে কথায়।  
৩. নির্দেশ মেনে চলার প্রতিজ্ঞা ব্যক্ত।","১. জয় ভাইয়ের কথা মেনে চলার ইচ্ছা প্রকাশ।  
২. আনুগত্য ও সমর্থন স্পষ্টভাবে ফুটে উঠেছে।  
৩. নির্দেশ পালনের প্রতিশ্রুতি দেওয়া হয়েছে।","১. জয় ভাইয়ের নির্দেশ মানার ইচ্ছা প্রকাশ পেয়েছে।  
২. আনুগত্য ও সমর্থন স্পষ্টভাবে দেখা যাচ্ছে।  
৩. নির্দেশ পালনের প্রতিশ্রুতি দেওয়া হয়েছে।","১. জয় ভাইয়ের প্রতি আনুগত্য প্রকাশ পেয়েছে।  
২. নির্দেশ মানার ইচ্ছা স্পষ্ট।  
৩. সমর্থন ও প্রতিশ্রুতি ফুটে উঠেছে।","১. জয় ভাইয়ের নির্দেশ মেনে চলার ইচ্ছা প্রকাশ।  
২. আনুগত্য ও সমর্থন স্পষ্টভাবে দেখা যাচ্ছে।  
৩. প্রতিশ্রুতি পালনের দৃঢ়তা ফুটে উঠেছে।"
মাশারাফির প্রিয় রং সাদা,Gender,Not Hateful,"তথ্যভিত্তিক ও নিরপেক্ষ মন্তব্য।
কোনো নেতিবাচক বা আপত্তিকর বিষয় নেই।
ক্রিকেটারের সাধারণ তথ্য শেয়ার করা হয়েছে।","1. মাশারাফির রং পছন্দের সাধারণ তথ্য।  
2. কোনো আপত্তিকর শব্দ ব্যবহার করা হয়নি।  
3. নিরপেক্ষভাবে তথ্য উপস্থাপন করা হয়েছে।","1. মাশারাফির রং পছন্দের সাধারণ তথ্য দেওয়া হয়েছে।  
2. কোনো ঘৃণামূলক শব্দ নেই বাক্যে।  
3. বিবৃতি সম্পূর্ণ নিরপেক্ষভাবে উপস্থাপিত।","১. বিবৃতিতে ঘৃণার কোনো ইঙ্গিত নেই।  
২. সাধারণ তথ্য দেওয়া হয়েছে নিরপেক্ষভাবে।  
৩. রং পছন্দের কথা বলা হয়েছে শান্তিপূর্ণভাবে।","১. বিবৃতিতে ঘৃণা বা বিদ্বেষ নেই।  
২. নিরপেক্ষভাবে রং পছন্দের কথা বলা।  
৩. শান্তিপূর্ণভাবে সাধারণ তথ্য দেওয়া।","১. মাশারাফির রং পছন্দের সাধারণ তথ্য।  
২. বিবৃতিতে কোনো বিদ্বেষপূর্ণ ভাষা নেই।  
৩. নিরপেক্ষভাবে ব্যক্তিগত পছন্দ উল্লেখ করা।","১. বিবৃতিতে কোনো নেতিবাচক ভাষা নেই।  
২. সাধারণ তথ্য দেওয়া হয়েছে নিরপেক্ষভাবে।  
৩. ব্যক্তিগত পছন্দের কথা বলা হয়েছে।","১. বিবৃতিতে ঘৃণা বা বিদ্বেষ নেই।  
২. নিরপেক্ষভাবে তথ্য দেওয়া হয়েছে।  
৩. ব্যক্তিগত পছন্দের উল্লেখ আছে।","১. মাশারাফির পছন্দের রং উল্লেখ করা হয়েছে।  
২. বিবৃতিতে কোনো নেতিবাচকতা নেই।  
৩. সাধারণ তথ্য দেওয়া হয়েছে।","১. বিবৃতিটি সম্পূর্ণ নিরপেক্ষ।  
২. কোনো বিদ্বেষ বা আক্রমণ নেই।  
৩. সাধারণ তথ্য প্রকাশ করা হয়েছে।","১. বিবৃতিতে কোনো ধর্মীয় উল্লেখ নেই।  
২. রং সম্পর্কে সাধারণ তথ্য দেওয়া হয়েছে।  
৩. কোনো বিদ্বেষপূর্ণ শব্দ ব্যবহৃত হয়নি।","১. ধর্মীয় কোনো উল্লেখ নেই বিবৃতিতে।  
২. সাধারণ তথ্য দেওয়া হয়েছে রং নিয়ে।  
৩. বিদ্বেষপূর্ণ শব্দ ব্যবহার হয়নি এখানে।","১. বিবৃতিতে ধর্মের কথা নেই।  
২. রং সম্পর্কে সাধারণ তথ্য দেওয়া।  
৩. কোনো বিদ্বেষপূর্ণ শব্দ ব্যবহার হয়নি।","১. ধর্মীয় উল্লেখ নেই বিবৃতিতে।  
২. সাধারণ তথ্য দেওয়া হয়েছে রং নিয়ে।  
৩. বিদ্বেষপূর্ণ শব্দ ব্যবহার হয়নি।","১. ধর্মীয় কোনো উল্লেখ নেই এখানে।  
২. রং সম্পর্কে সাধারণ তথ্য দেওয়া হয়েছে।  
৩. কোনো বিদ্বেষপূর্ণ শব্দ ব্যবহার হয়নি।","১. মাশারাফির রং পছন্দের সাধারণ তথ্য।  
২. ধর্ম বা বিদ্বেষ সম্পর্কে কিছু নেই।  
৩. নিরপেক্ষ ও সাধারণ বক্তব্য।","১. মাশারাফির রং পছন্দের সাধারণ তথ্য দেওয়া হয়েছে।  
২. এখানে ধর্ম বা বিদ্বেষের কোনো ইঙ্গিত নেই।  
৩. এটি একটি নিরপেক্ষ ও সাধারণ উক্তি।","১. উক্তিটি সম্পূর্ণ নিরপেক্ষ।  
২. কোনো বিদ্বেষমূলক শব্দ নেই।  
৩. সাধারণ তথ্য উপস্থাপন করা হয়েছে।","১. মাশারাফির রং পছন্দের সাধারণ তথ্য।  
২. কোনো আক্রমণাত্মক শব্দ ব্যবহৃত হয়নি।  
৩. বিবৃতি সম্পূর্ণ নিরপেক্ষ ও সাধারণ।","১. বিবৃতিতে কোনো বিদ্বেষপূর্ণ শব্দ নেই।  
২. সাধারণ তথ্য দেওয়া হয়েছে।  
৩. নিরপেক্ষভাবে বলা হয়েছে।","১. বিবৃতিতে ঘৃণার কোনো ভাষা নেই।  
২. সাধারণ তথ্য বহন করে বাক্যটি।  
৩. এটি সম্পূর্ণ নিরপেক্ষভাবে বলা হয়েছে।","১. বাক্যটিতে কোনো আক্রমণাত্মক শব্দ নেই।  
২. এটি একটি সাধারণ তথ্যমূলক উক্তি।  
৩. ঘৃণা বা পক্ষপাতের ইঙ্গিত নেই।"
ভাই আপনিও ভালো থাকুন।,Gender,Not Hateful,"শুভেচ্ছাসূচক বক্তব্য।
ইতিবাচক মনোভাবের প্রকাশ।
কোনো বিতর্কিত বা নেতিবাচক ইঙ্গিত নেই।","১. বক্তব্যে শুভেচ্ছা প্রকাশ করা হয়েছে।  
২. কোনো নেতিবাচক শব্দ ব্যবহৃত হয়নি।  
৩. ইতিবাচক আবেগ ফুটে উঠেছে।","১. শুভেচ্ছা প্রকাশের জন্য ইতিবাচক ভাষা ব্যবহৃত হয়েছে।  
২. কোনো আক্রমণাত্মক বা নেতিবাচক শব্দ নেই।  
৩. বক্তব্যের মাধ্যমে ভালোবাসা ও শান্তির বার্তা ফুটে উঠেছে।","১. শুভেচ্ছা প্রকাশ করা হয়েছে।  
২. ইতিবাচক ভাষা ব্যবহৃত হয়েছে।  
৩. ভালোবাসার বার্তা রয়েছে।","১. শুভেচ্ছা প্রকাশের জন্য ব্যবহৃত শব্দ।  
২. ইতিবাচক আবেগ প্রকাশ পেয়েছে।  
৩. ভালোবাসার অনুভূতি ফুটে উঠেছে।","১. শুভেচ্ছা প্রকাশের জন্য সাধারণ বাক্য।  
২. ইতিবাচক অনুভূতি স্পষ্টভাবে দেখা যাচ্ছে।  
৩. ভালোবাসার প্রকাশ সহজেই বোঝা যায়।","১. শুভেচ্ছা প্রকাশের সাধারণ অভিব্যক্তি।  
২. ইতিবাচক অনুভূতি স্পষ্টভাবে ফুটে উঠেছে।  
৩. ভালোবাসার প্রকাশ সহজেই অনুভব করা যায়।","১. শুভেচ্ছা প্রকাশের সাধারণ বাক্য।  
২. ইতিবাচক আবেগ স্পষ্ট।  
৩. সহজ ও স্নেহময় অভিব্যক্তি।","১. বাক্যটিতে শুভেচ্ছা প্রকাশ করা হয়েছে।  
২. ইতিবাচক আবেগ ফুটে উঠেছে।  
৩. স্নেহময় ও সহজ অভিব্যক্তি দেখা যায়।","১. শুভেচ্ছা প্রকাশের জন্য সহজ ভাষা ব্যবহৃত হয়েছে।  
২. বাক্যটিতে ইতিবাচক আবেগ স্পষ্ট।  
৩. সম্পর্কের স্নেহময় দিক ফুটে উঠেছে।","১. বাক্যটিতে শুভেচ্ছা প্রকাশ পেয়েছে।  
২. ইতিবাচক আবেগ পরিষ্কার।  
৩. স্নেহময় সম্পর্ক ফুটে উঠেছে।","১. শুভেচ্ছা প্রকাশের জন্য সহজ ভাষা।  
২. ইতিবাচক আবেগ স্পষ্টভাবে দেখা যায়।  
৩. সম্পর্কের স্নেহ প্রকাশ পেয়েছে।","১. বক্তব্যটি শুভেচ্ছা প্রকাশ করছে।  
২. ইতিবাচক ভাব ফুটে উঠেছে।  
৩. স্নেহসূচক সম্পর্ক দেখা যাচ্ছে।","১. বক্তব্যটিতে শুভেচ্ছা প্রকাশ পাচ্ছে।  
২. ইতিবাচক আবেগ স্পষ্ট।  
৩. সম্পর্কে স্নেহের ছাপ আছে।","১. বক্তব্যটিতে শুভকামনা প্রকাশ করা হয়েছে।  
২. কথাটিতে ইতিবাচক অনুভূতি ফুটে উঠেছে।  
৩. সম্পর্কে আন্তরিকতা দেখা যাচ্ছে।","১. শুভেচ্ছা প্রকাশের জন্য স্পষ্ট ভাষা ব্যবহৃত হয়েছে।  
২. বাক্যটিতে ইতিবাচক ভাব প্রকাশ পেয়েছে।  
৩. আন্তরিকতার সাথে ভালো থাকার কামনা করা হয়েছে।","১. শুভেচ্ছা প্রকাশের জন্য সরল ভাষা ব্যবহৃত হয়েছে।  
২. বাক্যটিতে কোনো নেতিবাচকতা নেই।  
৩. আন্তরিকতার সাথে শুভকামনা করা হয়েছে।","১. বাক্যটিতে শুভেচ্ছা প্রকাশ করা হয়েছে।  
২. ভাষাটি সম্পূর্ণ ইতিবাচক।  
৩. কোনো বিদ্বেষ বা নেতিবাচকতা নেই।","১. শুভেচ্ছা প্রকাশের বাক্য।  
২. ইতিবাচক ভাষা ব্যবহৃত হয়েছে।  
৩. কোনো বিদ্বেষপূর্ণ শব্দ নেই।","১. বাক্যটিতে শুভেচ্ছা প্রকাশ করা হয়েছে।  
২. ভাষাটি সম্পূর্ণ ইতিবাচক।  
৩. কোনো নেতিবাচক শব্দ ব্যবহৃত হয়নি।","১. শুভেচ্ছা প্রকাশের জন্য ইতিবাচক ভাষা ব্যবহৃত হয়েছে।  
২. কোনো নেতিবাচক শব্দ বা ভাবনা নেই।  
৩. বাক্যটি সম্পূর্ণরূপে সুন্দর ও শ্রদ্ধাশীল।","১. বাক্যটিতে শুভেচ্ছা প্রকাশ করা হয়েছে।  
২. কোনো নেতিবাচক শব্দ ব্যবহৃত হয়নি।  
৩. ভাষাটি সম্পূর্ণ শ্রদ্ধাশীল।"
"ছোট্ট মেয়েটি আজ কত বড় হয়ে গেছে, বাবা মেয়ের ভালবাসা অবিরাম   ",Gender,Not Hateful,"পারিবারিক ভালোবাসা ও আবেগ প্রকাশ পেয়েছে।
কোনো প্রকার অবমাননাকর মন্তব্য নেই।
ইতিবাচক ও সংবেদনশীল বক্তব্য।","১. মেয়ের বড় হওয়ার উল্লেখ আছে।  
২. বাবা-মেয়ের ভালোবাসা প্রকাশিত।  
৩. ইতিবাচক আবেগ প্রকাশ পেয়েছে।","১. মেয়ের বড় হওয়ার কথা বলা হয়েছে।  
২. বাবা-মেয়ের সম্পর্কের প্রশংসা করা হয়েছে।  
৩. ইতিবাচক অনুভূতি ফুটে উঠেছে।","১. মেয়ের বড় হওয়ায় আনন্দ প্রকাশ করা হয়েছে।  
২. বাবা-মেয়ের সম্পর্কের সৌন্দর্য বর্ণিত হয়েছে।  
৩. ইতিবাচক আবেগ স্পষ্টভাবে প্রকাশ পেয়েছে।","১. মেয়ের বড় হওয়ায় গর্বিত বাবা।  
২. বাবা-মেয়ের সম্পর্কের মধুর অনুভূতি।  
৩. ইতিবাচক আবেগে পরিপূর্ণ বাক্য।","১. মেয়ের বড় হওয়ায় বাবার আনন্দ প্রকাশ।  
২. বাবা-মেয়ের সম্পর্কের স্নেহময় দিক ফুটে উঠেছে।  
৩. ইতিবাচক আবেগ প্রকাশ পেয়েছে বাক্যে।","১. মেয়ের বড় হওয়ায় বাবার আনন্দ প্রকাশ পেয়েছে।  
২. বাবা-মেয়ের স্নেহময় সম্পর্ক ফুটে উঠেছে।  
৩. ইতিবাচক আবেগ প্রকাশ করা হয়েছে।","১. মেয়ের বড় হওয়ায় বাবার খুশি প্রকাশ পেয়েছে।  
২. বাবা-মেয়ের সম্পর্কের স্নেহ দেখা যাচ্ছে।  
৩. ইতিবাচক অনুভূতি স্পষ্টভাবে বোঝা যায়।","১. মেয়ের বড় হওয়ায় বাবার আনন্দ প্রকাশিত।  
২. বাবা-মেয়ের স্নেহময় সম্পর্ক ফুটে উঠেছে।  
৩. ইতিবাচক আবেগ স্পষ্টভাবে প্রকাশ পেয়েছে।","১. মেয়ের বড় হওয়ায় বাবার খুশি প্রকাশ পেয়েছে।  
২. বাবা-মেয়ের সম্পর্কের মমতা দেখা যাচ্ছে।  
৩. ইতিবাচক আবেগ স্পষ্টভাবে ফুটে উঠেছে।","১. মেয়ের বড় হওয়ায় বাবার আনন্দ প্রকাশ।  
২. বাবা-মেয়ের সম্পর্কে মমতা দেখা যায়।  
৩. ইতিবাচক আবেগ স্পষ্ট।","১. মেয়ের বড় হওয়ায় আনন্দ প্রকাশ পাচ্ছে।  
২. বাবা-মেয়ের সম্পর্কের মমতা ফুটে উঠেছে।  
৩. ইতিবাচক আবেগ স্পষ্টভাবে দেখা যাচ্ছে।","১. মেয়ের বড় হওয়ায় বাবার আনন্দ প্রকাশ।  
২. বাবা-মেয়ের সম্পর্কে মমতা দেখা যাচ্ছে।  
৩. ইতিবাচক আবেগ স্পষ্টভাবে ফুটে উঠেছে।","১. মেয়ের বড় হওয়ায় বাবার আনন্দ প্রকাশিত।  
২. বাবা-মেয়ের সম্পর্কে মমতা দেখা যায়।  
৩. ইতিবাচক আবেগ স্পষ্টভাবে প্রকাশ পায়।","১. মেয়ের বড় হওয়ায় বাবার আনন্দ ফুটে উঠেছে।  
২. বাবা-মেয়ের সম্পর্কের মমতা প্রকাশ পেয়েছে।  
৩. ইতিবাচক আবেগ স্পষ্টভাবে দেখা যাচ্ছে।","১. মেয়ের বড় হওয়ায় বাবার গর্ব প্রকাশ।  
২. বাবা-মেয়ের সম্পর্কে স্নেহের ছাপ।  
৩. ইতিবাচক আবেগে পরিপূর্ণ বাক্য।","১. মেয়ের বড় হওয়ায় আনন্দ প্রকাশ পেয়েছে।  
২. বাবা-মেয়ের স্নেহময় সম্পর্ক ফুটে উঠেছে।  
৩. ইতিবাচক আবেগ প্রকাশিত হয়েছে বাক্যে।","১. মেয়ের বড় হওয়ায় বাবার আনন্দ প্রকাশ পেয়েছে।  
২. বাবা-মেয়ের স্নেহের সম্পর্ক প্রকাশিত হয়েছে।  
৩. ইতিবাচক আবেগ ফুটে উঠেছে বাক্যে।","১. বাবা-মেয়ের সম্পর্কের স্নেহ প্রকাশিত।  
২. মেয়ের বড় হওয়ায় আনন্দের কথা বলা।  
৩. ইতিবাচক আবেগ স্পষ্টভাবে ফুটে উঠেছে।","১. বাবা-মেয়ের স্নেহ প্রকাশ পেয়েছে।  
২. মেয়ের বড় হওয়ায় খুশির কথা বলা হয়েছে।  
৩. ইতিবাচক আবেগ স্পষ্ট দেখা যাচ্ছে।","১. বাবা-মেয়ের সম্পর্কের স্নেহ প্রকাশিত।  
২. মেয়ের বড় হওয়ায় আনন্দ প্রকাশ।  
৩. ইতিবাচক আবেগ সুস্পষ্টভাবে ফুটে উঠেছে।","১. বাবা-মেয়ের স্নেহ প্রকাশ পেয়েছে।  
২. মেয়ের বড় হওয়ায় খুশি দেখা যাচ্ছে।  
৩. ইতিবাচক আবেগ স্পষ্টভাবে প্রকাশিত।"
"মেয়েদের কমেন্টে লাইক পড়ছে হাজার, শত শত। আমি এত সুন্দর কমেন্ট করলাম আমার কমেন্টের একটাও লাইক নাই। এটা আমার প্রতি অবিচার। ",Gender,Not Hateful,"হালকা রসিকতার মাধ্যমে নিজের অনুভূতি প্রকাশ।
কোনো আক্রমণাত্মক বা বিরূপ শব্দ ব্যবহার হয়নি।
মজার ছলে বৈষম্যের অনুভূতি ব্যক্ত করা হয়েছে।","১. রসিকতার মাধ্যমে হতাশা প্রকাশ করা হয়েছে।  
২. কোনো আক্রমণাত্মক ভাষা ব্যবহার হয়নি।  
৩. মজার ছলে বৈষম্যের কথা বলা হয়েছে।","১. রসিকতার মাধ্যমে হতাশা প্রকাশ স্পষ্ট।  
২. আক্রমণাত্মক ভাষা ব্যবহার করা হয়নি।  
৩. মজার ছলে বৈষম্যের কথা বলা হয়েছে।","১. রসিকতার মাধ্যমে হতাশা প্রকাশ করা হয়েছে।  
২. ভাষায় কোন আক্রমণাত্মকতা নেই।  
৩. মজার ছলে বৈষম্যের কথা বলা।","১. হাসির ছলে হতাশা প্রকাশ করা হয়েছে।  
২. ভাষায় কোন বিদ্বেষ নেই।  
৩. মজা করে বৈষম্য দেখানো হয়েছে।","১. হাসির ছলে নিজের হতাশা প্রকাশ করা হয়েছে।  

২. বিদ্বেষ নেই, শুধু মজার ছলে বলা।  

৩. বৈষম্য দেখানো হয়েছে হালকা ভাবে।","১. হাসির ছলে হতাশা প্রকাশ পেয়েছে।  

২. মজা করার জন্য বলা হয়েছে।  

৩. হালকা ভাবে বৈষম্য দেখানো হয়েছে।","১. লাইক না পেয়ে হতাশা প্রকাশ করা হয়েছে।  

২. মজা করার ভাবেও বলা যেতে পারে।  

৩. কম লাইক পাওয়ায় বৈষম্যের ইঙ্গিত আছে।","১. লাইকের অভাব নিয়ে হতাশা প্রকাশ করা হয়েছে।  

২. হাসির ছলে বলা হয়েছে এমন মনে হয়।  

৩. কম লাইক পেয়ে অন্যায়ের অনুভূতি দেখা যাচ্ছে।","১. লাইকের তুলনা করে হতাশা প্রকাশ।  

২. হালকা ভাবে অন্যায়ের কথা বলা।  

৩. কম লাইক পেয়ে обиার অনুভূতি।","১. লাইকের অভাবে হতাশা প্রকাশ পেয়েছে।  

২. অন্যায্য আচরণের ইঙ্গিত দেওয়া হয়েছে।  

৩. কম লাইকে обиার অনুভূতি দেখা যাচ্ছে।","১. লাইক না পেয়ে হতাশা প্রকাশ করা হয়েছে।  

২. অন্যায্য আচরণের কথা বলা হয়েছে।  

৩. কম লাইকে обиার অনুভূতি দেখা যায়।","১. লাইক না পেয়ে হতাশা প্রকাশ স্পষ্ট।  

২. অন্যায্য আচরণের অভিযোগ করা হয়েছে।  

৩. কম লাইকে মন খারাপের ইঙ্গিত।","১. লাইক না পেয়ে হতাশা প্রকাশ করা হয়েছে।  

২. অন্যায্য আচরণের কথা বলা হয়েছে।  

৩. কম লাইকে মন খারাপের কথা বলা।","১. লাইক না পেয়ে হতাশা প্রকাশ স্পষ্ট।  

২. অন্য মেয়েদের সাথে তুলনা করা হয়েছে।  

৩. কম লাইকে অবিচার বলা হয়েছে।","১. লাইক না পেয়ে হতাশা প্রকাশ করা হয়েছে।  

২. অন্য মেয়েদের লাইকের সাথে তুলনা করা হয়েছে।  

৩. কম লাইককে অবিচার বলা হয়েছে।","১. লাইকের অভাব নিয়ে হতাশা প্রকাশ করা হয়েছে।  

২. অন্য মেয়েদের সাথে তুলনা করা হয়েছে।  

৩. অবিচার শব্দে ক্ষোভ দেখা যাচ্ছে।","১. লাইকের অভাব নিয়ে হতাশা স্পষ্ট।  

২. অন্য মেয়েদের সাথে তুলনা করা হয়েছে।  

৩. ""অবিচার"" শব্দে ক্ষোভ ফুটে উঠেছে।","১. লাইকের অভাব নিয়ে হতাশা প্রকাশ পেয়েছে।  

২. অন্য মেয়েদের সাথে তুলনা করা হয়েছে।  

৩. ""অবিচার"" শব্দে ক্ষোভ দেখা যাচ্ছে।","১. লাইক না পেয়ে হতাশা প্রকাশ করা হয়েছে।  

২. অন্য মেয়েদের লাইকের সাথে তুলনা করা হয়েছে।  

৩. ""অবিচার"" শব্দে ক্ষোভ ফুটে উঠেছে।","১. লাইকের অভাবে হতাশা স্পষ্ট।  

২. অন্যের সাথে তুলনা করা হয়েছে।  

৩. ""অবিচার"" শব্দে ক্ষোভ প্রকাশিত।","১. লাইক না পেয়ে হতাশা প্রকাশ করা হয়েছে।  

২. অন্য মেয়েদের সাথে নিজের তুলনা করা হয়েছে।  

৩. ""অবিচার"" শব্দে ক্ষোভ ফুটে উঠেছে।"
দেশনেত্রী বেগম খালেদা জিয়া জীপে না চড়ে প্রাইভেট কারে উঠে ঝুলবাজদের কবল থেকে কিছু সময়ের জন্য অন্তত নিজেকে সুরক্ষা করেছেন।,Gender,Not Hateful,"নেত্রীর প্রতিরক্ষা উদ্যোগের প্রতি ইতিবাচক দৃষ্টিভঙ্গি প্রকাশ।
বক্তব্যে নেত্রীর প্রতি সম্মান ও সহানুভূতি প্রকাশিত।
কোনো অবমাননাকর বা নেতিবাচক শব্দ ব্যবহার হয়নি।","১. নেত্রীর নিরাপত্তার প্রতি ইতিবাচক মনোভাব প্রকাশ।  
২. সম্মানজনক ভাষায় নেত্রীর সুরক্ষা বর্ণনা।  
৩. কোনো নেতিবাচক বা ঘৃণ্য শব্দ নেই।","১. নেত্রীর নিরাপত্তার বিষয়ে ইতিবাচক দৃষ্টিভঙ্গি।  
২. সম্মানসূচক শব্দে নিরাপত্তার বর্ণনা।  
৩. ঘৃণামূলক শব্দের অনুপস্থিতি স্পষ্ট।","১. নেত্রীর নিরাপত্তার প্রশংসা করা হয়েছে।  
২. সম্মানজনক ভাষায় নিরাপত্তার কথা বলা।  
৩. কোনো ঘৃণামূলক শব্দ ব্যবহার করা হয়নি।","১. নেত্রীর নিরাপত্তার বিষয়ে ইতিবাচক মন্তব্য করা হয়েছে।  
২. সম্মানসূচক শব্দ ব্যবহার করে বক্তব্য দেওয়া হয়েছে।  
৩. ঘৃণা বা বিদ্বেষমূলক কোনো শব্দ নেই।","১. নেত্রীর নিরাপত্তা নিয়ে ইতিবাচক মন্তব্য।  
২. সম্মানসূচক শব্দ ব্যবহৃত হয়েছে।  
৩. ঘৃণামূলক শব্দ অনুপস্থিত।","১. নেত্রীর নিরাপত্তার প্রশংসা করা হয়েছে।  
২. সম্মানজনক ভাষা ব্যবহার করা হয়েছে।  
৩. কোনো ঘৃণামূলক শব্দ নেই।","১. নেত্রীর নিরাপত্তার বিষয়ে ইতিবাচক মন্তব্য করা হয়েছে।  
২. ভাষায় সম্মান ও শ্রদ্ধা প্রকাশ পেয়েছে।  
৩. ঘৃণামূলক কোনো শব্দ ব্যবহার করা হয়নি।","১. নেত্রীর নিরাপত্তার বিষয়ে ইতিবাচক কথা বলা হয়েছে।  
২. শ্রদ্ধা প্রকাশের জন্য সম্মানজনক শব্দ ব্যবহৃত হয়েছে।  
৩. কোনো ঘৃণামূলক শব্দ বা ভাষা ব্যবহার করা হয়নি।","১. নেত্রীর নিরাপত্তার ইতিবাচক দিক উল্লেখ করা হয়েছে।  
২. সম্মানজনক ভাষায় নেত্রীর কথা বলা হয়েছে।  
৩. ঘৃণামূলক কোনো শব্দ ব্যবহার করা হয়নি।","১. নেত্রীর নিরাপত্তার বিষয়টি ইতিবাচকভাবে উপস্থাপন করা হয়েছে।  
২. ভাষায় সম্মান ও শ্রদ্ধা প্রকাশ পেয়েছে।  
৩. কোনো ঘৃণা বা বিদ্বেষমূলক শব্দ নেই।","১. নেত্রীর নিরাপত্তার বিষয়টি ইতিবাচকভাবে বর্ণনা করা হয়েছে।  
২. শ্রদ্ধাশীল ভাষা ব্যবহার করা হয়েছে।  
৩. ঘৃণামূলক শব্দ বা বিদ্বেষ নেই।","১. নেত্রীর নিরাপত্তার ইতিবাচক দিক উল্লেখ করা হয়েছে।  
২. ভাষায় শ্রদ্ধা ও সম্মান প্রকাশ পেয়েছে।  
৩. কোনো ঘৃণা বা বিদ্বেষপূর্ণ শব্দ ব্যবহৃত হয়নি।","১. নেত্রীর নিরাপত্তার বিষয়টি ইতিবাচকভাবে উপস্থাপন করা হয়েছে।  
২. বক্তব্যে শ্রদ্ধা ও সম্মান প্রকাশ পেয়েছে।  
৩. ঘৃণামূলক কোনো শব্দ ব্যবহার করা হয়নি।","১. নিরাপত্তার ব্যবস্থাকে ইতিবাচকভাবে দেখানো হয়েছে।  
২. নেত্রীর প্রতি শ্রদ্ধা প্রকাশ পেয়েছে।  
৩. কোনো ঘৃণামূলক শব্দ ব্যবহার হয়নি।","১. নেত্রীর নিরাপত্তার বিষয়টি ইতিবাচকভাবে উল্লেখ করা হয়েছে।  
২. বক্তব্যে শ্রদ্ধার ভাব প্রকাশ পেয়েছে।  
৩. ঘৃণামূলক কোনো শব্দ ব্যবহার করা হয়নি।","১. নেত্রীর নিরাপত্তার ইতিবাচক দিক তুলে ধরা হয়েছে।  
২. শ্রদ্ধার সাথে নেত্রীর সুরক্ষার কথা বলা হয়েছে।  
৩. কোনো ঘৃণাসূচক শব্দ ব্যবহার করা হয়নি।","১. নেত্রীর নিরাপত্তার বিষয়টি ইতিবাচকভাবে উপস্থাপন করা হয়েছে।  
২. শ্রদ্ধার সাথে তার সুরক্ষার কথা উল্লেখ করা হয়েছে।  
৩. ঘৃণাসূচক কোনো শব্দ ব্যবহার করা হয়নি।","১. নেত্রীর নিরাপত্তার ইতিবাচক দিক তুলে ধরা হয়েছে।  
২. শ্রদ্ধার সাথে তার সুরক্ষার কথা বলা হয়েছে।  
৩. কোনো ঘৃণাসূচক শব্দ ব্যবহার করা হয়নি।","১. নেত্রীর নিরাপত্তার বিষয়টি ইতিবাচকভাবে উপস্থাপন করা হয়েছে।  
২. শ্রদ্ধার সাথে তার সুরক্ষার কথা উল্লেখ করা হয়েছে।  
৩. ঘৃণাসূচক কোনো শব্দ ব্যবহার করা হয়নি।","১. নেত্রীর নিরাপত্তার ইতিবাচক দিক তুলে ধরা হয়েছে।  
২. শ্রদ্ধার সাথে তার সুরক্ষার কথা বলা হয়েছে।  
৩. কোনো ঘৃণাসূচক শব্দ ব্যবহার করা হয়নি।","১. নেত্রীর নিরাপত্তার বিষয়টি ইতিবাচকভাবে উপস্থাপন হয়েছে।  
২. শ্রদ্ধার সাথে তার সুরক্ষার কথা বলা হয়েছে।  
৩. ঘৃণাসূচক কোনো শব্দ ব্যবহার করা হয়নি।"
মীর শওকত আলী রাইট,Gender,Not Hateful,"সরল ও ইতিবাচক মন্তব্য।
ব্যক্তিকে সঠিক তথ্যের জন্য সমর্থন জানানো হয়েছে।
কোনো নেতিবাচক বা আক্রমণাত্মক ইঙ্গিত নেই।","1. ব্যক্তির প্রতি সমর্থন প্রকাশ করা হয়েছে।  
2. কোনো নেতিবাচক শব্দ ব্যবহৃত হয়নি।  
3. ইতিবাচক বার্তা প্রদান করা হয়েছে।","1. ব্যক্তির নামে সম্মান প্রদর্শন করা হয়েছে।  
2. কোনো অপমান বা বিদ্বেষ নেই।  
3. ইতিবাচক ভাব প্রকাশ পেয়েছে।","1. নামটি সম্মানের সাথে উল্লেখ করা হয়েছে।  
2. কোনো নেতিবাচক শব্দ ব্যবহৃত হয়নি।  
3. ইতিবাচক অনুভূতি প্রকাশ পেয়েছে।","1. নামটি সম্মান সহকারে লেখা হয়েছে।  
2. কোনো অপশব্দ ব্যবহার করা হয়নি।  
3. ইতিবাচক ভাব প্রকাশ পেয়েছে।","1. নামে সম্মান প্রদর্শন করা হয়েছে।  
2. কোনো নেতিবাচক শব্দ নেই।  
3. ইতিবাচক অনুভূতি প্রকাশ পেয়েছে।","1. নামে সম্মান দেখানো হয়েছে।  
2. নেতিবাচক শব্দ ব্যবহার করা হয়নি।  
3. ইতিবাচক ভাব প্রকাশ পেয়েছে।","1. নামে সম্মানজনক সম্বোধন ব্যবহার করা হয়েছে।  
2. কোনো নেতিবাচক শব্দ বা ভাব নেই।  
3. ইতিবাচক অনুভূতি প্রকাশ পেয়েছে।","1. নামে সম্মানজনক সম্বোধন ব্যবহার করা হয়েছে।  
2. কোনো নেতিবাচক শব্দ নেই।  
3. ইতিবাচক ভাব প্রকাশ পেয়েছে।","1. নামে সম্মান প্রদর্শন করা হয়েছে।  
2. কোনো অপশব্দ ব্যবহার করা হয়নি।  
3. ইতিবাচক অনুভূতি প্রকাশ পেয়েছে।","1. নামে সম্মান দেখানো হয়েছে।  
2. কোনো নেতিবাচক শব্দ নেই।  
3. ইতিবাচক ভাব প্রকাশ পেয়েছে।","1. নামে সম্মান প্রদর্শন করা হয়েছে।  
2. কোনো বিদ্বেষপূর্ণ শব্দ ব্যবহৃত হয়নি।  
3. ইতিবাচক অনুভূতি প্রকাশ পেয়েছে।","1. নামে সম্মান দেখানো হয়েছে কোন বিদ্বেষ ছাড়া।  
2. ইতিবাচক ভাব প্রকাশ পেয়েছে সম্পূর্ণ বাক্যে।  
3. কোন নেতিবাচক শব্দ ব্যবহার করা হয়নি এখানে।","1. নামে সম্মান দেখানো হয়েছে কোন বিদ্বেষ ছাড়া।  
2. ইতিবাচক শব্দ ব্যবহার করা হয়েছে।  
3. বাক্যটিতে কোন নেতিবাচকতা নেই।","1. নামে সম্মান প্রদর্শন করা হয়েছে।  
2. কোন নেতিবাচক শব্দ ব্যবহৃত হয়নি।  
3. বাক্যটি সম্পূর্ণ ইতিবাচক।","1. নামে সম্মান দেখানো হয়েছে।  
2. নেতিবাচক শব্দ নেই।  
3. ইতিবাচক ভাব প্রকাশ পেয়েছে।","1. নামে সম্মান প্রদর্শন করা হয়েছে।  
2. কোনো নেতিবাচক শব্দ ব্যবহৃত হয়নি।  
3. ইতিবাচক ভাব ফুটে উঠেছে।","1. নামে সম্মান দেখানো হয়েছে।  
2. নেতিবাচক শব্দ ব্যবহার করা হয়নি।  
3. ইতিবাচক ভাব প্রকাশ পেয়েছে।","১. নামে সম্মান প্রদর্শন করা হয়েছে।  
২. কোনো নেতিবাচক শব্দ ব্যবহৃত হয়নি।  
৩. ইতিবাচক ভাব প্রকাশিত হয়েছে।","১. নামে সম্মান দেখানো হয়েছে।  
২. নেতিবাচক শব্দ নেই।  
৩. ইতিবাচক ভাব ফুটে উঠেছে।","১. নামে সম্মানজনক উপাধি ব্যবহার করা হয়েছে।  
২. কোনো আপত্তিকর শব্দ নেই বাক্যে।  
৩. ইতিবাচক অনুভূতি প্রকাশ পেয়েছে।","১. নামে সম্মানজনক উপাধি ব্যবহৃত হয়েছে।  
২. বাক্যটিতে আপত্তিকর কিছু নেই।  
৩. ইতিবাচক ভাব প্রকাশ পেয়েছে।"
আপু আপনার এই ছবিটা সত্যিই অনেক অনেক সুন্দর হইছে। আপনি সত্যিই অনেক অনেক সুন্দরী। আপনার ক্যামেরা ফেস খুবই চমৎকার। আমি বাংলাদেশে আপনার মতো এত নাইস ক্যামেরা ফেসের কোন মেয়ে এখনও পর্যন্ত দেখিনি। আপনার জন্য অনেক অনেক শুভকামনা ও দোয়া রইল আপু।,Gender,Not Hateful,"চমৎকারতা ও সৌন্দর্যের প্রশংসা প্রকাশ করা হয়েছে।
মন্তব্যটি পুরোপুরি ইতিবাচক ও সম্মানসূচক।
কোনো প্রকার আক্রমণাত্মক বা নেতিবাচক বক্তব্য নেই।","১. প্রশংসামূলক ভাষা ব্যবহার করা হয়েছে।  
২. কোনো নেতিবাচক শব্দ নেই।  
৩. শুভকামনা ও সম্মান প্রকাশ পেয়েছে।","১. প্রশংসামূলক শব্দ ব্যবহার করা হয়েছে।  
২. নেতিবাচক কোনো ভাষা নেই।  
৩. শুভকামনা ও সম্মান প্রকাশ পেয়েছে।","১. প্রশংসামূলক ভাষা ব্যবহৃত হয়েছে।  
২. কোনো নেতিবাচক শব্দ নেই।  
৩. শুভকামনা ও সম্মান প্রকাশিত হয়েছে।","১. প্রশংসার শব্দ ব্যবহৃত হয়েছে।  
২. নেতিবাচকতা অনুপস্থিত।  
৩. শুভকামনা প্রকাশ পেয়েছে।","১. প্রশংসামূলক ভাষা ব্যবহার করা হয়েছে।  
২. কোনো নেতিবাচক শব্দ নেই।  
৩. ইতিবাচক শুভকামনা ব্যক্ত করা হয়েছে।","১. শুধু প্রশংসা ও শুভকামনা আছে।  
২. কোনো খারাপ শব্দ ব্যবহার করা হয়নি।  
৩. সম্পূর্ণ ইতিবাচক ভাব প্রকাশ পেয়েছে।","১. শুধু প্রশংসা ও ভালোবাসা প্রকাশ পেয়েছে।  
২. কোনো নেতিবাচক শব্দ বা ভাব নেই।  
৩. সম্পূর্ণ ইতিবাচক ও সমর্থনমূলক বার্তা।","১. শুধু প্রশংসামূলক শব্দ ব্যবহৃত হয়েছে।  
২. কোনো আপত্তিকর ভাষা নেই।  
৩. সম্পূর্ণ ইতিবাচক ভাব প্রকাশ পেয়েছে।","১. শুধু প্রশংসা আছে, কোনো নেতিবাচক শব্দ নেই।  
২. ভাষাটি সম্পূর্ণ ইতিবাচক ও সম্মানজনক।  
৩. কোনো ঘৃণা বা আপত্তিকর অভিব্যক্তি নেই।","১. শুধু প্রশংসামূলক শব্দ ব্যবহৃত হয়েছে।  
২. কোনো নেতিবাচক বা আপত্তিকর শব্দ নেই।  
৩. ভাষাটি সম্পূর্ণ সম্মানজনক ও ইতিবাচক।","১. শুধু প্রশংসামূলক ভাষা ব্যবহার করা হয়েছে।  
২. কোনো নেতিবাচক শব্দ নেই বাক্যে।  
৩. সম্মান ও শুভেচ্ছা প্রকাশ পেয়েছে।","১. শুধু প্রশংসা ও শুভেচ্ছা প্রকাশ করা হয়েছে।  
২. কোনো অপমান বা নেতিবাচক শব্দ নেই।  
৩. সম্মানজনক ভাষায় কথা বলা হয়েছে।","১. শুধু প্রশংসামূলক ভাষা ব্যবহার করা হয়েছে।  
২. কোনো নেতিবাচক বা আক্রমণাত্মক শব্দ নেই।  
৩. সম্মান ও শুভেচ্ছা প্রকাশ করা হয়েছে।","১. শুধু প্রশংসা ও শুভেচ্ছা প্রকাশ করা হয়েছে।  
২. কোনো নেতিবাচক বা আক্রমণাত্মক ভাষা নেই।  
৩. সম্মানজনক ও ইতিবাচক শব্দ ব্যবহার করা হয়েছে।","১. শুধু প্রশংসামূলক ভাষা ব্যবহার করা হয়েছে।  
২. কোনো আক্রমণাত্মক শব্দ নেই।  
৩. ইতিবাচক ও সম্মানজনক বার্তা দেওয়া হয়েছে।","১. প্রশংসামূলক ভাষা ব্যবহার করা হয়েছে।  
২. আক্রমণাত্মক শব্দ নেই একদম।  
৩. ইতিবাচক বার্তা দেওয়া হয়েছে সম্পূর্ণ।","১. প্রশংসামূলক শব্দ ব্যবহার করা হয়েছে।  
২. কোনো নেতিবাচক শব্দ নেই।  
৩. ইতিবাচক অনুভূতি প্রকাশ পেয়েছে।","১. প্রশংসামূলক ভাষা ব্যবহার করা হয়েছে।  
২. কোনো নেতিবাচক শব্দ নেই।  
৩. ইতিবাচক অনুভূতি প্রকাশ পেয়েছে।","১. প্রশংসামূলক শব্দ ব্যবহার করা হয়েছে।  
২. কোনো নেতিবাচক ভাষা নেই।  
৩. ইতিবাচক অনুভূতি ফুটে উঠেছে।","১. প্রশংসামূলক শব্দ ব্যবহৃত হয়েছে।  
২. নেতিবাচক ভাষা অনুপস্থিত।  
৩. ইতিবাচক অনুভূতি প্রকাশ পেয়েছে।","১. প্রশংসামূলক শব্দ ব্যবহার করা হয়েছে।  
২. কোনো নেতিবাচক শব্দ নেই।  
৩. ইতিবাচক অনুভূতি প্রকাশ পেয়েছে।"
বাংলাদেশের সেরা খেলাড়ি মিঃ সাকিব,Gender,Not Hateful,"দেশের প্রতি খেলোয়াড়ের অবদানের প্রশংসা করা হয়েছে।
মন্তব্যে সম্মান ও শ্রদ্ধা প্রকাশ পেয়েছে।
কোনো প্রকার অবমাননাকর কথা নেই।","1. সাকিবের দক্ষতার প্রশংসা করা হয়েছে।  
2. কোন অপমান বা বিদ্বেষ নেই।  
3. সম্মানজনকভাবে উল্লেখ করা হয়েছে।","১. সাকিবের দক্ষতা উল্লেখ করা হয়েছে।  
২. কোন নেতিবাচক মন্তব্য নেই।  
৩. সম্মানসূচকভাবে বর্ণনা করা হয়েছে।","১. সাকিবের প্রশংসা করা হয়েছে।  
২. ইতিবাচক ভাষা ব্যবহার করা হয়েছে।  
৩. সম্মানজনকভাবে উপস্থাপন করা হয়েছে।","১. সাকিবের দক্ষতার প্রশংসা করা হয়েছে।  
২. ইতিবাচক শব্দ ব্যবহার করা হয়েছে।  
৩. সম্মানসূচকভাবে উল্লেখ করা হয়েছে।","১. সাকিবের দক্ষতা উল্লেখ করা হয়েছে।  
২. ইতিবাচক ভাষা ব্যবহৃত হয়েছে।  
৩. সম্মান দেখানো হয়েছে।","১. সাকিবের দক্ষতার প্রশংসা করা হয়েছে।  
২. ইতিবাচক শব্দ ব্যবহার করা হয়েছে।  
৩. সম্মানজনকভাবে উল্লেখ করা হয়েছে।","১. সাকিবের দক্ষতা উল্লেখ করা হয়েছে।  
২. ইতিবাচক ভাষা ব্যবহৃত হয়েছে।  
৩. সম্মানসূচকভাবে উপস্থাপন করা হয়েছে।","১. সাকিবের দক্ষতার প্রশংসা করা হয়েছে।  
২. ইতিবাচক শব্দ ব্যবহার করা হয়েছে।  
৩. সম্মান দেখানোর জন্য উপাধি দেওয়া হয়েছে।","১. সাকিবের দক্ষতা উল্লেখ করা হয়েছে।  
২. ইতিবাচক ভাষা ব্যবহৃত হয়েছে।  
৩. সম্মানসূচক উপাধি দেওয়া হয়েছে।","১. সাকিবের দক্ষতার প্রশংসা করা হয়েছে।  
২. ইতিবাচক শব্দ ব্যবহার করা হয়েছে।  
৩. সম্মান দেখানোর জন্য উপাধি দেওয়া হয়েছে।","১. সাকিবের দক্ষতা উল্লেখ করা হয়েছে।  
২. ইতিবাচক ভাষা ব্যবহৃত হয়েছে।  
৩. সম্মানসূচক উপাধি দেওয়া হয়েছে।","১. সাকিবের দক্ষতার প্রশংসা করা হয়েছে।  
২. ইতিবাচক শব্দ ব্যবহার করা হয়েছে।  
৩. সম্মান দেখানোর জন্য উপাধি দেওয়া হয়েছে।","১. সাকিবের দক্ষতা উল্লেখ করা হয়েছে।  
২. ইতিবাচক ভাষা ব্যবহৃত হয়েছে।  
৩. সম্মানসূচক উপাধি দেওয়া হয়েছে।","১. সাকিবের প্রশংসা করা হয়েছে।  
২. ইতিবাচক শব্দ ব্যবহার করা হয়েছে।  
৩. সম্মান দেখানোর ভাষা ব্যবহৃত হয়েছে।","১. সাকিবের দক্ষতার প্রশংসা করা হয়েছে।  
২. ইতিবাচক ভাষায় তার সম্মান দেখানো হয়েছে।  
৩. শব্দগুলোতে শ্রদ্ধা ও প্রশংসা ফুটে উঠেছে।","১. সাকিবের দক্ষতা উল্লেখ করা হয়েছে।  
২. ইতিবাচক শব্দ ব্যবহার করা হয়েছে।  
৩. শ্রদ্ধা প্রকাশ পেয়েছে বাক্যে।","১. সাকিবের প্রশংসা করা হয়েছে।  
২. ইতিবাচক ভাষা ব্যবহৃত হয়েছে।  
৩. শ্রদ্ধার ভাব প্রকাশ পেয়েছে।","১. সাকিবের দক্ষতার স্বীকৃতি দেওয়া হয়েছে।  
২. ইতিবাচক শব্দে উল্লেখ করা হয়েছে।  
৩. প্রশংসামূলক ভাব প্রকাশিত হয়েছে।","১. সাকিবের দক্ষতার প্রশংসা করা হয়েছে।  
২. ইতিবাচক ভাষা ব্যবহার করা হয়েছে।  
৩. প্রশংসামূলক বক্তব্য প্রকাশ পেয়েছে।","১. সাকিবের দক্ষতা উল্লেখ করা হয়েছে।  
২. ইতিবাচক শব্দ ব্যবহার করা হয়েছে।  
৩. প্রশংসামূলক ভাব প্রকাশিত হয়েছে।","১. সাকিবের দক্ষতা প্রশংসিত হয়েছে।  
২. ইতিবাচক ভাষা ব্যবহৃত হয়েছে।  
৩. প্রশংসামূলক বক্তব্য প্রকাশ করা হয়েছে।"
মিথিলা তোমার বাবা কেমন আছেতোমার বাবা নানা হবে কখন,Gender,Not Hateful,"সাধারণ কৌতূহল ও পারিবারিক জিজ্ঞাসা।
কোনো নেতিবাচক বা বিরূপ ইঙ্গিত নেই।
বন্ধুত্বপূর্ণ প্রশ্ন ও বিনয় প্রকাশ পেয়েছে।","1. প্রশ্নে শুধু পারিবারিক খোঁজখবর নেওয়া হয়েছে।  
2. কোনো অপশব্দ বা আক্রমণাত্মক ভাষা নেই।  
3. বাক্যটি সৌজন্যপূর্ণ ও বন্ধুত্বপূর্ণ।","1. বাক্যটিতে শুধু সাধারণ প্রশ্ন করা হয়েছে।  
2. কোনো অশালীন ভাষা ব্যবহার করা হয়নি।  
3. কথাটি সম্পূর্ণ বন্ধুত্বপূর্ণ ভাবে বলা হয়েছে।","1. বাক্যটিতে কোনো আক্রমণাত্মক শব্দ নেই।  
2. এটি শুধু একটি সাধারণ প্রশ্ন।  
3. ভাষাটি সম্পূর্ণ বন্ধুত্বপূর্ণ।","1. বাক্যটিতে বিদ্বেষপূর্ণ শব্দ নেই।  
2. প্রশ্নটি সাধারণ ও নিরীহ।  
3. ভাষার ব্যবহার অত্যন্ত নম্র।","1. বাক্যটিতে কোনো আক্রমণাত্মক শব্দ নেই।  
2. প্রশ্নটি সম্পূর্ণ সাধারণ ও অফেন্সিভ নয়।  
3. ভাষার টোন সম্পূর্ণ শান্তিপূর্ণ।","1. বাক্যটিতে বিদ্রূপ বা অপমান নেই।  
2. প্রশ্নের ভাষা সহজ ও শালীন।  
3. কোনো আক্রমণাত্মক শব্দ ব্যবহৃত হয়নি।","1. বাক্যটিতে বিদ্রূপের কোনো ইঙ্গিত নেই।  
2. ভাষাটি সম্পূর্ণ শালীন ও সহজ।  
3. কোনো অপমানজনক শব্দ ব্যবহার করা হয়নি।","1. বাক্যটিতে বিদ্রূপ বা আক্রমণাত্মক ভাষা নেই।  
2. শব্দগুলো শালীন ও সাধারণভাবে ব্যবহৃত হয়েছে।  
3. কোনো অপমান বা ঘৃণ্য অর্থ প্রকাশ পায়নি।","1. বাক্যটিতে কোনো বিদ্রূপ বা আক্রমণ নেই।  
2. শব্দগুলো শালীন ও সাধারণভাবে ব্যবহৃত হয়েছে।  
3. কোনো ঘৃণ্য বা অপমানজনক ভাষা নেই।","1. বাক্যটি সাধারণ问候 ব্যবহার করেছে।  
2. কোনো অশালীন শব্দ নেই এখানে।  
3. এটি সম্পূর্ণ নিরীহ ও সাধারণ কথা।","1. বাক্যটিতে কোনো আক্রমণাত্মক শব্দ নেই।  
2. এটি শুধু সাধারণ问候 ও পরিচয় জানতে চায়।  
3. কোনো ধর্মীয় বা বিদ্বেষপূর্ণ ইঙ্গিত নেই।","1. বাক্যটি শুধু সাধারণ প্রশ্ন করে।  
2. কোনো আক্রমণাত্মক ভাষা ব্যবহার করা হয়নি।  
3. ধর্ম বা বিদ্বেষের কোনো ইঙ্গিত নেই।","1. সাধারণ প্রশ্ন করা হয়েছে কোনো বিদ্বেষ ছাড়া।  
2. আক্রমণাত্মক শব্দ ব্যবহার করা হয়নি এখানে।  
3. ধর্ম বা নেতিবাচক কোনো ইঙ্গিত নেই বাক্যে।","1. বাক্যটিতে কোনো বিদ্বেষপূর্ণ শব্দ নেই।  
2. প্রশ্নটি সাধারণ ও আক্রমণাত্মক নয়।  
3. ধর্ম বা নেতিবাচক ইঙ্গিত সম্পূর্ণ অনুপস্থিত।","1. বাক্যটি শুধু সাধারণ প্রশ্ন।  
2. কোনো নেতিবাচক শব্দ ব্যবহৃত হয়নি।  
3. ধর্ম বা বিদ্বেষের কোনো ইঙ্গিত নেই।","1. বাক্যটিতে কোনো আক্রমণাত্মক শব্দ নেই।  
2. এটি একটি সাধারণ প্রশ্ন বা মন্তব্য।  
3. ধর্ম বা সম্প্রদায়ের প্রতি বিদ্বেষ নেই।","1. বাক্যটিতে বিদ্বেষপূর্ণ শব্দ নেই।  
2. এটি ব্যক্তিগত সম্পর্ক নিয়ে সাধারণ প্রশ্ন।  
3. ধর্ম বা সম্প্রদায়ের প্রতি কোনো হিংসা নেই।","1. বাক্যটিতে কোনো আক্রমণাত্মক শব্দ নেই।  
2. এটি পারিবারিক সম্পর্ক নিয়ে সাধারণ আলোচনা।  
3. ধর্মীয় বা সাম্প্রদায়িক বিদ্বেষ অনুপস্থিত।","1. বাক্যটি শুধু পারিবারিক সম্পর্ক নিয়ে প্রশ্ন করছে।  
2. এখানে কোনো বিদ্বেষপূর্ণ শব্দ ব্যবহৃত হয়নি।  
3. সাধারণ আলোচনা, আক্রমণাত্মক নয়।","1. পারিবারিক সম্পর্ক নিয়ে সাধারণ প্রশ্ন করা হয়েছে।  
2. কোনো অপমান বা বিদ্বেষপূর্ণ শব্দ নেই।  
3. আলোচনাটি সম্পূর্ণ নিরপেক্ষ ও শান্তিপূর্ণ।","1. প্রশ্নটি পারিবারিক সম্পর্ক নিয়ে সাধারণ।  
2. কোনো বিদ্বেষপূর্ণ শব্দ ব্যবহৃত হয়নি।  
3. আলোচনাটি সম্পূর্ণ নিরপেক্ষ ভাবেই করা হয়েছে।"
শেখ হাসিনার ছালাম নিন নৌকা মার্কায় ভোট দিন,Gender,Not Hateful,"রাজনৈতিক মতামত ও সমর্থন প্রকাশ করা হয়েছে।
কোনো আক্রমণাত্মক বা বিতর্কিত শব্দ নেই।
নির্বাচন প্রক্রিয়ার প্রতি ইতিবাচক মনোভাব।","১. শেখ হাসিনার সমর্থনে বলা হয়েছে।  
২. নৌকা মার্কায় ভোট দেওয়ার আহ্বান।  
৩. কোনো বিদ্বেষপূর্ণ ভাষা নেই।","১. শেখ হাসিনার সমর্থনে ইতিবাচক বার্তা।  
২. ভোট দেওয়ার জন্য নৌকা মার্কা উল্লেখ।  
৩. ঘৃণামূলক শব্দ ব্যবহার করা হয়নি।","১. শেখ হাসিনার সমর্থনে সরাসরি উল্লেখ আছে।  
২. নৌকা মার্কায় ভোট দেওয়ার আহ্বান করা হয়েছে।  
৩. কোনো অপমান বা ঘৃণা প্রকাশ করা হয়নি।","১. শেখ হাসিনার নাম উল্লেখ আছে।  
২. নৌকা মার্কায় ভোট চাওয়া হয়েছে।  
৩. ঘৃণামূলক ভাষা নেই।","১. শেখ হাসিনার নাম সরাসরি উল্লেখ করা হয়েছে।  
২. নৌকা মার্কার জন্য ভোট চাওয়া হয়েছে।  
৩. কোনো ঘৃণামূলক শব্দ ব্যবহার করা হয়নি।","১. শেখ হাসিনার নাম স্পষ্টভাবে উল্লেখ করা হয়েছে।  
২. ভোট চাওয়া হয়েছে নির্দিষ্ট মার্কার জন্য।  
৩. ঘৃণামূলক ভাষা অনুপস্থিত।","১. শেখ হাসিনার নাম সরাসরি বলা হয়েছে।  
২. নৌকা মার্কায় ভোটের অনুরোধ করা হয়েছে।  
৩. কোনো ঘৃণা বা আক্রমণাত্মক ভাষা নেই।","১. শেখ হাসিনার নাম উল্লেখ আছে।  
২. ভোটের অনুরোধে নৌকার প্রচার।  
৩. ঘৃণার ভাষা অনুপস্থিত।","১. শেখ হাসিনার নাম সরাসরি উল্লেখ করা হয়েছে।  
২. নৌকা মার্কা দিয়ে ভোট চাওয়া হয়েছে।  
৩. কোনো ঘৃণামূলক শব্দ ব্যবহার করা হয়নি।","১. শেখ হাসিনার নাম স্পষ্টভাবে উল্লেখ আছে।  
২. নৌকা মার্কার জন্য ভোট চাওয়া হয়েছে।  
৩. ঘৃণামূলক ভাষা ব্যবহার করা হয়নি।","১. শেখ হাসিনার নাম উল্লেখ আছে।  
২. নৌকা মার্কায় ভোটের অনুরোধ।  
৩. ঘৃণামূলক ভাষা নেই।","১. শেখ হাসিনার নাম স্পষ্টভাবে উল্লেখ করা হয়েছে।  
২. নৌকা মার্কায় ভোট দেওয়ার আহ্বান আছে।  
৩. কোনো ঘৃণামূলক শব্দ ব্যবহার করা হয়নি।","১. শেখ হাসিনার নাম উল্লেখ আছে।  
২. ভোট দেওয়ার আহ্বান করা হয়েছে।  
৩. ঘৃণামূলক শব্দ নেই।","১. শেখ হাসিনার নাম সরাসরি উল্লেখ করা হয়েছে।  
২. নৌকা মার্কায় ভোট দেওয়ার অনুরোধ আছে।  
৩. কোনো আক্রমণাত্মক শব্দ ব্যবহৃত হয়নি।","১. শেখ হাসিনার নাম স্পষ্টভাবে উল্লেখ করা হয়েছে।  
২. ভোট দেওয়ার জন্য নৌকা মার্কা চাওয়া হয়েছে।  
৩. কোনো বিদ্বেষপূর্ণ ভাষা ব্যবহার করা হয়নি।","১. শেখ হাসিনার নাম স্পষ্টভাবে উল্লেখ করা হয়েছে।  
২. নৌকা মার্কায় ভোট দেওয়ার আহ্বান।  
৩. বিদ্বেষপূর্ণ ভাষা অনুপস্থিত।","১. শেখ হাসিনার নাম সরাসরি বলা হয়েছে।  
২. ভোট দেওয়ার অনুরোধ আছে।  
৩. কোনো বিদ্বেষপূর্ণ শব্দ নেই।","১. শেখ হাসিনার নাম উল্লেখ আছে।  
২. ভোট চাওয়া হয়েছে নৌকা মার্কায়।  
৩. কোনো ঘৃণামূলক ভাষা নেই।","১. শেখ হাসিনার নাম সরাসরি উল্লেখ করা হয়েছে।  
২. নৌকা মার্কায় ভোট দেওয়ার অনুরোধ করা হয়েছে।  
৩. কোনো বিদ্বেষপূর্ণ শব্দ ব্যবহার করা হয়নি।","১. শেখ হাসিনার নাম উল্লেখ আছে।  
২. ভোট দেওয়ার অনুরোধ করা হয়েছে।  
৩. বিদ্বেষপূর্ণ শব্দ নেই।","১. শেখ হাসিনার নাম সরাসরি উল্লেখ করা হয়েছে।  
২. ভোট দেওয়ার জন্য বলা হয়েছে নৌকা মার্কায়।  
৩. কোনো বিদ্বেষপূর্ণ শব্দ ব্যবহার করা হয়নি।"
ধন্যবাদ জনাব হিরো আলম আপনার এই সাহসি বক্তব্য দেওয়ার জন্য। এইসব অশিক্ষিত ও অপদার্থ গুলার জন্য আজকে চলচিত্রের এই অবস্থা।,Gender,Not Hateful,"সাহসিকতার প্রশংসা করা হয়েছে।
চলচ্চিত্রের বর্তমান পরিস্থিতি নিয়ে হতাশা ব্যক্ত।
নেতিবাচক শব্দ ব্যবহারের অভাব রয়েছে।","1. ""হিরো আলমের সাহসিকতার প্রশংসা করা হয়েছে।""  
2. ""চলচ্চিত্রের অবস্থা নিয়ে হতাশা প্রকাশ পেয়েছে।""  
3. ""অশিক্ষিতদের প্রতি নেতিবাচক মন্তব্য রয়েছে।""","1. ""হিরো আলমের প্রশংসা স্পষ্টভাবে বলা হয়েছে।""  
2. ""চলচ্চিত্রের অবস্থা নিয়ে হতাশা দেখা যাচ্ছে।""  
3. ""অশিক্ষিতদের অপমানজনক ভাষা ব্যবহার করা হয়েছে।""","1. ""অশিক্ষিতদের অপমান করা হয়েছে।""  
2. ""অপদার্থ শব্দটি নেতিবাচক।""  
3. ""ভাষায় অবমাননা স্পষ্ট।""","1. ""অশিক্ষিত বলায় অপমান করা হয়েছে।""  
2. ""অপদার্থ শব্দটি অবমাননাকর।""  
3. ""বক্তব্যে নেতিবাচক ভাষা ব্যবহৃত হয়েছে।""","1. ""অশিক্ষিত শব্দে অবমাননা প্রকাশ পেয়েছে।""  
2. ""অপদার্থ শব্দে ঘৃণা প্রকাশ করা হয়েছে।""  
3. ""বক্তব্যে নেতিবাচক ভাষা স্পষ্ট।""","1. ""অশিক্ষিত শব্দে অসম্মান প্রকাশ পেয়েছে।""  
2. ""অপদার্থ শব্দে ঘৃণার ইঙ্গিত আছে।""  
3. ""বক্তব্যের ভাষা আক্রমণাত্মক ও নেতিবাচক।""","1. ""অশিক্ষিত শব্দে অসম্মান প্রকাশ পায়।""  
2. ""অপদার্থ শব্দে ঘৃণা ফুটে উঠেছে।""  
3. ""ভাষার টোন আক্রমণাত্মক ও নেতিবাচক।""","1. ""অশিক্ষিত শব্দে অপমান প্রকাশ পেয়েছে।""  
2. ""অপদার্থ বলায় ঘৃণার স্পষ্ট প্রকাশ।""  
3. ""বক্তব্যের ভাষা অত্যন্ত নেতিবাচক।""","1. ""অশিক্ষিত শব্দে অবজ্ঞা ফুটে উঠেছে।""  
2. ""অপদার্থ বলায় ঘৃণা প্রকাশ পেয়েছে।""  
3. ""ভাষায় নেতিবাচকতা স্পষ্ট।""","1. ""অশিক্ষিত শব্দে অবজ্ঞা প্রকাশ করা হয়েছে।""  
2. ""অপদার্থ শব্দে ঘৃণার স্পষ্ট প্রকাশ।""  
3. ""ভাষায় নেতিবাচক ভাব প্রকট।""","1. ""অশিক্ষিত শব্দে অবজ্ঞা প্রকাশ পেয়েছে।""  
2. ""অপদার্থ বলায় ঘৃণা স্পষ্ট।""  
3. ""ভাষায় নেতিবাচকতা সুস্পষ্ট।""","1. ""অশিক্ষিত শব্দে অবমাননা প্রকাশ পেয়েছে।""  
2. ""অপদার্থ শব্দে ঘৃণার প্রকাশ ঘটেছে।""  
3. ""বাক্যে নেতিবাচক ভাব সুস্পষ্ট।""","1. ""অশিক্ষিত শব্দে অবজ্ঞা ফুটে উঠেছে।""  
2. ""অপদার্থ বলায় ঘৃণা স্পষ্ট।""  
3. ""বাক্যটিতে বিদ্বেষ পরিষ্কার।""","1. ""অশিক্ষিত শব্দে অবমাননা প্রকাশ পেয়েছে।""  
2. ""অপদার্থ শব্দে ঘৃণার প্রকাশ ঘটেছে।""  
3. ""বাক্যটিতে বিদ্বেষমূলক ভাষা ব্যবহৃত হয়েছে।""","1. ""অশিক্ষিত শব্দে অবজ্ঞা ফুটে উঠেছে।""  
2. ""অপদার্থ বলায় ঘৃণা স্পষ্ট।""  
3. ""বাক্যে বিদ্বেষপূর্ণ ভাষা ব্যবহৃত।""","1. ""অশিক্ষিত শব্দে অবমাননা প্রকাশ পেয়েছে।""  
2. ""অপদার্থ শব্দে ঘৃণার প্রকাশ ঘটেছে।""  
3. ""বিদ্বেষপূর্ণ ভাষা ব্যবহার করা হয়েছে।""","1. ""অশিক্ষিত শব্দে অবমাননা স্পষ্ট।""  
2. ""অপদার্থ বলায় ঘৃণা ফুটে উঠেছে।""  
3. ""বক্তব্যে বিদ্বেষপূর্ণ ভাষা ব্যবহৃত।""","1. ""অশিক্ষিত শব্দে অবমাননা প্রকাশ পেয়েছে।""  
2. ""অপদার্থ শব্দে ঘৃণা স্পষ্ট।""  
3. ""বিদ্বেষপূর্ণ ভাষা ব্যবহার করা হয়েছে।""","1. ""অশিক্ষিত শব্দে অবজ্ঞা ফুটে উঠেছে।""  
2. ""অপদার্থ বলায় ঘৃণার প্রকাশ ঘটেছে।""  
3. ""বক্তব্যে বিদ্বেষপূর্ণ ভাষা স্পষ্ট।""","1. ""অশিক্ষিত শব্দে অবমাননা প্রকাশ পেয়েছে।""  
2. ""অপদার্থ শব্দে ঘৃণার স্পষ্ট অভিব্যক্তি।""  
3. ""বক্তব্যটি বিদ্বেষপূর্ণ ভাষায় পূর্ণ।""","1. ""অশিক্ষিত শব্দে অসম্মান প্রকাশ পেয়েছে।""  
2. ""অপদার্থ বলায় ঘৃণা ফুটে উঠেছে।""  
3. ""বক্তব্যটিতে বিদ্বেষ স্পষ্ট।"""
ভাই আপনার সঠিক সুন্দর আলোচনার জন্য অনেক অনেক ধন্যবাদ।,Gender,Not Hateful,"আলোচনার প্রতি সমর্থন ও কৃতজ্ঞতা প্রকাশ।
বক্তব্যে ইতিবাচক ও শালীন শব্দ ব্যবহৃত।
আলোচনা ফলপ্রসূ বলে প্রতীয়মান হয়েছে।","১. ইতিবাচক শব্দে কৃতজ্ঞতা প্রকাশ করা হয়েছে।  
২. আলোচনার প্রশংসা করা হয়েছে।  
৩. শালীন ভাষায় সমর্থন জানানো হয়েছে।","১. কৃতজ্ঞতা প্রকাশের জন্য ইতিবাচক শব্দ ব্যবহৃত হয়েছে।  
২. আলোচনার প্রশংসা স্পষ্টভাবে দেখা যাচ্ছে।  
৩. শালীন ভাষায় সমর্থন ফুটে উঠেছে।","১. ইতিবাচক শব্দে কৃতজ্ঞতা প্রকাশ করা হয়েছে।  
২. আলোচনার প্রশংসা স্পষ্টভাবে ব্যক্ত হয়েছে।  
৩. শালীন ভাষায় সমর্থন প্রকাশ পেয়েছে।","১. কৃতজ্ঞতা প্রকাশে ইতিবাচক শব্দ ব্যবহৃত হয়েছে।  
২. আলোচনার প্রশংসা সুস্পষ্টভাবে করা হয়েছে।  
৩. শালীন ভাষায় সমর্থন ফুটে উঠেছে।","১. ইতিবাচক শব্দে কৃতজ্ঞতা প্রকাশ করা হয়েছে।  
২. আলোচনার প্রশংসা সুস্পষ্টভাবে দেখা যাচ্ছে।  
৩. শালীন ভাষায় সমর্থন প্রকাশ পেয়েছে।","১. ""ধন্যবাদ"" শব্দে কৃতজ্ঞতা প্রকাশ পেয়েছে।  
২. ""সুন্দর আলোচনা"" বলতে প্রশংসা বোঝানো হয়েছে।  
৩. সম্মানজনক ভাষায় সমর্থন দেখানো হয়েছে।","১. ""ধন্যবাদ"" শব্দে কৃতজ্ঞতা প্রকাশ পেয়েছে।  
২. ""সুন্দর আলোচনা"" বলতে ইতিবাচক প্রতিক্রিয়া বোঝায়।  
৩. সম্মানসূচক ভাষায় বক্তব্য দেওয়া হয়েছে।","১. কৃতজ্ঞতা প্রকাশের জন্য ""ধন্যবাদ"" ব্যবহার করা হয়েছে।  
২. ""সুন্দর আলোচনা"" ইতিবাচক অনুভূতি প্রকাশ করে।  
৩. সম্মানজনক ভাষায় বক্তব্য উপস্থাপন করা হয়েছে।","১. ধন্যবাদ দিয়ে কৃতজ্ঞতা প্রকাশ করা হয়েছে।  
২. ইতিবাচক শব্দে আলোচনার প্রশংসা করা হয়েছে।  
৩. সম্মানসূচক ভাষা ব্যবহার করা হয়েছে।","১. ধন্যবাদ দেওয়ায় কৃতজ্ঞতা প্রকাশ পেয়েছে।  
২. সুন্দর আলোচনার প্রশংসা করা হয়েছে।  
৩. সম্মানজনক ভাষা ব্যবহার করা হয়েছে।","১. কৃতজ্ঞতা প্রকাশের জন্য ধন্যবাদ দেওয়া হয়েছে।  
২. আলোচনার প্রশংসা স্পষ্টভাবে ব্যক্ত করা হয়েছে।  
৩. সম্মানসূচক শব্দ ব্যবহারে শ্রদ্ধা ফুটে উঠেছে।","১. কৃতজ্ঞতা প্রকাশের জন্য ধন্যবাদ দেওয়া হয়েছে।  
২. আলোচনার প্রশংসা স্পষ্টভাবে ব্যক্ত করা হয়েছে।  
৩. সম্মানসূচক শব্দ ব্যবহারে শ্রদ্ধা ফুটে উঠেছে।","১. ধন্যবাদ দেওয়ায় কৃতজ্ঞতা প্রকাশ পেয়েছে।  
২. আলোচনার প্রশংসা স্পষ্টভাবে করা হয়েছে।  
৩. সম্মানসূচক শব্দ ব্যবহারে শ্রদ্ধা দেখা যাচ্ছে।","১. ধন্যবাদ দেওয়ায় কৃতজ্ঞতা প্রকাশ পেয়েছে।  
২. আলোচনার প্রশংসা করা হয়েছে।  
৩. সম্মানসূচক শব্দ ব্যবহার করা হয়েছে।","১. ""ভাই"" সম্মানসূচক শব্দ ব্যবহৃত হয়েছে।  
২. ""সুন্দর আলোচনা"" বলে প্রশংসা করা হয়েছে।  
৩. ""অনেক ধন্যবাদ"" দিয়ে কৃতজ্ঞতা প্রকাশ করা হয়েছে।","১. সম্মান দেখাতে ""ভাই"" ব্যবহার করা হয়েছে।  
২. ইতিবাচক আবেগ প্রকাশ পেয়েছে।  
৩. কৃতজ্ঞতা প্রকাশের ভাষা ব্যবহৃত হয়েছে।","১. ""ভাই"" সম্মানজনক সম্বোধন।  
২. ""ধন্যবাদ"" ইতিবাচক অনুভূতি প্রকাশ করে।  
৩. কৃতজ্ঞতা দেখানোর জন্য ভাষা ব্যবহার হয়েছে।","১. ""ভাই"" ব্যবহারে শ্রদ্ধা প্রকাশ পায়।  
২. ""ধন্যবাদ"" দিয়ে ইতিবাচকতা বোঝায়।  
৩. কৃতজ্ঞতা প্রকাশের ভাষা স্পষ্ট।","১. ""ভাই"" শব্দে শ্রদ্ধা ফুটে উঠেছে।  
২. ""ধন্যবাদ"" বলায় ইতিবাচক ভাব প্রকাশ পেয়েছে।  
৩. কৃতজ্ঞতা প্রকাশের ভাষা পরিষ্কার।","১. ""ভাই"" সম্মানসূচক সম্বোধন।  
২. ""ধন্যবাদ"" ইতিবাচক আবেগ প্রকাশ করে।  
৩. কৃতজ্ঞতা স্পষ্টভাবে ব্যক্ত হয়েছে।","১. সম্মানসূচক শব্দ ব্যবহার করা হয়েছে।  
২. ইতিবাচক আবেগ প্রকাশ পেয়েছে।  
৩. কৃতজ্ঞতা সুস্পষ্টভাবে ফুটে উঠেছে।"
মিথিলার বোন,Gender,Not Hateful,"সাধারণ পরিচিতি বা সম্পর্কের উল্লেখ করা হয়েছে।
কোনো নেতিবাচক বা আক্রমণাত্মক ভাষা ব্যবহার নেই।
নিরপেক্ষ ও সরল ভাষায় মন্তব্য।","1. ""মিথিলার বোন"" সম্পর্কের উল্লেখ আছে।  
2. কোনো নেতিবাচক শব্দ নেই।  
3. ভাষা সম্পূর্ণ নিরপেক্ষ।","1. সম্পর্কের উল্লেখ নিরপেক্ষ ভাষায়।  
2. কোনো ঘৃণ্য শব্দ ব্যবহার করা হয়নি।  
3. বক্তব্যে কোনো বিদ্বেষ নেই।","1. বিবৃতি নিরপেক্ষ ও সাধারণ।  
2. কোনো নেতিবাচক শব্দ নেই।  
3. সম্পর্কের উল্লেখ সহজ ভাষায়।","1. বিবৃতিতে কোনো আক্রমণাত্মক শব্দ নেই।  
2. সম্পর্কের বর্ণনা সহজ ও স্বাভাবিক।  
3. সাধারণ ভাষায় নিরপেক্ষ উক্তি করা হয়েছে।","1. বিবৃতিতে কোনো বিদ্বেষপূর্ণ শব্দ নেই।  
2. সম্পর্কের উল্লেখ সম্পূর্ণ নিরপেক্ষ।  
3. সাধারণ ভাষায় কোনো আক্রমণ নেই।","1. বিবৃতিতে কোনো নেতিবাচক শব্দ নেই।  
2. সম্পর্কের উল্লেখে কোনো বিদ্বেষ নেই।  
3. সাধারণ বাক্যে কোনো আক্রমণাত্মক ভাষা নেই।","1. বিবৃতিতে ঘৃণার কোনো লক্ষণ নেই।  
2. শব্দচয়ন সম্পূর্ণ নিরপেক্ষ।  
3. সাধারণ সম্পর্কের উল্লেখ করা হয়েছে।","1. বিবৃতিতে কোনো নেতিবাচক শব্দ নেই।  
2. শুধু পারিবারিক সম্পর্ক বর্ণনা করা হয়েছে।  
3. ঘৃণামূলক ভাষার অভাব রয়েছে।","1. বিবৃতিতে ঘৃণার কোনো ইঙ্গিত নেই।  
2. শব্দগুলো সম্পূর্ণ নিরপেক্ষ।  
3. সম্পর্ক বর্ণনায় কোনো বিদ্বেষ নেই।","1. ""মিথিলার বোন"" শব্দে কোনো বিদ্বেষ নেই।  
2. এটি একটি সাধারণ সম্পর্ক বোঝায়।  
3. শব্দগুলো সম্পূর্ণ নিরীহ।","1. শব্দগুলোর মধ্যে কোনো ঘৃণা নেই।  
2. এটি শুধু একটি পারিবারিক সম্পর্ক।  
3. সাধারণ ও নিরপেক্ষ শব্দ ব্যবহার করা হয়েছে।","1. শব্দগুলোতে কোনো আক্রমণাত্মক ভাষা নেই।  
2. এটি একটি সহজ ও সাধারণ বাক্য।  
3. সম্পর্ক বর্ণনায় নিরপেক্ষ ভাষা ব্যবহৃত হয়েছে।","1. বাক্যটিতে কোন বিদ্বেষপূর্ণ শব্দ নেই।  
2. এটি একটি সাধারণ সম্পর্কের বর্ণনা।  
3. ভাষাটি সম্পূর্ণ নিরপেক্ষ।","1. মিথিলার বোন বলতে কোন নেতিবাচকতা নেই।  
2. এটি একটি সাধারণ পারিবারিক উল্লেখ।  
3. শব্দগুলো সম্পূর্ণ নিরীহ।","1. এটি একটি নিরপেক্ষ পারিবারিক সম্পর্কের উল্লেখ।  
2. শব্দগুলোর মধ্যে কোন বিদ্বেষ নেই।  
3. সাধারণ বাক্যে কোন আক্রমণাত্মক অর্থ নেই।","1. মিথিলার বোন বলতে শুধু সম্পর্ক বোঝায়।  
2. এখানে কোন নেতিবাচক শব্দ নেই।  
3. সাধারণভাবে পারিবারিক কথা বলা হয়েছে।","1. সম্পর্ক নির্দেশ করে কোন বিদ্বেষ নেই।  
2. নিরপেক্ষ ভাষায় শুধু পরিবারের কথা।  
3. নেতিবাচক শব্দের অনুপস্থিতি স্পষ্ট।","1. ""মিথিলার বোন"" শব্দে কোন বিদ্বেষ নেই।  
2. শুধু পারিবারিক সম্পর্ক বোঝানো হয়েছে।  
3. নেতিবাচক শব্দ ব্যবহার করা হয়নি।","1. শব্দটিতে কোন অপমান নেই।  
2. এটি শুধু সম্পর্ক নির্দেশ করে।  
3. কোন নেতিবাচক অর্থ নেই।","১. শব্দটি নিরপেক্ষ ও সাধারণ।  
২. সম্পর্কের উল্লেখ মাত্র।  
৩. কোন বিদ্বেষপূর্ণ অর্থ নেই।","১. শব্দটি সাধারণ সম্পর্ক বোঝায়।  
২. এখানে কোন নেতিবাচকতা নেই।  
৩. এটি সম্পূর্ণ নিরপেক্ষ উক্তি।"
"ভাই আপনার ফার্মের শ্রমিকদের বেতন নিয়ে যে সংবাদ বের হলো তা কি সত্যি,আমরা আপনাকে আইকন মানি,প্লিজ তা একটু ক্লিয়ার করে দিবেন।",Gender,Not Hateful,"প্রাসঙ্গিক তথ্য জানতে আগ্রহ প্রকাশ।
সমালোচনামূলক নয় বরং সম্মানসূচকভাবে জিজ্ঞাসা করা হয়েছে।
ব্যক্তি ও প্রতিষ্ঠানের প্রতি সম্মান প্রদর্শন।","1. শ্রমিকদের বেতন নিয়ে সম্মানসূচক প্রশ্ন করা হয়েছে।  
2. প্রতিষ্ঠানকে আইকন বলে সম্মান দেখানো হয়েছে।  
3. তথ্য জানার আগ্রহ প্রকাশ করা হয়েছে।","1. শ্রমিকদের বেতন নিয়ে প্রশ্নে সম্মান দেখানো হয়েছে।  
2. প্রতিষ্ঠানকে আইকন বলা সম্মানের প্রকাশ।  
3. তথ্য জানার ইচ্ছা বিনয়ের সাথে প্রকাশিত।","1. শ্রমিকদের বেতন নিয়ে সম্মানজনক ভাষায় প্রশ্ন করা হয়েছে।  
2. প্রতিষ্ঠানকে আইকন বলা সম্মান প্রদর্শনের লক্ষণ।  
3. বিনয়ের সাথে তথ্য জানতে চাওয়া হয়েছে।","1. শ্রমিকদের বেতন নিয়ে সঠিক তথ্য চাওয়া হয়েছে।  
2. প্রতিষ্ঠানের প্রতি সম্মান প্রকাশ করা হয়েছে।  
3. বিনয় সহকারে প্রশ্ন করা হয়েছে।","1. শ্রমিকদের বেতন নিয়ে সরাসরি প্রশ্ন করা হয়েছে।  
2. ""আইকন মানি"" বলে সম্মান দেখানো হয়েছে।  
3. ভদ্রভাবে তথ্য চাওয়া হয়েছে।","1. শ্রমিকদের বেতন নিয়ে প্রশ্ন করা হয়েছে।  
2. সম্মান দেখানোর জন্য ""আইকন মানি"" বলা হয়েছে।  
3. ভদ্রভাবে তথ্য চাওয়ার জন্য অনুরোধ করা হয়েছে।","1. শ্রমিকদের বেতন নিয়ে সরাসরি প্রশ্ন করা হয়েছে।  
2. ""আইকন মানি"" বলে সম্মান প্রকাশ করা হয়েছে।  
3. ভদ্র ভাষায় তথ্য চাওয়ার অনুরোধ করা হয়েছে।","1. শ্রমিকদের বেতন নিয়ে প্রশ্ন স্পষ্টভাবে উল্লেখ আছে।  
2. ""আইকন মানি"" বলে সম্মান দেখানো হয়েছে।  
3. ভদ্রভাবে তথ্য চাওয়ার অনুরোধ করা হয়েছে।","1. শ্রমিকদের বেতন নিয়ে স্পষ্ট প্রশ্ন করা হয়েছে।  
2. ""আইকন মানি"" বলে সম্মান প্রকাশ পেয়েছে।  
3. ভদ্রভাবে তথ্য চাওয়ার অনুরোধ দেখা যাচ্ছে।","1. শ্রমিকদের বেতন নিয়ে সরাসরি প্রশ্ন করা হয়েছে।  
2. ""আইকন মানি"" বলে সম্মান দেখানো হয়েছে।  
3. ভদ্রভাবে তথ্য চাওয়ার অনুরোধ করা হয়েছে।","1. শ্রমিকদের বেতন নিয়ে প্রশ্ন সরাসরি করা হয়েছে।  
2. ""আইকন মানি"" বলে সম্মান প্রকাশ পেয়েছে।  
3. ভদ্রভাবে তথ্য চাওয়ার অনুরোধ স্পষ্ট।","1. শ্রমিকদের বেতন নিয়ে সরাসরি জানতে চাওয়া হয়েছে।  
2. ""আইকন মানি"" বলে সম্মান দেখানো হয়েছে।  
3. ভদ্রভাবে তথ্য চাওয়ার অনুরোধ করা হয়েছে।","1. শ্রমিকদের বেতন নিয়ে প্রশ্ন করা হয়েছে।  
2. সম্মান দেখানোর জন্য ""আইকন মানি"" বলা হয়েছে।  
3. ভদ্রভাবে তথ্য চাওয়ার অনুরোধ করা হয়েছে।","1. শ্রমিকদের বেতন নিয়ে সরাসরি প্রশ্ন করা হয়েছে।  
2. ""আইকন মানি"" বলে সম্মান প্রকাশ করা হয়েছে।  
3. ভদ্র ভাষায় তথ্য চাওয়ার অনুরোধ করা হয়েছে।","1. শ্রমিকদের বেতন নিয়ে প্রশ্ন স্পষ্টভাবে উল্লেখ আছে।  
2. ""আইকন মানি"" বলতে সম্মান দেখানো হয়েছে।  
3. ভদ্রভাবে তথ্য চাওয়ার অনুরোধ করা হয়েছে।","1. শ্রমিকদের বেতন নিয়ে স্পষ্ট প্রশ্ন করা হয়েছে।  
2. ""আইকন মানি"" সম্মান বোঝায়।  
3. ভদ্রভাবে তথ্য চাওয়া হয়েছে।","1. শ্রমিকদের বেতন নিয়ে সরাসরি প্রশ্ন করা হয়েছে।  
2. ""আইকন মানি"" বলতে সম্মান প্রকাশ পেয়েছে।  
3. ভদ্র ভাষায় তথ্য চাওয়ার অনুরোধ আছে।","1. শ্রমিকদের বেতন নিয়ে প্রশ্ন সরাসরি করা হয়েছে।  
2. ""আইকন মানি"" বলতে সম্মান প্রকাশ পেয়েছে।  
3. ভদ্র ভাষায় তথ্য চাওয়া হয়েছে।","1. শ্রমিকদের বেতন নিয়ে সরাসরি জানতে চাওয়া হয়েছে।  
2. ""আইকন মানি"" বলে সম্মান দেখানো হয়েছে।  
3. ভদ্রভাবে তথ্য চেয়ে বক্তব্য শেষ করা হয়েছে।","1. শ্রমিকদের বেতন সম্পর্কে সরাসরি প্রশ্ন করা হয়েছে।  
2. ""আইকন মানি"" বলে সম্মান প্রকাশ পেয়েছে।  
3. ভদ্রভাবে তথ্য চাওয়ার মাধ্যমে শেষ করা হয়েছে।","1. শ্রমিকদের বেতন নিয়ে সরাসরি জানতে চাওয়া হয়েছে।  
2. ""আইকন মানি"" বলে সম্মান দেখানো হয়েছে।  
3. ভদ্রভাবে তথ্য চেয়ে বাক্য শেষ করা হয়েছে।"
"আসসালামুআলাইকুম প্রিয় নেতা, আন্তরিক অভিনন্দন ও শুভেচ্ছা রইল। ",Gender,Not Hateful,"প্রিয় নেতার প্রতি সম্মান ও শুভেচ্ছা জানানো হয়েছে।
বক্তব্য সম্পূর্ণ ইতিবাচক ও শালীন।
কোনো আক্রমণাত্মক বা বিদ্বেষমূলক শব্দ ব্যবহার নেই।","১. শুভেচ্ছা ও সম্মান প্রকাশ করা হয়েছে।  
২. কোনো নেতিবাচক শব্দ নেই।  
৩. বক্তব্য ইতিবাচক ও শালীন।","১. শুভেচ্ছা প্রকাশের জন্য সম্মানজনক ভাষা ব্যবহৃত হয়েছে।  
২. নেতিবাচক বা আক্রমণাত্মক কোনো শব্দ নেই।  
৩. বক্তব্যটি সম্পূর্ণ ইতিবাচক ও ভদ্র।","১. শুভেচ্ছা প্রকাশে ভদ্র ভাষা ব্যবহৃত হয়েছে।  
২. কোনো নেতিবাচক শব্দ বা আক্রমণ নেই।  
৩. বক্তব্য সম্পূর্ণ ইতিবাচক ও সম্মানজনক।","১. শুভেচ্ছা প্রকাশে ভদ্র ভাষা ব্যবহৃত হয়েছে।  
২. কোনো নেতিবাচক শব্দ বা আক্রমণ নেই।  
৩. বক্তব্য সম্পূর্ণ ইতিবাচক ও সম্মানজনক।","১. শুভেচ্ছা প্রকাশে ভদ্র ভাষা ব্যবহৃত হয়েছে।  
২. কোনো নেতিবাচক শব্দ বা আক্রমণ নেই।  
৩. বক্তব্য সম্পূর্ণ ইতিবাচক ও সম্মানজনক।","১. শুভেচ্ছা প্রকাশে ভদ্র ভাষা ব্যবহৃত হয়েছে।  
২. কোনো নেতিবাচক শব্দ বা আক্রমণ নেই।  
৩. বক্তব্য সম্পূর্ণ ইতিবাচক ও সম্মানজনক।","১. বক্তব্যে শুভেচ্ছা ও সম্মান প্রকাশ পেয়েছে।  
২. কোনো নেতিবাচক শব্দ বা আক্রমণাত্মক ভাষা নেই।  
৩. ভাষা ভদ্র ও ইতিবাচকভাবে ব্যবহৃত হয়েছে।","১. শুভেচ্ছা প্রকাশের জন্য ইতিবাচক ভাষা ব্যবহৃত হয়েছে।  
২. কোনো নেতিবাচক বা আক্রমণাত্মক শব্দ নেই।  
৩. বক্তব্যে সম্মান ও ভদ্রতা ফুটে উঠেছে।","১. সালাম ও অভিনন্দন আছে।  
২. ভাষা সম্মানজনক ও ভদ্র।  
৩. কোনো নেতিবাচক শব্দ নেই।","১. সালাম দেওয়া হয়েছে যা শিষ্টাচার নির্দেশ করে।  
২. অভিনন্দন প্রকাশ করা হয়েছে যা ইতিবাচক।  
৩. কোনো আক্রমণাত্মক শব্দ ব্যবহৃত হয়নি।","১. সালাম দেওয়া শিষ্টাচারের অংশ।  
২. অভিনন্দন ইতিবাচক অনুভূতি প্রকাশ করে।  
৩. কোনো নেতিবাচক বা আক্রমণাত্মক শব্দ নেই।","১. সালাম দেওয়া শিষ্টাচার প্রকাশ করে।  
২. অভিনন্দন ইতিবাচক অনুভূতি দেখায়।  
৩. কোনো নেতিবাচক শব্দ ব্যবহৃত হয়নি।","১. সালাম দেওয়া শিষ্টাচার নির্দেশ করে।  
২. অভিনন্দন ইতিবাচক ভাব প্রকাশ করে।  
৩. নেতিবাচক শব্দের অনুপস্থিতি সুস্পষ্ট।","১. সালাম দেওয়া শিষ্টাচার দেখায়।  
২. অভিনন্দন ইতিবাচক অনুভূতি প্রকাশ করে।  
৩. নেতিবাচক শব্দ নেই এখানে।","১. সালাম দেওয়া শিষ্টাচার প্রকাশ করে।  
২. অভিনন্দন ইতিবাচক অনুভূতি দেখায়।  
৩. কোনো নেতিবাচক শব্দ ব্যবহৃত হয়নি।","১. সালাম দেওয়া শিষ্টাচারের অংশ।  
২. অভিনন্দন ইতিবাচক ভাব প্রকাশ করে।  
৩. নেতিবাচক শব্দ ব্যবহার হয়নি।","১. সালাম দেওয়া শিষ্টাচার প্রকাশ করে।  
২. অভিনন্দন ইতিবাচক অনুভূতি দেখায়।  
৩. কোনো নেতিবাচক শব্দ নেই।","১. সালাম দেওয়া শিষ্টাচারের অংশ।  
২. অভিনন্দন ইতিবাচক ভাব প্রকাশ করে।  
৩. নেতিবাচক শব্দ ব্যবহার করা হয়নি।","১. সালাম দেওয়া শিষ্টাচার প্রকাশ করে।  
২. অভিনন্দনে ইতিবাচক ভাব ফুটে উঠেছে।  
৩. কোনো নেতিবাচক শব্দ ব্যবহৃত হয়নি।","১. সালাম দেওয়ায় শিষ্টাচার দেখা যাচ্ছে।  
২. অভিনন্দনে ইতিবাচক আবেগ প্রকাশ পেয়েছে।  
৩. নেতিবাচক কোনো শব্দ ব্যবহার করা হয়নি।","১. সালাম ও অভিনন্দনে শিষ্টাচার ফুটে উঠেছে।  
২. ইতিবাচক আবেগ প্রকাশের জন্য শুভেচ্ছা দেওয়া হয়েছে।  
৩. নেতিবাচক শব্দের অনুপস্থিতি সুস্পষ্ট।"
সুন্দরী আপু এতদিন কোথায় ছিলে,Gender,Not Hateful,"সরল ও প্রশংসাসূচক মন্তব্য।
বক্তব্যে মজার ছলে কৌতূহল প্রকাশিত।
কোনো অবমাননাকর বা বিদ্বেষপূর্ণ শব্দ নেই।","১. ""সুন্দরী"" শব্দটি প্রশংসাসূচক।  
২. বক্তব্যে কৌতূহল প্রকাশ পেয়েছে।  
৩. কোনো বিদ্বেষপূর্ণ শব্দ নেই।","১. ""সুন্দরী"" শব্দটি ইতিবাচক অর্থ বহন করে।  
২. প্রশ্নটি সাধারণ কৌতূহল প্রকাশ করে।  
৩. কোনো নেতিবাচক বা আক্রমণাত্মক শব্দ নেই।","১. ""সুন্দরী"" শব্দটি প্রশংসাসূচক।  
২. বাক্যটিতে কোনো আক্রমণাত্মক ভাষা নেই।  
৩. সাধারণ প্রশ্ন, কোনো বিদ্বেষ নেই।","১. ""সুন্দরী"" শব্দটি ইতিবাচক।  
২. বাক্যটি সরল ও বন্ধুত্বপূর্ণ।  
৩. কোনো বিদ্বেষ বা আক্রমণ নেই।","১. ""সুন্দরী"" শব্দটি প্রশংসাসূচক।  
২. বাক্যটিতে কোনো অপমান নেই।  
৩. ভাষাটি সহজ ও বন্ধুত্বপূর্ণ।","১. ""সুন্দরী"" শব্দে ইতিবাচকতা প্রকাশ পায়।  
২. বাক্যটি বিনম্র ও আদরের।  
৩. কোনো নেতিবাচক শব্দ ব্যবহৃত হয়নি।","১. ""সুন্দরী"" শব্দটি প্রশংসাসূচক।  
২. বাক্যটিতে আদর ও স্নেহ প্রকাশ পায়।  
৩. কোনো অপশব্দ বা আক্রমণাত্মক ভাষা নেই।","১. ""সুন্দরী"" শব্দে প্রশংসা বোঝায়।  
২. বাক্যটি স্নেহময় ভাব প্রকাশ করে।  
৩. কোনো অপশব্দ বা বিদ্বেষ নেই।","১. ""সুন্দরী"" শব্দে প্রশংসা প্রকাশিত।  
২. বাক্যটি স্নেহ ও মমতা প্রকাশ করে।  
৩. কোনো বিদ্বেষপূর্ণ শব্দ নেই।","১. ""সুন্দরী"" শব্দে ইতিবাচক অনুভূতি প্রকাশ।  
২. বাক্যটিতে কোনো আক্রমণাত্মক শব্দ নেই।  
৩. সম্পূর্ণ বাক্যটি স্নেহময় ও বন্ধুত্বপূর্ণ।","১. ""সুন্দরী"" শব্দে প্রশংসা বোঝায়।  
২. কোনো নেতিবাচক শব্দ ব্যবহৃত হয়নি।  
৩. বাক্যটি স্নেহ ও বন্ধুত্ব প্রকাশ করে।","১. ""সুন্দরী"" শব্দে ইতিবাচক অনুভূতি প্রকাশ পায়।  
২. বাক্যটিতে কোনো আক্রমণাত্মক শব্দ নেই।  
৩. এটি স্নেহময় সম্পর্ক নির্দেশ করে।","১. ""সুন্দরী"" শব্দটি প্রশংসাসূচক।  
২. বাক্যটি স্নেহের প্রকাশ করে।  
৩. কোনো নেতিবাচক শব্দ নেই।","১. ""সুন্দরী"" শব্দটি ইতিবাচক অর্থ বহন করে।  
২. বাক্যটিতে কোনো আক্রমণাত্মক ভাষা নেই।  
৩. এটি স্নেহ বা ভালোবাসার প্রকাশ।","১. ""সুন্দরী"" শব্দটি প্রশংসাসূচক।  
২. বাক্যটি স্নেহময় অনুভূতি প্রকাশ করে।  
৩. কোনো নেতিবাচক শব্দ নেই।","১. ""সুন্দরী"" শব্দটি ইতিবাচক অভিব্যক্তি প্রকাশ করে।  
২. বাক্যটিতে কোনো আক্রমণাত্মক শব্দ নেই।  
৩. সম্পূর্ণ বাক্যটি স্নেহের অনুভূতি বহন করে।","১. ""সুন্দরী"" শব্দটি প্রশংসাসূচক।  
২. বাক্যটি স্নেহময় অনুভূতি প্রকাশ করে।  
৩. কোনো নেতিবাচক শব্দ ব্যবহৃত হয়নি।","১. ""সুন্দরী"" শব্দটি ইতিবাচক অর্থ বহন করে।  
২. বাক্যটিতে কোনো আক্রমণাত্মক ভাষা নেই।  
৩. এটি একটি সাধারণ প্রশংসামূলক অভিব্যক্তি।","১. ""সুন্দরী"" শব্দটি প্রশংসা বোঝায়।  
২. বাক্যটি কোনো অপমান বা বিদ্বেষ প্রকাশ করে না।  
৩. এটি একটি সহজ-সরল অভিব্যক্তি মাত্র।","১. ""সুন্দরী"" শব্দটি ইতিবাচক অর্থ বহন করে।  
২. বাক্যটিতে কোনো নেতিবাচক অনুভূতি নেই।  
৩. এটি একটি সাধারণ প্রশংসামূলক কথা।","১. ""সুন্দরী"" শব্দটি প্রশংসা বোঝায়।  
২. বাক্যটিতে কোনো আক্রমণাত্মক ভাষা নেই।  
৩. এটি একটি সহজ-সরল অভিব্যক্তি।"
"ব্রাদার,,আপনি কি বাংলাদেশে একটি আন্তর্জাতিক মানের হাসপাতাল বানানোর উদ্যোগ নিতে পারেন না??",Gender,Not Hateful,"উন্নয়নমূলক কাজে উৎসাহিত করার প্রচেষ্টা।
বক্তব্যে কোনো আক্রমণাত্মক সুর নেই।
ব্যক্তির প্রতি সম্মান ও দায়িত্বশীলতা আশা প্রকাশ।","১. বক্তব্যে ইতিবাচক ও উন্নয়নমূলক প্রস্তাব রয়েছে।  
২. সম্মানজনক ভাষায় উদ্যোগের অনুরোধ করা হয়েছে।  
৩. কোনো নেতিবাচক বা আক্রমণাত্মক শব্দ ব্যবহৃত হয়নি।","১. ইতিবাচক প্রস্তাব দেওয়া হয়েছে।  
২. সম্মানজনক ভাষা ব্যবহার করা হয়েছে।  
৩. কোনো নেতিবাচক শব্দ নেই।","১. সম্মানসূচক সম্বোধন ব্যবহার করা হয়েছে।  
২. ইতিবাচক ও উদ্যোগমূলক প্রস্তাব দেওয়া হয়েছে।  
৩. কোনো বিদ্বেষপূর্ণ শব্দ নেই।","১. সম্মানসূচক ""ব্রাদার"" ব্যবহার করা হয়েছে।  
২. হাসপাতাল বানানোর ইতিবাত্মক প্রস্তাব দেওয়া হয়েছে।  
৩. কোনো নেতিবাচক শব্দ বা বিদ্বেষ নেই।","১. সম্মানসূচক সম্বোধন ব্যবহার করা হয়েছে।  
২. ইতিবাচক প্রস্তাব দেওয়া হয়েছে।  
৩. বিদ্বেষপূর্ণ শব্দ নেই।","১. সম্মানসূচক ""ব্রাদার"" ব্যবহার করা হয়েছে।  
২. হাসপাতাল বানানোর ইতিবাচক প্রস্তাব দেওয়া হয়েছে।  
৩. কোনো বিদ্বেষপূর্ণ শব্দ নেই।","১. সম্মানসূচক সম্বোধন ব্যবহার করা হয়েছে।  
২. ইতিবাচক ও সহায়ক প্রস্তাব দেওয়া হয়েছে।  
৩. কোনো নেতিবাচক বা আক্রমণাত্মক শব্দ নেই।","১. সম্মানসূচক ""ব্রাদার"" ব্যবহার করা হয়েছে।  
২. ইতিবাচক প্রস্তাব দেওয়া হয়েছে।  
৩. কোনো নেতিবাচক শব্দ নেই।","১. সম্মানসূচক সম্বোধন ব্যবহৃত হয়েছে।  
২. ইতিবাচক উদ্যোগের প্রস্তাব দেওয়া হয়েছে।  
৩. কোনো বিদ্বেষমূলক শব্দ নেই।","১. সম্মানসূচক ""ব্রাদার"" ব্যবহার করা হয়েছে।  
২. হাসপাতাল বানানোর ইতিবাচক প্রস্তাব দেওয়া হয়েছে।  
৩. কোনো নেতিবাচক বা বিদ্বেষমূলক শব্দ নেই।","১. সম্মানসূচক সম্বোধন ব্যবহার করা হয়েছে।  
২. ইতিবাচক ও সহায়ক প্রস্তাব দেওয়া হয়েছে।  
৩. কোনো বিদ্বেষ বা নেতিবাচকতা নেই।","১. সম্মানসূচক ""ব্রাদার"" ব্যবহার করা হয়েছে।  
২. হাসপাতাল বানানোর ইতিবাচক প্রস্তাব দেওয়া হয়েছে।  
৩. বাক্যটিতে কোনো বিদ্বেষপূর্ণ শব্দ নেই।","১. সম্মানসূচক সম্বোধন ব্যবহার করা হয়েছে।  
২. ইতিবাচক ও সহায়ক প্রস্তাব দেওয়া হয়েছে।  
৩. কোনো নেতিবাচক বা আক্রমণাত্মক শব্দ নেই।","১. সম্মানসূচক ""ব্রাদার"" ব্যবহার করা হয়েছে।  
২. হাসপাতাল বানানোর ইতিবাচক প্রস্তাব দেওয়া হয়েছে।  
৩. কোনো নেতিবাচক শব্দ বা আক্রমণ নেই।","১. সম্মানসূচক সম্বোধন ব্যবহৃত হয়েছে।  
২. ইতিবাচক প্রস্তাব দেওয়া হয়েছে।  
৩. কোনো নেতিবাচক ভাষা নেই।","১. ""ব্রাদার"" সম্মানজনক সম্বোধন।  
২. আন্তর্জাতিক মানের হাসপাতালের প্রস্তাব ইতিবাচক।  
৩. বাক্যটিতে কোনো বিদ্বেষপূর্ণ শব্দ নেই।","১. ""ব্রাদার"" ব্যবহারে শ্রদ্ধা প্রকাশ পায়।  
২. হাসপাতালের প্রস্তাব উন্নয়নমুখী।  
৩. কোনো নেতিবাচক শব্দ ব্যবহৃত হয়নি।","১. ""ব্রাদার"" শব্দে সম্মানবোধ প্রকাশ পায়।  
২. হাসপাতালের প্রস্তাব ইতিবাচক ও উন্নয়নধর্মী।  
৩. বাক্যটিতে বিদ্বেষপূর্ণ শব্দ নেই।","১. সম্মানসূচক সম্বোধন ব্যবহার করা হয়েছে।  
২. উন্নয়নমূলক প্রস্তাব দেওয়া হয়েছে।  
৩. কোনো নেতিবাচক শব্দ নেই।","১. সম্মানসূচক ""ব্রাদার"" ব্যবহার করা হয়েছে।  
২. হাসপাতাল নির্মাণের ইতিবাচক প্রস্তাব দেওয়া হয়েছে।  
৩. বাক্যটিতে কোনো বিদ্বেষপূর্ণ শব্দ নেই।","১. সম্মানসূচক সম্বোধন ব্যবহার করা হয়েছে।  
২. ইতিবাচক ও সহযোগিতামূলক প্রস্তাব দেওয়া হয়েছে।  
৩. কোনো নেতিবাচক বা বিদ্বেষপূর্ণ শব্দ নেই।"
"ব্রাদার আগে শ্রমিকের বেতন পরিশোধ করেন, আপনাকে দেশের জন্য ভালোবাসি এবং বাসবো,, গত ২৪ ঘন্টায় আক্রান্ত ৪৩৪ জন,  মৃত্যু ৯ জন।",Gender,Not Hateful,"শ্রমিকদের প্রাপ্য বেতন পরিশোধের আহ্বান।
সমালোচনার সুর থাকলেও এটি বিদ্বেষপূর্ণ নয়।
সমবেদনা ও দায়িত্বশীলতার প্রতিফলন।","1. শ্রমিকদের অধিকারের প্রতি সমর্থন প্রকাশ পেয়েছে।  
2. বিদ্বেষ ছাড়াই দায়িত্বের কথা বলা হয়েছে।  
3. দেশপ্রেম ও মানবিক আবেদন রয়েছে।","1. শ্রমিকের বেতন দেওয়ার অনুরোধ আছে।  
2. দেশপ্রেমের কথা বলা হয়েছে।  
3. করোনা পরিস্থিতির তথ্য দেওয়া হয়েছে।","1. শ্রমিকের বেতন দেওয়ার কথা বলা হয়েছে।  
2. দেশপ্রেমের অনুভূতি প্রকাশ করা হয়েছে।  
3. করোনার আপডেট তথ্য উল্লেখ করা হয়েছে।","1. শ্রমিকের বেতন দেওয়ার অনুরোধ আছে।  
2. দেশপ্রেমের কথা স্পষ্টভাবে বলা হয়েছে।  
3. করোনার পরিসংখ্যান উল্লেখ করা হয়েছে।","1. শ্রমিকের বেতন দেওয়ার জন্য অনুরোধ করা হয়েছে।  
2. দেশপ্রেমের কথা স্পষ্টভাবে বলা হয়েছে।  
3. করোনার পরিসংখ্যান উল্লেখ করা হয়েছে।","1. শ্রমিকের বেতন দেওয়ার কথা বলা হয়েছে।  
2. দেশপ্রেমের কথা স্পষ্ট বলা হয়েছে।  
3. করোনার পরিসংখ্যান উল্লেখ করা হয়েছে।","1. শ্রমিকের বেতন দেওয়ার অনুরোধ আছে।  
2. দেশপ্রেমের প্রকাশ ঘটেছে।  
3. করোনার আপডেট তথ্য দেওয়া হয়েছে।","1. শ্রমিকের বেতন দেওয়ার কথা বলা হয়েছে।  
2. দেশের প্রতি ভালোবাসা প্রকাশ পেয়েছে।  
3. করোনার আপডেট তথ্য উল্লেখ করা হয়েছে।","1. শ্রমিকের বেতন দেওয়ার অনুরোধ আছে।  
2. দেশপ্রেমের প্রকাশ ঘটেছে।  
3. করোনার পরিসংখ্যান উল্লেখ করা হয়েছে।","1. শ্রমিকের বেতন দেওয়ার কথা বলা হয়েছে।  
2. দেশের প্রতি ভালোবাসা প্রকাশ পেয়েছে।  
3. করোনার আক্রান্ত ও মৃতের সংখ্যা উল্লেখ করা হয়েছে।","1. শ্রমিকের বেতন দেওয়ার অনুরোধ আছে।  
2. দেশপ্রেমের কথা বলা হয়েছে।  
3. করোনার পরিসংখ্যান উল্লেখ করা হয়েছে।","1. শ্রমিকের বেতন দেওয়ার জন্য অনুরোধ করা হয়েছে।  
2. দেশপ্রেমের অনুভূতি প্রকাশ করা হয়েছে।  
3. করোনার আপডেট তথ্য শেয়ার করা হয়েছে।","1. শ্রমিকের বেতন দেওয়ার অনুরোধ স্পষ্টভাবে বলা হয়েছে।  
2. ""দেশের জন্য ভালোবাসি"" বলায় দেশপ্রেম ফুটে উঠেছে।  
3. করোনার আক্রান্ত ও মৃত্যুর সংখ্যা উল্লেখ করা হয়েছে।","1. শ্রমিকের বেতন দেওয়ার কথা বলা হয়েছে।  
2. দেশপ্রেমের কথা উল্লেখ আছে।  
3. করোনার পরিসংখ্যান দেওয়া হয়েছে।","1. শ্রমিকের বেতন দেওয়ার অনুরোধ আছে।  
2. দেশপ্রেমের প্রকাশ দেখা যাচ্ছে।  
3. করোনার আপডেট তথ্য দেওয়া হয়েছে।","1. শ্রমিকের বেতন দেওয়ার কথা বলা হয়েছে।  
2. দেশের প্রতি ভালোবাসার প্রকাশ আছে।  
3. করোনার আক্রান্ত ও মৃত্যুর সংখ্যা উল্লেখ করা হয়েছে।","১. শ্রমিকের বেতন পরিশোধের উল্লেখ আছে।  
২. দেশপ্রেমের প্রকাশ স্পষ্ট।  
৩. করোনার পরিসংখ্যান উল্লেখ করা হয়েছে।","১. শ্রমিকের বেতন দেওয়ার কথা বলা হয়েছে।  
২. দেশপ্রেমের অনুভূতি প্রকাশ পেয়েছে।  
৩. করোনার আপডেট তথ্য উল্লেখ আছে।","১. শ্রমিকের বেতন দেওয়ার অনুরোধ আছে।  
২. দেশপ্রেমের কথা স্পষ্টভাবে বলা হয়েছে।  
৩. করোনার পরিসংখ্যান উল্লেখ করা হয়েছে।","১. শ্রমিকের বেতন দেওয়ার কথা বলা হয়েছে।  
২. দেশপ্রেমের কথা স্পষ্টভাবে উল্লেখ করা হয়েছে।  
৩. করোনার আপডেটেড তথ্য দেওয়া হয়েছে।","১. শ্রমিকের বেতন দেওয়ার অনুরোধ আছে।  
২. দেশপ্রেমের প্রকাশ ঘটেছে।  
৩. করোনার হালনাগাদ তথ্য উল্লেখ করা হয়েছে।"
"ভাই, একটা প্রাইভেট জেট কিনে ফেলেন। আমাদের দেশে একজন প্রাইভেট জেট ওয়ালা স্টার থাকবে না, তা কি হয়???",Gender,Not Hateful,"মজার ছলে প্রস্তাব দেওয়া হয়েছে।
কোনো নেতিবাচক বা বিদ্বেষপূর্ণ ইঙ্গিত নেই।
বক্তব্য সম্পূর্ণ হাস্যরসাত্মক ও নিরীহ।","1. বক্তব্যে হাস্যরসের স্পষ্ট উপস্থিতি।  
2. কোনো বিদ্বেষ বা আক্রমণাত্মক ভাষা নেই।  
3. প্রস্তাবটি খোলাখুলি মজার ছলে দেওয়া।","1. বক্তব্যে হাস্যরসের স্পষ্ট লক্ষণ।  
2. বিদ্বেষপূর্ণ ভাষা অনুপস্থিত।  
3. মজার ছলে বলা প্রস্তাব।","1. বক্তব্যে অতিরঞ্জিত প্রস্তাবের ব্যবহার।  
2. হাস্যরসের জন্য অতিরিক্ত চাওয়ার ইঙ্গিত।  
3. বিদ্রূপাত্মক ভাবে বিলাসিতার কথা বলা।","1. প্রাইভেট জেট কেনার প্রস্তাব অবাস্তব।  
2. হাসির জন্য বিলাসিতার কথা বলা।  
3. বিদ্রূপ করে বড়লোকি দেখানো।","1. প্রাইভেট জেট কেনার প্রস্তাব অবাস্তব কারণ এটি সাধারণ মানুষের সাধ্যের বাইরে।  
2. হাসির জন্য বলা হয়েছে কারণ বক্তা বিলাসিতার কথা বলছে।  
3. বিদ্রূপ করা হয়েছে কারণ বড়লোকি দেখানোর চেষ্টা করা হচ্ছে।","1. প্রাইভেট জেট কেনা সাধারণ মানুষের পক্ষে সম্ভব নয়।  
2. বক্তা হাসির ছলে বিলাসিতার কথা বলেছেন।  
3. বড়লোকি দেখানোর জন্য বিদ্রূপ করা হয়েছে।","1. বক্তা ব্যঙ্গ করে বিলাসিতার কথা বলেছেন।  
2. সাধারণ মানুষের পক্ষে প্রাইভেট জেট কেনা অসম্ভব।  
3. বিদ্রূপ করে বড়লোকি দেখানো হয়েছে।","1. প্রাইভেট জেট কেনার প্রস্তাব ব্যঙ্গাত্মক।  
2. সাধারণ মানুষের জন্য এটা অসম্ভব।  
3. বড়লোকি দেখানোর বিদ্রূপ করা হয়েছে।","1. ব্যঙ্গাত্মকভাবে বড়লোকি দেখানোর কথা বলা হয়েছে।  
2. সাধারণ মানুষের পক্ষে এটা অসম্ভব।  
3. স্টার হওয়ার বিদ্রূপাত্মক ইঙ্গিত আছে।","1. প্রাইভেট জেট কেনা সাধারণের সাধ্য নয়।  
2. স্টার হওয়ার কথা বলে বিদ্রূপ করা হয়েছে।  
3. বড়লোকি দেখানোর ব্যঙ্গ আছে।","1. প্রাইভেট জেটের উচ্চমূল্য নিয়ে বিদ্রূপ করা হয়েছে।  
2. স্টার হওয়ার দাবিকে হাস্যকরভাবে উপস্থাপন করা।  
3. ধনীদের বিলাসিতা নিয়ে ব্যঙ্গ করা হয়েছে।","1. প্রাইভেট জেটের দাম নিয়ে ঠাট্টা করা হয়েছে।  
2. স্টার হওয়ার দাবি নিয়ে হাসি উঠেছে।  
3. ধনীদের বিলাসিতাকে বিদ্রূপ করা হয়েছে।","1. প্রাইভেট জেট কেনার কথা বলে ব্যঙ্গ করা হয়েছে।  
2. স্টার হওয়ার দাবিকে হাস্যকর ভাবে উপস্থাপন করা।  
3. ধনীদের বিলাসিতা নিয়ে বিদ্রূপাত্মক মন্তব্য করা।","1. প্রাইভেট জেট কেনার প্রস্তাব ব্যঙ্গাত্মক।  
2. স্টার হওয়ার দাবি হাস্যকরভাবে উপস্থাপিত।  
3. ধনীদের বিলাসিতার উপর বিদ্রূপ করা হয়েছে।","1. প্রাইভেট জেট কেনার প্রস্তাব অবাস্তব।  
2. স্টার হওয়ার দাবি অতিরঞ্জিত।  
3. ধনীদের বিলাসিতা নিয়ে ঠাট্টা করা হয়েছে।","1. প্রাইভেট জেট কেনার প্রস্তাব অবাস্তব কারণ এটি সাধারণ মানুষের সাধ্যের বাইরে।  
2. স্টার হওয়ার দাবি অতিরঞ্জিত কারণ বিলাসিতা স্টার হওয়ার মানদণ্ড নয়।  
3. ধনীদের বিলাসিতা নিয়ে ঠাট্টা স্পষ্টভাবে ফুটে উঠেছে বাক্যে।","1. প্রাইভেট জেট কেনার প্রস্তাব অবাস্তব ও অহংকারী।  
2. স্টার হওয়ার দাবি বিলাসিতার প্রকাশ।  
3. ধনীদের বিলাসিতা নিয়ে ঠাট্টা স্পষ্ট।","1. প্রাইভেট জেট কেনার কথা অবাস্তব ও অহংকারী।  
2. স্টার হওয়ার দাবি বিলাসিতা দেখায়।  
3. ধনীদের বিলাসিতা নিয়ে ঠাট্টা করা হয়েছে।","1. প্রাইভেট জেট কেনার কথা অহংকার প্রকাশ করে।  
2. স্টার হওয়ার দাবি বিলাসী মনোভাব দেখায়।  
3. ধনীদের বিলাসিতার উপর সরস মন্তব্য করা হয়েছে।","1. প্রাইভেট জেট কেনার কথা বিলাসিতা প্রকাশ করে।  
2. স্টার হওয়ার দাবিতে অহংকার ফুটে উঠেছে।  
3. ধনীদের বিলাসিতার উপর ঠাট্টা করা হয়েছে।","1. প্রাইভেট জেট কেনা বিলাসিতার ইঙ্গিত দেয়।  
2. স্টার হওয়ার দাবিতে অহংকার দেখা যাচ্ছে।  
3. ধনীদের বিলাসিতা নিয়ে বিদ্রূপ করা হয়েছে।"
"দারুন হয়েছে ভাই হিরো আলম, তুমি আগিয়ে যাও সারা বাংলা আছে তোমার পেছনে। তুমিই হবে বাংলার শাহরুখ খান।",Gender,Not Hateful,"ব্যক্তি ও তার কাজের প্রতি সমর্থন প্রকাশ।
মন্তব্যে ইতিবাচক ও উৎসাহব্যঞ্জক সুর।
আক্রমণাত্মক বা অবমাননাকর কোনো শব্দ নেই।","১. ইতিবাচক শব্দ ব্যবহার করা হয়েছে।  
২. উৎসাহ ও সমর্থন প্রকাশ পেয়েছে।  
৩. কোনো আক্রমণাত্মক ভাষা নেই।","১. প্রশংসামূলক শব্দ ব্যবহার করা হয়েছে।  
২. উৎসাহ ও সমর্থন ফুটে উঠেছে।  
৩. কোনো নেতিবাচক ভাষা নেই।","১. ""হিরো আলম"" এর প্রশংসা করা হয়েছে।  
২. ""সারা বাংলা আছে তোমার পেছনে"" সমর্থন দেখানো হয়েছে।  
৩. ""বাংলার শাহরুখ খান"" ইতিবাচক তুলনা করা হয়েছে।","১. ""হিরো আলম"" এর প্রশংসা করা হয়েছে।  
২. সমর্থন দেখানো হয়েছে ""সারা বাংলা"" উল্লেখ করে।  
৩. ইতিবাচক তুলনা করা হয়েছে ""শাহরুখ খান"" এর সাথে।","১. ""হিরো আলম"" এর প্রশংসা স্পষ্ট।  
২. সমর্থন বোঝা যায় ""সারা বাংলা"" কথায়।  
৩. শাহরুখ খান এর সাথে তুলনা ইতিবাচক।","১. ""হিরো আলম"" এর প্রশংসা করা হয়েছে।  
২. ""সারা বাংলা"" সমর্থন দেখাচ্ছে।  
৩. শাহরুখ খান এর সাথে তুলনা ইতিবাচক।","১. ""হিরো আলম"" এর প্রশংসা সুস্পষ্ট।  
২. সমর্থন ও উৎসাহ প্রকাশ পেয়েছে।  
৩. শাহরুখ খান এর সাথে তুলনা ইতিবাচক।","১. ""হিরো আলম"" এর নাম উল্লেখ করে প্রশংসা করা হয়েছে।  
২. ""সারা বাংলা আছে তোমার পেছনে"" বলতে সমর্থন বোঝানো হয়েছে।  
৩. শাহরুখ খান এর সাথে তুলনা করে ইতিবাচকতা ফুটে উঠেছে।","১. হিরো আলমের প্রশংসা করা হয়েছে।  
২. সমর্থন প্রকাশ করা হয়েছে।  
৩. ইতিবাচক তুলনা করা হয়েছে।","১. হিরো আলমের সাফল্য উল্লেখ করা হয়েছে।  
২. সমর্থন ও উৎসাহ দেওয়া হয়েছে।  
৩. শাহরুখ খানের সাথে তুলনা ইতিবাচক।","১. হিরো আলমের প্রশংসা করা হয়েছে।  
২. উৎসাহমূলক বার্তা দেওয়া হয়েছে।  
৩. শাহরুখ খানের সাথে তুলনা ইতিবাচক।","১. হিরো আলমের সাফল্য উল্লেখ করা হয়েছে।  
২. ভবিষ্যতের জন্য উৎসাহ দেওয়া হয়েছে।  
৩. শাহরুখ খানের মতো সফলতার আশা প্রকাশ।","১. হিরো আলমের প্রশংসা করা হয়েছে।  
২. ভবিষ্যতের সাফল্য কামনা করা হয়েছে।  
৩. শাহরুখ খানের সাথে তুলনা দেওয়া হয়েছে।","১. হিরো আলমের প্রশংসা স্পষ্টভাবে বলা হয়েছে।  
২. ভবিষ্যতের জন্য শুভকামনা প্রকাশ করা হয়েছে।  
৩. শাহরুখ খানের সাথে তুলনা দেওয়ায় সমর্থন দেখা যাচ্ছে।","১. হিরো আলমের সাফল্য উল্লেখ করা হয়েছে।  
২. বাংলার সমর্থন দেখানো হয়েছে।  
৩. শাহরুখ খানের সাথে তুলনা ইতিবাচক।","১. হিরো আলমের প্রশংসা করা হয়েছে।  
২. বাংলার সমর্থন প্রকাশ পেয়েছে।  
৩. শাহরুখ খানের সাথে তুলনা ইতিবাচক।","১. হিরো আলমের সাফল্য উল্লেখ করা হয়েছে।  
২. সমর্থন ও অনুপ্রেরণা দেওয়া হয়েছে।  
৩. শাহরুখ খানের মতো সফল বলা হয়েছে।","১. হিরো আলমের প্রশংসা করা হয়েছে।  
২. তাকে সমর্থন ও অনুপ্রেরণা দেওয়া হয়েছে।  
৩. শাহরুখ খানের সাথে তুলনা করা হয়েছে।","১. হিরো আলমের সাফল্য উল্লেখ করা হয়েছে।  
২. তাকে সামনে এগিয়ে যেতে উৎসাহিত করা হয়েছে।  
৩. শাহরুখ খানের মতো সফল বলা হয়েছে।","১. হিরো আলমের প্রশংসা করা হয়েছে।  
২. তাকে উৎসাহ দেওয়া হয়েছে।  
৩. শাহরুখ খানের সাথে তুলনা করা হয়েছে।","১. হিরো আলমের সাফল্য উল্লেখ করা হয়েছে।  
২. তাকে সমর্থন জানানোর কথা বলা হয়েছে।  
৩. শাহরুখ খানের মতো হওয়ার আশা প্রকাশ করা হয়েছে।"
ড.কামাল আপনার দাদা ও মায়ের এক সময়ের ঘনিষ্ঠ বন্ধু বা সহোচর।যার পাওনা তাকে না বুঝিয়ে দিয়ে উল্টো তাকে হেনস্তা করেন স্যাটেলাইট দিয়ে।,Gender,Not Hateful,"ঘটনাটি সমালোচনার উদ্দেশ্যে ব্যক্ত করা হয়েছে।
বক্তব্য সরাসরি আক্রমণাত্মক নয়।
সমালোচনার সুর থাকলেও তা বিদ্বেষপূর্ণ নয়।","1. সমালোচনার সুর আছে কিন্তু আক্রমণ নেই।  
2. বিদ্বেষপূর্ণ ভাষা ব্যবহার করা হয়নি।  
3. ঘটনাকে উদ্দেশ্যমূলকভাবে উপস্থাপন করা হয়েছে।","1. সমালোচনা আছে কিন্তু আক্রমণাত্মক নয়।  
2. ভাষায় বিদ্বেষপূর্ণ শব্দ নেই।  
3. উদ্দেশ্যমূলকভাবে ঘটনা বর্ণনা করা হয়েছে।","1. সমালোচনা আছে কিন্তু অপমানজনক ভাষা নেই।  
2. ঘটনা বর্ণনায় উদ্দেশ্য পরিষ্কার।  
3. বিদ্বেষপূর্ণ শব্দ ব্যবহার করা হয়নি।","1. সমালোচনা আছে কিন্তু অপমানজনক ভাষা নেই।  
2. উদ্দেশ্য পরিষ্কারভাবে বর্ণনা করা হয়েছে।  
3. বিদ্বেষপূর্ণ শব্দ ব্যবহার করা হয়নি।","1. সমালোচনা আছে কিন্তু অপমানজনক ভাষা নেই।  
2. উদ্দেশ্য পরিষ্কারভাবে বর্ণনা করা হয়েছে।  
3. বিদ্বেষপূর্ণ শব্দ ব্যবহার করা হয়নি।","1. সমালোচনা আছে কিন্তু অপমানজনক ভাষা নেই।  
2. উদ্দেশ্য পরিষ্কারভাবে বর্ণনা করা হয়েছে।  
3. বিদ্বেষপূর্ণ শব্দ ব্যবহার করা হয়নি।","1. সমালোচনা আছে কিন্তু অপমানজনক ভাষা নেই।  
2. উদ্দেশ্য পরিষ্কারভাবে বর্ণনা করা হয়েছে।  
3. বিদ্বেষপূর্ণ শব্দ ব্যবহার করা হয়নি।","1. সমালোচনা আছে কিন্তু অপমানজনক ভাষা নেই।  
2. উদ্দেশ্য পরিষ্কারভাবে বর্ণনা করা হয়েছে।  
3. বিদ্বেষপূর্ণ শব্দ ব্যবহার করা হয়নি।","১. সমালোচনা আছে কিন্তু অপমানজনক ভাষা ব্যবহার করা হয়নি।  
২. উদ্দেশ্য পরিষ্কারভাবে ব্যক্ত করা হয়েছে।  
৩. বিদ্বেষপূর্ণ শব্দের ব্যবহার এখানে অনুপস্থিত।","১. সমালোচনা আছে কিন্তু অপমানজনক ভাষা নেই।  
২. উদ্দেশ্য পরিষ্কার, বিদ্বেষপূর্ণ শব্দ নেই।  
৩. মন্তব্যে হেনস্তার কথা আছে কিন্তু ঘৃণা নেই।","১. সমালোচনা আছে কিন্তু অপমানজনক শব্দ নেই।  
২. ""হেনস্তা"" শব্দটি ব্যবহার হলেও ঘৃণা প্রকাশ পায়নি।  
৩. উদ্দেশ্য পরিষ্কার কিন্তু বিদ্বেষপূর্ণ ভাষা নেই।","১. ""হেনস্তা"" শব্দটি অপমানজনক নয়।  
২. বিদ্বেষপূর্ণ ভাষা অনুপস্থিত।  
৩. সমালোচনা আছে কিন্তু ঘৃণা নেই।","১. ""হেনস্তা"" শব্দে আক্রমণাত্মক ভাব নেই।  
২. সমালোচনা আছে কিন্তু বিদ্বেষ নেই।  
৩. ভাষায় ঘৃণার অভাব স্পষ্ট।","১. ""হেনস্তা"" শব্দে আক্রমণাত্মক ভাব নেই, শুধু সমালোচনা।  
২. ""স্যাটেলাইট দিয়ে"" বলতে ব্যঙ্গ আছে, কিন্তু বিদ্বেষ নেই।  
৩. ভাষায় সমালোচনা আছে, কিন্তু ঘৃণা প্রকাশ পায়নি।","১. ""হেনস্তা"" শব্দে বিদ্বেষ নেই, সমালোচনা আছে।  
২. ""স্যাটেলাইট দিয়ে"" ব্যঙ্গ করলেও ঘৃণা নয়।  
৩. ভাষায় কটাক্ষ আছে, কিন্তু হেট স্পিচ নয়।","১. ""হেনস্তা"" শব্দে সমালোচনার সুর আছে।  
২. ""স্যাটেলাইট দিয়ে"" ব্যঙ্গাত্মক কিন্তু বিদ্বেষপূর্ণ নয়।  
৩. কটাক্ষ আছে কিন্তু ঘৃণা প্রকাশ পায়নি।","১. ""হেনস্তা"" শব্দে সমালোচনা প্রকাশ পেয়েছে।  
২. ""স্যাটেলাইট দিয়ে"" ব্যঙ্গ করা হয়েছে।  
৩. ঘৃণার বদলে কটাক্ষ রয়েছে।","১. ""হেনস্তা"" শব্দে অপমানের ইঙ্গিত রয়েছে।  
২. ""স্যাটেলাইট দিয়ে"" ব্যঙ্গাত্মকভাবে ব্যবহার করা হয়েছে।  
৩. সমালোচনা আছে কিন্তু ঘৃণা নেই।","১. ""হেনস্তা"" শব্দে অপমানের ভাব আছে।  
২. স্যাটেলাইট শব্দে ব্যঙ্গ করা হয়েছে।  
৩. সমালোচনা আছে, ঘৃণা নেই।","১. ""হেনস্তা"" শব্দে অপমানের ইঙ্গিত রয়েছে।  
২. স্যাটেলাইট শব্দে ব্যঙ্গাত্মক ভাব ফুটে উঠেছে।  
৩. সমালোচনা আছে কিন্তু ঘৃণার ভাষা নেই।","১. ""হেনস্তা"" শব্দে অপমানের ভাব প্রকাশ পেয়েছে।  
২. স্যাটেলাইট শব্দে বিদ্রূপের ছোঁয়া আছে।  
৩. সমালোচনা আছে, কিন্তু ঘৃণা নেই।"
"ভাই আপনার অনেক টাকা আছে, আপনি বাংলাদেশের এক নম্বর নায়ক, আপনি গরীবের জন্য কিছু করেন",Gender,Not Hateful,"ব্যক্তি সম্পর্কে ইতিবাচক স্বীকৃতি দেওয়া হয়েছে।
গরীবের জন্য সাহায্যের আহ্বান করা হয়েছে।
মন্তব্যে কোনো নেতিবাচক সুর নেই।","1. গরীবদের সাহায্য চাওয়া হয়েছে ইতিবাচকভাবে।  
2. ব্যক্তির প্রশংসা করা হয়েছে নেতিবাচকতা ছাড়া।  
3. মন্তব্যটিতে কোনো বিদ্বেষপূর্ণ ভাষা নেই।","1. গরীবদের সাহায্য চাওয়া ইতিবাচক ভাবে করা হয়েছে।  
2. প্রশংসায় কোন নেতিবাচকতা নেই।  
3. বিদ্বেষপূর্ণ ভাষা ব্যবহার করা হয়নি।","1. গরীবদের সাহায্য চাওয়া ইতিবাচক।  
2. প্রশংসার ভাষা সম্পূর্ণ ইতিবাচক।  
3. বিদ্বেষপূর্ণ শব্দ ব্যবহার হয়নি।","1. গরীবদের সাহায্য চাওয়ায় কোন নেতিবাচকতা নেই।  
2. প্রশংসামূলক বাক্যে বিদ্বেষ নেই।  
3. ইতিবাচক ভাষা ব্যবহার করা হয়েছে।","1. গরীবদের সাহায্য চাওয়া ভালো কাজ।  
2. প্রশংসা করা হয়েছে, বিদ্বেষ নেই।  
3. ইতিবাচক কথা বলা হয়েছে।","1. গরীবদের সাহায্য চাওয়া ভালো কাজ।  
2. প্রশংসামূলক কথা, কোন বিদ্বেষ নেই।  
3. ইতিবাচক বার্তা দেওয়া হয়েছে।","1. প্রশংসা ও সমর্থন প্রকাশ করা হয়েছে।  
2. গরীবদের সাহায্য করার ইচ্ছা প্রকাশ।  
3. কোন নেতিবাচক বা বিদ্বেষপূর্ণ শব্দ নেই।","1. ""ভাই"" সম্মানসূচক সম্বোধন ব্যবহার করা হয়েছে।  
2. ""এক নম্বর নায়ক"" প্রশংসামূলক শব্দ ব্যবহৃত হয়েছে।  
3. ""গরীবের জন্য কিছু করেন"" ইতিবাচক ইচ্ছা প্রকাশ পেয়েছে।","1. ""ভাই"" ব্যবহারে শ্রদ্ধা প্রকাশ পায়।  
2. ""এক নম্বর নায়ক"" বলতে প্রশংসা বোঝায়।  
3. গরীবের সাহায্য চাওয়া ইতিবাচক।","1. ""ভাই"" শব্দে সম্মান প্রকাশ পায়।  
2. ""এক নম্বর নায়ক"" বলতে প্রশংসা ফুটে ওঠে।  
3. গরীবের জন্য কাজ চাওয়া ভালো ইচ্ছা।","1. ""ভাই"" শব্দে শ্রদ্ধা প্রকাশ পায়।  
2. ""এক নম্বর নায়ক"" বলতে প্রশংসা বোঝায়।  
3. গরীবদের সাহায্য চাওয়া ইতিবাচক।","1. ""ভাই"" শব্দে স্নেহ ও শ্রদ্ধা ফুটে উঠেছে।  
2. ""এক নম্বর নায়ক"" বললে প্রশংসা প্রকাশ পায়।  
3. গরীবদের সাহায্য চাওয়া ভালো কাজের ইঙ্গিত।","1. ""ভাই"" শব্দে স্নেহ প্রকাশ পায়।  
2. ""এক নম্বর নায়ক"" বললে প্রশংসা বোঝায়।  
3. গরীবদের সাহায্য চাওয়া ইতিবাচক।","1. ""ভাই"" শব্দে স্নেহ ও সম্মান প্রকাশ পায়।  
2. ""এক নম্বর নায়ক"" বললে প্রশংসা ফুটে ওঠে।  
3. গরীবদের সাহায্য চাওয়া ভালো ইচ্ছা দেখায়।","1. ""ভাই"" শব্দে স্নেহ প্রকাশ পায়।  
2. ""এক নম্বর নায়ক"" প্রশংসা বোঝায়।  
3. গরীবদের সাহায্য চাওয়া ইতিবাচক।","1. ""ভাই"" শব্দে সম্পর্কের স্নেহ ফুটে উঠেছে।  
2. ""এক নম্বর নায়ক"" বলতে প্রশংসা বোঝানো হয়েছে।  
3. গরীবদের সাহায্য চাওয়া ভালো ইচ্ছা প্রকাশ করে।","1. ""ভাই"" শব্দে স্নেহ প্রকাশ পায়।  
2. ""এক নম্বর নায়ক"" প্রশংসা বোঝায়।  
3. গরীবদের সাহায্য চাওয়া ইতিবাচক।","1. ""ভাই"" শব্দে সম্পর্কের স্নেহ প্রকাশ পায়।  
2. ""এক নম্বর নায়ক"" বলতে প্রশংসা বোঝানো হয়েছে।  
3. গরীবদের সাহায্য চাওয়া ভালো ইচ্ছা প্রকাশ করে।","1. ""ভাই"" শব্দে স্নেহ ও শ্রদ্ধা প্রকাশ পায়।  
2. ""এক নম্বর নায়ক"" বলতে প্রশংসা ফুটে উঠেছে।  
3. গরীবদের সাহায্য চাওয়া ইতিবাচক মনোভাব দেখায়।","1. ""ভাই"" শব্দে স্নেহ প্রকাশ পায়।  
2. ""এক নম্বর নায়ক"" বলতে প্রশংসা করা হয়েছে।  
3. গরীবদের সাহায্য চাওয়া ইতিবাচক।","1. ""ভাই"" শব্দে স্নেহ ও সম্মান প্রকাশ পায়।  
2. ""এক নম্বর নায়ক"" বলতে প্রশংসা ফুটে উঠেছে।  
3. গরীবদের সাহায্য চাওয়া ভালো ইচ্ছা প্রকাশ করে।"
লাভ ইউ ম্যাশ ❤,Gender,Not Hateful,"মাশরাফির প্রতি ভালোবাসা ও সম্মান জানানো হয়েছে।
বক্তব্য সম্পূর্ণ ইতিবাচক ও সংক্ষিপ্ত।
কোনো আক্রমণাত্মক বা অবমাননাকর শব্দ ব্যবহার হয়নি।","১. ইতিবাচক আবেগ প্রকাশ করা হয়েছে।  
২. সম্মানজনক ভাষা ব্যবহার করা হয়েছে।  
৩. কোনো নেতিবাচক শব্দ নেই।","১. প্রেম ও স্নেহ প্রকাশ করা হয়েছে।  
২. শব্দগুলো ইতিবাচক ও সুন্দর।  
৩. কোনো আক্রমণাত্মক ভাষা নেই।","১. স্নেহময় শব্দ ব্যবহার করা হয়েছে।  
২. কোনো নেতিবাচক শব্দ নেই।  
৩. ইতিবাচক আবেগ প্রকাশ পেয়েছে।","১. প্রেমময় বার্তা প্রকাশ করা হয়েছে।  
২. কোনো ঘৃণা বা বিদ্বেষ নেই।  
৩. ইতিবাচক অনুভূতি ফুটে উঠেছে।","১. ""লাভ ইউ"" শব্দে প্রেম প্রকাশ পেয়েছে।  
২. হৃদয়সংবেদী বার্তায় কোনো বিদ্বেষ নেই।  
৩. ইতিবাচক আবেগ স্পষ্টভাবে দেখা যাচ্ছে।","১. প্রেম প্রকাশের শব্দ ব্যবহার করা হয়েছে।  
২. বার্তাটি সম্পূর্ণ ইতিবাচক আবেগপূর্ণ।  
৩. কোনো নেতিবাচক বা বিদ্বেষপূর্ণ শব্দ নেই।","১. শব্দগুলো স্নেহ ও ভালোবাসা প্রকাশ করছে।  
২. ইতিবাচক আবেগের জন্য লেবেল সঠিক।  
৩. বিদ্বেষপূর্ণ কোনো ভাষা ব্যবহৃত হয়নি।","১. শব্দগুলো স্নেহময় ও ইতিবাচক।  
২. কোনো বিদ্বেষ বা নেতিবাচকতা নেই।  
৩. ভালোবাসা প্রকাশের ভাষা ব্যবহৃত হয়েছে।","১. শব্দগুলো স্নেহ ও ভালোবাসা প্রকাশ করে।  
২. কোনো নেতিবাচক শব্দ বা ভাবনা নেই।  
৩. ইতিবাচক আবেগ ফুটে উঠেছে।","১. শব্দে ভালোবাসা প্রকাশ পেয়েছে।  
২. কোনো নেতিবাচকতা নেই এখানে।  
৩. ইতিবাচক আবেগ স্পষ্ট।","১. শব্দে স্পষ্ট ভালোবাসা প্রকাশিত।  
২. কোনো ঘৃণা বা নেতিবাচকতা নেই।  
৩. ইতিবাচক আবেগ সুস্পষ্ট।","১. শব্দে স্পষ্ট ভালোবাসা প্রকাশ পেয়েছে।  
২. কোনো নেতিবাচক শব্দ ব্যবহার করা হয়নি।  
৩. ইতিবাচক আবেগ ফুটে উঠেছে।","১. শব্দে সরাসরি ভালোবাসা প্রকাশ করা হয়েছে।  
২. কোনো ঘৃণা বা নেতিবাচক শব্দ নেই।  
৩. ইতিবাচক অনুভূতি স্পষ্টভাবে বোঝা যায়।","১. শব্দে সরাসরি ভালোবাসা প্রকাশ পেয়েছে।  
২. ঘৃণার কোনো শব্দ ব্যবহার করা হয়নি।  
৩. ইতিবাচক অনুভূতি স্পষ্টভাবে ফুটে উঠেছে।","১. শব্দে ভালোবাসা প্রকাশ পেয়েছে।  
২. কোনো ঘৃণার শব্দ নেই।  
৩. ইতিবাচক অনুভূতি ফুটে উঠেছে।","১. শব্দে স্পষ্ট ভালোবাসা প্রকাশিত।  
২. ঘৃণামূলক কোনো ভাষা নেই।  
৩. ইতিবাচক ভাব প্রকাশ পেয়েছে।","১. শব্দে স্পষ্ট ভালোবাসা প্রকাশ পেয়েছে।  
২. কোনো নেতিবাচক শব্দ ব্যবহৃত হয়নি।  
৩. ইতিবাচক আবেগ ফুটে উঠেছে।","১. শব্দে স্পষ্ট ভালোবাসা প্রকাশ পেয়েছে।  
২. কোনো ঘৃণা বা নেতিবাচকতা নেই।  
৩. ইতিবাচক আবেগ প্রকাশ করা হয়েছে।","১. শব্দে সরাসরি ভালোবাসা প্রকাশ পেয়েছে।  
২. কোনো নেতিবাচক শব্দ ব্যবহার করা হয়নি।  
৩. ইতিবাচক আবেগ স্পষ্টভাবে ফুটে উঠেছে।","১. ইতিবাচক শব্দ ব্যবহার করা হয়েছে।  
২. ভালোবাসা প্রকাশ করা হয়েছে।  
৩. কোনো নেতিবাচকতা নেই।","১. শব্দে স্নেহ ও ভালোবাসা প্রকাশ পেয়েছে।  
২. কোনো আক্রমণাত্মক ভাষা ব্যবহার করা হয়নি।  
৩. ইতিবাচক আবেগ স্পষ্টভাবে ফুটে উঠেছে।"
ভাই এই ছেলেরে বাচান,Gender,Not Hateful,"কারও প্রতি সহানুভূতি ও সাহায্যের আহ্বান।
বক্তব্যে সরলতা ও মানবিকতার প্রতিফলন।
কোনো নেতিবাচক বা বিদ্বেষপূর্ণ ইঙ্গিত নেই।","1. বক্তব্যে সহানুভূতির প্রকাশ স্পষ্ট।  
2. সাহায্যের আবেদন কোনো বিদ্বেষ নেই।  
3. ইতিবাচক মানবিক অনুভূতি ফুটে উঠেছে।","1. ছেলেটিকে বাঁচানোর আবেদন স্পষ্ট।  
2. কোনো নেতিবাচক শব্দ ব্যবহার করা হয়নি।  
3. সহানুভূতি ও উদ্বেগ প্রকাশ পেয়েছে।","1. আবেদনটি ইতিবাচক ও সহানুভূতিশীল।  
2. কোনো ঘৃণ্য শব্দ বা ভাষা নেই।  
3. উদ্বেগ প্রকাশের জন্য বলা হয়েছে।","1. ছেলেটিকে বাঁচানোর আবেদন করা হয়েছে।  
2. ভাষায় সহানুভূতি ও উদ্বেগ প্রকাশ পেয়েছে।  
3. কোনো নেতিবাচক বা ঘৃণার শব্দ নেই।","1. ""ভাই"" শব্দটি স্নেহ ও সহানুভূতি প্রকাশ করে।  
2. ""বাচান"" শব্দে উদ্বেগ ও সাহায্যের আবেদন আছে।  
3. কোনো ঘৃণামূলক শব্দ ব্যবহার করা হয়নি।","1. ""ভাই"" শব্দে স্নেহ প্রকাশ পায়।  
2. ""বাচান"" শব্দে সাহায্য চাওয়া হয়েছে।  
3. কোনো ঘৃণার শব্দ নেই।","1. ""ভাই"" শব্দে স্নেহ প্রকাশ পেয়েছে।  
2. ""বাচান"" শব্দে সহানুভূতি বোঝায়।  
3. কোনো বিদ্বেষমূলক শব্দ নেই।","1. ""ভাই"" শব্দে সম্পর্কের সৌহার্দ্য ফুটে উঠেছে।  
2. ""বাচান"" শব্দে উদ্বেগ ও সহমর্মিতা প্রকাশ পেয়েছে।  
3. বাক্যটিতে ঘৃণার কোনো ইঙ্গিত নেই।","1. ""ভাই"" শব্দে স্নেহের প্রকাশ আছে।  
2. ""বাচান"" শব্দে সহানুভূতি দেখা যায়।  
3. বাক্যটি ইতিবাচক আবেগ বহন করে।","1. ""ভাই"" শব্দে সম্পর্কের স্নেহ ফুটে উঠেছে।  
2. ""বাচান"" শব্দে উদ্বেগ ও সহমর্মিতা প্রকাশ পায়।  
3. বাক্যটিতে ইতিবাচক আবেগের প্রাধান্য রয়েছে।","1. ""ভাই"" শব্দে স্নেহ প্রকাশ পায়।  
2. ""বাচান"" শব্দে উদ্বেগ ফুটে উঠেছে।  
3. বাক্যটি ইতিবাচক আবেগ বহন করে।","1. ""ভাই"" শব্দে সম্পর্কের ঘনিষ্ঠতা বোঝায়।  
2. ""বাচান"" শব্দে সাহায্যের আবেদন ফুটে উঠেছে।  
3. সম্পূর্ণ বাক্যটি উদ্বেগ ও সহানুভূতি প্রকাশ করে।","1. ""ভাই"" শব্দে স্নেহ প্রকাশ পায়।  
2. ""বাচান"" শব্দে সাহায্য চাওয়া হয়েছে।  
3. বাক্যটি উদ্বেগ প্রকাশ করে।","1. ""ভাই"" শব্দে সম্পর্কের স্নেহ ফুটে উঠেছে।  
2. ""বাচান"" শব্দে সাহায্যের আবেদন করা হয়েছে।  
3. বাক্যটিতে উদ্বেগের স্পষ্ট প্রকাশ আছে।","1. ""ভাই"" শব্দে স্নেহ প্রকাশ পেয়েছে।  
2. ""বাচান"" শব্দে সাহায্য চাওয়া হয়েছে।  
3. বাক্যটিতে উদ্বেগের প্রকাশ আছে।","1. ""ভাই"" শব্দে সম্পর্কের ঘনিষ্ঠতা দেখায়।  
2. ""বাচান"" শব্দে জরুরি আবেদন বোঝায়।  
3. বাক্যটিতে মানবিক আবেদন স্পষ্ট।","1. ""ভাই"" শব্দে স্নেহ ও সম্পর্কের ইঙ্গিত আছে।  
2. ""বাচান"" শব্দে সাহায্যের জরুরি আবেদন ফুটে উঠেছে।  
3. পুরো বাক্যটিতে মানবিক আবেদন স্পষ্টভাবে প্রকাশ পেয়েছে।","1. ""ভাই"" শব্দে স্নেহ প্রকাশ পায়।  
2. ""বাচান"" শব্দে সাহায্য চাওয়া হয়েছে।  
3. বাক্যটিতে মানবিক আবেদন আছে।","1. ""ভাই"" শব্দে সম্পর্কের স্নেহ ফুটে উঠেছে।  
2. ""বাচান"" বলতে সাহায্য চাওয়া হয়েছে।  
3. পুরো বাক্যটিতে মানবিক আবেদন রয়েছে।","1. ""ভাই"" শব্দে স্নেহের প্রকাশ ঘটেছে।  
2. ""বাচান"" শব্দে সাহায্যের আবেদন আছে।  
3. পুরো বাক্যটি মানবিক অনুভূতি প্রকাশ করে।","1. ""ভাই"" শব্দে সম্পর্কের স্নেহ ফুটে উঠেছে।  
2. ""বাচান"" বলায় সহানুভূতির ইঙ্গিত রয়েছে।  
3. বাক্যটি উদার মানবিক আবেদন বহন করে।"
হিরো আলম তুমিই রাইট।সততা দিয়ে এগিয়ে যাও।,Gender,Not Hateful,"বক্তব্যে ব্যক্তির সততার প্রতি উৎসাহ দেওয়া হয়েছে।
ইতিবাচক বার্তা ও সমর্থন প্রকাশ করা হয়েছে।
আক্রমণাত্মক বা বিদ্বেষমূলক কিছু নেই।","১. ব্যক্তির সততাকে উৎসাহিত করা হয়েছে।  
২. ইতিবাচক সমর্থন প্রকাশ পেয়েছে।  
৩. কোনো বিদ্বেষ বা আক্রমণ নেই।","১. ব্যক্তির সততাকে প্রশংসা করা হয়েছে।  
২. ইতিবাচক বার্তা প্রকাশ পেয়েছে।  
৩. বিদ্বেষমূলক কোনো ভাষা নেই।","১. ব্যক্তির সততার প্রশংসা করা হয়েছে।  
২. ইতিবাচক উক্তি প্রকাশ পেয়েছে।  
৩. কোনো বিদ্বেষপূর্ণ ভাষা নেই।","১. ব্যক্তির সততার প্রশংসা করা হয়েছে।  
২. ইতিবাচক ভাষা ব্যবহার করা হয়েছে।  
৩. কোনো নেতিবাচক শব্দ নেই।","১. ব্যক্তির সততার প্রশংসা করা হয়েছে।  
২. ইতিবাচক শব্দ ব্যবহার করা হয়েছে।  
৩. কোনো বিদ্বেষপূর্ণ ভাষা নেই।","১. ব্যক্তির সততার প্রশংসা করা হয়েছে।  
২. ইতিবাচক ভাষা ব্যবহার করা হয়েছে।  
৩. কোনো নেতিবাচক শব্দ নেই।","১. ব্যক্তির সততার প্রশংসা করা হয়েছে।  
২. ইতিবাচক ভাষা ব্যবহার করা হয়েছে।  
৩. কোনো নেতিবাচক শব্দ নেই।","১. হিরো আলমের সততার প্রশংসা করা হয়েছে।  
২. ইতিবাচক শব্দ ব্যবহার করা হয়েছে।  
৩. কোনো ঘৃণামূলক শব্দ নেই।","১. হিরো আলমের সততার প্রশংসা করা হয়েছে।  
২. ইতিবাচক ভাষা ব্যবহার করা হয়েছে।  
৩. কোনো নেতিবাচক শব্দ নেই।","১. হিরো আলমের সততার প্রশংসা আছে।  
২. ইতিবাচক শব্দ ব্যবহার করা হয়েছে।  
৩. কোনো ঘৃণা বা নেতিবাচকতা নেই।","১. হিরো আলমের সততার প্রশংসা করা হয়েছে।  
২. ইতিবাচক ভাষা ব্যবহৃত হয়েছে।  
৩. ঘৃণামূলক শব্দ নেই।","১. হিরো আলমের সততার প্রশংসা করা হয়েছে।  
২. ইতিবাচক শব্দ ব্যবহার করা হয়েছে।  
৩. কোনো নেতিবাচক শব্দ নেই।","১. হিরো আলমের সততার প্রশংসা আছে।  
২. ইতিবাচক শব্দে উৎসাহ দেওয়া হয়েছে।  
৩. নেতিবাচক কোনো শব্দ ব্যবহৃত হয়নি।","১. হিরো আলমের সততার প্রশংসা করা হয়েছে।  
২. ইতিবাচক ভাষায় উৎসাহ দেওয়া হয়েছে।  
৩. নেতিবাচক শব্দ ব্যবহার করা হয়নি।","১. হিরো আলমের সততার প্রশংসা আছে।  
২. উৎসাহমূলক ভাষা ব্যবহার করা হয়েছে।  
৩. কোনো নেতিবাচক শব্দ নেই।","১. হিরো আলমের সততার উল্লেখ আছে।  
২. ইতিবাচক শব্দ ব্যবহার করা হয়েছে।  
৩. কোনো বিদ্বেষপূর্ণ ভাষা নেই।","১. হিরো আলমের প্রশংসা করা হয়েছে।  
২. ইতিবাচক বার্তা দেওয়া হয়েছে।  
৩. বিদ্বেষপূর্ণ শব্দ নেই।","১. হিরো আলমের প্রতি সমর্থন প্রকাশ করা হয়েছে।  
২. ইতিবাচক উৎসাহ দেওয়া হয়েছে।  
৩. কোনো নেতিবাচক শব্দ ব্যবহৃত হয়নি।","১. হিরো আলমের নাম উল্লেখ করে সমর্থন দেখানো হয়েছে।  
২. সততার প্রশংসা করে ইতিবাচক বার্তা দেওয়া হয়েছে।  
৩. কোনো বিদ্বেষপূর্ণ শব্দ বা ভাবনা নেই।","১. হিরো আলমের প্রতি সমর্থন প্রকাশ পেয়েছে।  
২. সততার প্রশংসা করা হয়েছে।  
৩. কোনো নেতিবাচক শব্দ ব্যবহৃত হয়নি।","১. হিরো আলমের নাম উল্লেখ করে সমর্থন দেখানো হয়েছে।  
২. সততার প্রশংসা আছে বাক্যে।  
৩. ঘৃণামূলক শব্দ ব্যবহার করা হয়নি।"
