Sample_text,Category,Final Label,Female_biased,Not Female_biased,Artist_biased Label,Not Artist_biased Label,Sportsman_biased Label,Not Sports_biased Label,Vlogger_biased Label,Not Vlogger_biased Label,Muslim_biased Label,Hindu_biased Label,Not Muslim and Hindu,Diplomacy_biased Label,Not Diplomacy_biased Label,Security_Analyst_biased Label,Not Security_Analyst_biased Label,Journalist_biased Label,Not Journalist_biased Label,Plitical Personality_biased Label,NonPlitical Personality_biased Label,International Relation Analyst_biased Label,Not International Relation Analyst_biased Label
?? ????? ???? ????? ???? ??? ???????? ???? ???? ??????,Gender,Sexual Harassments,'Offensive','Offensive','Offensive','Offensive','Offensive','Offensive','Offensive','Offensive','Offensive','Offensive','Offensive','Offensive','Offensive','Offensive','Offensive','Offensive','Offensive','Offensive','Offensive','Offensive','Offensive'
?? ??? ?????? ???? ???? ??...,Gender,Offensive,'Offensive','Offensive','Offensive','Offensive','Offensive','Offensive','Offensive','Offensive','Offensive','Offensive','Offensive','Offensive','Offensive','Offensive','Offensive','Offensive','Offensive','Offensive','Offensive','Offensive','Offensive'
??? ???? ??? ?? ??? ??? ??? ???? ???? ???? ?,Gender,Offensive,'Offensive','Offensive','Offensive','Offensive','Offensive',['Offensive'],'Offensive','Offensive','Offensive','Offensive','Offensive','Offensive','Offensive','Offensive','Offensive','Offensive','Offensive','Offensive','Offensive','Offensive','Offensive'
???? ???? ? ??? ???? ???? ???? ???? ????,Gender,Offensive,'Offensive','Offensive','Offensive','Offensive','Offensive','Offensive','Offensive','Offensive','Offensive','Offensive','Offensive','Offensive','Offensive','Offensive','Offensive','Offensive','Offensive','Offensive','Offensive','Offensive','Offensive'
???? ??? ?? ???? ???,Gender,Offensive,'Offensive','Offensive','Offensive','Offensive','Offensive','Offensive','Offensive','Offensive','Offensive','Offensive','Offensive','Offensive','Offensive','Offensive','Offensive','Offensive','Offensive','Offensive','Offensive','Offensive','Offensive'
?? ????? ????? ??????? ???? ?? ????? ??? ????,Gender,Offensive,'Offensive','Offensive','Offensive','Offensive','Offensive','Offensive','Offensive','Offensive','Offensive','Offensive','Offensive','Offensive','Offensive','Offensive','Offensive','Offensive','Offensive','Offensive','Offensive','Offensive','Offensive'
????? ??? ??????? ???? ???? ???? ??? ?????,Gender,Offensive,'Offensive','Offensive','Offensive','Offensive','Offensive','Offensive','Offensive','Offensive','Offensive','Offensive','Offensive','Offensive','Offensive','Offensive','Offensive','Offensive','Offensive','Offensive','Offensive','Offensive','Offensive'
???????? ???? ???? ??,Gender,Violence,'Offensive','Offensive','Offensive','Offensive','Offensive','Offensive','Offensive','Offensive','Offensive','Offensive','Offensive','Offensive','Offensive','Offensive','Offensive','Offensive','Offensive','Offensive','Offensive','Offensive','Offensive'
???? ?? ?? ??????? ???? ??? ??? ??? ??? ????? ????? ??????,Gender,Offensive,'Offensive','Offensive','Offensive','Offensive','Offensive','Offensive','Offensive','Offensive','Offensive','Offensive','Offensive','Offensive','Offensive','Offensive','Offensive','Offensive','Offensive','Offensive','Offensive','Offensive','Offensive'
??? ???? ?? ??????? ????? ???? ???? ???? ???? ????,Gender,Offensive,'Offensive','Offensive','Offensive','Offensive','Offensive','Offensive','Offensive','Offensive','Offensive','Offensive','Offensive','Offensive','Offensive','Offensive','Offensive','Offensive','Offensive','Offensive','Offensive','Offensive','Offensive'
???? ????? ???? ???? ???? ??? ?????? ????? ???? ???,Gender,Violence,'Offensive','Offensive','Offensive','Offensive','Offensive','Offensive','Offensive','Offensive','Offensive','Offensive','Offensive','Offensive','Offensive','Offensive','Offensive','Offensive','Offensive','Offensive','Offensive','Offensive','Offensive'
???? ?? ????? ???? ????? ???? ????,Gender,Sexual Harassments,'Offensive','Offensive','Offensive','Offensive','Offensive','Offensive','Offensive','Offensive','Offensive','Offensive','Offensive','Offensive','Offensive','Offensive','Offensive','Offensive','Offensive','Offensive','Offensive','Offensive','Offensive'
?????? ?? ????? ??? ??? ????? ???,Gender,Offensive,'Offensive','Offensive','Offensive','Offensive','Offensive','Offensive','Offensive','Offensive','Offensive','Offensive','Offensive','Offensive','Offensive','Offensive','Offensive','Offensive','Offensive','Offensive','Offensive','Offensive','Offensive'
?????? ??????? ????? ???? ??????????? ???? ?? ????? ???? ????? ????? ???? ???? ?????? ??? ???? ????? ????? ??? ?????? ???? ????? ?????? ???? ?? ???,Gender,Offensive,'Offensive','Offensive','Offensive','Offensive','Offensive','Offensive','Offensive','Offensive','Offensive','Offensive','Offensive','Offensive','Offensive','Offensive','Offensive','Offensive','Offensive','Offensive','Offensive','Offensive','Offensive'
??????? ???? ??????? ???,Gender,Offensive,'Offensive','Offensive','Offensive','Offensive','Offensive','Offensive','Offensive','Offensive','Offensive','Offensive','Offensive','Offensive','Offensive','Offensive','Offensive','Offensive','Offensive','Offensive','Offensive','Offensive','Offensive'
??????? ???? ???? ???? ?? ???? ??? ??????????? ??? ??? ????????,Gender,Offensive,'Offensive','Offensive','Offensive','Offensive','Offensive','Offensive','Offensive','Offensive','Offensive','Offensive','Offensive','Offensive','Offensive','Offensive','Offensive','Offensive','Offensive','Offensive','Offensive','Offensive','Offensive'
??????? ??? ?????? ?? ???????? ??? ?????? ??? ?? ???? ?????? ???? ???,Gender,Offensive,'Offensive','Offensive','Offensive','Offensive','Offensive','Offensive','Offensive','Offensive','Offensive','Offensive','Offensive','Offensive','Offensive','Offensive','Offensive','Offensive','Offensive','Offensive','Offensive','Offensive','Offensive'
???????? ?? ????? ????? ???? ?????? ???; ??? ????? ??????? ??,Gender,Offensive,'Offensive','Offensive','Offensive','Offensive','Offensive','Offensive','Offensive','Offensive','Offensive','Offensive','Offensive','Offensive','Offensive','Offensive','Offensive','Offensive','Offensive','Offensive','Offensive','Offensive','Offensive'
"??????? ?????? ???? ??? ???? ???? ????, ?????? ???? ???? ???? ????? ???",Gender,Offensive,'Offensive','Offensive','Offensive','Offensive','Offensive','Offensive','Offensive','Offensive','Offensive','Offensive','Offensive','Offensive','Offensive','Offensive','Offensive','Offensive','Offensive','Offensive','Offensive','Offensive','Offensive'
??? ????? ?? ???????  ?????? ???? ??? ??????,Gender,Offensive,'Offensive','Offensive','Offensive','Offensive','Offensive','Offensive','Offensive','Offensive','Offensive','Offensive','Offensive','Offensive','Offensive','Offensive','Offensive','Offensive','Offensive','Offensive','Offensive','Offensive','Offensive'
"????? ???? ??, ?????? ???????? ????? ??? ???? ???",Gender,Offensive,'Offensive','Offensive','Offensive','Offensive','Offensive','Offensive','Offensive','Offensive','Offensive','Offensive','Offensive','Offensive','Offensive','Offensive','Offensive','Offensive','Offensive','Offensive','Offensive','Offensive','Offensive'
?? ?? ?????? ???? ???? ?????? ?????,Gender,Sexual Harassments,'Offensive','Offensive','Offensive','Offensive','Offensive','Offensive','Offensive','Offensive','Offensive','Offensive','Offensive','Offensive','Offensive','Offensive','Offensive','Offensive','Offensive','Offensive','Offensive','Offensive','Offensive'
?? ?? ?????? ???? ???? ?????,Gender,Offensive,'Offensive','Offensive','Offensive','Offensive','Offensive','Offensive','Offensive','Offensive','Offensive','Offensive','Offensive','Offensive','Offensive','Offensive','Offensive','Offensive','Offensive','Offensive','Offensive','Offensive','Offensive'
?? ??? ?????? ??? ??? ?? ?? ???? ????? ??? ??? ??? ???,Gender,Offensive,'Offensive','Offensive','Offensive','Offensive','Offensive','Offensive','Offensive','Offensive','Offensive','Offensive','Offensive','Offensive','Offensive','Offensive','Offensive','Offensive','Offensive','Offensive','Offensive','Offensive','Offensive'
?? ???? ???? ?? ???? ???? ???,Gender,Offensive,'Offensive','Offensive','Offensive','Offensive','Offensive','Offensive','Offensive','Offensive','Offensive','Offensive','Offensive','Offensive','Offensive','Offensive','Offensive','Offensive','Offensive','Offensive','Offensive','Offensive','Offensive'
????? ????? ???? ???? ????,Gender,Offensive,'Offensive','Offensive','Offensive','Offensive','Offensive','Offensive','Offensive','Offensive','Offensive','Offensive','Offensive','Offensive','Offensive','Offensive','Offensive','Offensive','Offensive','Offensive','Offensive','Offensive','Offensive'
??? ???? ???? ???? ?????? ???? ?? ???? ??? ???? ???? ??? ???? ?? ???? ???? ???,Gender,Offensive,'Offensive','Offensive','Offensive','Offensive','Offensive','Offensive','Offensive','Offensive','Offensive','Offensive','Offensive','Offensive','Offensive','Offensive','Offensive','Offensive','Offensive','Offensive','Offensive','Offensive','Offensive'
??? ?????? ??? ???? ????? ??? ?? ???? ????? ??? ???? ???????? ?? ???? ??????? ? ???? ???,Gender,Offensive,'Offensive','Offensive','Offensive','Offensive','Offensive','Offensive','Offensive','Offensive','Offensive','Offensive','Offensive','Offensive','Offensive','Offensive','Offensive','Offensive','Offensive','Offensive','Offensive','Offensive','Offensive'
??? ??????? ???? ?????? ?????????? ???? ???????? ?????? ????? ????,Gender,Offensive,'Offensive','Offensive','Offensive','Offensive','Offensive','Offensive','Offensive','Offensive','Offensive','Offensive','Offensive','Offensive','Offensive','Offensive','Offensive','Offensive','Offensive','Offensive','Offensive','Offensive','Offensive'
??? ???? ?????? ???????? ?????? ??????? ?? ???? ???,Gender,Offensive,'Offensive','Offensive','Offensive','Offensive','Offensive','Offensive','Offensive','Offensive','Offensive','Offensive','Offensive','Offensive','Offensive','Offensive','Offensive','Offensive','Offensive','Offensive','Offensive','Offensive','Offensive'
?? ????? ???? ????? ???? ???? ? ???? ??,Gender,Offensive,'Offensive','Offensive','Offensive','Offensive','Offensive','Offensive','Offensive','Offensive','Offensive','Offensive','Offensive','Offensive','Offensive','Offensive','Offensive','Offensive','Offensive','Offensive','Offensive','Offensive','Offensive'
?? ??? ?? ?????? ?????,Gender,Offensive,'Offensive','Offensive','Offensive','Offensive','Offensive','Offensive','Offensive','Offensive','Offensive','Offensive','Offensive','Offensive','Offensive','Offensive','Offensive','Offensive','Offensive','Offensive','Offensive','Offensive','Offensive'
?? ???? ????? ????? ??? ?????,Gender,Offensive,'Offensive','Offensive','Offensive','Offensive','Offensive','Offensive','Offensive','Offensive','Offensive','Offensive','Offensive','Offensive','Offensive','Offensive','Offensive','Offensive','Offensive','Offensive','Offensive','Offensive','Offensive'
???? ????? ???? ??? ????? ????? ?? ???,Gender,Sexual Harassments,'Offensive','Offensive','Offensive','Offensive','Offensive','Offensive','Offensive','Offensive','Offensive','Offensive','Offensive','Offensive','Offensive','Offensive','Offensive','Offensive','Offensive','Offensive','Offensive','Offensive','Offensive'
???? ?????? ????? ????? ???? ????? ????? ?????,Gender,Offensive,'Offensive','Offensive','Offensive','Offensive','Offensive','Offensive','Offensive','Offensive','Offensive','Offensive','Offensive','Offensive','Offensive','Offensive','Offensive','Offensive','Offensive','Offensive','Offensive','Offensive','Offensive'
??????? ?? ?? ????? ? ?? ???? ???? ?????? ????? ??????? ???? ???? ??? ????????,Gender,Offensive,'Offensive','Offensive','Offensive','Offensive','Offensive','Offensive','Offensive','Offensive','Offensive','Offensive','Offensive','Offensive','Offensive','Offensive','Offensive','Offensive','Offensive','Offensive','Offensive','Offensive','Offensive'
??????? ???? ????,Gender,Offensive,'Offensive','Offensive','Offensive','Offensive','Offensive','Offensive','Offensive','Offensive','Offensive','Offensive','Offensive','Offensive','Offensive','Offensive','Offensive','Offensive','Offensive','Offensive','Offensive','Offensive','Offensive'
?????? ??????? ?????? ???? ??????,Gender,Offensive,'Offensive','Offensive','Offensive','Offensive','Offensive','Offensive','Offensive','Offensive','Offensive','Offensive','Offensive','Offensive','Offensive','Offensive','Offensive','Offensive','Offensive','Offensive','Offensive','Offensive','Offensive'
?? ???? ??? ????? ?? ???? ??? ?????,Gender,Offensive,'Offensive','Offensive','Offensive','Violence','Offensive','Violence','Offensive','Offensive','Offensive','Offensive','Offensive','Offensive','Violence','Offensive','Offensive','Offensive','Offensive','Offensive','Offensive','Offensive','Offensive'
?? ????? ?? ???? ?? ??? ??? ??? ?? ?? ?? ????,Gender,Offensive,'Offensive','Offensive','Offensive','Offensive','Offensive','Sexual Harassments','Offensive','Offensive','Offensive','Offensive','Offensive','Offensive','Offensive','Offensive','Offensive','Offensive','Offensive','Offensive','Offensive','Offensive','Offensive'
?? ????? ??? ????? ?? ??? ???? ???? ????? ???????? ???? ???? ??,Gender,Offensive,'Violence','Violence','Violence','Violence','Violence','Violence','Violence','Violence','Violence','Violence','Violence','Violence','Violence','Violence','Violence','Violence','Violence','Violence','Offensive','Violence','Violence'
???? ???? ???? ????????,Gender,Offensive,'Offensive','Offensive','Offensive','Offensive','Offensive','Offensive','Offensive','Offensive','Offensive','Offensive','Offensive','Offensive','Offensive','Offensive','Offensive','Offensive','Offensive','Offensive','Offensive','Offensive','Offensive'
?? ?? ????? ?????? ??? ?????,Gender,Offensive,'Offensive','Offensive','Offensive','Offensive','Offensive','Offensive','Offensive','Offensive','Offensive','Offensive','Offensive','Offensive','Offensive','Offensive','Offensive','Offensive','Offensive','Offensive','Offensive','Offensive','Offensive'
???? ???? ????? ???? ??? ???? ??? ??? ???????? ??????,Gender,Offensive,'Violence','Violence','Violence','Violence','Violence','Violence','Offensive','Violence','Offensive','Offensive','Offensive','Offensive','Violence','Violence','Offensive','Offensive','Offensive','Offensive','Offensive','Offensive','Offensive'
????????? ???????? ?????? ????? ??? ??????? ?????? ?????? ??????????,Gender,Offensive,'Offensive','Offensive','Offensive','Offensive','Offensive','Offensive','Offensive','Offensive','Offensive','Offensive','Offensive','Offensive','Offensive','Offensive','Offensive','Offensive','Offensive','Offensive','Offensive','Offensive','Offensive'
???????? ????????? ????? ??????? ???????? ?????? ?????? ???????,Gender,Offensive,'Offensive','Offensive','Offensive',['Offensive'],'Offensive','Offensive','Offensive','Offensive','Offensive','Offensive','Offensive','Offensive','Offensive','Offensive','Offensive','Offensive','Offensive','Offensive','Offensive','Offensive','Offensive'
??????? ?????? ?????? ????? ????? ??? ?????????,Gender,Violence,'Offensive','Offensive','Offensive','Offensive','Offensive','Offensive','Offensive','Offensive','Offensive','Offensive','Offensive','Offensive','Offensive','Offensive','Offensive','Offensive','Offensive','Offensive','Offensive','Offensive','Offensive'
???????? ?????? ?? ???? ???? ????? ?????? ?? ?? ?? ????? ?? ??????? ?????,Gender,Sexual Harassments,'Offensive','Offensive','Offensive','Offensive','Offensive','Offensive','Offensive','Offensive','Offensive','Offensive','Offensive','Offensive','Offensive','Offensive','Offensive','Offensive','Offensive','Offensive','Offensive','Offensive','Offensive'
??? ???????? ??????? ???? ??? ??? ??? ??????? ??? ?????,Gender,Offensive,'Offensive','Offensive','Offensive','Offensive','Offensive','Offensive','Offensive','Offensive','Offensive','Offensive','Offensive','Offensive','Offensive','Offensive','Offensive','Offensive','Offensive','Offensive','Offensive','Offensive','Offensive'
??? ????? ??? ??????,Gender,Offensive,'Offensive','Offensive','Offensive','Offensive','Offensive','Offensive','Offensive','Offensive','Offensive','Offensive','Offensive','Offensive','Offensive','Offensive','Offensive','Offensive','Offensive','Offensive','Offensive','Offensive','Offensive'
???? ??? ???? ?????? ???? ???? ???? ???? ? ????,Gender,Offensive,'Offensive','Offensive','Offensive','Offensive','Offensive','Offensive','Offensive','Offensive','Offensive','Offensive','Offensive','Offensive','Offensive','Offensive','Offensive','Offensive','Offensive','Offensive','Offensive','Offensive','Offensive'
???? ????? ?????,Gender,Offensive,'Offensive','Offensive','Offensive','Offensive','Offensive','Offensive','Offensive','Offensive','Offensive','Offensive','Offensive','Offensive','Offensive','Offensive','Offensive','Offensive','Offensive','Offensive','Offensive','Offensive','Offensive'
???? ???? ?? ????? ?? ?? ??????? ?????? ????,Gender,Offensive,'Offensive','Offensive','Offensive','Offensive','Offensive','Offensive','Offensive','Offensive','Offensive','Offensive','Offensive','Offensive','Offensive','Offensive','Offensive','Offensive','Offensive','Offensive','Offensive','Offensive','Offensive'
???? ???? ???? ???? ???? ???? ???? ?????? ?????? ??? ??? ?? ??,Gender,Offensive,'Offensive','Offensive','Offensive','Offensive','Offensive','Offensive','Offensive','Offensive','Offensive','Offensive','Offensive','Offensive','Offensive','Offensive','Offensive','Offensive','Offensive','Offensive','Offensive','Offensive','Offensive'
?????? ???? ????? ??? ????,Gender,Offensive,'Offensive','Offensive','Offensive','Offensive','Offensive','Offensive','Offensive','Offensive','Offensive','Offensive','Offensive','Offensive','Offensive','Offensive','Offensive','Offensive','Offensive','Offensive','Offensive','Offensive','Offensive'
?????? ???? ?? ????? ?????,Gender,Offensive,'Offensive','Offensive','Offensive','Offensive','Offensive','Offensive','Offensive','Offensive','Offensive','Offensive','Offensive','Offensive','Offensive','Offensive','Offensive','Offensive','Offensive','Offensive','Offensive','Offensive','Offensive'
???? ???? ?????,Gender,Sexual Harassments,'Offensive','Offensive','Offensive','Offensive','Offensive','Offensive','Offensive','Offensive','Offensive','Offensive','Offensive','Offensive','Offensive','Offensive','Offensive','Offensive','Offensive','Offensive','Offensive','Offensive','Offensive'
??????? ????? ??? ?? ?? ??? ????,Gender,Offensive,'Offensive','Offensive','Offensive','Offensive','Offensive','Offensive','Offensive','Offensive','Offensive','Offensive','Offensive','Offensive','Offensive','Offensive','Offensive','Offensive','Offensive','Offensive','Offensive','Offensive','Offensive'
???? ???? ???? ???? ??? ?????,Gender,Offensive,'Offensive','Offensive','Offensive','Offensive','Offensive','Offensive','Offensive','Offensive','Offensive','Offensive','Offensive','Offensive','Offensive','Offensive','Offensive','Offensive','Offensive','Offensive','Offensive','Offensive','Offensive'
???? ???? ???? ????? ?????? ????,Gender,Offensive,'Offensive','Offensive','Offensive','Offensive','Offensive','Offensive','Offensive','Offensive','Offensive','Offensive','Offensive','Offensive','Offensive','Offensive','Offensive','Offensive','Offensive','Offensive','Offensive','Offensive','Offensive'
?????? ???? ???? ??? ?????,Gender,Offensive,'Offensive','Offensive','Offensive','Offensive','Offensive','Offensive','Offensive','Offensive','Offensive','Offensive','Offensive','Offensive','Offensive','Offensive','Offensive','Offensive','Offensive','Offensive','Offensive','Offensive','Offensive'
?????? ????? ??? ??? ???? ????? ??? ???? ?????? ???? ??????? ?????,Gender,Offensive,'Offensive','Offensive','Offensive','Offensive','Offensive','Offensive','Offensive','Offensive','Offensive','Offensive','Offensive','Offensive','Offensive','Offensive','Offensive','Offensive','Offensive','Offensive','Offensive','Offensive','Offensive'
??????? ?????? ????? ????????? ?????? ????,Gender,Offensive,'Offensive','Offensive','Offensive','Offensive','Offensive','Offensive','Offensive','Offensive','Offensive','Offensive','Offensive','Offensive','Offensive','Offensive','Offensive','Offensive','Offensive','Offensive','Offensive','Offensive','Offensive'
???? ?? ??????? ????? ??????? ??? ?????? ?????? ?? ?? ????????? ???? ??????,Gender,Offensive,'Offensive','Offensive','Offensive','Offensive','Offensive','Offensive','Offensive','Offensive','Offensive','Offensive','Offensive','Offensive','Offensive','Offensive','Offensive','Offensive','Offensive','Offensive','Offensive','Offensive','Offensive'
????? ??? ????,Gender,Offensive,'Offensive','Offensive','Offensive','Offensive','Offensive','Offensive','Offensive','Offensive','Offensive','Offensive','Offensive','Offensive','Offensive','Offensive','Offensive','Offensive','Offensive','Offensive','Offensive','Offensive','Offensive'
????? ???? ???? ????,Gender,Offensive,'Offensive','Offensive','Offensive','Offensive','Offensive','Offensive','Offensive','Offensive','Offensive','Offensive','Offensive','Offensive','Offensive','Offensive','Offensive','Offensive','Offensive','Offensive','Offensive','Offensive','Offensive'
???? ??? ??????,Gender,Offensive,'Offensive','Offensive','Offensive','Offensive','Offensive','Offensive','Offensive','Offensive','Offensive','Offensive','Offensive','Offensive','Offensive','Offensive','Offensive','Offensive','Offensive','Offensive','Offensive','Offensive','Offensive'
???? ??? ????? ?? ???? ???? ??????? ??????? ????? ????,Gender,Offensive,'Offensive','Offensive','Offensive','Offensive','Offensive','Offensive','Offensive','Offensive','Offensive','Offensive','Offensive','Offensive','Offensive','Offensive','Offensive','Offensive','Offensive','Offensive','Offensive','Offensive','Offensive'
??????? ??? ???? ???? ????,Gender,Offensive,'Offensive','Offensive','Offensive','Offensive','Offensive','Offensive','Offensive','Offensive','Offensive','Offensive','Offensive','Offensive','Offensive','Offensive','Offensive','Offensive','Offensive','Offensive','Offensive','Offensive','Offensive'
???? ???? ?????? ???? ???? ???? ???? ????? ???? ???? ???? ???? ?????? ?? ????,Gender,Offensive,'Offensive','Offensive','Offensive','Offensive','Offensive','Offensive','Offensive','Offensive','Offensive','Offensive','Offensive','Offensive','Offensive','Offensive','Offensive','Offensive','Offensive','Offensive','Offensive','Offensive','Offensive'
????? ????? ?? ???????? ??? ? ????????? ????,Gender,Offensive,'Offensive','Offensive','Offensive','Offensive','Offensive','Offensive','Offensive','Offensive','Offensive','Offensive','Offensive','Offensive','Offensive','Offensive','Offensive','Offensive','Offensive','Offensive','Offensive','Offensive','Offensive'
???? ???? ??? ??????,Gender,Violence,'Offensive','Offensive','Offensive','Offensive','Offensive','Offensive','Offensive','Offensive','Offensive','Offensive','Offensive','Offensive','Offensive','Offensive','Offensive','Offensive','Offensive','Offensive','Offensive','Offensive','Offensive'
???? ???? ?????,Gender,Violence,'Offensive','Offensive','Offensive','Offensive','Offensive','Offensive','Offensive','Offensive','Offensive','Offensive','Offensive','Offensive','Offensive','Offensive','Offensive','Offensive','Offensive','Offensive','Offensive','Offensive','Offensive'
???? ??? ???? ???? ?????? ????,Gender,Offensive,'Offensive','Offensive','Offensive','Offensive','Offensive','Offensive','Offensive','Offensive','Offensive','Offensive','Offensive','Offensive','Offensive','Offensive','Offensive','Offensive','Offensive','Offensive','Offensive','Offensive','Offensive'
???? ??? ????? ??,Gender,Offensive,'Offensive','Offensive','Offensive','Offensive','Offensive','Offensive','Offensive','Offensive','Offensive','Offensive','Offensive','Offensive','Offensive','Offensive','Offensive','Offensive','Offensive','Offensive','Offensive','Offensive','Offensive'
???? ???? ?????? ????,Gender,Offensive,'Offensive','Offensive','Offensive','Offensive','Offensive','Offensive','Offensive','Offensive','Offensive','Offensive','Offensive','Offensive','Offensive','Offensive','Offensive','Offensive','Offensive','Offensive','Offensive','Offensive','Offensive'
???????? ??? ????? ????????????,Gender,Violence,'Offensive','Offensive','Offensive','Offensive','Offensive','Offensive','Offensive','Offensive','Offensive','Offensive','Offensive','Offensive','Offensive','Offensive','Offensive','Offensive','Offensive','Offensive','Offensive','Offensive','Offensive'
?????? ???? ???? ??????? ??? ???? ?????,Gender,Offensive,'Offensive','Offensive','Offensive','Offensive','Offensive','Offensive','Offensive','Offensive','Offensive','Offensive','Offensive','Offensive','Offensive','Offensive','Offensive','Offensive','Offensive','Offensive','Offensive','Offensive','Offensive'
???? ??? ????? ???? ???,Gender,Offensive,'Offensive','Offensive','Offensive','Offensive','Offensive','Offensive','Offensive','Offensive','Offensive','Offensive','Offensive','Offensive','Offensive','Offensive','Offensive','Offensive','Offensive','Offensive','Offensive','Offensive','Offensive'
???? ??? ?????? ?????? ????,Gender,Offensive,'Offensive','Offensive','Offensive','Offensive','Offensive','Offensive','Offensive','Offensive','Offensive','Offensive','Offensive','Offensive','Offensive','Offensive','Offensive','Offensive','Offensive','Offensive','Offensive','Offensive','Offensive'
???? ???? ????? ??? ??? ?????? ????? ???? ????? ??? ???? ?? ??? ????? ???? ???????? ?? ????? ????,Gender,Offensive,'Offensive','Offensive','Offensive','Offensive','Offensive','Offensive','Offensive','Offensive','Offensive','Offensive','Offensive','Offensive','Offensive','Offensive','Offensive','Offensive','Offensive','Offensive','Offensive','Offensive','Offensive'
????? ?? ??? ??? ?????? ???? ?? ??????? ???? ???????? ???? ?????,Gender,Offensive,'Offensive','Offensive','Offensive','Offensive','Offensive','Offensive','Offensive','Offensive','Offensive','Offensive','Offensive','Offensive','Offensive','Offensive','Offensive','Offensive','Offensive','Offensive','Offensive','Offensive','Offensive'
??????? ???? ?????? ???,Gender,Offensive,'Offensive','Offensive','Offensive','Offensive','Offensive','Offensive','Offensive','Offensive','Offensive','Offensive','Offensive','Offensive','Offensive','Offensive','Offensive','Offensive','Offensive','Offensive','Offensive','Offensive','Offensive'
?? ??????? ???? ??????? ?? ??? ?????? ??????? ????,Gender,Offensive,'Offensive','Offensive','Offensive','Offensive','Offensive','Offensive','Offensive','Offensive','Offensive','Offensive','Offensive','Offensive','Offensive','Offensive','Offensive','Offensive','Offensive','Offensive','Offensive','Offensive','Offensive'
?? ?? ?? ???? ??? ????,Gender,Offensive,'Offensive','Offensive','Offensive','Offensive','Offensive','Offensive','Offensive','Offensive','Offensive','Offensive','Offensive','Offensive','Offensive','Offensive','Offensive','Offensive','Offensive','Offensive','Offensive','Offensive','Offensive'
?? ????? ????,Gender,Offensive,'Offensive','Offensive','Offensive','Offensive','Offensive','Offensive','Offensive','Offensive','Offensive','Offensive','Offensive','Offensive','Offensive','Offensive','Offensive','Offensive','Offensive','Offensive','Offensive','Offensive','Offensive'
?? ??? ???? ??????? ????,Gender,Offensive,'Offensive','Offensive','Offensive','Offensive','Offensive','Offensive','Offensive','Offensive','Offensive','Offensive','Offensive','Offensive','Offensive','Offensive','Offensive','Offensive','Offensive','Offensive','Offensive','Offensive','Offensive'
?? ???? ?????,Gender,Offensive,'Offensive','Offensive','Offensive','Offensive','Offensive','Offensive','Offensive','Offensive','Offensive','Offensive','Offensive','Offensive','Offensive','Offensive','Offensive','Offensive','Offensive','Offensive','Offensive','Offensive','Offensive'
?? ???? ????? ??? ??,Gender,Offensive,'Offensive','Offensive','Offensive','Offensive','Offensive','Offensive','Offensive','Offensive','Offensive','Offensive','Offensive','Offensive','Offensive','Offensive','Offensive','Offensive','Offensive','Offensive','Offensive','Offensive','Offensive'
?? ???? ????,Gender,Offensive,'Offensive','Offensive','Offensive','Offensive','Offensive','Offensive','Offensive','Offensive','Offensive','Offensive','Offensive','Offensive','Offensive','Offensive','Offensive','Offensive','Offensive','Offensive','Offensive','Offensive','Offensive'
?? ???? ???? ?? ????,Gender,Offensive,'Offensive','Offensive','Offensive','Offensive','Offensive','Offensive','Offensive','Offensive','Offensive','Offensive','Offensive','Offensive','Offensive','Offensive','Offensive','Offensive','Offensive','Offensive','Offensive','Offensive','Offensive'
?? ???? ???? ??? ? ???? ?? ????? ????,Gender,Offensive,'Offensive','Offensive','Offensive','Offensive','Offensive','Offensive','Offensive','Offensive','Offensive','Offensive','Offensive','Offensive','Offensive','Offensive','Offensive','Offensive','Offensive','Offensive','Offensive','Offensive','Offensive'
?? ???? ???? ???? ???? ??? ?? ??? ?????? ????? ???? ?? ???? ????,Gender,Offensive,'Offensive','Offensive','Offensive','Offensive','Offensive','Offensive','Offensive','Offensive','Offensive','Offensive','Offensive','Offensive','Offensive','Offensive','Offensive','Offensive','Offensive','Offensive','Offensive','Offensive','Offensive'
?? ???? ???? ??? ??? ?? ???,Gender,Offensive,'Offensive','Offensive','Offensive','Offensive','Offensive','Offensive','Offensive','Offensive','Offensive','Offensive','Offensive','Offensive','Offensive','Offensive','Offensive','Offensive','Offensive','Offensive','Offensive','Offensive','Offensive'
?????? ?????,Gender,Offensive,'Offensive','Offensive','Offensive','Offensive','Offensive','Offensive','Offensive','Offensive','Offensive','Offensive','Offensive','Offensive','Offensive','Offensive','Offensive','Offensive','Offensive','Offensive','Offensive','Offensive','Offensive'
??? ???? ?? ?????? ????,Gender,Offensive,'Offensive','Offensive','Offensive','Offensive','Offensive','Offensive','Offensive','Offensive','Offensive','Offensive','Offensive','Offensive','Offensive','Offensive','Offensive','Offensive','Offensive','Offensive','Offensive','Offensive','Offensive'
??? ????? ?? ?????,Gender,Offensive,'Offensive','Offensive','Offensive','Offensive','Offensive','Offensive','Offensive','Offensive','Offensive','Offensive','Offensive','Offensive','Offensive','Offensive','Offensive','Offensive','Offensive','Offensive','Offensive','Offensive','Offensive'
??? ????? ?????? ???? ????? ?????,Gender,Offensive,'Offensive','Offensive','Offensive','Offensive','Offensive','Offensive','Offensive','Offensive','Offensive','Offensive','Offensive','Offensive','Offensive','Offensive','Offensive','Offensive','Offensive','Offensive','Offensive','Offensive','Offensive'
???? ??? ??? ??????? ???????? ?? ???,Gender,Offensive,'Offensive','Offensive','Offensive','Offensive','Offensive','Offensive','Offensive','Offensive','Offensive','Offensive','Offensive','Offensive','Offensive','Offensive','Offensive','Offensive','Offensive','Offensive','Offensive','Offensive','Offensive'
????? ???? ???? ??????,Gender,Offensive,'Offensive','Offensive','Offensive','Offensive','Offensive','Offensive','Offensive','Offensive','Offensive','Offensive','Offensive','Offensive','Offensive','Offensive','Offensive','Offensive','Offensive','Offensive','Offensive','Offensive','Offensive'
???????? ???????? ????,Gender,Offensive,'Offensive','Offensive','Offensive','Offensive','Offensive','Offensive','Offensive','Offensive','Offensive','Offensive','Offensive','Offensive','Offensive','Offensive','Offensive','Offensive','Offensive','Offensive','Offensive','Offensive','Offensive'
???????? ???? ??? ??? ?????,Gender,Not Hateful,'Offensive',['Offensive'],'Offensive',['Offensive'],'Offensive',['Offensive'],'Offensive','Offensive','Offensive','Offensive','Offensive','Offensive','Offensive','Offensive','Offensive','Offensive','Offensive','Offensive','Offensive','Offensive','Offensive'
??? ??? ??? ?? ?? ????? ????? ????? ???? ??? ??????? ?????? ??? ???? ?????? ????,Gender,Not Hateful,'Offensive','Offensive','Offensive','Offensive','Offensive','Offensive','Offensive','Offensive','Offensive','Offensive','Offensive','Offensive','Offensive','Offensive','Offensive','Offensive','Offensive','Offensive','Offensive','Offensive','Offensive'
???? ??????? ????? ????,Gender,Not Hateful,'Offensive','Offensive','Offensive','Offensive','Offensive','Offensive','Offensive','Offensive','Offensive','Offensive','Offensive','Offensive','Offensive','Offensive','Offensive','Offensive','Offensive','Offensive','Offensive','Offensive','Offensive'
??? ?? ????? ???? ????,Gender,Not Hateful,'Offensive','Offensive','Offensive','Offensive','Offensive','Offensive','Offensive','Offensive','Offensive','Offensive','Offensive','Offensive','Offensive','Offensive','Offensive','Offensive','Offensive','Offensive','Offensive','Offensive','Offensive'
???? ??? ????? ???? ???? ?????,Gender,Not Hateful,'Offensive','Offensive','Offensive','Offensive','Offensive','Offensive','Offensive','Offensive','Offensive','Offensive','Offensive','Offensive','Offensive','Offensive','Offensive','Offensive','Offensive','Offensive','Offensive','Offensive','Offensive'
??? ??????? ???? ??????? ????,Gender,Not Hateful,'Offensive','Offensive','Offensive','Offensive','Offensive','Offensive','Offensive','Offensive','Offensive','Offensive','Offensive','Offensive','Offensive','Offensive','Offensive','Offensive','Offensive','Offensive','Offensive','Offensive','Offensive'
??? ??? ????? ???? ?????? ?????? ????,Gender,Not Hateful,'Offensive','Offensive','Offensive','Offensive','Offensive','Offensive','Offensive','Offensive','Offensive','Offensive','Offensive','Offensive','Offensive','Offensive','Offensive','Offensive','Offensive','Offensive','Offensive','Offensive','Offensive'
??? ?????? ??? ?????,Gender,Not Hateful,'Offensive','Offensive','Offensive','Offensive','Offensive','Offensive','Offensive','Offensive','Offensive','Offensive','Offensive','Offensive','Offensive','Offensive','Offensive','Offensive','Offensive','Offensive','Offensive','Offensive','Offensive'
??? ?????? ? ???? ??? ???? ????? ? ?????,Gender,Not Hateful,'Offensive','Offensive','Offensive','Offensive','Offensive','Offensive','Offensive','Offensive','Offensive','Offensive','Offensive','Offensive','Offensive','Offensive','Offensive','Offensive','Offensive','Offensive','Offensive','Offensive','Offensive'
?????? ?? ???? ???? ???? ??? ???? ???? ?????,Gender,Not Hateful,'Offensive','Offensive','Offensive','Offensive','Offensive','Offensive','Offensive','Offensive','Offensive','Offensive','Offensive','Offensive','Offensive','Offensive','Offensive','Offensive','Offensive','Offensive','Offensive','Offensive','Offensive'
??????? ????? ????? ????? ??? ??? ?????? ?????,Gender,Not Hateful,'Offensive','Offensive','Offensive','Offensive','Not Hateful','Not Hateful','Offensive','Offensive','Not Hateful','Not Hateful','Not Hateful','Not Hateful','Offensive','Not Hateful','Offensive','Offensive','Offensive','Not Hateful','Offensive','Not Hateful','Offensive'
???? ???? ??,Gender,Not Hateful,'Not Hateful','Not Hateful','Not Hateful','Not Hateful','Not Hateful','Not Hateful','Not Hateful','Not Hateful','Not Hateful','Not Hateful','Not Hateful','Not Hateful','Not Hateful','Not Hateful','Not Hateful','Not Hateful','Not Hateful','Not Hateful','Not Hateful','Not Hateful','Not Hateful'
????? ???? ???? ???? ??? ???????? ??? ???? ???????? ???!!,Gender,Not Hateful,'Offensive','Offensive','Offensive','Offensive','Offensive','Offensive','Offensive','Offensive','Offensive','Offensive','Offensive','Offensive','Offensive','Offensive','Offensive','Offensive','Offensive','Offensive','Offensive','Offensive','Offensive'
????? ????? ??? ??? ???,Gender,Not Hateful,'Offensive','Offensive','Offensive','Offensive','Offensive','Offensive','Offensive','Offensive','Offensive','Offensive','Offensive','Offensive','Offensive','Offensive','Offensive','Offensive','Offensive','Offensive','Offensive','Offensive','Offensive'
???? ??? ???? ??? ????,Gender,Not Hateful,'Offensive','Offensive','Offensive','Offensive','Not Hateful','Offensive','Offensive','Offensive','Offensive','Not Hateful','Not Hateful','Not Hateful','Offensive','Not Hateful','Offensive','Offensive','Offensive','Offensive','Offensive','Not Hateful','Offensive'
??????? ?? ????? ????,Gender,Not Hateful,'Offensive','Offensive','Offensive','Offensive','Offensive','Offensive','Offensive','Offensive','Offensive','Offensive','Offensive','Offensive','Offensive','Offensive','Offensive','Offensive','Offensive','Offensive','Offensive','Offensive','Offensive'
????????? ????? ???? ????????? ????? ????,Gender,Not Hateful,'Offensive','Offensive','Offensive','Offensive','Offensive','Offensive','Offensive','Offensive','Offensive','Offensive','Offensive','Offensive','Offensive','Offensive','Offensive','Offensive','Offensive','Offensive','Offensive','Offensive','Offensive'
???? ?? ???? ???? ?????? ?????? ???? ??? ??? ???? ???,Gender,Not Hateful,'Offensive','Offensive','Offensive','Offensive','Offensive','Offensive','Offensive','Offensive','Offensive','Offensive','Offensive','Offensive','Offensive','Offensive','Offensive','Offensive','Offensive','Offensive','Offensive','Offensive','Offensive'
?????? ??? ???? ????? ????????? ????? ????? ????? ???? ??? ?? ???,Gender,Not Hateful,'Offensive','Offensive','Offensive','Offensive','Offensive','Offensive','Offensive','Offensive','Offensive','Offensive','Not Hateful','Offensive','Offensive','Offensive','Offensive','Offensive','Offensive','Offensive','Offensive','Offensive','Offensive'
??????? ??? ??? ????? ???? ???? ?? ????????????,Gender,Not Hateful,'Offensive','Offensive','Offensive','Offensive','Not Hateful','Offensive','Offensive','Offensive','Not Hateful','Not Hateful','Not Hateful','Offensive','Offensive','Offensive','Offensive','Offensive','Offensive','Offensive','Offensive','Not Hateful','Offensive'
??????? ?????? ??????? ??????? ???????,Gender,Not Hateful,'Not Hateful','Not Hateful','Not Hateful','Not Hateful','Not Hateful','Offensive','Not Hateful','Offensive','Not Hateful','Not Hateful','Not Hateful','Not Hateful','Offensive','Not Hateful','Not Hateful','Offensive','Offensive','Not Hateful','Not Hateful','Not Hateful','Not Hateful'
???????? ???? ?? ???????? ???????????? ????? ????? ????? ????? ?????,Gender,Not Hateful,'Offensive','Offensive','Offensive','Offensive','Offensive','Offensive','Offensive','Offensive','Offensive','Offensive','Offensive','Offensive','Offensive','Offensive','Offensive','Offensive','Offensive','Offensive','Offensive','Offensive','Offensive'
????????? ?????? ??? ?? ????? ???? ???????? ????????,Gender,Not Hateful,'Not Hateful','Not Hateful','Not Hateful','Not Hateful','Not Hateful','Offensive','Not Hateful','Not Hateful','Not Hateful','Not Hateful','Not Hateful','Not Hateful','Offensive','Not Hateful','Not Hateful','Not Hateful','Offensive','Not Hateful','Not Hateful','Not Hateful','Not Hateful'
?????? ???? ??? ??? ???? ????? ????? ??? ?? ??? ???? ?? ?? ???? ????? ????? ???,Gender,Not Hateful,'Offensive','Offensive','Offensive','Offensive','Offensive','Offensive','Offensive','Offensive','Offensive','Offensive','Offensive','Offensive','Offensive','Offensive','Offensive','Offensive','Offensive','Offensive','Offensive','Offensive','Offensive'
??????? ?? ???? ???? ??,Gender,Not Hateful,'Offensive','Offensive','Offensive','Offensive','Offensive','Offensive','Offensive','Offensive','Offensive','Offensive','Offensive','Offensive','Offensive','Offensive','Offensive','Offensive','Offensive','Offensive','Offensive','Offensive','Offensive'
?????? ?????? ????,Gender,Not Hateful,'Offensive','Offensive','Offensive','Offensive','Offensive','Offensive','Offensive','Offensive','Offensive','Offensive','Offensive','Offensive','Offensive','Offensive','Offensive','Offensive','Offensive','Offensive','Offensive','Offensive','Offensive'
????? ????????? ????? ???? ???? ???? ??? ???? ?????,Gender,Not Hateful,'Not Hateful','Not Hateful','Not Hateful','Not Hateful','Not Hateful','Offensive','Not Hateful','Not Hateful','Not Hateful','Not Hateful','Not Hateful','Not Hateful','Offensive','Not Hateful','Not Hateful','Offensive','Offensive','Not Hateful','Not Hateful','Not Hateful','Not Hateful'
??? ????? ????? ???? ????? ????? ?????? ??? ??? ????? ??????? ?????? ????? ??? ?? ???? ?????,Gender,Not Hateful,'Not Hateful','Not Hateful','Not Hateful','Not Hateful','Not Hateful','Not Hateful','Not Hateful','Not Hateful','Not Hateful','Not Hateful','Not Hateful','Not Hateful','Not Hateful','Not Hateful','Not Hateful','Not Hateful','Not Hateful','Not Hateful','Not Hateful','Not Hateful','Not Hateful'
"??? ?????, ????? ??????? ?????? ????? ?????? ??????? ????? ???? ???????",Gender,Not Hateful,'Not Hateful','Not Hateful','Not Hateful','Not Hateful','Not Hateful','Not Hateful','Not Hateful','Not Hateful','Not Hateful','Not Hateful','Not Hateful','Not Hateful','Not Hateful','Not Hateful','Not Hateful','Not Hateful','Not Hateful','Not Hateful','Not Hateful','Not Hateful','Not Hateful'
???? ????? ?? ?????? ??? ????? ?????? ???? ???? ???? ?? ??????? ???,Gender,Not Hateful,'Not Hateful','Not Hateful','Not Hateful','Not Hateful','Not Hateful','Not Hateful','Not Hateful','Not Hateful','Not Hateful','Not Hateful','Not Hateful','Not Hateful','Not Hateful','Not Hateful','Not Hateful','Not Hateful','Not Hateful','Not Hateful','Not Hateful','Not Hateful','Not Hateful'
?? ????? ????? ????? ????????????? ????,Gender,Not Hateful,'Offensive','Offensive','Offensive','Offensive','Offensive','Offensive','Offensive','Offensive','Offensive','Offensive','Offensive','Offensive','Offensive','Offensive','Offensive','Offensive','Offensive','Offensive','Offensive','Offensive','Offensive'
?? ????? ????? ?????????? ????????????? ?????,Gender,Not Hateful,'Offensive','Offensive','Offensive','Offensive','Offensive','Offensive','Offensive','Offensive','Offensive','Offensive','Offensive','Offensive','Offensive','Offensive','Offensive','Offensive','Offensive','Offensive','Offensive','Offensive','Offensive'
?? ??????? ????? ????? ??? ?? ???? ??????? ???? ???? ???????? ??? ????,Gender,Not Hateful,'Not Hateful','Not Hateful','Not Hateful','Not Hateful','Not Hateful','Not Hateful','Not Hateful','Not Hateful','Not Hateful','Not Hateful','Not Hateful','Not Hateful','Not Hateful','Not Hateful','Not Hateful','Not Hateful','Not Hateful','Not Hateful','Not Hateful','Not Hateful','Not Hateful'
????? ??? ???? ???? ????? ????? ??? ?? ???????,Gender,Not Hateful,'Offensive','Offensive','Offensive','Offensive','Offensive','Offensive','Offensive','Offensive','Offensive','Offensive','Offensive','Offensive','Offensive','Offensive','Offensive','Offensive','Offensive','Offensive','Offensive','Offensive','Offensive'
??? ??? ?????? ??????? ????? ?????,Gender,Not Hateful,'Offensive','Offensive','Offensive','Offensive','Offensive','Offensive','Offensive','Offensive','Offensive','Offensive','Offensive','Offensive','Offensive','Offensive','Offensive','Offensive','Offensive','Offensive','Offensive','Offensive','Offensive'
???? ??????,Gender,Not Hateful,'Offensive','Offensive','Offensive','Offensive','Offensive','Offensive','Offensive','Offensive','Offensive','Offensive','Offensive','Offensive','Offensive','Offensive','Offensive','Offensive','Offensive','Offensive','Offensive','Offensive','Offensive'
????? ??? ?????,Gender,Not Hateful,'Offensive','Offensive','Offensive','Offensive','Offensive','Offensive','Offensive','Offensive','Offensive','Offensive','Offensive','Offensive','Offensive','Offensive','Offensive','Offensive','Offensive','Offensive','Offensive','Offensive','Offensive'
????? ??? ???? ?????,Gender,Not Hateful,'Offensive','Offensive','Offensive','Offensive','Offensive','Offensive','Offensive','Offensive','Offensive','Offensive','Offensive','Offensive','Offensive','Offensive','Offensive','Offensive','Offensive','Offensive','Offensive','Offensive','Offensive'
????? ???? ??? ??? ?????? ??,Gender,Not Hateful,'Offensive','Offensive','Offensive','Offensive','Offensive','Offensive','Offensive','Offensive','Offensive','Offensive','Offensive','Offensive','Offensive','Offensive','Offensive','Offensive','Offensive','Offensive','Offensive','Offensive','Offensive'
????? ??? ??????? ???????? ??????? ??? ?????? ????? ???? ?????????? ????,Gender,Not Hateful,'Offensive','Offensive','Offensive','Offensive','Offensive','Offensive','Offensive','Offensive','Offensive','Offensive','Offensive','Offensive','Offensive','Offensive','Offensive','Offensive','Offensive','Offensive','Offensive','Offensive','Offensive'
???? ?? ????? ???? ???? ???? ???,Gender,Not Hateful,'Not Hateful','Not Hateful','Not Hateful','Not Hateful','Not Hateful','Not Hateful','Not Hateful','Not Hateful','Not Hateful','Not Hateful','Not Hateful','Not Hateful','Not Hateful','Not Hateful','Not Hateful','Not Hateful','Not Hateful','Not Hateful','Not Hateful','Not Hateful','Not Hateful'
?? ????? ????? ?? ???? ????? ?? ?? ?????,Gender,Not Hateful,'Offensive','Offensive','Offensive','Offensive','Offensive','Offensive','Offensive','Offensive','Offensive','Offensive','Offensive','Offensive','Offensive','Offensive','Offensive','Offensive','Offensive','Offensive','Offensive','Offensive','Offensive'
????? ?? ????? ????  ??? ???,Gender,Not Hateful,'Offensive','Offensive','Offensive','Offensive','Offensive','Offensive','Offensive','Offensive','Offensive','Offensive','Offensive','Offensive','Offensive','Offensive','Offensive','Offensive','Offensive','Offensive','Offensive','Offensive','Offensive'
?????? ???? ???? ???? ????? ??? ?????? ?? ????? ?? ?? ????? ?????? ????? ??  ???? ??? ?? ?????? ??????,Gender,Not Hateful,'Offensive','Offensive','Offensive','Offensive','Offensive','Offensive','Offensive','Offensive','Offensive','Offensive','Offensive','Offensive','Offensive','Offensive','Offensive','Offensive','Offensive','Offensive','Offensive','Offensive','Offensive'
??? ????  ???????? ???? ????? ???? ???? ?? ????? ?????? ????? ???? ??  ???? ????? ??????,Gender,Not Hateful,'Offensive','Offensive','Offensive','Offensive','Offensive','Offensive','Offensive','Offensive','Offensive','Offensive','Offensive','Offensive','Offensive','Offensive','Offensive','Offensive','Offensive','Offensive','Offensive','Offensive','Offensive'
???? ????? ????? ? ??? ??????? ???? ????  ????,Gender,Not Hateful,'Offensive','Offensive','Offensive','Offensive','Offensive','Offensive','Offensive','Offensive','Offensive','Offensive','Offensive','Offensive','Offensive','Offensive','Offensive','Offensive','Offensive','Offensive','Offensive','Offensive','Offensive'
?? ??????? ?????? ???? ????? ?? ???? ??? ??? ???? ?????,Gender,Not Hateful,'Offensive','Offensive','Offensive','Offensive','Offensive','Offensive','Offensive','Offensive','Offensive','Offensive','Offensive','Offensive','Offensive','Offensive','Offensive','Offensive','Offensive','Offensive','Offensive','Offensive','Offensive'
?????? ????? ?? ????? ?? ??? ????? ???? ????? ??????? ??????? ??? ? ??? ?????? ?? ??? ???? ??? ??? ?? ??? ???? ??? ??? ??? ???,Gender,Not Hateful,'Offensive','Offensive','Offensive','Offensive','Offensive','Offensive','Offensive','Offensive','Offensive','Offensive','Offensive','Offensive','Offensive','Offensive','Offensive','Offensive','Offensive','Offensive','Offensive','Offensive','Offensive'
??????? ???? ?? ???????? ??? ???????? ??????,Gender,Not Hateful,'Offensive','Offensive','Offensive','Offensive','Offensive','Offensive','Offensive','Offensive','Offensive','Offensive','Offensive','Offensive','Offensive','Offensive','Offensive','Offensive','Offensive','Offensive','Offensive','Offensive','Offensive'
?? ?? ????????? ?????? ?????,Gender,Not Hateful,'Offensive','Offensive','Offensive','Offensive','Offensive','Offensive','Offensive','Offensive','Offensive','Offensive','Offensive','Offensive','Offensive','Offensive','Offensive','Offensive','Offensive','Offensive','Offensive','Offensive','Offensive'
??? ???? ???????? ???  ???? ? ??????? ???? ???? ???? ?? ????? ??????? ????? ??? ???? ?????? ????? ???????? ????,Gender,Not Hateful,'Offensive','Offensive','Offensive','Offensive','Not Hateful','Offensive','Offensive','Offensive','Not Hateful','Not Hateful','Not Hateful','Not Hateful','Offensive','Not Hateful','Offensive','Offensive','Offensive','Offensive','Offensive','Not Hateful','Offensive'
???? ?? ??? ????? ?? ???? ???? ???? ?????? ???? ?????? ?????   ???? ??? ?? ????? ??? ?? ??? ?????? ?????? ????? ??? ????? ?? ???? ???? ???? ????   ?? ???? ????? ????? ????? ???? ????? ???? ??? ????? ??? ????? ???,Gender,Not Hateful,'Offensive','Offensive','Offensive','Offensive','Offensive','Offensive','Offensive','Offensive','Offensive','Offensive','Offensive','Offensive','Offensive','Offensive','Offensive','Offensive','Offensive','Offensive','Offensive','Offensive','Offensive'
????? ?? ?????? ????,Gender,Not Hateful,'Offensive','Offensive','Offensive','Offensive','Offensive',['Offensive'],'Offensive','Offensive','Offensive','Offensive','Offensive','Offensive','Offensive','Offensive','Offensive','Offensive','Offensive','Offensive','Offensive','Offensive','Offensive'
????? ??? ????? ???? ??? ?????????,Gender,Not Hateful,'Offensive','Offensive','Offensive','Offensive','Offensive','Offensive','Offensive','Offensive','Offensive','Offensive','Offensive','Offensive','Offensive','Offensive','Offensive','Offensive','Offensive','Offensive','Offensive','Offensive','Offensive'
???? ??????? ????? ?? ?? ?????? ???????? ???????? ??????? ?????? ??? ????????? ???????? ?? ????? ???? ????? ??,Gender,Not Hateful,'Offensive','Offensive','Offensive','Offensive','Offensive','Offensive','Offensive','Offensive','Offensive','Offensive','Offensive','Offensive','Offensive','Offensive','Offensive','Offensive','Offensive','Offensive','Offensive','Offensive','Offensive'
???? ??? ???? ????? ????,Gender,Not Hateful,'Not Hateful','Not Hateful','Not Hateful','Not Hateful','Not Hateful','Not Hateful','Not Hateful','Not Hateful','Not Hateful','Not Hateful','Not Hateful','Not Hateful','Not Hateful','Not Hateful','Not Hateful','Not Hateful','Offensive','Not Hateful','Not Hateful','Not Hateful','Not Hateful'
???? ?? ???? ????? ???? ?????? ??? ?????? ?????? ??????? ????? ?????? ?????? ????,Gender,Not Hateful,'Offensive','Offensive','Offensive','Offensive','Offensive','Offensive','Offensive','Offensive','Offensive','Offensive','Offensive','Offensive','Offensive','Offensive','Offensive','Offensive','Offensive','Offensive','Offensive','Offensive','Offensive'
???? ??? ???? ?? ???? ???,Gender,Not Hateful,'Offensive','Offensive','Offensive','Offensive','Offensive','Offensive','Offensive','Offensive','Offensive','Offensive','Offensive','Offensive','Offensive','Offensive','Offensive','Offensive','Offensive','Offensive','Offensive','Offensive','Offensive'
???????? ??? ?????? ????? ????? ??? ???,Gender,Not Hateful,'Offensive','Offensive','Offensive','Offensive','Offensive','Offensive','Offensive','Offensive','Offensive','Offensive','Offensive','Offensive','Offensive','Offensive','Offensive','Offensive','Offensive','Offensive','Offensive','Offensive','Offensive'
??????? ?????? ???? ?? ???,Gender,Not Hateful,'Offensive','Offensive','Offensive','Offensive','Offensive','Offensive','Offensive','Offensive','Offensive','Offensive','Offensive','Offensive','Offensive','Offensive','Offensive','Offensive','Offensive','Offensive','Offensive','Offensive','Offensive'
???? ????? ??? ???? ????? ???? ??????? ????? ????? ?????? ?? ????? ??? ?? ?????? ??? ??????? ??? ???? ????? ?????? ??? ??????? ??????? ??? ???? ??? ????? ???? ?????????? ?? ???????? ????? ???? ???????????,Gender,Not Hateful,'Offensive','Offensive','Offensive','Offensive','Offensive','Offensive','Offensive','Offensive','Offensive','Offensive','Offensive','Offensive','Offensive','Offensive','Offensive','Offensive','Offensive','Offensive','Offensive','Offensive','Offensive'
??????????? ????? ?????? ???? ???? ??? ??? ?? ????? ?????? ??????? ???? ???? ????? ?? ???? ???????? ???,Gender,Not Hateful,'Offensive','Offensive','Offensive','Offensive','Offensive','Offensive','Offensive','Offensive','Offensive','Offensive','Not Hateful','Offensive','Offensive','Offensive','Offensive','Offensive','Offensive','Offensive','Offensive','Offensive','Offensive'
?? ???? ??????? ???? ??????  ?????? ?????? ?? ???? ???? ????????? ???????? ????? ??,Gender,Not Hateful,'Offensive','Offensive','Offensive','Offensive','Offensive','Offensive','Offensive','Offensive','Offensive','Offensive','Offensive','Offensive','Offensive','Offensive','Offensive','Offensive','Offensive','Offensive','Offensive','Offensive','Offensive'
???????? ??? ????? ???? ????,Gender,Not Hateful,'Offensive','Offensive','Offensive','Offensive','Offensive','Offensive','Offensive','Offensive','Offensive','Offensive','Offensive','Offensive','Offensive','Offensive','Offensive','Offensive','Offensive','Offensive','Offensive','Offensive','Offensive'
??? ??????? ?????? ?????? ????????? ????? ????? ????,Gender,Not Hateful,'Offensive','Offensive','Offensive','Offensive','Offensive','Offensive','Offensive','Offensive','Offensive','Offensive','Offensive','Offensive','Offensive','Offensive','Offensive','Offensive','Offensive','Offensive','Offensive','Offensive','Offensive'
?? ??????  ???? ? ?? ??????? ??? ??? ???????  ???? ????? ?????????  ???? ?????????? ????? ???? ?? ??? ?????? ??????? ?????,Gender,Not Hateful,'Offensive','Offensive','Offensive','Offensive','Offensive','Offensive','Offensive','Offensive','Offensive','Offensive','Offensive','Offensive','Offensive','Offensive','Offensive','Offensive','Offensive','Offensive','Offensive','Offensive','Offensive'
??? ?????? ???? ????? ??? ?? ???,Gender,Not Hateful,'Offensive','Offensive','Offensive','Offensive','Offensive','Offensive','Offensive','Offensive','Offensive','Offensive','Offensive','Offensive','Offensive','Offensive','Offensive','Offensive','Offensive','Offensive','Offensive','Offensive','Offensive'
????? ????? ?????? ??? ????? ????? ?????? ????? ????,Gender,Not Hateful,'Offensive','Offensive','Offensive','Offensive','Not Hateful','Offensive','Offensive','Offensive','Offensive','Offensive','Offensive','Offensive','Offensive','Offensive','Offensive','Offensive','Offensive','Offensive','Offensive','Offensive','Offensive'
?? ?? ??? ???  ?????? ??? ???????,Gender,Not Hateful,'Not Hateful','Not Hateful','Not Hateful','Not Hateful','Not Hateful','Not Hateful','Not Hateful','Not Hateful','Not Hateful','Not Hateful','Not Hateful','Not Hateful','Not Hateful','Not Hateful','Not Hateful','Not Hateful','Not Hateful','Not Hateful','Not Hateful','Not Hateful','Not Hateful'
???? ????? ????? 10 ???? ??????? ???? ????,Gender,Not Hateful,'Offensive','Offensive','Offensive','Offensive','Offensive','Offensive','Offensive','Offensive','Offensive','Offensive','Offensive','Offensive','Offensive','Offensive','Offensive','Offensive','Offensive','Offensive','Offensive','Offensive','Offensive'
?? ????? ????? ???? ???? ?? ???? ???? ???????? ???,Gender,Not Hateful,'Not Hateful','Not Hateful','Not Hateful','Not Hateful','Not Hateful','Not Hateful','Not Hateful','Not Hateful','Not Hateful','Not Hateful','Not Hateful','Not Hateful','Offensive','Not Hateful','Not Hateful','Not Hateful','Not Hateful','Not Hateful','Not Hateful','Not Hateful','Not Hateful'
???? ??? ???? ???,Gender,Not Hateful,'Offensive','Offensive','Offensive','Offensive','Offensive','Offensive','Offensive','Offensive','Offensive','Offensive','Offensive','Offensive','Offensive','Offensive','Offensive','Offensive','Offensive','Offensive','Offensive','Offensive','Offensive'
???? ????????? ???? ????? ???,Gender,Not Hateful,'Offensive','Offensive','Offensive','Offensive','Offensive','Offensive','Offensive','Offensive','Offensive','Offensive','Offensive','Offensive','Offensive','Offensive','Offensive','Offensive','Offensive','Offensive','Offensive','Offensive','Offensive'
?????? ?????? ????? ????? ??? ???,Gender,Not Hateful,'Offensive','Offensive','Offensive','Offensive','Offensive','Offensive','Offensive','Offensive','Offensive','Offensive','Offensive','Offensive','Offensive','Offensive','Offensive','Offensive','Offensive','Offensive','Offensive','Offensive','Offensive'
????? ??? ?????? ????,Gender,Not Hateful,'Offensive','Offensive','Offensive','Offensive','Offensive','Offensive','Offensive','Offensive','Offensive','Offensive','Offensive','Offensive','Offensive','Offensive','Offensive','Offensive','Offensive','Offensive','Offensive','Offensive','Offensive'
??? ???? ???? ??? ????? ????,Gender,Not Hateful,'Offensive','Offensive','Offensive','Offensive','Offensive','Offensive','Offensive','Offensive','Offensive','Offensive','Offensive','Offensive','Offensive','Offensive','Offensive','Offensive','Offensive','Offensive','Offensive','Offensive','Offensive'
????? ???? ???????? ??????? ??? ???? ????? ?? ????? ?? ????? ????? ????? ????? ?????  ?????? ????? ?????? ?????,Gender,Not Hateful,'Offensive','Offensive','Offensive','Offensive','Offensive','Offensive','Offensive','Offensive','Offensive','Offensive','Offensive','Offensive','Offensive','Offensive','Offensive','Offensive','Offensive','Offensive','Offensive','Offensive','Offensive'
????? ?????  ????? ???????,Gender,Not Hateful,'Not Hateful','Not Hateful','Not Hateful','Not Hateful','Not Hateful','Not Hateful','Not Hateful','Not Hateful','Not Hateful','Not Hateful','Not Hateful','Not Hateful','Not Hateful','Not Hateful','Not Hateful','Not Hateful','Offensive','Not Hateful','Not Hateful','Not Hateful','Not Hateful'
?????????? ????? ???? ????? ????????? ???? ????,Gender,Not Hateful,'Offensive','Offensive','Offensive','Offensive','Offensive','Offensive','Offensive','Offensive','Offensive','Offensive','Offensive','Offensive','Offensive','Offensive','Offensive','Offensive','Offensive','Offensive','Offensive','Offensive','Offensive'
?????? ?????? ????,Gender,Not Hateful,'Offensive','Offensive','Offensive','Offensive','Offensive','Offensive','Offensive','Offensive','Offensive','Offensive','Offensive','Offensive','Offensive','Offensive','Offensive','Offensive','Offensive','Offensive','Offensive','Offensive','Offensive'
???? ???? ???? ????,Gender,Not Hateful,'Offensive','Offensive','Offensive','Offensive','Offensive','Offensive','Offensive','Offensive','Offensive','Offensive','Offensive','Offensive','Offensive','Offensive','Offensive','Offensive','Offensive','Offensive','Offensive','Offensive','Offensive'
??? ????? ??? ???? ??? ?????????? ??????? ????? ???,Gender,Not Hateful,'Offensive','Offensive','Offensive','Offensive','Offensive','Offensive','Offensive','Offensive','Offensive','Offensive','Offensive','Offensive','Offensive','Offensive','Offensive','Offensive','Offensive','Offensive','Offensive','Offensive','Offensive'
????? ??????? ???? ??? ??? ???? ?????????? ????? ??? ???????????? ??? ???? ???????? ?????? ???? ????? ?????????? ???? ????? ???  ????????? ????????? ???  ???? ?????? ?????? ???? ????? ???? ?????????? ???????????? ?????? ???????? ??? ??? ?????????? ????? ? ???? ???,Gender,Not Hateful,'Offensive','Offensive','Offensive','Offensive','Offensive','Offensive','Offensive','Offensive','Offensive','Offensive','Offensive','Offensive','Offensive','Offensive','Offensive','Offensive','Offensive','Offensive','Offensive','Offensive','Offensive'
???????????? ???? ???? ?????? ???? ??? ?????? ??? ??????? ???? ?? ???? ???????????? ??????? ???? ???? ?????? ?????? ??? ??? ??????????? ???? ? ????? ????? ??????? ???? ????? ??? ??? ??? ??? ?????? ????????? ??????? ????? ??? ???? ?????? ?????? ???? ????? ???? ?????? ?????? ?????? ??????? ??? ??? ??? ????? ???? ?? ??? ???? ??????? ??? ?????? ???? ?????? ?????? ???? ??? ?????? ??? ????? ???? ????? ??? ??? ??? ???? ????? ???? ???? ???? ??? ???? ????? ??? ???? ???????? ???????? ????? ????? ????,Gender,Not Hateful,'Offensive','Offensive','Offensive','Offensive','Offensive','Offensive','Offensive','Offensive','Offensive','Offensive','Offensive','Offensive','Offensive','Offensive','Offensive','Offensive','Offensive','Offensive','Offensive','Offensive','Offensive'
????? ?????? ????? ????? ??? ??? ???????? ????,Gender,Not Hateful,'Offensive','Offensive','Offensive','Offensive','Offensive','Offensive','Offensive','Offensive','Offensive','Offensive','Offensive','Offensive','Offensive','Offensive','Offensive','Offensive','Offensive','Offensive','Offensive','Offensive','Offensive'
??? ???? ????? ???? ????? ????? ?? ???,Gender,Not Hateful,'Offensive','Offensive','Offensive','Offensive','Offensive','Offensive','Offensive','Offensive','Offensive','Offensive','Offensive','Offensive','Offensive','Offensive','Offensive','Offensive','Offensive','Offensive','Offensive','Offensive','Offensive'
????? ??? ?????? ???? ????? ????  ??????? ??????? ???? ????? ?????  ????????? ???? ????? ?????? ????? ????? ?????? ???? ????,Gender,Not Hateful,'Offensive','Offensive','Offensive','Offensive','Offensive','Offensive','Offensive','Offensive','Offensive','Offensive','Offensive','Offensive','Offensive','Offensive','Offensive','Offensive','Offensive','Offensive','Offensive','Offensive','Offensive'
?? ????? ???? ?????? ??????,Gender,Not Hateful,'Not Hateful','Not Hateful','Not Hateful','Not Hateful','Not Hateful','Not Hateful','Not Hateful','Not Hateful','Not Hateful','Not Hateful','Not Hateful','Not Hateful','Not Hateful','Not Hateful','Not Hateful','Not Hateful','Not Hateful','Not Hateful','Not Hateful','Not Hateful','Not Hateful'
??? ???? ????? ????? ??? ??? ??,Gender,Not Hateful,'Offensive','Offensive','Offensive','Offensive','Offensive','Offensive','Offensive','Offensive','Offensive','Offensive','Offensive','Offensive','Offensive','Offensive','Offensive','Offensive','Offensive','Offensive','Offensive','Offensive','Offensive'
????? ?? ? ??? ????? ??? ???? ??? ??? ??? ???????? ???????? ???????? ???? ????? ???? ????? ????? ?? ??????? ????? ?????? ????????? ?? ???? ???? ??? ????????? ?????? ????? ??? ??????? ????? ?? ??? ???? ???????? ??? ?? ?? ????? ????? ???? ???????  ???? ?????? ??? ?? ??? ???? ???? ???  ????? ???? ????? ?? ?????? ?????? ????????? ????? ??? ???????? ?????? ??? ?? ????????? ?? ???? ??? ??????????? ?? ????? ????? ?????? ?????? ???? ????? ?????? ???? ??????? ? ????  ????? ???? ?????? ???? ????? ????,Gender,Not Hateful,'Offensive','Offensive','Offensive','Offensive','Offensive','Offensive','Offensive','Offensive','Offensive','Offensive','Offensive','Offensive','Offensive','Offensive','Offensive','Offensive','Offensive','Offensive','Offensive','Offensive','Offensive'
?????? ??????? ?? ???? ???? ?? ?? ????? ???? ???? ?????? ????????? ????? ????,Gender,Not Hateful,'Not Hateful','Not Hateful','Not Hateful','Not Hateful','Not Hateful','Not Hateful','Not Hateful','Not Hateful','Not Hateful','Not Hateful','Not Hateful','Not Hateful','Not Hateful','Not Hateful','Not Hateful','Not Hateful','Not Hateful','Not Hateful','Not Hateful','Not Hateful','Not Hateful'
?????? ???? ?? ???? ????? ???? ???? ???? ??? ???? ?????? ???? ????,Gender,Not Hateful,'Offensive','Offensive','Offensive','Offensive','Offensive','Offensive','Offensive','Offensive','Offensive','Offensive','Offensive','Offensive','Offensive','Offensive','Offensive','Offensive','Offensive','Offensive','Offensive','Offensive','Offensive'
??????? ???? ?? ?? ???? ??? ????? ?????? ?????????? ????? ?? ?? ???? ????? ???  ?? ???? ???? ???????  ?? ???? ?? ????? ??? ??? ??? ???? ?? ????? ???? ?????  ?? ???????? ???? ?? ?? ??? ???  ???????? ?? ????? ????? ???,Gender,Not Hateful,'Offensive','Offensive','Offensive','Offensive','Offensive','Offensive','Offensive','Offensive','Offensive','Offensive','Offensive','Offensive','Offensive','Offensive','Offensive','Offensive','Offensive','Offensive','Offensive','Offensive','Offensive'
????? ?????? ???? ??? ???? ?????? ????? ???????? ???? ??????? ???? ??? ???,Gender,Not Hateful,'Offensive','Offensive','Offensive','Offensive','Offensive','Offensive','Offensive','Offensive','Offensive','Offensive','Offensive','Offensive','Offensive','Offensive','Offensive','Offensive','Offensive','Offensive','Offensive','Offensive','Offensive'
?? ?????? ?? ??????? ????? ????? ????? ?? ?? ???? ? ????? ???? ????? ??,Gender,Not Hateful,'Offensive','Offensive','Offensive','Offensive','Offensive','Offensive','Offensive','Offensive','Offensive','Offensive','Offensive','Offensive','Offensive','Offensive','Offensive','Offensive','Offensive','Offensive','Offensive','Offensive','Offensive'
?????? ???????? ? ?? ?? ??????? ?? ?? ???? ? ???? ????? ????? ???? ???? ???????? ??????? ?????? ?? ?? ???? ???????? ??? ?? ??? ?????????? ?????? ???? ?????? ??? ??? ??? ???? ?????? ??? ???? ?????? ??? ????? ??????? ?????? ?????? ??? ??? ??? ???? ?,Gender,Not Hateful,'Offensive','Offensive','Offensive','Offensive','Offensive','Offensive','Offensive','Offensive','Offensive','Offensive','Offensive','Offensive','Offensive','Offensive','Offensive','Offensive','Offensive','Offensive','Offensive','Offensive','Offensive'
????? ?? ?????? ????????????? ?????? ?????? ?????????????,Gender,Not Hateful,'Offensive','Offensive','Offensive','Offensive','Offensive','Offensive','Offensive','Offensive','Offensive','Offensive','Offensive','Offensive','Offensive','Offensive','Offensive','Offensive','Offensive','Offensive','Offensive','Offensive','Offensive'
???? ????? ???????? ???????? ?????? ??? ??,Gender,Not Hateful,'Offensive','Offensive','Offensive','Offensive','Not Hateful','Offensive','Offensive','Offensive','Offensive','Offensive','Not Hateful','Offensive','Offensive','Offensive','Offensive','Offensive','Offensive','Offensive','Offensive','Offensive','Offensive'
????? ??????? ???? ?????? ?????? ?????? ??? ?? ?????? ???? ??? ??? ??? ??? ?? ??? ????? ???????? ??? ???? ????? ???? ????? ??? ????? ???? ???,Gender,Not Hateful,'Not Hateful','Not Hateful','Not Hateful','Offensive','Not Hateful','Offensive','Not Hateful','Offensive','Not Hateful','Not Hateful','Not Hateful','Not Hateful','Offensive','Not Hateful','Not Hateful','Offensive','Offensive','Not Hateful','Not Hateful','Not Hateful','Not Hateful'
?????? ??????  ?????? ???? ???????? ?????? ????,Gender,Not Hateful,'Offensive','Offensive','Offensive','Offensive','Offensive','Offensive','Offensive','Offensive','Offensive','Offensive','Offensive','Offensive','Offensive','Offensive','Offensive','Offensive','Offensive','Offensive','Offensive','Offensive','Offensive'
???? ?? ???? ?? ????? ?????? ??? ????? ????? ??????? ???? ????,Gender,Not Hateful,'Offensive','Offensive','Offensive','Offensive','Offensive','Offensive','Offensive','Offensive','Offensive','Offensive','Offensive','Offensive','Offensive','Offensive','Offensive','Offensive','Offensive','Offensive','Offensive','Offensive','Offensive'
????? ????????? ?? ????? ???? ??????,Entertainment,Not Hateful,'Not Hateful','Not Hateful','Not Hateful','Not Hateful','Not Hateful','Not Hateful','Not Hateful','Not Hateful','Not Hateful','Not Hateful','Not Hateful','Not Hateful','Offensive','Not Hateful','Not Hateful','Not Hateful','Not Hateful','Not Hateful','Not Hateful','Not Hateful','Not Hateful'
??????? ??? ??????? ???? ???? ??????? ????? ?? ????,Entertainment,Not Hateful,'Offensive','Offensive','Offensive','Offensive','Offensive','Offensive','Offensive','Offensive','Offensive','Offensive','Offensive','Offensive','Offensive','Offensive','Offensive','Offensive','Offensive','Offensive','Offensive','Offensive','Offensive'
???? ??? ????? ??? ???? ????? ???? ????????? ????? ???? ?????,Entertainment,Not Hateful,'Offensive','Offensive','Offensive','Offensive','Offensive','Offensive','Offensive','Offensive','Offensive','Offensive','Offensive','Offensive','Offensive','Offensive','Offensive','Offensive','Offensive','Offensive','Offensive','Offensive','Offensive'
?? ????? ????? ??? ??? ???? ??? ????,Entertainment,Not Hateful,'Offensive','Offensive','Offensive','Offensive','Offensive','Offensive','Offensive','Offensive','Offensive','Offensive','Offensive','Offensive','Offensive','Offensive','Offensive','Offensive','Offensive','Offensive','Offensive','Offensive','Offensive'
????? ?? ?????? ????? ????? ??????? ??? ?????   ??? ?? ???? ??? ??? ???? ?????? ???,Entertainment,Not Hateful,'Offensive','Offensive','Offensive','Offensive','Offensive','Offensive','Offensive','Offensive','Offensive','Offensive','Offensive','Offensive','Offensive','Offensive','Offensive','Offensive','Offensive','Offensive','Offensive','Offensive','Offensive'
?????? ??? ????????? ???? ???? ???????? ??? ???? ????,Entertainment,Not Hateful,'Offensive','Offensive','Offensive','Offensive','Offensive','Offensive','Offensive','Offensive','Offensive','Offensive','Offensive','Offensive','Offensive','Offensive','Offensive','Offensive','Offensive','Offensive','Offensive','Offensive','Offensive'
???????? ???? ?????? ???? ?????? ???? ??????? ???? ?????? ??? ??? ?????? ?? ?????? ?????? ????? ??? ???? ?? ????? ??????? ???,Entertainment,Not Hateful,'Offensive','Offensive','Offensive','Offensive','Offensive','Offensive','Offensive','Offensive','Offensive','Offensive','Offensive','Offensive','Offensive','Offensive','Offensive','Offensive','Offensive','Offensive','Offensive','Offensive','Offensive'
????? ??? ?? ???? ????? ??? ????? ???? ????? ??????? ??? ??? ???? ????? ????? ????? ???  ????? ????? ?? ????? ??? ?? ????? ?? ?????? ????,Entertainment,Not Hateful,'Offensive','Offensive','Offensive','Offensive','Offensive','Offensive','Offensive','Offensive','Offensive','Offensive','Offensive','Offensive','Offensive','Offensive','Offensive','Offensive','Offensive','Offensive','Offensive','Offensive','Offensive'
??????? ?? ????? ????? ??????? ???? ??????? ???? ??? ????? ????? ?????? ??? ????????? ??? ?? ???? ????,Entertainment,Not Hateful,'Offensive','Offensive','Offensive','Offensive','Offensive','Offensive','Offensive','Offensive','Offensive','Offensive','Not Hateful','Offensive','Offensive','Offensive','Offensive','Offensive','Offensive','Offensive','Offensive','Offensive','Offensive'
???? ??? ???? ??? ?? ???? ??? ??????,Entertainment,Not Hateful,'Not Hateful','Not Hateful','Not Hateful','Not Hateful','Not Hateful','Not Hateful','Not Hateful','Not Hateful','Not Hateful','Not Hateful','Not Hateful','Not Hateful','Not Hateful','Not Hateful','Not Hateful','Not Hateful','Not Hateful','Not Hateful','Not Hateful','Not Hateful','Not Hateful'
??????? ?? ??? ???? ????? ?????????,Entertainment,Not Hateful,'Offensive','Offensive','Offensive','Offensive','Offensive','Offensive','Offensive','Offensive','Offensive','Offensive','Offensive','Offensive','Offensive','Offensive','Offensive','Offensive','Offensive','Offensive','Offensive','Offensive','Offensive'
???? ???? ?? ??? ??????,Entertainment,Not Hateful,'Offensive','Offensive','Offensive','Offensive','Offensive','Offensive','Offensive','Offensive','Offensive','Offensive','Offensive','Offensive','Offensive','Offensive','Offensive','Offensive','Offensive','Offensive','Offensive','Offensive','Offensive'
????? ????????????? ?????? ???????,Entertainment,Not Hateful,'Not Hateful','Not Hateful','Not Hateful','Not Hateful','Not Hateful','Not Hateful','Not Hateful','Not Hateful','Not Hateful','Not Hateful','Not Hateful','Not Hateful','Not Hateful','Not Hateful','Not Hateful','Not Hateful','Not Hateful','Not Hateful','Not Hateful','Not Hateful','Not Hateful'
??? ?? ???????? ?????? ?????,Entertainment,Not Hateful,'Not Hateful','Not Hateful','Not Hateful','Not Hateful','Not Hateful','Not Hateful','Not Hateful','Not Hateful','Not Hateful','Not Hateful','Not Hateful','Not Hateful','Not Hateful','Not Hateful','Not Hateful','Not Hateful','Not Hateful','Not Hateful','Not Hateful','Not Hateful','Not Hateful'
??????? ???? ?? ????? ??? ??,Entertainment,Not Hateful,'Not Hateful','Not Hateful','Not Hateful','Not Hateful','Not Hateful','Not Hateful','Not Hateful','Not Hateful','Not Hateful','Not Hateful','Not Hateful','Not Hateful','Not Hateful','Not Hateful','Not Hateful','Not Hateful','Not Hateful','Not Hateful','Not Hateful','Not Hateful','Not Hateful'
??? ???? ???? ????? ?????? ?????? ??,Entertainment,Not Hateful,'Not Hateful','Not Hateful','Not Hateful','Offensive','Not Hateful','Offensive','Not Hateful','Offensive','Not Hateful','Not Hateful','Not Hateful','Not Hateful','Offensive','Not Hateful','Not Hateful','Offensive','Offensive','Offensive','Offensive','Not Hateful','Offensive'
???? ????? ?????? ???? ???? ??? ????? ?????,Entertainment,Not Hateful,'Offensive','Offensive','Offensive','Offensive','Offensive','Offensive','Offensive','Offensive','Offensive','Offensive','Offensive','Offensive','Offensive','Offensive','Offensive','Offensive','Offensive','Offensive','Offensive','Offensive','Offensive'
????? ???? ????? ?? ????,Entertainment,Not Hateful,'Offensive','Offensive','Offensive','Offensive','Offensive','Offensive','Offensive','Offensive','Offensive','Offensive','Offensive','Offensive','Offensive','Offensive','Offensive','Offensive','Offensive','Offensive','Offensive','Offensive','Offensive'
?? ?? ?? ????? ????? ??????  ????????? ????,Entertainment,Not Hateful,'Offensive','Offensive','Offensive','Offensive','Not Hateful','Offensive','Offensive','Offensive','Offensive','Offensive','Not Hateful','Offensive','Offensive','Offensive','Offensive','Offensive','Offensive','Offensive','Offensive','Not Hateful','Offensive'
?? ?? ?? ?? ????? ????? ???? ????????,Entertainment,Not Hateful,'Offensive','Offensive','Offensive','Offensive','Not Hateful','Offensive','Offensive','Offensive','Not Hateful','Not Hateful','Not Hateful','Not Hateful','Offensive','Offensive','Offensive','Offensive','Offensive','Offensive','Offensive','Offensive','Offensive'
???? ??? ??????? ??? ????? ?????,Entertainment,Not Hateful,'Not Hateful','Not Hateful','Not Hateful','Not Hateful','Not Hateful','Not Hateful','Not Hateful','Not Hateful','Not Hateful','Not Hateful','Not Hateful','Not Hateful','Offensive','Not Hateful','Not Hateful','Not Hateful','Offensive','Not Hateful','Not Hateful','Not Hateful','Not Hateful'
???? ????????? ?????? ?? ????,Entertainment,Not Hateful,'Offensive','Offensive','Offensive','Offensive','Offensive','Offensive','Offensive','Offensive','Offensive','Offensive','Offensive','Offensive','Offensive','Offensive','Offensive','Offensive','Offensive','Offensive','Offensive','Offensive','Offensive'
???????? ?? ???? ?? ???? ????? ???? ??????? ?????? ????,Entertainment,Not Hateful,'Offensive','Offensive','Offensive','Offensive','Offensive','Offensive','Offensive','Offensive','Offensive','Offensive','Offensive','Offensive','Offensive','Offensive','Offensive','Offensive','Offensive','Offensive','Offensive','Offensive','Offensive'
????? ??? ????? ????? ????? ?????,Entertainment,Not Hateful,'Offensive','Offensive','Offensive','Offensive','Offensive','Offensive','Offensive','Offensive','Offensive','Offensive','Offensive','Offensive','Offensive','Offensive','Offensive','Offensive','Offensive','Offensive','Offensive','Offensive','Offensive'
?????? ?????? ???? ???? ?????,Entertainment,Not Hateful,'Offensive','Offensive','Offensive','Offensive','Offensive','Offensive','Offensive','Offensive','Offensive','Offensive','Offensive','Offensive','Offensive','Offensive','Offensive','Offensive','Offensive','Offensive','Offensive','Offensive','Offensive'
??? ?? ???? ??? ??? ???? ???,Entertainment,Not Hateful,'Offensive','Offensive','Offensive','Offensive','Offensive','Offensive','Offensive','Offensive','Offensive','Offensive','Offensive','Offensive','Offensive','Offensive','Offensive','Offensive','Offensive','Offensive','Offensive','Offensive','Offensive'
???? ???? ???????? ???? ??? ?????? ???? ????? ????? ??? ???? ??? ??,Entertainment,Not Hateful,'Offensive','Offensive','Offensive','Offensive','Offensive','Offensive','Offensive','Offensive','Offensive','Offensive','Offensive','Offensive','Offensive','Offensive','Offensive','Offensive','Offensive','Offensive','Offensive','Offensive','Offensive'
?????? ??????? ????? ???? 100 ??? ???,Entertainment,Not Hateful,'Offensive','Offensive','Offensive','Offensive','Offensive','Offensive','Offensive','Offensive','Offensive','Offensive','Offensive','Offensive','Offensive','Offensive','Offensive','Offensive','Offensive','Offensive','Offensive','Offensive','Offensive'
?? ???? ? ?????? ????? ????? ?????? ???? ???? ?????? ????,Entertainment,Not Hateful,'Offensive','Offensive','Offensive','Offensive','Offensive','Offensive','Offensive','Offensive','Offensive','Offensive','Offensive','Offensive','Offensive','Offensive','Offensive','Offensive','Offensive','Offensive','Offensive','Offensive','Offensive'
???? ?? ??   ??? ?? ?????? ???? ???  ??????,Entertainment,Not Hateful,'Not Hateful','Not Hateful','Not Hateful','Not Hateful','Not Hateful','Not Hateful','Not Hateful','Not Hateful','Not Hateful','Not Hateful','Not Hateful','Not Hateful','Not Hateful','Not Hateful','Not Hateful','Not Hateful','Not Hateful','Not Hateful','Not Hateful','Not Hateful','Not Hateful'
??????? ??????? ??????? ???? ?????????? ???? ???? ??,Entertainment,Not Hateful,'Offensive','Offensive','Offensive','Offensive','Offensive','Offensive','Offensive','Offensive','Offensive','Offensive','Offensive','Offensive','Offensive','Offensive','Offensive','Offensive','Offensive','Offensive','Offensive','Offensive','Offensive'
??? ??? ?? ??????? ???? ????? ?????,Entertainment,Not Hateful,'Offensive','Offensive','Offensive','Offensive','Offensive','Offensive','Offensive','Offensive','Offensive','Offensive','Offensive','Offensive','Offensive','Offensive','Offensive','Offensive','Offensive','Offensive','Offensive','Offensive','Offensive'
???? ?????? ???? ??? ???? ?????? ??? ??? ?????? ?????? ?????????? ????? ?? ?????? ???? ??????? ????? ???? ?? ?????? ???? ???? ??,Entertainment,Not Hateful,'Not Hateful','Not Hateful','Not Hateful','Not Hateful','Not Hateful','Not Hateful','Not Hateful','Not Hateful','Not Hateful','Not Hateful','Not Hateful','Not Hateful','Not Hateful','Not Hateful','Not Hateful','Not Hateful','Not Hateful','Not Hateful','Not Hateful','Not Hateful','Not Hateful'
?????? ???? ?????????? ????????? ????? ?? ??? ??? ??????,Entertainment,Not Hateful,'Offensive','Offensive','Offensive','Offensive','Offensive','Offensive','Offensive','Offensive','Offensive','Offensive','Offensive','Offensive','Offensive','Offensive','Offensive','Offensive','Offensive','Offensive','Offensive','Offensive','Offensive'
?????? ?????? ?????????? ??? ???? ???? ????? ???????   ?? ??? ??? ???????? ???? ????? ? ???????? ????? ???? ???,Entertainment,Not Hateful,'Not Hateful','Not Hateful','Not Hateful','Not Hateful','Not Hateful','Offensive','Not Hateful','Offensive','Not Hateful','Not Hateful','Not Hateful','Not Hateful','Offensive','Not Hateful','Not Hateful','Offensive','Offensive','Not Hateful','Not Hateful','Not Hateful','Offensive'
????? ?? ????? ?? ?????? ????,Entertainment,Not Hateful,'Not Hateful','Not Hateful','Not Hateful','Not Hateful','Not Hateful','Not Hateful','Not Hateful','Not Hateful','Not Hateful','Not Hateful','Not Hateful','Not Hateful','Not Hateful','Not Hateful','Not Hateful','Not Hateful','Not Hateful','Not Hateful','Not Hateful','Not Hateful','Not Hateful'
?? ???? ???? ???? ?? ??? ???? ???,Entertainment,Not Hateful,'Not Hateful','Offensive','Offensive','Offensive','Not Hateful','Offensive','Offensive','Offensive','Offensive','Not Hateful','Not Hateful','Not Hateful','Offensive','Not Hateful','Offensive','Offensive','Offensive','Not Hateful','Not Hateful','Not Hateful','Offensive'
?? ???????? ???? ????? ??? ?? ???? ????? ???,Entertainment,Not Hateful,'Offensive','Offensive','Offensive','Offensive','Offensive','Offensive','Offensive','Offensive','Offensive','Offensive','Offensive','Offensive','Offensive','Offensive','Offensive','Offensive','Offensive','Offensive','Offensive','Offensive','Offensive'
????? ???? ???? ????? ?????,Entertainment,Not Hateful,'Offensive','Offensive','Offensive','Offensive','Offensive','Offensive','Offensive','Offensive','Offensive','Offensive','Offensive','Offensive','Offensive','Offensive','Offensive','Offensive','Offensive','Offensive','Offensive','Offensive','Offensive'
????? ??? ???? ???? ??? ???????,Entertainment,Not Hateful,'Not Hateful','Offensive','Offensive','Offensive','Not Hateful','Offensive','Offensive','Offensive','Not Hateful','Not Hateful','Not Hateful','Offensive','Offensive','Not Hateful','Offensive','Offensive','Offensive','Offensive','Offensive','Not Hateful','Offensive'
????? ?????? ?? ???? ????? ????? ??,Entertainment,Not Hateful,'Not Hateful','Not Hateful','Not Hateful','Not Hateful','Not Hateful','Not Hateful','Not Hateful','Not Hateful','Not Hateful','Not Hateful','Not Hateful','Not Hateful','Not Hateful','Not Hateful','Not Hateful','Not Hateful','Not Hateful','Not Hateful','Not Hateful','Not Hateful','Not Hateful'
??? ????? ???? ???  ??? ?????? ?????? ??? ??? ????,Entertainment,Not Hateful,'Not Hateful','Not Hateful','Not Hateful','Not Hateful','Not Hateful','Not Hateful','Not Hateful','Not Hateful','Not Hateful','Not Hateful','Not Hateful','Not Hateful','Not Hateful','Not Hateful','Not Hateful','Not Hateful','Not Hateful','Not Hateful','Not Hateful','Not Hateful','Not Hateful'
??? ???? ???? ?? ??? ????? ?????,Entertainment,Not Hateful,'Offensive','Offensive','Offensive','Offensive','Offensive','Offensive','Offensive','Offensive','Offensive','Offensive','Offensive','Offensive','Offensive','Offensive','Offensive','Offensive','Offensive','Offensive','Offensive','Offensive','Offensive'
?? ????????? ????? ??? ??? ????? ?????? ???? ????,Entertainment,Not Hateful,'Offensive','Offensive','Offensive','Offensive','Offensive','Offensive','Offensive','Offensive','Offensive','Offensive','Offensive','Offensive','Offensive','Offensive','Offensive','Offensive','Offensive','Offensive','Offensive','Offensive','Offensive'
?? ???? ????????? ??? ?? ????? ?????? ?????? ????,Entertainment,Not Hateful,'Offensive','Offensive','Offensive','Offensive','Offensive','Offensive','Offensive','Offensive','Offensive','Offensive','Offensive','Offensive','Offensive','Offensive','Offensive','Offensive','Offensive','Offensive','Offensive','Offensive','Offensive'
????? ??? ?? ?????????? ??,Entertainment,Not Hateful,'Offensive','Offensive','Offensive','Offensive','Offensive','Offensive','Offensive','Offensive','Offensive','Offensive','Offensive','Offensive','Offensive','Offensive','Offensive','Offensive','Offensive','Offensive','Offensive','Offensive','Offensive'
????????? ????? ????? ????? ??? ??? ???? ??? ??????? ???,Entertainment,Not Hateful,'Offensive','Offensive','Offensive','Offensive','Offensive','Offensive','Offensive','Offensive','Offensive','Offensive','Offensive','Offensive','Offensive','Offensive','Offensive','Offensive','Offensive','Offensive','Offensive','Offensive','Offensive'
???? ?????? ??? ???? (???? ???) ?? ????? ???? ? ????? ???? ?????,Entertainment,Not Hateful,'Offensive','Offensive','Offensive','Offensive','Offensive','Offensive','Offensive','Offensive','Offensive','Offensive','Offensive','Offensive','Offensive','Offensive','Offensive','Offensive','Offensive','Offensive','Offensive','Offensive','Offensive'
??? ???????? ?? ???? ?????? ??? ???? ??? ?????,Entertainment,Not Hateful,'Offensive','Offensive','Offensive','Offensive','Offensive','Offensive','Offensive','Offensive','Offensive','Offensive','Offensive','Offensive','Offensive','Offensive','Offensive','Offensive','Offensive','Offensive','Offensive','Offensive','Offensive'
???? ?????? ???? ??? ??? ?????,Entertainment,Not Hateful,'Offensive','Offensive','Offensive','Offensive','Offensive','Offensive','Offensive','Offensive','Offensive','Offensive','Offensive','Offensive','Offensive','Offensive','Offensive','Offensive','Offensive','Offensive','Offensive','Offensive','Offensive'
?????????? ??? ????????? ??????? ????,Entertainment,Not Hateful,'Offensive','Offensive','Offensive','Offensive','Offensive','Offensive','Offensive','Offensive','Offensive','Offensive','Offensive','Offensive','Offensive','Offensive','Offensive','Offensive','Offensive','Offensive','Offensive','Offensive','Offensive'
?????? ???????? ???? ???? ???? ???????? ??????,Entertainment,Not Hateful,'Offensive','Offensive','Offensive','Offensive','Offensive','Offensive','Offensive','Offensive','Offensive','Offensive','Offensive','Offensive','Offensive','Offensive','Offensive','Offensive','Offensive','Offensive','Offensive','Offensive','Offensive'
??? ??? ???? ?????????,Entertainment,Not Hateful,'Offensive','Offensive','Offensive','Offensive','Offensive','Offensive','Offensive','Offensive','Offensive','Offensive','Offensive','Offensive','Offensive','Offensive','Offensive','Offensive','Offensive','Offensive','Offensive','Offensive','Offensive'
??? ? ??????? ????,Entertainment,Not Hateful,'Offensive','Offensive','Offensive','Offensive','Not Hateful','Offensive','Offensive','Offensive','Not Hateful','Not Hateful','Not Hateful','Not Hateful','Offensive','Not Hateful','Not Hateful','Offensive','Offensive','Offensive','Offensive','Not Hateful','Offensive'
????????? ???? ??????,Entertainment,Not Hateful,'Offensive','Offensive','Offensive','Offensive','Offensive','Offensive','Offensive','Offensive','Offensive','Offensive','Offensive','Offensive','Offensive','Offensive','Offensive','Offensive','Offensive','Offensive','Offensive','Offensive','Offensive'
???????? ??????? ??? ????? ???????? ??? ??? ???,Entertainment,Not Hateful,'Not Hateful','Not Hateful','Not Hateful','Offensive','Not Hateful','Offensive','Not Hateful','Offensive','Not Hateful','Not Hateful','Not Hateful','Not Hateful','Offensive','Not Hateful','Not Hateful','Not Hateful','Offensive','Not Hateful','Not Hateful','Not Hateful','Offensive'
????? ??? ?? ????,Entertainment,Not Hateful,'Not Hateful','Not Hateful','Not Hateful','Not Hateful','Not Hateful','Not Hateful','Not Hateful','Not Hateful','Not Hateful','Not Hateful','Not Hateful','Not Hateful','Not Hateful','Not Hateful','Not Hateful','Not Hateful','Not Hateful','Not Hateful','Not Hateful','Not Hateful','Not Hateful'
????? ???? ???? ???? ????? ????? ????? ???? ??????? ?? ?? ????? ?? ?????? ???? ???,Entertainment,Not Hateful,'Offensive','Offensive','Offensive','Offensive','Offensive','Offensive','Offensive','Offensive','Offensive','Offensive','Offensive','Offensive','Offensive','Offensive','Offensive','Offensive','Offensive','Offensive','Offensive','Offensive','Offensive'
?????????? ???? ?????? ?? ?????? ???? ??,Entertainment,Not Hateful,'Offensive','Offensive','Offensive','Offensive','Offensive','Offensive','Offensive','Offensive','Offensive','Offensive','Offensive','Offensive','Offensive','Offensive','Offensive','Offensive','Offensive','Offensive','Offensive','Offensive','Offensive'
????? ?????? ?????? ??? ?????? ???? ?????? ??? ????? ?????? ?????? ?????? ???? ????? ???  ????? ?????? ????? ??????? ???? ?? ??? ??? ?????? ??? ????? ??,Entertainment,Not Hateful,'Not Hateful','Not Hateful','Not Hateful','Not Hateful','Not Hateful','Not Hateful','Not Hateful','Not Hateful','Not Hateful','Not Hateful','Not Hateful','Not Hateful','Not Hateful','Not Hateful','Not Hateful','Not Hateful','Not Hateful','Not Hateful','Not Hateful','Not Hateful','Not Hateful'
??? ?????? ????? ???,Entertainment,Not Hateful,'Offensive','Offensive','Offensive','Offensive','Offensive','Offensive','Offensive','Offensive','Offensive','Offensive','Offensive','Offensive','Offensive','Offensive','Offensive','Offensive','Offensive','Offensive','Offensive','Offensive','Offensive'
????? ???? ???? ????,Entertainment,Not Hateful,'Offensive','Offensive','Offensive','Offensive','Offensive','Offensive','Offensive','Offensive','Offensive','Offensive','Offensive','Offensive','Offensive','Offensive','Offensive','Offensive','Offensive','Offensive','Offensive','Offensive','Offensive'
????? ?? ?? ???? ????? ???? ???? ???,Entertainment,Not Hateful,'Offensive','Offensive','Offensive','Offensive','Offensive','Offensive','Offensive','Offensive','Offensive','Offensive','Offensive','Offensive','Offensive','Offensive','Offensive','Offensive','Offensive','Offensive','Offensive','Offensive','Offensive'
????? ???? ????? ?? ??????,Entertainment,Not Hateful,'Offensive','Offensive','Offensive','Offensive','Offensive','Offensive','Offensive','Offensive','Offensive','Offensive','Offensive','Offensive','Offensive','Offensive','Offensive','Offensive','Offensive','Offensive','Offensive','Offensive','Offensive'
????-???????? ???? ???? ??????? ?? ????????? ????? ?? ??? ??,Entertainment,Not Hateful,'Offensive','Offensive','Offensive','Offensive','Offensive','Offensive','Offensive','Offensive','Offensive','Offensive','Offensive','Offensive','Offensive','Offensive','Offensive','Offensive','Offensive','Offensive','Offensive','Offensive','Offensive'
???? ????? ?????? ??,Entertainment,Not Hateful,'Offensive','Offensive','Offensive','Offensive','Offensive','Offensive','Offensive','Offensive','Offensive','Offensive','Offensive','Offensive','Offensive','Offensive','Offensive','Offensive','Offensive','Offensive','Offensive','Offensive','Offensive'
???? ???? ????? ????? ?? ??,Entertainment,Not Hateful,'Not Hateful','Not Hateful','Not Hateful','Not Hateful','Not Hateful','Not Hateful','Not Hateful','Not Hateful','Not Hateful','Not Hateful','Not Hateful','Not Hateful','Not Hateful','Not Hateful','Not Hateful','Not Hateful','Not Hateful','Not Hateful','Not Hateful','Not Hateful','Not Hateful'
??????  ?????? ???? ???? ??? ??? ???? ??? ???? ??????? ????????? ????? ????,Entertainment,Not Hateful,'Offensive','Offensive','Offensive','Offensive','Offensive','Offensive','Offensive','Offensive','Offensive','Offensive','Offensive','Offensive','Offensive','Offensive','Offensive','Offensive','Offensive','Offensive','Offensive','Offensive','Offensive'
????????? ?? ?? ????? ???? ???????? ???? ???? ???? ???,Entertainment,Not Hateful,'Offensive','Offensive','Offensive','Offensive','Not Hateful','Offensive','Offensive','Offensive','Offensive','Offensive','Offensive','Offensive','Offensive','Offensive','Offensive','Offensive','Offensive','Offensive','Offensive','Offensive','Offensive'
???? ???? ?? ?? ??? ????,Entertainment,Not Hateful,'Offensive','Offensive','Offensive','Offensive','Offensive','Offensive','Offensive','Offensive','Offensive','Offensive','Offensive','Offensive','Offensive','Offensive','Offensive','Offensive','Offensive','Offensive','Offensive','Offensive','Offensive'
????? ?????? ?? ??? ?????? ???? ???? ??? ???? ???? ?????,Entertainment,Not Hateful,'Offensive','Offensive','Offensive','Offensive','Offensive','Offensive','Offensive','Offensive','Offensive','Offensive','Offensive','Offensive','Offensive','Offensive','Offensive','Offensive','Offensive','Offensive','Offensive','Offensive','Offensive'
????? ?? ???? ???? ?? ????? ?? ?? ??? ?????? ???,Entertainment,Not Hateful,'Offensive','Offensive','Offensive','Offensive','Offensive','Offensive','Offensive','Offensive','Offensive','Offensive','Offensive','Offensive','Offensive','Offensive','Offensive','Offensive','Offensive','Offensive','Offensive','Offensive','Offensive'
?? ?? ??????? ???? ??? ??,Entertainment,Not Hateful,'Offensive','Offensive','Offensive','Offensive','Offensive','Offensive','Offensive','Offensive','Offensive','Offensive','Offensive','Offensive','Offensive','Offensive','Offensive','Offensive','Offensive','Offensive','Offensive','Offensive','Offensive'
?????? ???? ????? ????? ??? ????? ????? ?? ??? ?? ???? ????? ???? ??? ????? ?????????? ??? ???? ????? ???? ??? ??? ?????? ??????? ?? ?????? ???,Entertainment,Not Hateful,'Offensive','Offensive','Offensive','Offensive','Offensive','Offensive','Offensive','Offensive','Offensive','Offensive','Offensive','Offensive','Offensive','Offensive','Offensive','Offensive','Offensive','Offensive','Offensive','Offensive','Offensive'
???????? ???? ??? ?????? ??? ?????? ???? ?? ?????? ??????? ???? ???,Entertainment,Not Hateful,'Offensive','Offensive','Offensive','Offensive','Offensive','Offensive','Offensive','Offensive','Offensive','Offensive','Offensive','Offensive','Offensive','Offensive','Offensive','Offensive','Offensive','Offensive','Offensive','Offensive','Offensive'
??? ?? ???????? ???????? ??? ???? ????? ???? ????,Entertainment,Not Hateful,'Offensive','Offensive','Offensive','Offensive','Offensive','Offensive','Offensive','Offensive','Offensive','Offensive','Offensive','Offensive','Offensive','Offensive','Offensive','Offensive','Offensive','Offensive','Offensive','Offensive','Offensive'
????? ??? ?? ???? ?? ??????? ????? ???? ????? ???? ??? ??????? ?? ??? ?????? ????? ??? ????? ??????? ???? ??????? ??? ????? ??????? ??? ????? ??? ?????,Entertainment,Not Hateful,'Offensive','Offensive','Offensive','Offensive','Offensive','Offensive','Offensive','Offensive','Offensive','Offensive','Offensive','Offensive','Offensive','Offensive','Offensive','Offensive','Offensive','Offensive','Offensive','Offensive','Offensive'
?????? ????? ????? ???? ? ??? ???? ???? ?? ?? ??? ???,Entertainment,Not Hateful,'Offensive','Offensive','Offensive','Offensive','Offensive','Offensive','Offensive','Offensive','Offensive','Offensive','Offensive','Offensive','Offensive','Offensive','Offensive','Offensive','Offensive','Offensive','Offensive','Offensive','Offensive'
??? ??    ????? ?????? ????,Entertainment,Not Hateful,'Offensive','Offensive','Offensive','Offensive','Offensive','Offensive','Offensive','Offensive','Offensive','Offensive','Offensive','Offensive','Offensive','Offensive','Offensive','Offensive','Offensive','Offensive','Offensive','Offensive','Offensive'
????? ????????? ????  ????? ?? ????? ????? ???? ?? ???? ??? ??????? ??? ??  ???? ?????? ?? ???? ?? ??? ?? ???? ???  ???? ?????????? ??? ???? ???? ???? ???? ?????,Entertainment,Not Hateful,'Offensive','Offensive','Offensive','Offensive','Offensive','Offensive','Offensive','Offensive','Offensive','Offensive','Offensive','Offensive','Offensive','Offensive','Offensive','Offensive','Offensive','Offensive','Offensive','Offensive','Offensive'
???? ???????? ?????  ???? ??? ?????? ?????? ????????  ?????? ?????? ???? ?? ??????? ???? ???? ????,Entertainment,Not Hateful,'Not Hateful','Offensive','Not Hateful','Offensive','Not Hateful','Offensive','Not Hateful','Offensive','Not Hateful','Not Hateful','Not Hateful','Not Hateful','Offensive','Not Hateful','Offensive','Offensive','Offensive','Not Hateful','Not Hateful','Not Hateful','Offensive'
?    ?????????? ???????? ??? ??? ??????,Entertainment,Not Hateful,'Offensive','Offensive','Offensive','Offensive','Offensive','Offensive','Offensive','Offensive','Offensive','Offensive','Offensive','Offensive','Offensive','Offensive','Offensive','Offensive','Offensive','Offensive','Offensive','Offensive','Offensive'
??? ???? ????? ???????? ?? ?????????,Entertainment,Not Hateful,'Offensive','Offensive','Offensive','Offensive','Offensive','Offensive','Offensive','Offensive','Offensive','Offensive','Offensive','Offensive','Offensive','Offensive','Offensive','Offensive','Offensive','Offensive','Offensive','Offensive','Offensive'
??????? ??? ??? ?? ???? ???? ????,Entertainment,Not Hateful,'Offensive','Offensive','Offensive','Offensive','Offensive','Offensive','Offensive','Offensive','Offensive','Offensive','Offensive','Offensive','Offensive','Offensive','Offensive','Offensive','Offensive','Offensive','Offensive','Offensive','Offensive'
???? ????? ?? ???? ?????? ????????? ??? ?????? ???,Entertainment,Not Hateful,'Offensive','Offensive','Offensive','Offensive','Offensive','Offensive','Offensive','Offensive','Offensive','Offensive','Offensive','Offensive','Offensive','Offensive','Offensive','Offensive','Offensive','Offensive','Offensive','Offensive','Offensive'
??? ???? ??  ?????? ??????,Entertainment,Not Hateful,'Offensive','Offensive','Offensive','Offensive','Offensive','Offensive','Offensive','Offensive',['Offensive'],'Offensive','Offensive','Offensive','Offensive','Offensive','Offensive','Offensive','Offensive','Offensive','Offensive','Offensive','Offensive'
??????? ??? ???? ?? ????? ???? ???,Entertainment,Not Hateful,'Offensive','Offensive','Offensive','Offensive','Offensive','Offensive','Offensive','Offensive','Offensive','Offensive','Offensive','Offensive','Offensive','Offensive','Offensive','Offensive','Offensive','Offensive','Offensive','Offensive','Offensive'
?????? ??? ?????? ?? ???????? ?????? ??????? ????? ?? ??????? ??? ??? ??? ???????? ???? ????? ??? ???? ????? ????? ?????? ??? ??? ???? ?? ??????? ???????? ??????? ???????,Entertainment,Not Hateful,'Offensive','Offensive','Offensive','Offensive','Not Hateful','Offensive','Offensive','Offensive','Offensive','Offensive','Not Hateful','Offensive','Offensive','Offensive','Offensive','Offensive','Offensive','Offensive','Offensive','Offensive','Offensive'
?????? ??? ????? ?????? ????? ?????? ?? ????? ?? ?? ????? ?????? ??? ????? ?? ???? ???? ?? ?? ?? ?????? ?????? ?? ??? ???? ?????? ?????? ????,Entertainment,Not Hateful,'Offensive','Offensive','Offensive','Offensive','Offensive','Offensive','Offensive','Offensive','Offensive','Offensive','Offensive','Offensive','Offensive','Offensive','Offensive','Offensive','Offensive','Offensive','Offensive','Offensive','Offensive'
???? ????? ???????? ?????? ????? ????? ????,Entertainment,Not Hateful,'Offensive','Offensive','Offensive','Offensive','Offensive','Offensive','Offensive','Offensive','Offensive','Offensive','Offensive','Offensive','Offensive','Offensive','Offensive','Offensive','Offensive','Offensive','Offensive','Offensive','Offensive'
???? ???? ???? ??? ??????????,Entertainment,Not Hateful,'Not Hateful','Not Hateful','Not Hateful','Not Hateful','Not Hateful','Not Hateful','Not Hateful','Not Hateful','Not Hateful','Not Hateful','Not Hateful','Not Hateful','Not Hateful','Not Hateful','Not Hateful','Not Hateful','Offensive','Not Hateful','Not Hateful','Not Hateful','Not Hateful'
???? ?? ? ???? ????,Entertainment,Not Hateful,'Offensive','Offensive','Offensive','Offensive','Offensive','Offensive','Offensive','Offensive','Offensive','Offensive','Offensive','Offensive','Offensive','Offensive','Offensive','Offensive','Offensive','Offensive','Offensive','Offensive','Offensive'
???? ??? ?????? ???? ??,Entertainment,Not Hateful,'Offensive','Offensive','Offensive','Offensive','Offensive','Offensive','Offensive','Offensive','Offensive','Offensive','Offensive','Offensive','Offensive','Offensive','Offensive','Offensive','Offensive','Offensive','Offensive','Offensive','Offensive'
???? ??? ???? ??? ????? ?????? ????? ?????? ????? ????? ??? ?????,Entertainment,Not Hateful,'Not Hateful','Not Hateful','Not Hateful','Offensive','Not Hateful','Offensive','Offensive','Offensive','Not Hateful','Not Hateful','Not Hateful','Not Hateful','Offensive','Not Hateful','Not Hateful','Offensive','Offensive','Offensive','Not Hateful','Not Hateful','Offensive'
???? ??? ???? ????? ???,Entertainment,Not Hateful,'Offensive','Offensive','Offensive','Offensive','Offensive','Offensive','Offensive','Offensive','Offensive','Offensive','Offensive','Offensive','Offensive','Offensive','Offensive','Offensive','Offensive','Offensive','Offensive','Offensive','Offensive'
???? ??? ??????,Entertainment,Not Hateful,'Not Hateful','Not Hateful','Not Hateful','Not Hateful','Not Hateful','Not Hateful','Not Hateful','Not Hateful','Not Hateful','Not Hateful','Not Hateful','Not Hateful','Not Hateful','Not Hateful','Not Hateful','Not Hateful','Not Hateful','Not Hateful','Not Hateful','Not Hateful','Not Hateful'
???? ??? ??????,Entertainment,Not Hateful,'Offensive','Offensive','Offensive','Offensive','Offensive','Offensive','Offensive','Offensive','Offensive','Offensive','Offensive','Offensive','Offensive','Offensive','Offensive','Offensive','Offensive','Offensive','Offensive','Offensive','Offensive'
??? ???? ???? ?? ???? ??????,Entertainment,Not Hateful,'Not Hateful','Not Hateful','Not Hateful','Not Hateful','Not Hateful','Offensive','Not Hateful','Not Hateful','Not Hateful','Not Hateful','Not Hateful','Not Hateful','Offensive','Not Hateful','Not Hateful','Not Hateful','Offensive','Not Hateful','Not Hateful','Not Hateful','Not Hateful'
??????? ???? ?????? ???? ???? ?????,Entertainment,Not Hateful,'Not Hateful','Not Hateful','Not Hateful','Not Hateful','Not Hateful','Offensive','Not Hateful','Not Hateful','Not Hateful','Not Hateful','Not Hateful','Not Hateful','Offensive','Not Hateful','Not Hateful','Not Hateful','Offensive','Not Hateful','Not Hateful','Not Hateful','Not Hateful'
????? ?? ??????? ????? ?? ???? ???,Entertainment,Not Hateful,'Offensive','Offensive','Offensive','Offensive','Offensive','Offensive','Offensive','Offensive','Offensive','Offensive','Offensive','Offensive','Offensive','Offensive','Offensive','Offensive','Offensive','Offensive','Offensive','Offensive','Offensive'
????? ???? ???? ????? ????? ??? ??????,Entertainment,Not Hateful,'Not Hateful','Offensive','Not Hateful','Offensive','Not Hateful','Offensive','Offensive','Offensive','Not Hateful','Not Hateful','Not Hateful','Offensive','Offensive','Offensive','Offensive','Offensive','Offensive','Offensive','Offensive','Not Hateful','Offensive'
?? ?????? ???? ?????? ?????????? ??????,Entertainment,Offensive,'Offensive','Offensive','Offensive','Offensive','Offensive','Offensive','Offensive','Offensive','Offensive','Offensive','Offensive','Offensive','Offensive','Offensive','Offensive','Offensive','Offensive','Offensive','Offensive','Offensive','Offensive'
?? ?? ????? ??? ????? ?? ??????? ?????????? ???? ???? ????,Entertainment,Offensive,'Offensive','Offensive','Offensive','Offensive','Offensive','Offensive','Offensive','Offensive','Offensive','Offensive','Offensive','Offensive','Offensive','Offensive','Offensive','Offensive','Offensive','Offensive','Offensive','Offensive','Offensive'
?? ??? ?? ????? ?????? ??? ???? ?????? ???? ?????? ????? ?????? ??? ????? ????? ??? ??? ???? ???? ????? ?????? ????,Entertainment,Violence,'Offensive','Offensive','Offensive','Offensive','Offensive','Offensive','Offensive','Offensive','Offensive','Offensive','Offensive','Offensive','Offensive','Offensive','Offensive','Offensive','Offensive','Offensive','Offensive','Offensive','Offensive'
?? ??????? ???? ????? ?????,Entertainment,Offensive,'Offensive','Offensive','Offensive','Offensive','Offensive','Offensive','Offensive','Offensive','Offensive','Offensive','Offensive','Offensive','Offensive','Offensive','Offensive','Offensive','Offensive','Offensive','Offensive','Offensive','Offensive'
?? ????? ?? ??? ????? ??????? ??????,Entertainment,Offensive,'Offensive','Offensive','Offensive','Offensive','Offensive','Offensive','Offensive','Offensive','Offensive','Offensive','Offensive','Offensive','Offensive','Offensive','Offensive','Offensive','Offensive','Offensive','Offensive','Offensive','Offensive'
?? ????? ???? ?????????,Entertainment,Offensive,'Offensive','Offensive','Offensive','Offensive','Offensive','Offensive','Offensive','Offensive','Offensive','Offensive','Offensive','Offensive','Offensive','Offensive','Offensive','Offensive','Offensive','Offensive','Offensive','Offensive','Offensive'
?? ????? ?? ?????? ????? ???? ????? ??,Entertainment,Sexual Harassments,'Offensive','Offensive','Offensive','Offensive','Offensive','Offensive','Offensive','Offensive','Offensive','Offensive','Offensive','Offensive','Offensive','Offensive','Offensive','Offensive','Offensive','Offensive','Offensive','Offensive','Offensive'
?? ?????? ????? ????? ????,Entertainment,Offensive,'Offensive','Offensive','Offensive','Offensive','Offensive','Offensive','Offensive','Offensive','Offensive','Offensive','Offensive','Offensive','Offensive','Offensive','Offensive','Offensive','Offensive','Offensive','Offensive','Offensive','Offensive'
?? ?????? ????? ?????? ???? ?? ???? ?? ???? ????? ???????? ??????????????? ???????,Entertainment,Offensive,'Offensive','Offensive','Offensive','Offensive','Offensive','Offensive','Offensive','Offensive','Offensive','Offensive','Offensive','Offensive','Offensive','Offensive','Offensive','Offensive','Offensive','Offensive','Offensive','Offensive','Offensive'
?? ?????? ??? ??? ?? ?? ??????? ??? ????? ????? ?????? ????? ????? ????,Entertainment,Offensive,'Offensive','Offensive','Offensive','Offensive','Offensive','Offensive','Offensive','Offensive','Offensive','Offensive','Offensive','Offensive','Offensive','Offensive','Offensive','Offensive','Offensive','Offensive','Offensive','Offensive','Offensive'
?? ???? ????? ??? ??????? ???? ?????? ????,Entertainment,Offensive,'Offensive','Offensive','Offensive','Offensive','Offensive','Offensive','Offensive','Offensive','Offensive','Offensive','Offensive','Offensive','Offensive','Offensive','Offensive','Offensive','Offensive','Offensive','Offensive','Offensive','Offensive'
?? ???? ???? ?????? ???? ????????? ?? ???? ???? ???? ?? ???? ??? ??,Entertainment,Offensive,'Offensive','Offensive','Offensive','Offensive','Offensive','Offensive','Offensive','Offensive','Offensive','Offensive','Offensive','Offensive','Offensive','Offensive','Offensive','Offensive','Offensive','Offensive','Offensive','Offensive','Offensive'
?? ???? ???? ????? ???? ??? ?????? ???? ??????? ???? ??????? ????,Entertainment,Offensive,'Offensive','Offensive','Offensive','Offensive','Offensive','Offensive','Offensive','Offensive','Offensive','Offensive','Offensive','Offensive','Offensive','Offensive','Offensive','Offensive','Offensive','Offensive','Offensive','Offensive','Offensive'
??? ???? ???? ??????,Entertainment,Offensive,'Offensive','Offensive','Offensive','Offensive','Offensive','Offensive','Offensive','Offensive','Offensive','Offensive','Offensive','Offensive','Offensive','Offensive','Offensive','Offensive','Offensive','Offensive','Offensive','Offensive','Offensive'
??? ????? ???? ???? ??? ????? ???? ???? ?????? ????,Entertainment,Offensive,'Offensive','Offensive','Offensive','Offensive','Offensive','Offensive','Offensive','Offensive','Offensive','Offensive','Offensive','Offensive','Offensive','Offensive','Offensive','Offensive','Offensive','Offensive','Offensive','Offensive','Offensive'
??? ????? ????? ????? ???,Entertainment,Offensive,'Offensive','Offensive','Offensive','Offensive','Offensive','Offensive','Offensive','Offensive','Offensive','Offensive','Offensive','Offensive','Offensive','Offensive','Offensive','Offensive','Offensive','Offensive','Offensive','Offensive','Offensive'
??? ????? ???? ?????? ??? ????????,Entertainment,Offensive,'Offensive','Offensive','Offensive','Offensive','Offensive','Offensive','Offensive','Offensive','Offensive','Offensive','Offensive','Offensive','Offensive','Offensive','Offensive','Offensive','Offensive','Offensive','Offensive','Offensive','Offensive'
??? ????? ???? ???? ????? ???,Entertainment,Offensive,'Offensive','Offensive','Offensive','Offensive','Offensive','Offensive','Offensive','Offensive','Offensive','Offensive','Offensive','Offensive','Offensive','Offensive','Offensive','Offensive','Offensive','Offensive','Offensive','Offensive','Offensive'
??? ????? ???? ???? ???? ????? ??????? ???? ??? ???? ???? ???,Entertainment,Offensive,'Offensive','Offensive','Offensive','Offensive','Offensive','Offensive','Offensive','Offensive','Offensive','Offensive','Offensive','Offensive','Offensive','Offensive','Offensive','Offensive','Offensive','Offensive','Offensive','Offensive','Offensive'
??? ??? ???? ??? ??? ?????? ????,Entertainment,Offensive,'Offensive','Offensive','Offensive','Offensive','Offensive','Offensive','Offensive','Offensive','Offensive','Offensive','Offensive','Offensive','Offensive','Offensive','Offensive','Offensive','Offensive','Offensive','Offensive','Offensive','Offensive'
???? ?????? ????? ??? ???? ??? ????? ???? ??? ???? ???? ???? ?????,Entertainment,Offensive,'Offensive','Offensive','Offensive',['Offensive'],'Offensive',['Offensive'],'Offensive','Offensive','Offensive','Offensive','Offensive','Offensive','Offensive','Offensive','Offensive','Offensive','Offensive','Offensive','Offensive','Offensive','Offensive'
??? ?????? ??? ?? ???? ?? ???? ?? ???? ????? ????? ?? ?????? ????? ?? ???? ???????,Entertainment,Offensive,'Offensive','Offensive','Offensive','Offensive','Offensive','Offensive','Offensive','Offensive','Offensive','Offensive','Offensive','Offensive','Offensive','Offensive','Offensive','Offensive','Offensive','Offensive','Offensive','Offensive','Offensive'
??? ????? ???? ????? ????? ????,Entertainment,Offensive,'Offensive','Offensive','Offensive','Offensive','Offensive','Offensive','Offensive','Offensive','Offensive','Offensive','Offensive','Offensive','Offensive','Offensive','Offensive','Offensive','Offensive','Offensive','Offensive','Offensive','Offensive'
??? ?? ??????? ????? ???? ???? ?? ???? ???? ?????? ??? ???? ??? ???? ????? ?????? ??? ????,Entertainment,Offensive,'Offensive','Offensive','Offensive','Offensive','Offensive','Offensive','Offensive','Offensive','Offensive','Offensive','Offensive','Offensive','Offensive','Offensive','Offensive','Offensive','Offensive','Offensive','Offensive','Offensive','Offensive'
??? ??? ?????? ???? ??? ???? ????? ??? ??? ???? ???? ???? ???? ?? ???? ??????? ???? ?? ??????? ?????? ?????????? ????? ??? ??? ?? ?? ?????? ??? ? ??? ???????? ???? ?????????? ???? ????,Entertainment,Offensive,'Offensive','Offensive','Offensive','Offensive','Offensive','Offensive','Offensive','Offensive','Offensive','Offensive','Offensive','Offensive','Offensive','Offensive','Offensive','Offensive','Offensive','Offensive','Offensive','Offensive','Offensive'
??? ?? ?? ???? ?? ???? ???? ???? ????? ??? ?? ????? ????? ???? ? ???? ??? ???? ??? ?????? ??? ?? ????? ????? ??? ??? ???? ??? ??? ??,Entertainment,Offensive,'Offensive','Offensive','Offensive','Offensive','Offensive','Offensive','Offensive','Offensive','Offensive','Offensive','Offensive','Offensive','Offensive','Offensive','Offensive','Offensive','Offensive','Offensive','Offensive','Offensive','Offensive'
??? ?? ?? ??? ??? ??? ?? ????? ???? ???? ??? ???? ??? ??? ?? ???? ?????? ?????? ????? ???? ???? ???? ???? ??? ????? ??????? ??? ????? ???? ???? ?? ?? ?? ????? ????? ???? ??? ???? ?????? ????,Entertainment,Offensive,'Offensive','Offensive','Offensive','Offensive','Offensive','Offensive','Offensive','Offensive','Offensive','Offensive','Offensive','Offensive','Offensive','Offensive','Offensive','Offensive','Offensive','Offensive','Offensive','Offensive','Offensive'
??? ?? ?? ???? ?????? ?????? ?????? ???,Entertainment,Offensive,'Offensive','Offensive','Offensive','Offensive','Offensive','Offensive','Offensive','Offensive','Offensive','Offensive','Offensive','Offensive','Offensive','Offensive','Offensive','Offensive','Offensive','Offensive','Offensive','Offensive','Offensive'
??? ??? ?????? ?? ????,Entertainment,Offensive,'Offensive','Offensive','Offensive','Offensive','Offensive','Offensive','Offensive','Offensive','Offensive','Offensive','Offensive','Offensive','Offensive','Offensive','Offensive','Offensive','Offensive','Offensive','Offensive','Offensive','Offensive'
??? ???????? ???? ????? ??? ????? ???? ??? ???,Entertainment,Offensive,'Offensive','Offensive','Offensive','Offensive','Offensive','Offensive','Offensive','Offensive','Offensive','Offensive','Offensive','Offensive','Offensive','Offensive','Offensive','Offensive','Offensive','Offensive','Offensive','Offensive','Offensive'
??? ????? ????? ?????? ????,Entertainment,Offensive,'Offensive','Offensive','Offensive','Offensive','Offensive','Offensive','Offensive','Offensive','Offensive','Offensive','Offensive','Offensive','Offensive','Offensive','Offensive','Offensive','Offensive','Offensive','Offensive','Offensive','Offensive'
??? ???? ??? ????? ????? ???? ???? ?????? ????? ?? ??????? ???????? ???? ???? ???,Entertainment,Offensive,'Offensive','Offensive','Offensive','Offensive','Offensive','Offensive','Offensive','Offensive','Offensive','Offensive','Offensive','Offensive','Offensive','Offensive','Offensive','Offensive','Offensive','Offensive','Offensive','Offensive','Offensive'
??? ???? ???? ??????? ???? ??? ????? ???,Entertainment,Offensive,'Offensive','Offensive','Offensive','Offensive','Offensive','Offensive','Offensive','Offensive','Offensive','Offensive','Offensive','Offensive','Offensive','Offensive','Offensive','Offensive','Offensive','Offensive','Offensive','Offensive','Offensive'
??? ???? ?????? ???? ??????? ?????,Entertainment,Harmful,'Offensive','Offensive','Offensive','Offensive','Offensive','Offensive','Offensive','Offensive','Offensive','Offensive','Offensive','Offensive','Offensive','Offensive','Offensive','Offensive','Offensive','Offensive','Offensive','Offensive','Offensive'
??? ????? ???? ?????? ????,Entertainment,Propaganda,'Offensive','Offensive','Offensive','Offensive','Offensive','Offensive','Offensive','Offensive','Offensive','Offensive','Offensive','Offensive','Offensive','Offensive','Offensive','Offensive','Offensive','Offensive','Offensive','Offensive','Offensive'
??? ???? ?? ????? ???? ???? ?????? ??????,Entertainment,Offensive,'Offensive','Offensive','Offensive','Offensive','Offensive','Offensive','Offensive','Offensive','Offensive','Offensive','Offensive','Offensive','Offensive','Offensive','Offensive','Offensive','Offensive','Offensive','Offensive','Offensive','Offensive'
??? ???? ???? ?? ??? ????? ??????,Entertainment,Offensive,'Offensive','Offensive','Offensive','Offensive','Offensive','Offensive','Offensive','Offensive','Offensive','Offensive','Offensive','Offensive','Offensive','Offensive','Offensive','Offensive','Offensive','Offensive','Offensive','Offensive','Offensive'
??? ???? ???? ?????? ??? ?????,Entertainment,Offensive,'Offensive','Offensive','Offensive','Offensive','Offensive','Offensive','Offensive','Offensive','Offensive','Offensive','Offensive','Offensive','Offensive','Offensive','Offensive','Offensive','Offensive','Offensive','Offensive','Offensive','Offensive'
??? ????? ???? ??? ????? ???? ??? ????? ????? ???? ??? ??? ?? ?????? ??????? ?????? ?????,Entertainment,Offensive,'Offensive','Offensive','Offensive','Offensive','Offensive','Offensive','Offensive','Offensive','Offensive','Offensive','Offensive','Offensive','Offensive','Offensive','Offensive','Offensive','Offensive','Offensive','Offensive','Offensive','Offensive'
??? ??? ??? ?????? ???? ??? ???????? ?????? ????? ?????? ?????? ??? ?????? ??? ??? ?????? ??? ???????? ??? ?????? ????? ?????? ?????? ?????? ???? ???? ??? ????? ?????? ?????? ???? ????? ?????? ???? ??? ???? ???? ????? ????? ?????? ?????? ???????? ??????,Entertainment,Harmful,'Offensive','Offensive','Offensive','Offensive','Offensive','Offensive','Offensive','Offensive','Offensive','Offensive','Offensive','Offensive','Offensive','Offensive','Offensive','Offensive','Offensive','Offensive','Offensive','Offensive','Offensive'
??? ????? ??? ????? ???? ???? ????? ???,Entertainment,Offensive,'Offensive','Offensive','Offensive','Offensive','Offensive','Offensive','Offensive','Offensive','Offensive','Offensive','Offensive','Offensive','Offensive','Offensive','Offensive','Offensive','Offensive','Offensive','Offensive','Offensive','Offensive'
??????? ?????????????????? ?????????? ??????????????? ????????? ?????????????????? ?????????? ?????????????? ???????????? ??????????? ???? ????????????????,Entertainment,Offensive,'Offensive','Offensive','Offensive','Offensive','Offensive','Offensive','Offensive','Offensive','Offensive','Offensive','Offensive','Offensive','Offensive','Offensive','Offensive','Offensive','Offensive','Offensive','Offensive','Offensive','Offensive'
????? ???? ???? ????? ????,Entertainment,Offensive,'Offensive','Offensive','Offensive','Offensive','Offensive','Offensive','Offensive','Offensive','Offensive','Offensive','Offensive','Offensive','Offensive','Offensive','Offensive','Offensive','Offensive','Offensive','Offensive','Offensive','Offensive'
???? ????? ?? ?????? ????,Entertainment,Offensive,'Offensive','Offensive','Offensive','Offensive','Offensive','Offensive','Offensive','Offensive','Offensive','Offensive','Offensive','Offensive','Offensive','Offensive','Offensive','Offensive','Offensive','Offensive','Offensive','Offensive','Offensive'
???? ???? ????? ?????? ????? ????????? ????????? ??? ?? ????? ??? ??? ???? ?????? ??? ????????? ?? ???? ???? ????? ??????? ?????? ???? ??? ??????? ?????? ??? ??????? ???? ??????,Entertainment,Offensive,'Offensive','Offensive','Offensive','Offensive','Offensive','Offensive','Offensive','Offensive','Offensive','Offensive','Offensive','Offensive','Offensive','Offensive','Offensive','Offensive','Offensive','Offensive','Offensive','Offensive','Offensive'
???? ???? ????? ????? ??? ????? ??? ?????? ???? ?????????? ?????? ???? ??????,Entertainment,Offensive,'Offensive','Offensive','Offensive','Offensive','Offensive','Offensive','Offensive','Offensive','Offensive','Offensive','Offensive','Offensive','Offensive','Offensive','Offensive','Offensive','Offensive','Offensive','Offensive','Offensive','Offensive'
???? ????? ???? ????? ???? ????,Entertainment,Offensive,'Offensive','Offensive','Offensive','Offensive','Offensive','Offensive','Offensive','Offensive','Offensive','Offensive','Offensive','Offensive','Offensive','Offensive','Offensive','Offensive','Offensive','Offensive','Offensive','Offensive','Offensive'
???? ??? ????? ???? ??? ???? ??? ???? ?????? ????,Entertainment,Offensive,'Offensive','Offensive','Offensive','Offensive','Offensive','Offensive','Offensive','Offensive','Offensive','Offensive','Offensive','Offensive','Offensive','Offensive','Offensive','Offensive','Offensive','Offensive','Offensive','Offensive','Offensive'
??????? ???? ???? ????? ???? ??,Entertainment,Offensive,'Offensive','Offensive','Offensive','Offensive','Offensive','Offensive','Offensive','Offensive','Offensive','Offensive','Offensive','Offensive','Offensive','Offensive','Offensive','Offensive','Offensive','Offensive','Offensive','Offensive','Offensive'
?????? ?? ?????? ?????? ??? ??? ??? ???? ?? ????? ????? ???? ?? ????? ????? ??? ???? ??? ??????? ????? ??? ??? ???? ??? ??????? ???? ??? ?? ?????? ?????? ???????? ?????? ??? ??? ???? ????? ??? ???,Entertainment,Offensive,'Offensive','Offensive','Offensive','Offensive','Offensive','Offensive','Offensive','Offensive','Offensive','Offensive','Offensive','Offensive','Offensive','Offensive','Offensive','Offensive','Offensive','Offensive','Offensive','Offensive','Offensive'
???? ??? ?? ?? ??????? ???????? ??????? ?? ????? ????,Entertainment,Offensive,'Offensive','Offensive','Offensive','Offensive','Offensive','Offensive','Offensive','Offensive','Offensive','Offensive','Offensive','Offensive','Offensive','Offensive','Offensive','Offensive','Offensive','Propaganda','Offensive','Offensive','Offensive'
???? ??????? ???????? ???? ???? ??? ???? ??? ??? ????,Entertainment,Offensive,'Offensive','Offensive','Offensive','Offensive','Offensive','Offensive','Offensive','Offensive','Offensive','Offensive','Offensive','Offensive','Offensive','Offensive','Offensive','Offensive','Offensive','Offensive','Offensive','Offensive','Offensive'
???? ??????? ?????? ??? ???? ???? ??????? ??????,Entertainment,Offensive,'Offensive','Offensive','Offensive','Offensive','Offensive','Offensive','Offensive','Offensive','Offensive','Offensive','Offensive','Offensive','Offensive','Offensive','Offensive','Offensive','Offensive','Offensive','Offensive','Offensive','Offensive'
???? ??????? ???????? ???? ????? ?? ???,Entertainment,Offensive,'Offensive','Offensive','Offensive','Offensive','Offensive','Offensive','Offensive','Offensive','Offensive','Offensive','Offensive','Offensive','Offensive','Offensive','Offensive','Offensive','Offensive','Offensive','Offensive','Offensive','Offensive'
???? ??????? ?????? ?? ???? ???,Entertainment,Violence,'Offensive','Offensive','Offensive','Offensive','Offensive','Offensive','Offensive','Offensive','Offensive','Offensive','Offensive','Offensive','Offensive','Offensive','Offensive','Offensive','Offensive','Offensive','Offensive','Offensive','Offensive'
???? ?????? ?????? ???? ???? ???????? ???? ????? ????? ??? ???,Entertainment,Offensive,'Offensive','Offensive','Offensive','Offensive','Offensive','Offensive','Offensive','Offensive','Offensive','Offensive','Offensive','Offensive','Offensive','Offensive','Offensive','Offensive','Offensive','Offensive','Offensive','Offensive','Offensive'
???? ?????? ???????? ??????? ????? ?????? ????? ????? ????????????? ?????? ?????,Entertainment,Offensive,'Offensive','Offensive','Offensive','Offensive','Offensive','Offensive','Offensive','Offensive','Offensive','Offensive','Offensive','Offensive','Offensive','Offensive','Offensive','Offensive','Offensive','Offensive','Offensive','Offensive','Offensive'
???? ?????? ?????? ???? ???? ?????? ??????,Entertainment,Offensive,'Offensive','Offensive','Offensive','Offensive','Offensive','Offensive','Offensive','Offensive','Offensive','Offensive','Offensive','Offensive','Offensive','Offensive','Offensive','Offensive','Offensive','Offensive','Offensive','Offensive','Offensive'
???? ?????? ?????? ?????? ???? ????? ?????? ?????,Entertainment,Propaganda,['Offensive'],['Offensive'],'Offensive',['Offensive'],'Offensive',['Offensive'],'Offensive',['Offensive'],'Offensive','Offensive','Offensive','Offensive','Offensive','Offensive','Offensive','Offensive','Offensive','Offensive','Offensive','Offensive',['Offensive']
???? ????? ?????? ??? ????? ?? ????? ???? ???? ????????,Entertainment,Sexual Harassments,'Offensive','Offensive','Offensive','Offensive','Offensive','Offensive','Offensive','Offensive','Offensive','Offensive','Offensive','Offensive','Offensive','Offensive','Offensive','Offensive','Offensive','Offensive','Offensive','Offensive','Offensive'
???? ???? ??????,Entertainment,Offensive,'Offensive','Offensive','Offensive','Offensive','Offensive','Offensive','Offensive','Offensive','Offensive','Offensive','Offensive','Offensive','Offensive','Offensive','Offensive','Offensive','Offensive','Offensive','Offensive','Offensive','Offensive'
???? ??????,Entertainment,Offensive,'Offensive','Offensive','Offensive','Offensive','Offensive','Offensive','Offensive','Offensive','Offensive','Offensive','Offensive','Offensive','Offensive','Offensive','Offensive','Offensive','Offensive','Offensive','Offensive','Offensive','Offensive'
??????? ?? ???? ?????? ???? ???? ???? ?????? ????? ???? ????,Entertainment,Harmful,'Offensive','Offensive','Offensive','Offensive','Offensive','Offensive','Offensive','Offensive','Offensive','Offensive','Offensive','Offensive','Offensive','Offensive','Offensive','Offensive','Offensive','Offensive','Offensive','Offensive','Offensive'
????????? ????? ??? ?? ? ? ?????? ????????? ????? ???,Entertainment,Offensive,'Offensive','Offensive','Offensive','Offensive','Offensive','Offensive','Offensive','Offensive','Offensive','Offensive','Offensive','Offensive','Offensive','Offensive','Offensive','Offensive','Offensive','Offensive','Offensive','Offensive','Offensive'
????????? ????? ??????,Entertainment,Offensive,'Offensive','Offensive','Offensive','Offensive','Offensive','Offensive','Offensive','Offensive','Offensive','Offensive','Offensive','Offensive','Offensive','Offensive','Offensive','Offensive','Offensive','Offensive','Offensive','Offensive','Offensive'
?????? ??? ??? ??? ? ???? ??????? ??? ????? ?????? ??? ??? ??????????? ????? ??? ????????? ??? ?? ?? ???? ???? ??? ???? ???? ????? ????? ???? ???? ????? ???,Entertainment,Sexual Harassments,'Offensive','Offensive','Offensive','Offensive','Offensive','Offensive','Offensive','Offensive','Offensive','Offensive','Offensive','Offensive','Offensive','Offensive','Offensive','Offensive','Offensive','Offensive','Offensive','Offensive','Offensive'
???? ??? ?? ????? ??? ???? ???? ??? ????? ??? ?? ?? ???? ???? ???? ???????,Entertainment,Offensive,'Offensive','Offensive','Offensive','Offensive','Offensive','Offensive','Offensive','Offensive','Offensive','Offensive','Offensive','Offensive','Offensive','Offensive','Offensive','Offensive','Offensive','Offensive','Offensive','Offensive','Offensive'
???? ??? ?? ?????? ?????? ???? ?????,Entertainment,Offensive,'Offensive','Offensive','Offensive','Offensive','Offensive','Offensive','Offensive','Offensive','Offensive','Offensive','Offensive','Offensive','Offensive','Offensive','Offensive','Offensive','Offensive','Offensive','Offensive','Offensive','Offensive'
???? ??? ??????? ??? ???? ??????? ?? ?? ???? ??? ???????? ???? ????? ???? ????????,Entertainment,Offensive,'Offensive','Offensive','Offensive','Offensive','Offensive',['Offensive'],'Offensive','Offensive','Offensive','Offensive','Offensive','Offensive','Offensive','Offensive','Offensive','Offensive','Offensive','Offensive','Offensive','Offensive','Offensive'
??????? ??? ???? ???? ?????? ???? ??? ???? ???? ??? ???? ??? ?????? ?? ??????????? ??? ??,Entertainment,Offensive,'Offensive','Offensive','Offensive','Offensive','Offensive','Offensive','Offensive','Offensive','Offensive','Offensive','Offensive','Offensive','Offensive','Offensive','Offensive','Offensive','Offensive','Offensive','Offensive','Offensive','Offensive'
???????? ??? ????? ???? ??????? ??????? ????? ????? ?? ??????? ????? ??? ????,Entertainment,Sexual Harassments,'Offensive','Offensive','Offensive','Offensive','Offensive','Offensive','Offensive','Offensive','Offensive','Offensive','Offensive','Offensive','Offensive','Offensive','Offensive','Offensive','Offensive','Offensive','Offensive','Offensive','Offensive'
??????? ???? ????? ?????? ????? ????? ???? ??? ?????? ???? ????? ???? ????? ???? ??? ?????,Entertainment,Offensive,'Offensive','Offensive','Offensive','Offensive','Offensive','Offensive','Offensive','Offensive','Offensive','Offensive','Offensive','Offensive','Offensive','Offensive','Offensive','Offensive','Offensive','Offensive','Offensive','Offensive','Offensive'
???????? ??? ????????? ??? ???? ????? ?????? ?????? ?????,Entertainment,Offensive,'Offensive','Offensive','Offensive','Offensive','Offensive','Offensive','Offensive','Offensive','Offensive','Offensive','Offensive','Offensive','Offensive','Offensive','Offensive','Offensive','Offensive','Offensive','Offensive','Offensive','Offensive'
?????? ?????? ???? ?? ???? ???? ?????? ????,Entertainment,Offensive,'Offensive','Offensive','Offensive',['Offensive'],'Offensive',['Offensive'],'Offensive','Offensive','Offensive','Offensive','Offensive','Offensive','Offensive','Offensive','Offensive','Offensive','Offensive','Offensive','Offensive','Offensive','Offensive'
??????? ????? ??????? ???? ?????? ????? ???? ???? ???? ????,Entertainment,Offensive,'Offensive','Offensive','Offensive','Offensive','Offensive',['Offensive'],'Offensive','Offensive','Offensive','Offensive','Offensive','Offensive','Offensive','Offensive','Offensive','Offensive','Offensive','Offensive','Offensive','Offensive','Offensive'
?????? ?????? ??? ????? ???? ???,Entertainment,Offensive,'Offensive','Offensive','Offensive','Offensive','Offensive','Offensive','Offensive','Offensive','Offensive','Offensive','Offensive','Offensive','Offensive','Offensive','Offensive','Offensive','Offensive','Offensive','Offensive','Offensive','Offensive'
???????? ??? ???? ????????? ???? ??? ??????,Entertainment,Offensive,'Offensive','Offensive','Offensive','Offensive','Offensive','Offensive','Offensive','Offensive','Offensive','Offensive','Offensive','Offensive','Offensive','Offensive','Offensive','Offensive','Offensive','Offensive','Offensive','Offensive','Offensive'
???????? ?????? ???? ????? ?????? ???? ???? ????,Entertainment,Offensive,'Offensive','Offensive','Offensive','Offensive','Offensive','Offensive','Offensive','Offensive','Offensive','Offensive','Offensive','Offensive','Offensive','Offensive','Offensive','Offensive','Offensive','Offensive','Offensive','Offensive','Offensive'
???? ?????? ???? ???????? ????? ???? ??? ??? ???? ???,Entertainment,Offensive,'Offensive','Offensive','Offensive','Offensive','Offensive','Offensive','Offensive','Offensive','Offensive','Offensive','Offensive','Offensive','Offensive','Offensive','Offensive','Offensive','Offensive','Offensive','Offensive','Offensive','Offensive'
????? ??? ???? ???? ????? ??? ??????,Entertainment,Offensive,'Offensive','Offensive','Offensive','Offensive','Offensive','Offensive','Offensive','Offensive','Offensive','Offensive','Offensive','Offensive','Offensive','Offensive','Offensive','Offensive','Offensive','Offensive','Offensive','Offensive','Offensive'
???? ?????????? ?????? ???? ???? ??? ???,Entertainment,Offensive,'Offensive','Offensive','Offensive','Offensive','Offensive','Offensive','Offensive','Offensive','Offensive','Offensive','Offensive','Offensive','Offensive','Offensive','Offensive','Offensive','Offensive','Offensive','Offensive','Offensive','Offensive'
??? ??? ??????? ???? ???? ????? ??? ?? ???? ???? ??? ???,Entertainment,Sexual Harassments,'Offensive','Offensive','Offensive','Offensive','Offensive','Offensive','Offensive','Offensive','Offensive','Offensive','Offensive','Offensive','Offensive','Offensive','Offensive','Offensive','Offensive','Offensive','Offensive','Offensive','Offensive'
??? ?? ??? ??????? ??? ?????? ?????? ????? ?????????? ?????? ?? ??? ??? ???,Entertainment,Offensive,'Offensive','Offensive','Offensive','Offensive','Offensive','Offensive','Offensive','Offensive','Offensive','Offensive','Offensive','Offensive','Offensive','Offensive','Offensive','Offensive','Offensive','Offensive','Offensive','Offensive','Offensive'
??? ???? ??? ????? ?? ????? ?? ????? ?? ??? ???? ?? ??? ??? ??? ???????? ?????????? ?????? ???? ?? ??? ???????? ??? ???????? ???? ???? ?????????? ?????? ?????? ???? ?????? ???? ??????? ??? ????? ????? ???? ?????? ??????? ????? ????,Entertainment,Sexual Harassments,'Offensive','Offensive','Offensive','Offensive','Offensive','Offensive','Offensive','Offensive','Offensive','Offensive','Offensive','Offensive','Offensive','Offensive','Offensive','Offensive','Offensive','Offensive','Offensive','Offensive','Offensive'
??? ???? ?????? ??????? ??????? ???? ??????? ???? ?? ??? ??????? ???? ????? ????? ???? ???? ??? ? ?? ??? ???? ?? ?????? ????? ??? ??? ???? ???? ????? ?? ????? ?????,Entertainment,Offensive,'Offensive','Offensive','Offensive','Offensive','Offensive','Offensive','Offensive','Offensive','Offensive','Offensive','Offensive','Offensive','Offensive','Offensive','Offensive','Offensive','Offensive','Offensive','Offensive','Offensive','Offensive'
??? ?????? ???? ???????????? ???? ???? ???? ?????? ???,Entertainment,Offensive,'Offensive','Offensive','Offensive','Offensive','Offensive','Offensive','Offensive','Offensive','Offensive','Offensive','Offensive','Offensive','Offensive','Offensive','Offensive','Offensive','Offensive','Offensive','Offensive','Offensive','Offensive'
??? ??????? ???? ???,Entertainment,Offensive,'Offensive','Offensive','Offensive','Offensive','Offensive','Offensive','Offensive','Offensive','Offensive','Offensive','Offensive','Offensive','Offensive','Offensive','Offensive','Offensive','Offensive','Offensive','Offensive','Offensive','Offensive'
??? ?????? ?????,Entertainment,Offensive,'Offensive','Offensive','Offensive','Offensive','Offensive','Offensive','Offensive','Offensive','Offensive','Offensive','Offensive','Offensive','Offensive','Offensive','Offensive','Offensive','Offensive','Offensive','Offensive','Offensive','Offensive'
??? ?????? ???????? ?? ???????,Entertainment,Offensive,'Offensive','Offensive','Offensive','Offensive','Offensive','Offensive','Offensive','Offensive','Offensive','Offensive','Offensive','Offensive','Offensive','Offensive','Offensive','Offensive','Offensive','Offensive','Offensive','Offensive','Offensive'
????? ????? ???? ??? ?????? ?????? ??? ??????? ????? ???,Entertainment,Offensive,'Offensive','Offensive','Offensive','Offensive','Offensive','Offensive','Offensive','Offensive','Offensive','Offensive','Offensive','Offensive','Offensive','Offensive','Offensive','Offensive','Offensive','Offensive','Offensive','Offensive','Offensive'
??????? ???? ??? ?????? ?? ?? ????????? ???? ????? ???? ???? ??????? ?????? ???? ???? ????? ???? ??,Entertainment,Offensive,'Offensive','Offensive','Offensive','Offensive','Offensive','Offensive','Offensive','Offensive','Offensive','Offensive','Offensive','Offensive','Offensive','Offensive','Offensive','Offensive','Offensive','Offensive','Offensive','Offensive','Offensive'
????? ???? ????? ???? ???? ???? ????? ???? ???? ???? ???? ????? ?????????? ?????? ????,Entertainment,Offensive,'Offensive','Offensive','Offensive','Offensive','Offensive','Offensive','Offensive','Offensive','Offensive','Offensive','Offensive','Offensive','Offensive','Offensive','Offensive','Offensive','Offensive','Offensive','Offensive','Offensive','Offensive'
"?? ???? ?? ???? ????? ?????...??? ???????? ????? ?? ???????? ?????,???? ????? ?????",Entertainment,Offensive,'Offensive','Offensive','Offensive','Offensive','Offensive','Offensive','Offensive','Offensive','Offensive','Offensive','Offensive','Offensive','Offensive','Offensive','Offensive','Offensive','Offensive','Offensive','Offensive','Offensive','Offensive'
?? ??? ???? ???? ????????? ????,Entertainment,Offensive,'Offensive','Offensive','Offensive','Offensive','Offensive','Offensive','Offensive','Offensive','Offensive','Offensive','Offensive','Offensive','Offensive','Offensive','Offensive','Offensive','Offensive','Offensive','Offensive','Offensive','Offensive'
????? ???????? ?? ??? ???? ?????,Entertainment,Offensive,'Offensive','Offensive','Offensive','Offensive','Offensive','Offensive','Offensive','Offensive','Offensive','Offensive','Offensive','Offensive','Offensive','Offensive','Offensive','Offensive','Offensive','Offensive','Offensive','Offensive','Offensive'
??? ????? ????? ???? ????? ??? ???? ???? ??? ?? ?? ?????? ?????? ?? ????,Entertainment,Sexual Harassments,'Offensive','Offensive','Offensive','Offensive','Offensive','Offensive','Offensive','Offensive','Offensive','Offensive','Offensive','Offensive','Offensive','Offensive','Offensive','Offensive','Offensive','Offensive','Offensive','Offensive','Offensive'
????? ????? ???? ??,Entertainment,Offensive,'Offensive','Offensive','Offensive','Offensive','Offensive','Offensive','Offensive','Offensive','Offensive','Offensive','Offensive','Offensive','Offensive','Offensive','Offensive','Offensive','Offensive','Offensive','Offensive','Offensive','Offensive'
????? ??? ?? ???? ?????????,Entertainment,Offensive,'Offensive','Offensive','Offensive','Offensive','Offensive','Offensive','Offensive','Offensive','Offensive','Offensive','Offensive','Offensive','Offensive','Offensive','Offensive','Offensive','Offensive','Offensive','Offensive','Offensive','Offensive'
????? ???? ??? ???? ??? ????,Entertainment,Offensive,'Not Hateful','Not Hateful','Not Hateful','Not Hateful','Not Hateful','Not Hateful','Not Hateful','Not Hateful','Not Hateful','Not Hateful','Not Hateful','Not Hateful','Offensive','Not Hateful','Not Hateful','Offensive','Offensive','Not Hateful','Not Hateful','Not Hateful','Not Hateful'
????? ???? ???? ????? ???? ???? ???? ???? ????? ?????? ????,Entertainment,Offensive,'Offensive','Offensive','Offensive','Offensive','Offensive','Offensive','Offensive','Offensive','Offensive','Offensive','Offensive','Offensive','Offensive','Offensive','Offensive','Offensive','Offensive','Offensive','Offensive','Offensive','Offensive'
????? ???? ????? ??? ???? ?? ??? ???????? ??? ??????? ????? ???? ?????? ? ????? ???? ??????,Entertainment,Offensive,'Offensive','Offensive','Offensive','Offensive','Offensive','Offensive','Offensive','Offensive','Offensive','Offensive','Offensive','Offensive','Offensive','Offensive','Offensive','Offensive','Offensive','Offensive','Offensive','Offensive','Offensive'
????? ????? ???? ???? ??? ?? ??,Geopolitical,Offensive,'Offensive','Offensive','Offensive','Offensive','Offensive','Offensive','Offensive','Offensive','Offensive','Offensive','Offensive','Offensive','Offensive','Offensive','Offensive','Offensive','Offensive','Offensive','Offensive','Offensive','Offensive'
????? ?????? ???? ????? ?????,Geopolitical,Offensive,'Offensive','Offensive','Offensive','Offensive','Offensive','Offensive','Offensive','Offensive','Offensive','Offensive','Offensive','Offensive','Offensive','Offensive','Offensive','Offensive','Offensive','Offensive','Offensive','Offensive','Offensive'
????? ?????? ?? ????? ????? ??? ???? ?? ??? ?????,Geopolitical,Offensive,'Propaganda','Propaganda','Propaganda','Propaganda','Propaganda','Propaganda','Propaganda','Propaganda','Propaganda','Propaganda','Propaganda','Offensive','Offensive','Offensive','Offensive','Offensive','Offensive','Propaganda','Offensive','Propaganda','Offensive'
????? ?????? ??? ??? ???? ???? ?????,Geopolitical,Offensive,'Offensive','Offensive','Offensive','Offensive','Offensive','Offensive','Offensive','Offensive','Offensive','Offensive','Offensive','Offensive','Offensive','Offensive','Offensive','Offensive','Offensive','Offensive','Offensive','Offensive','Offensive'
????? ??? ??? ???? ???? ???,Geopolitical,Offensive,'Offensive','Offensive','Offensive','Offensive','Offensive','Offensive','Offensive','Offensive','Offensive','Offensive','Offensive','Offensive','Offensive','Offensive','Offensive','Offensive','Offensive','Offensive','Offensive','Offensive','Offensive'
????? ??? ??? ???? ???? ???? ????,Geopolitical,Offensive,'Offensive','Offensive','Offensive','Offensive','Offensive','Offensive','Offensive','Offensive','Offensive','Offensive','Offensive','Offensive','Offensive','Offensive','Offensive','Offensive','Offensive','Offensive','Offensive','Offensive','Offensive'
????? ??? ?????? ??? ???????? ???????????? ?????? ?????????? ????? ??? ????? ?? ???? ????? ?? ????? ???? ?????? ????,Geopolitical,Offensive,'Offensive','Offensive','Offensive','Offensive','Offensive','Offensive','Offensive','Offensive','Offensive','Offensive','Offensive','Offensive','Offensive','Offensive','Offensive','Offensive','Offensive','Offensive','Offensive','Offensive','Offensive'
????? ??? ?????? ?????,Geopolitical,Offensive,'Offensive','Offensive','Offensive','Offensive','Offensive','Offensive','Offensive','Offensive','Offensive','Offensive','Offensive','Offensive','Offensive','Offensive','Offensive','Offensive','Offensive','Offensive','Offensive','Offensive','Offensive'
????? ??? ?? ?????? ??????? ?????,Geopolitical,Sexual Harassments,'Offensive','Offensive','Offensive','Offensive','Offensive','Offensive','Offensive','Offensive','Offensive','Offensive','Offensive','Offensive','Offensive','Offensive','Offensive','Offensive','Offensive','Offensive','Offensive','Offensive','Offensive'
????? ???? ????? ???? ??? ????? ??? ???? ?? ???? ???? ???? ?? ????? ????? ?????,Geopolitical,Offensive,'Offensive','Offensive','Offensive','Offensive','Offensive','Offensive','Offensive','Offensive','Offensive','Offensive','Offensive','Offensive','Offensive','Offensive','Offensive','Offensive','Offensive','Offensive','Offensive','Offensive','Offensive'
????? ????? ????? ?? ?????? ?????,Geopolitical,Offensive,'Offensive','Offensive','Offensive','Offensive','Offensive','Offensive','Offensive','Offensive','Offensive','Offensive','Offensive','Offensive','Offensive','Offensive','Offensive','Offensive','Offensive','Offensive','Offensive','Offensive','Offensive'
????? ??? ?? ????? ?? ???? ???? ????? ???? ???? ????,Geopolitical,Offensive,'Offensive','Offensive','Offensive','Offensive','Offensive','Offensive','Offensive','Offensive','Offensive','Offensive','Offensive','Offensive','Offensive','Offensive','Offensive','Offensive','Offensive','Offensive','Offensive','Offensive','Offensive'
????? ??? ?? ?? ???,Geopolitical,Offensive,'Offensive','Offensive','Offensive','Offensive','Offensive','Offensive','Offensive','Offensive','Offensive','Offensive','Offensive','Offensive','Offensive','Offensive','Offensive','Offensive','Offensive','Offensive','Offensive','Offensive','Offensive'
????? ??? ??? ??? ????? ??? ???? ????? ???? ???? ???? ??,Geopolitical,Offensive,'Offensive','Offensive','Offensive','Offensive','Offensive','Offensive','Offensive','Offensive','Offensive','Offensive','Offensive','Offensive','Offensive','Offensive','Offensive','Offensive','Offensive','Offensive','Offensive','Offensive','Offensive'
????? ??? ?????? ???? ???? ??????,Geopolitical,Offensive,'Offensive','Offensive','Offensive','Offensive','Offensive','Offensive','Offensive','Offensive','Offensive','Offensive','Offensive','Offensive','Offensive','Offensive','Offensive','Offensive','Offensive','Offensive','Offensive','Offensive','Offensive'
????? ??? ??? ???? ???,Geopolitical,Offensive,'Offensive','Offensive','Offensive','Offensive','Offensive','Offensive','Offensive','Offensive','Offensive','Offensive','Offensive','Offensive','Offensive','Offensive','Offensive','Offensive','Offensive','Offensive','Offensive','Offensive','Offensive'
"????? ????? ????? ???? ???? ?????? ?? ???,,,???? ??? ???? ????,,,?????? ???? ???? ???????",Geopolitical,Offensive,'Offensive','Offensive','Offensive','Offensive','Offensive','Offensive','Offensive','Offensive','Offensive','Offensive','Offensive','Offensive','Offensive','Offensive','Offensive','Offensive','Offensive','Offensive','Offensive','Offensive','Offensive'
????? ????? ?????? ???? ???? ???,Geopolitical,Offensive,'Offensive','Offensive','Offensive','Offensive','Offensive','Offensive','Offensive','Offensive','Offensive','Offensive','Offensive','Offensive','Offensive','Offensive','Offensive','Offensive','Offensive','Offensive','Offensive','Offensive','Offensive'
????? ????? ????? ???? ???? ??? ??????? ?????,Geopolitical,Offensive,'Offensive','Offensive','Offensive','Offensive','Offensive','Offensive','Offensive','Offensive','Offensive','Offensive','Offensive','Offensive','Offensive','Offensive','Offensive','Offensive','Offensive','Offensive','Offensive','Offensive','Offensive'
????? ????? ???????? ????? ???? ?????,Geopolitical,Offensive,'Offensive','Offensive','Offensive','Offensive','Offensive','Offensive','Offensive','Offensive','Offensive','Offensive','Offensive','Offensive','Offensive','Offensive','Offensive','Offensive','Offensive','Offensive','Offensive','Offensive','Offensive'
????? ?????? ????? ?????? ????? ??????? ???,Geopolitical,Offensive,'Offensive','Offensive','Offensive','Offensive','Offensive','Offensive','Offensive','Offensive','Offensive','Offensive','Offensive','Offensive','Offensive','Offensive','Offensive','Offensive','Offensive','Offensive','Offensive','Offensive','Offensive'
????? ??????? ?? ?????? ??? ??? ??? ?? ????? ??????? ????? ?????? ???? ????? ??????? ?????? ???? ?????? ??????? ????? ???,Geopolitical,Offensive,'Offensive','Offensive','Offensive','Offensive','Offensive','Offensive','Offensive','Offensive','Offensive','Offensive','Offensive','Offensive','Offensive','Offensive','Offensive','Offensive','Offensive','Offensive','Offensive','Offensive','Offensive'
????????? ??? ???? ?????,Geopolitical,Offensive,'Offensive','Offensive','Offensive','Offensive','Offensive','Offensive','Offensive','Offensive','Offensive','Offensive','Offensive','Offensive','Offensive','Offensive','Offensive','Offensive','Offensive','Offensive','Offensive','Offensive','Offensive'
???????? ?????? ???? ???? ?????? ???? ??????? ?????,Geopolitical,Offensive,'Offensive','Offensive','Offensive','Offensive','Offensive','Offensive','Offensive','Offensive','Offensive','Offensive','Offensive','Offensive','Offensive','Offensive','Offensive','Offensive','Offensive','Offensive','Offensive','Offensive','Offensive'
???????? ??? ?? ???? ??? ???? ??? ?? ???? ?? ??? ?? ?????? ????? ???? ??? ???? ??? ?????? ?? ??? ??? ?????? ?????? ?????? ???? ???? ????? ???? ????? ????? ???? ???? ??????? ???? ?????? ????? ????,Geopolitical,Offensive,'Offensive','Offensive','Offensive','Offensive','Offensive','Offensive','Offensive','Offensive','Offensive','Offensive','Offensive','Offensive','Offensive','Offensive','Offensive','Offensive','Offensive','Offensive','Offensive','Offensive','Offensive'
???????? ????? ??????? ???? ??? ????? ??,Geopolitical,Offensive,'Offensive','Offensive','Offensive','Offensive','Offensive','Offensive','Offensive','Offensive','Offensive','Offensive','Offensive','Offensive','Offensive','Offensive','Offensive','Offensive','Offensive','Offensive','Offensive','Offensive','Offensive'
???????? ????? ??? ??????? ?? ??????,Geopolitical,Offensive,'Offensive','Offensive','Offensive','Offensive','Offensive','Offensive','Offensive','Offensive','Offensive','Offensive','Offensive','Offensive','Offensive','Offensive','Offensive','Offensive','Offensive','Offensive','Offensive','Offensive','Offensive'
?????????? ???? ???? ?????,Geopolitical,Offensive,'Offensive','Offensive','Offensive','Offensive','Offensive','Offensive','Offensive','Offensive','Offensive','Offensive','Offensive','Offensive','Offensive','Offensive','Offensive','Offensive','Offensive','Offensive','Offensive','Offensive','Offensive'
???????? ??? ???? ??? ??????? ?????? ???? ??????? ?????? ???? ????? ???? ????? ????? ????? ?????? ????,Geopolitical,Offensive,'Offensive','Offensive','Offensive','Offensive','Offensive','Offensive','Offensive','Offensive','Offensive','Offensive','Offensive','Offensive','Offensive','Offensive','Offensive','Offensive','Offensive','Offensive','Offensive','Offensive','Offensive'
???????? ????? ?????? ???? ??????? ????? ??????,Geopolitical,Offensive,'Offensive','Offensive','Offensive','Offensive','Offensive','Offensive','Offensive','Offensive','Offensive','Offensive','Offensive','Offensive','Offensive','Offensive','Offensive','Offensive','Offensive','Offensive','Offensive','Offensive','Offensive'
???????? ??? ???? ?????? ???? ???? ????? ????? ????? ?????,Geopolitical,Offensive,'Offensive','Offensive','Offensive','Offensive','Offensive','Offensive','Offensive','Offensive','Offensive','Offensive','Offensive','Offensive','Offensive','Offensive','Offensive','Offensive','Offensive','Offensive','Offensive','Offensive','Offensive'
???????? ??? ???? ?????,Geopolitical,Offensive,'Offensive','Offensive','Offensive','Offensive','Offensive','Offensive','Offensive','Offensive','Offensive','Offensive','Offensive','Offensive','Offensive','Offensive','Offensive','Offensive','Offensive','Offensive','Offensive','Offensive','Offensive'
?????????? ????????? ?? ?? ??? ??? ?????? ????? ??? ?????? ? ?????? ??????? ???? ???!!!!!,Geopolitical,Offensive,'Offensive','Offensive','Offensive','Offensive','Offensive','Offensive','Offensive','Offensive','Offensive','Offensive','Offensive','Offensive','Offensive','Offensive','Offensive','Offensive','Offensive','Offensive','Offensive','Offensive','Offensive'
???????? ???? ???? ????,Geopolitical,Offensive,'Offensive','Offensive','Offensive','Offensive','Offensive','Offensive','Offensive','Offensive','Offensive','Offensive','Offensive','Offensive','Offensive','Offensive','Offensive','Offensive','Offensive','Offensive','Offensive','Offensive','Offensive'
?????? ??? ???? ???? ???? ??? ??? ??? ??? ?????? ???,Geopolitical,Offensive,'Offensive','Offensive','Offensive','Offensive','Offensive','Offensive','Offensive','Offensive','Offensive','Offensive','Offensive','Offensive','Offensive','Offensive','Offensive','Offensive','Offensive','Offensive','Offensive','Offensive','Offensive'
?????? ?? ?? ???? ???? ???? ?????? ????? ?????,Geopolitical,Offensive,'Offensive','Offensive','Offensive','Offensive','Offensive','Offensive','Offensive','Offensive','Offensive','Offensive','Offensive','Offensive','Offensive','Offensive','Offensive','Offensive','Offensive','Offensive','Offensive','Offensive','Offensive'
???????? ???????? ???? ???? ???,Geopolitical,Offensive,'Offensive','Offensive','Offensive','Offensive','Offensive','Offensive','Offensive','Offensive','Offensive','Offensive','Offensive','Offensive','Offensive','Offensive','Offensive','Offensive','Offensive','Offensive','Offensive','Offensive','Offensive'
??????? ???????? ??? ???? ?????? ??????? ????? ????????,Geopolitical,Offensive,'Offensive','Offensive','Offensive','Offensive','Offensive','Offensive','Offensive','Offensive','Offensive','Offensive','Offensive','Offensive','Offensive','Offensive','Offensive','Offensive','Offensive','Offensive','Offensive','Offensive','Offensive'
??? ?? ???? ?? ??????? ????,Geopolitical,Offensive,'Offensive','Offensive','Offensive','Offensive','Offensive','Offensive','Offensive','Offensive','Offensive','Offensive','Offensive','Offensive','Offensive','Offensive','Offensive','Offensive','Offensive','Offensive','Offensive','Offensive','Offensive'
??? ???? ??,Geopolitical,Sexual Harassments,'Offensive','Offensive','Offensive','Offensive','Offensive','Offensive','Offensive','Offensive','Offensive','Offensive','Offensive','Offensive','Offensive','Offensive','Offensive','Offensive','Offensive','Offensive','Offensive','Offensive','Offensive'
??? ???? ?????,Geopolitical,Offensive,['Offensive'],['Offensive'],['Offensive'],['Offensive'],['Offensive'],['Offensive'],['Offensive'],['Offensive'],['Offensive'],['Offensive'],['Offensive'],['Offensive'],['Offensive'],['Offensive'],['Offensive'],['Offensive'],['Offensive'],['Offensive'],['Offensive'],['Offensive'],['Offensive']
??? ???? ???????? ??,Geopolitical,Offensive,'Offensive','Offensive','Offensive','Offensive','Offensive','Offensive','Offensive','Offensive','Offensive','Offensive','Offensive','Offensive','Offensive','Offensive','Offensive','Offensive','Offensive','Offensive','Offensive','Offensive','Offensive'
??? ?????? ????? ?????,Geopolitical,Offensive,'Offensive','Offensive','Offensive','Offensive','Offensive','Offensive','Offensive','Offensive','Offensive','Offensive','Offensive','Offensive','Offensive','Offensive','Offensive','Offensive','Offensive','Offensive','Offensive','Offensive','Offensive'
??? ????? ?????? ???? ???? ????? ??????,Geopolitical,Harmful,'Offensive','Offensive','Offensive','Offensive','Offensive','Offensive','Offensive','Offensive','Offensive','Offensive','Offensive','Offensive','Offensive','Offensive','Offensive','Offensive','Offensive','Offensive','Offensive','Offensive','Offensive'
??? ??????,Geopolitical,Sexual Harassments,'Offensive','Offensive','Offensive','Offensive','Offensive','Offensive','Offensive','Offensive','Offensive','Offensive','Offensive','Offensive','Offensive','Offensive','Offensive','Offensive','Offensive','Offensive','Offensive','Offensive','Offensive'
??? ??????? ???????? ?? ???? ?? ?? ???? ???????????? ?? ??? ?????,Geopolitical,Sexual Harassments,'Offensive','Offensive','Offensive','Offensive','Offensive','Offensive','Offensive','Offensive','Offensive','Offensive','Offensive','Offensive','Offensive','Offensive','Offensive','Offensive','Offensive','Offensive','Offensive','Offensive','Offensive'
??? ???? ?? ???? ?? ??????,Geopolitical,Offensive,'Offensive','Offensive','Offensive','Offensive','Offensive','Offensive','Offensive','Offensive','Offensive','Offensive','Offensive','Offensive','Offensive','Offensive','Offensive','Offensive','Offensive','Offensive','Offensive','Offensive','Offensive'
??? ?????? ?????,Geopolitical,Offensive,'Offensive','Offensive','Offensive','Offensive','Offensive','Offensive','Offensive','Offensive','Offensive','Offensive','Offensive','Offensive','Offensive','Offensive','Offensive','Offensive','Offensive','Offensive','Offensive','Offensive','Offensive'
??? ??????? ?????? ??,Geopolitical,Offensive,'Offensive','Offensive','Offensive','Offensive','Offensive','Offensive','Offensive','Offensive','Offensive','Offensive','Offensive','Offensive','Offensive','Offensive','Offensive','Offensive','Offensive','Offensive','Offensive','Offensive','Offensive'
??? ????? ????? ???,Geopolitical,Offensive,'Offensive','Offensive','Offensive','Offensive','Offensive','Offensive','Offensive','Offensive','Offensive','Offensive','Offensive','Offensive','Offensive','Offensive','Offensive','Offensive','Offensive','Offensive','Offensive','Offensive','Offensive'
???? ???? ???? ????,Geopolitical,Propaganda,'Offensive','Offensive','Offensive','Offensive','Offensive','Offensive','Offensive','Offensive','Offensive','Offensive','Offensive','Offensive','Offensive','Offensive','Offensive','Offensive','Offensive','Offensive','Offensive','Offensive','Offensive'
???? ??????,Geopolitical,Offensive,'Offensive','Offensive','Offensive','Offensive','Offensive','Offensive','Offensive','Offensive','Offensive','Propaganda','Propaganda','Offensive','Offensive','Offensive','Offensive','Offensive','Offensive','Propaganda','Offensive','Offensive','Offensive'
??? ?? ?? ??,Geopolitical,Offensive,'Not Hateful','Not Hateful','Not Hateful','Not Hateful','Not Hateful','Not Hateful','Not Hateful','Not Hateful','Not Hateful','Not Hateful','Not Hateful','Not Hateful','Not Hateful','Not Hateful','Not Hateful','Not Hateful','Not Hateful','Not Hateful','Not Hateful','Not Hateful','Not Hateful'
????? ???? ?? ????? ??? ??????! ??? ?? ????? ????????? ??????? ? ????? ???? ??? ?? ????? ???? ?????? ????? ????,Geopolitical,Offensive,'Offensive','Offensive','Offensive','Offensive','Offensive','Offensive','Offensive','Offensive','Offensive','Offensive','Offensive','Offensive','Offensive','Offensive','Offensive','Offensive','Offensive','Offensive','Offensive','Offensive','Offensive'
"?????? ??????? ??? ?????? ?? ????? ???? ????? ?????,? ????? ??? ??????? ?? ????,,??????? ????? ????? ?? ?????? ??????",Geopolitical,Offensive,'Offensive','Offensive','Offensive','Offensive','Offensive','Offensive','Offensive','Offensive','Offensive','Offensive','Offensive','Offensive','Offensive','Offensive','Offensive','Offensive','Offensive','Offensive','Offensive','Offensive','Offensive'
?????? ????? ? ???? ???? ??? ??? ????? ??????? ???? ????,Geopolitical,Offensive,'Offensive','Offensive','Offensive','Offensive','Offensive','Offensive','Offensive','Offensive','Offensive','Offensive','Offensive','Offensive','Offensive','Offensive','Offensive','Offensive','Offensive','Offensive','Offensive','Offensive','Offensive'
?????? ?????? ?? ??? ???????? ???? ???? ????,Geopolitical,Offensive,'Offensive','Offensive','Offensive','Offensive','Offensive','Offensive','Offensive','Offensive','Offensive','Offensive','Offensive','Offensive','Offensive','Offensive','Offensive','Offensive','Offensive','Offensive','Offensive','Offensive','Offensive'
?????? ???????? ???? ???? ????????? ????? ?? ?? ???? ??? ????,Geopolitical,Offensive,'Offensive','Offensive','Offensive','Offensive','Offensive','Offensive','Offensive','Offensive','Offensive','Offensive','Offensive','Offensive','Offensive','Offensive','Offensive','Offensive','Offensive','Offensive','Offensive','Offensive','Offensive'
?????? ????? ????? ?????? ?? ???????? ????? ?????? ???? ?? ???? ????? ??? ???????? ??? ????????? ????? ??????????? ?????? ?????? ?? ?????? ??? ??? ?? ?????,Geopolitical,Violence,'Offensive','Offensive','Offensive','Offensive','Offensive','Offensive','Offensive','Offensive','Offensive','Offensive','Offensive','Offensive','Offensive','Offensive','Offensive','Offensive','Offensive','Offensive','Offensive','Offensive','Offensive'
????? ????? ???? ???? ?????,Geopolitical,Offensive,'Offensive','Offensive','Offensive','Offensive','Offensive','Offensive','Offensive','Offensive','Offensive','Offensive','Offensive','Offensive','Offensive','Offensive','Offensive','Offensive','Offensive','Offensive','Offensive','Offensive','Offensive'
???? ?????? ???? ???? ????? ????? ?? ??? ??? ??????? ????? ???? ?? ??????????,Geopolitical,Offensive,'Offensive','Offensive','Offensive','Offensive','Offensive','Offensive','Offensive','Offensive','Offensive','Offensive','Offensive','Offensive','Offensive','Offensive','Offensive','Offensive','Offensive','Offensive','Offensive','Offensive','Offensive'
???? ??????? ????? ???? ??? ??? ?????,Geopolitical,Offensive,'Propaganda','Propaganda','Offensive','Propaganda','Propaganda','Propaganda','Offensive','Offensive','Offensive','Propaganda','Propaganda','Offensive','Offensive','Offensive','Offensive','Offensive','Offensive','Propaganda','Offensive','Propaganda','Offensive'
???? ???? ???? ?????? ?? ????? ?? ????,Geopolitical,Offensive,'Offensive','Offensive','Offensive','Offensive','Offensive','Offensive','Offensive','Offensive','Offensive','Offensive','Offensive','Offensive','Offensive','Offensive','Offensive','Offensive','Offensive','Offensive','Offensive','Offensive','Offensive'
???? ???? ???? ????????? ???? ??,Geopolitical,Offensive,'Offensive','Offensive','Offensive','Offensive','Offensive','Offensive','Offensive','Offensive','Offensive','Offensive','Offensive','Offensive','Offensive','Offensive','Offensive','Offensive','Offensive','Offensive','Offensive','Offensive','Offensive'
???? ???????? ?? ????? ???? ?????,Geopolitical,Offensive,'Offensive','Offensive','Offensive','Offensive','Offensive','Offensive','Offensive','Offensive','Offensive','Offensive','Offensive','Offensive','Offensive','Offensive','Offensive','Offensive','Offensive','Offensive','Offensive','Offensive','Offensive'
???? ?????? ?? ??? ?????? ????? ??? ?????? ???? ???? ?????,Geopolitical,Offensive,'Offensive','Offensive','Offensive','Offensive','Offensive','Offensive','Offensive','Offensive','Offensive','Offensive','Offensive','Offensive','Offensive','Offensive','Offensive','Offensive','Offensive','Offensive','Offensive','Offensive','Offensive'
?????? ??? ???? ????????? ????? ?????,Geopolitical,Offensive,'Offensive','Offensive','Offensive','Offensive','Offensive','Offensive','Offensive','Offensive','Offensive','Offensive','Offensive','Offensive','Offensive','Offensive','Offensive','Offensive','Offensive','Propaganda','Offensive','Offensive','Offensive'
?????? ?????? ????? ??? ???? ???? ????,Geopolitical,Offensive,'Offensive','Offensive','Offensive','Offensive','Offensive','Offensive','Offensive','Offensive','Offensive','Offensive','Offensive','Offensive','Offensive','Offensive','Offensive','Offensive','Offensive','Offensive','Offensive','Offensive','Offensive'
?????? ?????? ???? ???????? ?????? ?????,Geopolitical,Offensive,'Offensive','Offensive','Offensive','Offensive','Offensive','Offensive','Offensive','Offensive','Offensive','Offensive','Offensive','Offensive','Offensive','Offensive','Offensive','Offensive','Offensive','Offensive','Offensive','Offensive','Offensive'
?????? ??? ????? ???? ???? ??,Geopolitical,Offensive,'Offensive','Offensive','Offensive','Offensive','Offensive','Offensive','Offensive','Offensive','Offensive','Offensive','Offensive','Offensive','Offensive','Offensive','Offensive','Offensive','Offensive','Offensive','Offensive','Offensive','Offensive'
??????? ??? ???? ??,Geopolitical,Offensive,'Offensive','Offensive','Offensive','Offensive','Offensive','Offensive','Offensive','Offensive','Offensive','Offensive','Offensive','Offensive','Offensive','Offensive','Offensive','Offensive','Offensive','Offensive','Offensive','Offensive','Offensive'
????? ???? ??? ??,Geopolitical,Offensive,'Offensive','Offensive','Offensive','Offensive','Offensive','Offensive','Offensive','Offensive','Offensive','Offensive','Offensive','Offensive','Offensive','Offensive','Offensive','Offensive','Offensive','Offensive','Offensive','Offensive','Offensive'
????? ????? ???? ????? ????? ??? ????,Geopolitical,Offensive,'Offensive','Offensive','Offensive','Offensive','Offensive','Offensive','Offensive','Offensive','Offensive','Offensive','Offensive','Offensive','Offensive','Offensive','Offensive','Offensive','Offensive','Offensive','Offensive','Offensive','Offensive'
????? ?? ??? ??????? ????? ???? ?? ???? ????? ? ?????! ??????? ???? ?????? ????!,Geopolitical,Offensive,'Offensive','Offensive','Offensive','Offensive','Offensive','Offensive','Offensive','Offensive','Offensive','Offensive','Offensive','Offensive','Offensive','Offensive','Offensive','Offensive','Offensive','Offensive','Offensive','Offensive','Offensive'
?????? ???????? ???? ??,Geopolitical,Offensive,'Offensive','Offensive','Offensive','Offensive','Offensive','Offensive','Offensive','Offensive','Offensive','Offensive','Offensive','Offensive','Offensive','Offensive','Offensive','Offensive','Offensive','Offensive','Offensive','Offensive','Offensive'
?????? ?? ???? ???????? ?????? ????? ???? ???? ?? ?? ????? ?????? ????? ???? ??? ??? ?????? ??? ?? ????? ??? ???? ??? ??? ???? ?? ?????? ??? ?????? ???? ???? ???? ??? ??? ???? ???? ???? ?? ???,Geopolitical,Offensive,'Offensive','Offensive','Offensive','Offensive','Offensive','Offensive','Offensive','Offensive','Offensive','Offensive','Offensive','Offensive','Offensive','Offensive','Offensive','Offensive','Offensive','Offensive','Offensive','Offensive','Offensive'
??????? ?? ???? ???? ????? ???? ?? ?????? ?????,Geopolitical,Offensive,'Offensive','Offensive','Offensive','Offensive','Offensive','Offensive','Offensive','Offensive','Offensive','Offensive','Offensive','Offensive','Offensive','Offensive','Offensive','Offensive','Offensive','Offensive','Offensive','Offensive','Offensive'
???????? ??? ????? ????? ????? ?????,Geopolitical,Offensive,'Offensive','Offensive','Offensive','Offensive','Offensive','Offensive','Offensive','Offensive','Offensive','Offensive','Offensive','Offensive','Offensive','Offensive','Offensive','Offensive','Offensive','Offensive','Offensive','Offensive','Offensive'
??????? ?????? ?? ???? ??? ??,Geopolitical,Offensive,'Offensive','Offensive','Offensive','Offensive','Offensive','Offensive','Offensive','Offensive','Offensive','Offensive','Offensive','Offensive','Offensive','Offensive','Offensive','Offensive','Offensive','Offensive','Offensive','Offensive','Offensive'
??????? ?????? ???? ??????,Geopolitical,Offensive,'Offensive','Offensive','Offensive','Offensive','Offensive','Offensive','Offensive','Offensive','Offensive','Offensive','Offensive','Offensive','Offensive','Offensive','Offensive','Offensive','Offensive','Offensive','Offensive','Offensive','Offensive'
??????? ????????? ??? ???? ??? ????? ?????? ????? ???? ????? ??? ???????,Geopolitical,Offensive,'Offensive','Offensive','Offensive','Offensive','Offensive','Offensive','Offensive','Offensive','Offensive','Offensive','Offensive','Offensive','Offensive','Offensive','Offensive','Offensive','Offensive','Offensive','Offensive','Offensive','Offensive'
????????????? ?????? ?? ?????? ???? ??,Geopolitical,Offensive,'Offensive','Offensive','Offensive','Offensive','Offensive','Offensive','Offensive','Offensive','Offensive','Offensive','Offensive','Offensive','Offensive','Offensive','Offensive','Offensive','Offensive','Offensive','Offensive','Offensive','Offensive'
????? ????????? ???????? ??? ???? ???? ?? ????,Geopolitical,Offensive,'Offensive','Offensive','Offensive','Offensive','Offensive','Offensive','Offensive','Offensive','Offensive','Offensive','Offensive','Offensive','Offensive','Offensive','Offensive','Offensive','Offensive','Offensive','Offensive','Offensive','Offensive'
????? ???? ?????? ???? ????? ?????? ??? ?? ???? ?? ?? ????????? ?? ????? ????? ???? ?????? ???,Geopolitical,Offensive,'Offensive','Offensive','Offensive','Offensive','Offensive','Offensive','Offensive','Offensive','Offensive','Offensive','Offensive','Offensive','Offensive','Offensive','Offensive','Offensive','Offensive','Offensive','Offensive','Offensive','Offensive'
????? ???? ???,Geopolitical,Offensive,'Offensive','Offensive','Offensive','Offensive','Offensive','Offensive','Offensive','Offensive','Offensive','Offensive','Offensive','Offensive','Offensive','Offensive','Offensive','Offensive','Offensive','Offensive','Offensive','Offensive','Offensive'
????? ???? ????????? ??? ????? ???,Geopolitical,Offensive,'Offensive','Offensive','Offensive','Offensive','Offensive','Offensive','Offensive','Offensive','Offensive','Offensive','Offensive','Offensive','Offensive','Offensive','Offensive','Offensive','Offensive','Offensive','Offensive','Offensive','Offensive'
????? ???? ???? ???? ????,Geopolitical,Offensive,'Offensive','Offensive','Offensive','Offensive','Offensive','Offensive','Offensive','Offensive','Offensive','Offensive','Offensive','Offensive','Offensive','Offensive','Offensive','Offensive','Offensive','Offensive','Offensive','Offensive','Offensive'
????? ?? ????? ????? ???? ???? ????,Geopolitical,Offensive,'Offensive','Offensive','Offensive','Offensive','Offensive','Offensive','Offensive','Offensive','Offensive','Offensive','Offensive','Offensive','Offensive','Offensive','Offensive','Offensive','Offensive','Offensive','Offensive','Offensive','Offensive'
????? ?????? ?????? ???? ???? ???,Geopolitical,Offensive,'Offensive','Offensive','Offensive','Offensive','Offensive','Offensive','Offensive','Offensive','Offensive','Offensive','Offensive','Offensive','Offensive','Offensive','Offensive','Offensive','Offensive','Offensive','Offensive','Offensive','Offensive'
???????? ?????? ?? ???,Geopolitical,Offensive,'Offensive','Offensive','Offensive','Offensive','Offensive','Offensive','Offensive','Offensive','Offensive','Offensive','Offensive','Offensive','Offensive','Offensive','Offensive','Offensive','Offensive','Offensive','Offensive','Offensive','Offensive'
??????? ???????? ???? ?? ???? ?????? ????,Geopolitical,Offensive,'Offensive','Offensive','Offensive','Offensive','Offensive','Offensive','Offensive','Offensive','Offensive','Offensive','Offensive','Offensive','Offensive','Offensive','Offensive','Offensive','Offensive','Offensive','Offensive','Offensive','Offensive'
??????? ?????? ???? ?? ??????? ?????? ????? ???? ??????,Geopolitical,Offensive,'Offensive','Offensive','Offensive','Offensive','Offensive','Offensive','Offensive','Offensive','Offensive','Offensive','Offensive','Offensive','Offensive','Offensive','Offensive','Offensive','Offensive','Offensive','Offensive','Offensive','Offensive'
?? ????? ???? ???? ???? ??? ????,Geopolitical,Offensive,'Offensive','Offensive','Offensive','Offensive','Offensive','Offensive','Offensive','Offensive','Offensive','Offensive','Offensive','Offensive','Offensive','Offensive','Offensive','Offensive','Offensive','Offensive','Offensive','Offensive','Offensive'
?? ????? ????? ?????? ???? ?????? ??? ?????,Geopolitical,Sexual Harassments,'Offensive','Offensive','Offensive','Offensive','Offensive','Offensive','Offensive','Offensive','Offensive','Offensive','Offensive','Offensive','Offensive','Offensive','Offensive','Offensive','Offensive','Offensive','Offensive','Offensive','Offensive'
????? ???? ?????? ?????? ???????? ??,Geopolitical,Offensive,'Offensive','Offensive','Offensive','Offensive','Offensive','Offensive','Offensive','Offensive','Offensive','Offensive','Offensive','Offensive','Offensive','Offensive','Offensive','Offensive','Offensive','Offensive','Offensive','Offensive','Offensive'
???? ???? ???? ???? ???? ??????,Geopolitical,Offensive,'Offensive','Offensive','Offensive','Offensive','Offensive','Offensive','Offensive','Offensive','Offensive','Offensive','Offensive','Offensive','Offensive','Offensive','Offensive','Offensive','Offensive','Offensive','Offensive','Offensive','Offensive'
??????-????????? ??? ???? ?????? ?? ??? ?? ??? ????? ?????? ?????????,Geopolitical,Offensive,'Offensive','Offensive','Offensive','Offensive','Offensive','Offensive','Offensive','Offensive','Offensive','Offensive','Offensive','Offensive','Offensive','Offensive','Offensive','Offensive','Offensive','Offensive','Offensive','Offensive','Offensive'
?????? ??????? ??????? ????? ?? ?????? ???????? ??????? ??? ??????? ??????? ???? ?? ??????? ???????? ?? ????? ????? ???????,Geopolitical,Offensive,'Offensive','Offensive','Offensive','Offensive','Offensive','Offensive','Offensive','Offensive','Offensive','Offensive','Offensive','Offensive','Offensive','Offensive','Offensive','Offensive','Offensive','Offensive','Offensive','Offensive','Offensive'
?????? ????? ????? ??? ??? ???????? ?????,Geopolitical,Offensive,'Offensive','Offensive','Offensive','Offensive','Offensive','Offensive','Offensive','Offensive','Offensive','Offensive','Offensive','Offensive','Offensive','Offensive','Offensive','Offensive','Offensive','Offensive','Offensive','Offensive','Offensive'
??????? ??????? ??????? ??? ???? ????? ?????? ? ????? ????? ????? ?????? ? ???????? ?????? ??? ????? ???? ?? ???????? ???????? ??????,Geopolitical,Offensive,'Offensive','Offensive','Offensive','Offensive','Offensive','Offensive','Offensive','Offensive','Offensive','Offensive','Offensive','Offensive','Offensive','Offensive','Offensive','Offensive','Offensive','Offensive','Offensive','Offensive','Offensive'
?? ????? ??? ????? ? ???? ??? ????? ??????? ????? ?????,Geopolitical,Offensive,'Offensive','Offensive','Offensive','Offensive','Offensive','Offensive','Offensive','Offensive','Offensive','Offensive','Offensive','Offensive','Offensive','Offensive','Offensive','Offensive','Offensive','Offensive','Offensive','Offensive','Offensive'
??????????? ??????? ???????? ?????? ??? ????? ???????? ??????? ????? ???????,Geopolitical,Not Hateful,'Offensive','Offensive','Offensive','Offensive','Offensive','Offensive','Offensive','Offensive','Offensive','Offensive','Offensive','Offensive','Offensive','Offensive','Offensive','Offensive','Offensive','Offensive','Offensive','Offensive','Offensive'
??????? ??????? ??? ???? ??????????? ????,Geopolitical,Not Hateful,'Not Hateful','Not Hateful','Not Hateful','Not Hateful','Not Hateful','Not Hateful','Not Hateful','Not Hateful','Not Hateful','Not Hateful','Not Hateful','Not Hateful','Offensive','Not Hateful','Not Hateful','Not Hateful','Offensive','Not Hateful','Not Hateful','Not Hateful','Not Hateful'
?????????? ??? ?????? ???? ???? ??? ?? ? ?????,Geopolitical,Not Hateful,'Offensive','Offensive','Offensive','Offensive','Offensive','Offensive','Offensive','Offensive','Offensive','Offensive','Offensive','Offensive','Offensive','Offensive','Offensive','Offensive','Offensive','Offensive','Offensive','Offensive','Offensive'
?????? ???? ????? ??????? ????????? ??????,Geopolitical,Not Hateful,'Offensive','Offensive','Offensive','Offensive','Offensive','Offensive','Offensive','Offensive','Offensive','Offensive','Offensive','Offensive','Offensive','Offensive','Offensive','Offensive','Offensive','Offensive','Offensive','Offensive','Offensive'
???? ???? ??????? ???? ??? ????? ???? ??? ???? ???? ?????? ????? ???? ??????,Geopolitical,Not Hateful,'Not Hateful','Not Hateful','Not Hateful','Not Hateful','Not Hateful','Not Hateful','Not Hateful','Not Hateful','Not Hateful','Not Hateful','Not Hateful','Not Hateful','Not Hateful','Not Hateful','Not Hateful','Not Hateful','Not Hateful','Not Hateful','Not Hateful','Not Hateful','Not Hateful'
???? ???? ???? ??? ??????? ????????? ???????? ??????????? ?????? ?????? ???? ????????? ???? ??? ???????,Geopolitical,Not Hateful,'Offensive','Offensive','Offensive','Offensive','Offensive','Offensive','Offensive','Offensive','Offensive','Offensive','Offensive','Offensive','Offensive','Offensive','Offensive','Offensive','Offensive','Offensive','Offensive','Offensive','Offensive'
????? ??????? ????????? ? ????? ???????? ?????? ???? ?????? ???? ?????? ???? ‘???? ????? ??????’?,Geopolitical,Not Hateful,'Offensive','Offensive','Offensive','Offensive','Offensive','Offensive','Offensive','Offensive','Offensive','Offensive','Not Hateful','Offensive','Offensive','Offensive','Offensive','Offensive','Offensive','Offensive','Offensive','Offensive','Offensive'
????? ???? ?????? ????? ?????,Geopolitical,Not Hateful,'Offensive','Offensive','Offensive','Offensive','Offensive','Offensive','Offensive','Offensive','Offensive','Offensive','Offensive','Offensive','Offensive','Offensive','Offensive','Offensive','Offensive','Offensive','Offensive','Offensive','Offensive'
????? ??????? ???? ??? ???? ?????,Geopolitical,Not Hateful,'Offensive','Offensive','Offensive','Offensive','Offensive','Offensive','Offensive','Offensive','Offensive','Offensive','Offensive','Offensive','Offensive','Offensive','Offensive','Offensive','Offensive','Offensive','Offensive','Offensive','Offensive'
???? ??? ? ???? ??????? ???? ??????? ?????,Geopolitical,Not Hateful,'Offensive','Offensive','Offensive','Offensive','Offensive','Offensive','Offensive','Offensive','Offensive','Offensive','Offensive','Offensive','Offensive','Offensive','Offensive','Offensive','Offensive','Offensive','Offensive','Offensive','Offensive'
???? ????? ??????? ????? ???? ???,Geopolitical,Not Hateful,'Offensive','Offensive','Offensive','Offensive','Offensive','Offensive','Offensive','Offensive','Offensive','Offensive','Offensive','Offensive','Offensive','Offensive','Offensive','Offensive','Offensive','Offensive','Offensive','Offensive','Offensive'
"???? ??? ????? ???? ???? ?????? ??,????? ??!",Geopolitical,Not Hateful,'Offensive','Offensive','Offensive','Offensive','Offensive','Offensive','Offensive','Offensive','Offensive','Offensive','Offensive','Offensive','Offensive','Offensive','Offensive','Offensive','Offensive','Offensive','Offensive','Offensive','Offensive'
??? ?????????? ???-? ???? ?????? ??? ???? ?????,Geopolitical,Not Hateful,'Offensive','Offensive','Offensive','Offensive','Offensive','Offensive','Offensive','Offensive','Offensive','Offensive','Offensive','Offensive','Offensive','Offensive','Offensive','Offensive','Offensive','Offensive','Offensive','Offensive','Offensive'
????? ????? ???? ?????? ?????,Geopolitical,Not Hateful,'Offensive','Offensive','Offensive','Offensive','Offensive','Offensive','Offensive','Offensive','Offensive','Offensive','Offensive','Offensive','Offensive','Offensive','Offensive','Offensive','Offensive','Offensive','Offensive','Offensive','Offensive'
??????? ????? ???? ???? ???????,Geopolitical,Not Hateful,'Not Hateful','Not Hateful','Not Hateful','Offensive','Not Hateful','Not Hateful','Not Hateful','Offensive','Not Hateful','Not Hateful','Not Hateful','Not Hateful','Offensive','Not Hateful','Not Hateful','Offensive','Offensive','Not Hateful','Not Hateful','Not Hateful','Not Hateful'
???? ???? ?????? ????????,Geopolitical,Not Hateful,'Offensive','Offensive','Offensive','Offensive','Offensive','Offensive','Offensive','Offensive','Offensive','Offensive','Offensive','Offensive','Offensive','Offensive','Offensive','Offensive','Offensive','Offensive','Offensive','Offensive','Offensive'
???? ??? ???? ???? ???? ???? ?????,Geopolitical,Not Hateful,'Offensive','Offensive','Offensive','Offensive','Offensive','Offensive','Offensive','Offensive','Offensive','Offensive','Offensive','Offensive','Offensive','Offensive','Offensive','Offensive','Offensive','Offensive','Offensive','Offensive','Offensive'
????? ??? ???? ????? ???? ?????????,Geopolitical,Not Hateful,'Offensive','Offensive','Offensive','Offensive','Offensive','Offensive','Offensive','Offensive','Offensive','Offensive','Offensive','Offensive','Offensive','Offensive','Offensive','Offensive','Offensive','Offensive','Offensive','Offensive','Offensive'
??? ????? ???? ??? ??????? ???? ???? ??? ?? ??? ?????? ????? ????,Geopolitical,Not Hateful,'Offensive','Offensive','Offensive','Offensive','Offensive','Offensive','Offensive','Offensive','Offensive','Offensive','Offensive','Offensive','Offensive','Offensive','Offensive','Offensive','Offensive','Offensive','Offensive','Offensive','Offensive'
??? ??????? ?????? ???? ????? ?????? ??? ???,Geopolitical,Not Hateful,'Offensive','Offensive','Offensive','Offensive','Offensive',Offensive,'Offensive','Offensive','Offensive','Offensive','Offensive','Offensive','Offensive','Offensive','Offensive','Offensive','Offensive','Offensive','Offensive','Offensive','Offensive'
?????? ??????? ?????? ?? ???? ???? ??????? ?? ?????? ??? ????? ???? ???? ????? ??????? ????,Geopolitical,Not Hateful,'Offensive','Offensive','Offensive','Offensive','Offensive','Offensive','Offensive','Offensive','Offensive','Offensive','Offensive','Offensive','Offensive','Offensive','Offensive','Offensive','Offensive','Propaganda','Offensive','Offensive','Offensive'
????? ???? ???? ???? ???? ????,Geopolitical,Not Hateful,'Offensive','Offensive','Offensive','Offensive','Offensive','Offensive','Offensive','Offensive','Offensive','Offensive','Offensive','Offensive','Offensive','Offensive','Offensive','Offensive','Offensive','Offensive','Offensive','Offensive','Offensive'
????? ????? ???? ???? ?????,Geopolitical,Not Hateful,'Offensive','Offensive','Offensive','Offensive','Offensive','Offensive','Offensive','Offensive','Offensive','Offensive','Offensive','Offensive','Offensive','Offensive','Offensive','Offensive','Offensive','Offensive','Offensive','Offensive','Offensive'
??? ??? ???? ????? ?????,Geopolitical,Not Hateful,'Offensive','Offensive','Offensive','Offensive','Offensive','Offensive','Offensive','Offensive','Offensive','Offensive','Offensive','Offensive','Offensive','Offensive','Offensive','Offensive','Offensive','Offensive','Offensive','Offensive','Offensive'
??????? ??? ???,Geopolitical,Not Hateful,'Offensive','Offensive','Offensive','Offensive','Offensive','Offensive','Offensive','Offensive','Offensive','Offensive','Offensive','Offensive','Offensive','Offensive','Offensive','Offensive','Offensive','Offensive','Offensive','Offensive','Offensive'
??? ???????? ??????? ????? ?? ???? ??????? ??? ???,Geopolitical,Not Hateful,'Offensive','Offensive','Offensive','Offensive','Offensive','Offensive','Offensive','Offensive','Offensive','Offensive','Offensive','Offensive','Offensive','Offensive','Offensive','Offensive','Offensive','Offensive','Offensive','Offensive','Offensive'
????? ???? ???????,Geopolitical,Not Hateful,'Not Hateful','Not Hateful','Not Hateful','Not Hateful','Not Hateful','Not Hateful','Not Hateful','Not Hateful','Not Hateful','Not Hateful','Not Hateful','Not Hateful','Offensive','Not Hateful','Not Hateful','Not Hateful','Offensive','Not Hateful','Not Hateful','Not Hateful','Not Hateful'
????? ?????? ???? ??????? ????...????? ????? ????,Geopolitical,Not Hateful,'Offensive','Offensive','Offensive','Offensive','Offensive','Offensive','Offensive','Offensive','Offensive','Offensive','Offensive','Offensive','Offensive','Offensive','Offensive','Offensive','Offensive','Offensive','Offensive','Offensive','Offensive'
?????? ????? ???? ??? ?????? ... ??????? ????,Geopolitical,Not Hateful,'Offensive','Offensive','Offensive','Offensive','Offensive','Offensive','Offensive','Offensive','Offensive','Offensive','Offensive','Offensive','Offensive','Offensive','Offensive','Offensive','Offensive','Offensive','Offensive','Offensive','Offensive'
??? ????? ???? ???? ?????,Geopolitical,Not Hateful,'Offensive','Offensive','Offensive','Offensive','Offensive','Offensive','Offensive','Offensive','Offensive','Offensive','Offensive','Offensive','Offensive','Offensive','Offensive','Offensive','Offensive','Offensive','Offensive','Offensive','Offensive'
???? ?? ??? ???? ????? ????????,Geopolitical,Not Hateful,'Offensive','Offensive','Offensive','Offensive','Offensive','Offensive','Offensive','Offensive','Offensive','Offensive','Offensive','Offensive','Offensive','Offensive','Offensive','Offensive','Offensive','Offensive','Offensive','Offensive','Offensive'
?????? ?????? ?????????? ????? ???? ???? ?????? ?????? ???? ??????? ????? ????????,Geopolitical,Not Hateful,'Offensive','Offensive','Offensive','Offensive','Offensive','Offensive','Offensive','Offensive','Offensive','Offensive','Offensive','Offensive','Offensive','Offensive','Offensive','Offensive','Offensive','Offensive','Offensive','Offensive','Offensive'
?????? ???? ??????? ???? ????,Geopolitical,Not Hateful,'Offensive','Offensive','Offensive','Offensive','Offensive','Offensive','Offensive','Offensive','Offensive','Offensive','Offensive','Offensive','Offensive','Offensive','Offensive','Offensive','Offensive','Offensive','Offensive','Offensive','Offensive'
?????? ?? ??????? ?? ?????? ????????? ????? ????? ???? ?,Geopolitical,Not Hateful,'Offensive','Offensive','Offensive','Offensive','Offensive','Offensive','Offensive','Offensive','Offensive','Offensive','Offensive','Offensive','Offensive','Offensive','Offensive','Offensive','Offensive','Offensive','Offensive','Offensive','Offensive'
????? ?????? ???? ??????? ??? ?????? ???? ???? ????? ?????? ????,Geopolitical,Not Hateful,'Offensive','Offensive','Offensive','Offensive','Offensive','Offensive','Offensive','Offensive','Offensive','Offensive','Offensive','Offensive','Offensive','Offensive','Offensive','Offensive','Offensive','Offensive','Offensive','Offensive','Offensive'
"??? ???? ??? ??? ????? ??? ?? ???? ???? ???? ???? ??? ???? ???? ???? ???? ???? ??? ???? ????? ?????? ???? ????,?? ???? ???? ???? ??.",Geopolitical,Not Hateful,'Offensive','Offensive','Offensive','Offensive','Offensive','Offensive','Offensive','Offensive','Offensive','Offensive','Offensive','Offensive','Offensive','Offensive','Offensive','Offensive','Offensive','Offensive','Offensive','Offensive','Offensive'
???? ?????? ???? ?????,Geopolitical,Not Hateful,'Offensive','Offensive','Offensive','Offensive','Offensive','Offensive','Offensive','Offensive','Offensive','Offensive','Offensive','Offensive','Offensive','Offensive','Offensive','Offensive','Offensive','Offensive','Offensive','Offensive','Offensive'
?????? ????? ?? ??????? ????,Geopolitical,Not Hateful,'Offensive','Offensive','Offensive','Offensive','Offensive','Offensive','Offensive','Offensive','Offensive','Offensive','Offensive','Offensive','Offensive','Offensive','Offensive','Offensive','Offensive','Offensive','Offensive','Offensive','Offensive'
???? ? ????? ????? ??????? ????? ???? ?,Geopolitical,Not Hateful,'Offensive','Offensive','Offensive','Offensive','Offensive','Offensive','Offensive','Offensive','Offensive','Offensive','Offensive','Offensive','Offensive','Offensive','Offensive','Offensive','Offensive','Offensive','Offensive','Offensive','Offensive'
??? ?? ???? ???? ????!,Geopolitical,Not Hateful,'Offensive','Offensive','Offensive','Offensive','Offensive','Offensive','Offensive','Offensive','Offensive','Offensive','Offensive','Offensive','Offensive','Offensive','Offensive','Offensive','Offensive','Offensive','Offensive','Offensive','Offensive'
??? ?????? ?? ????? ????? ?? ?? ????!,Geopolitical,Not Hateful,'Offensive','Offensive','Offensive','Offensive','Offensive','Offensive','Offensive','Offensive','Offensive','Offensive','Offensive','Offensive','Offensive','Offensive','Offensive','Offensive','Offensive','Offensive','Offensive','Offensive','Offensive'
??? ?? ?? ??? ???? ?????? ????,Geopolitical,Not Hateful,'Offensive','Offensive','Offensive','Offensive','Offensive','Offensive','Offensive','Offensive','Offensive','Offensive','Offensive','Offensive','Offensive','Offensive','Offensive','Offensive','Offensive','Offensive','Offensive','Offensive','Offensive'
???? ???? ?? ????????,Geopolitical,Not Hateful,'Offensive','Offensive','Offensive','Offensive','Offensive','Offensive','Offensive','Offensive','Offensive','Offensive','Offensive','Offensive','Offensive','Offensive','Offensive','Offensive','Offensive','Offensive','Offensive','Offensive','Offensive'
"???? ????? ??????? ????? ??? ????,",Geopolitical,Not Hateful,'Offensive','Offensive','Offensive','Offensive','Offensive','Offensive','Offensive','Offensive','Offensive','Offensive','Offensive','Offensive','Offensive','Offensive','Offensive','Offensive','Offensive','Offensive','Offensive','Offensive','Offensive'
???? ??????? ?? ??????,Geopolitical,Not Hateful,'Offensive','Offensive','Offensive','Offensive','Offensive','Offensive','Offensive','Offensive','Offensive','Offensive','Offensive','Offensive','Offensive','Offensive','Offensive','Offensive','Offensive','Offensive','Offensive','Offensive','Offensive'
???? ???? ??????? ???? ?????,Geopolitical,Not Hateful,'Offensive','Offensive','Offensive','Offensive','Offensive','Offensive','Offensive','Offensive','Offensive','Offensive','Offensive','Offensive','Offensive','Offensive','Offensive','Offensive','Offensive','Offensive','Offensive','Offensive','Offensive'
???? ????? ?? ???????? ??? ???? ??????? ????,Geopolitical,Not Hateful,'Offensive','Offensive','Offensive','Offensive','Offensive','Offensive','Offensive','Offensive','Offensive','Offensive','Offensive','Offensive','Offensive','Offensive','Offensive','Offensive','Offensive','Offensive','Offensive','Offensive','Offensive'
???? ????? ????? ??????,Geopolitical,Not Hateful,'Offensive','Offensive','Offensive','Offensive','Offensive','Offensive','Offensive','Offensive','Offensive','Offensive','Offensive','Offensive','Offensive','Offensive','Offensive','Offensive','Offensive','Offensive','Offensive','Offensive','Offensive'
????? ???? ???? ?????? ????????,Geopolitical,Not Hateful,'Offensive','Offensive','Offensive','Offensive','Offensive','Offensive','Offensive','Offensive','Offensive','Offensive','Offensive','Offensive','Offensive','Offensive','Offensive','Offensive','Offensive','Offensive','Offensive','Offensive','Offensive'
???? ???? ??????? ?????? ????? ??? ???????? ??? ?????? ???? ????? ????? ????,Geopolitical,Not Hateful,'Offensive','Offensive','Offensive','Offensive','Offensive','Offensive','Offensive','Offensive','Offensive','Offensive','Offensive','Offensive','Offensive','Offensive','Offensive','Offensive','Offensive','Offensive','Offensive','Offensive','Offensive'
??????? ???? ????? ????? ????? ???,Geopolitical,Not Hateful,'Offensive','Offensive','Offensive','Offensive','Offensive','Offensive','Offensive','Offensive','Offensive','Offensive','Offensive','Offensive','Offensive','Offensive','Offensive','Offensive','Offensive','Offensive','Offensive','Offensive','Offensive'
????? ?? ?????? ??? ???? ?? ???? ????? ??? ???? ??,Geopolitical,Not Hateful,'Offensive','Offensive','Offensive','Offensive','Offensive','Offensive','Offensive','Offensive','Offensive','Offensive','Offensive','Offensive','Offensive','Offensive','Offensive','Offensive','Offensive','Offensive','Offensive','Offensive','Offensive'
"??????? ?????????, ??????? ????? ???",Geopolitical,Not Hateful,'Offensive','Offensive','Offensive','Offensive','Offensive','Offensive','Offensive','Offensive','Offensive','Offensive','Offensive','Offensive','Offensive','Offensive','Offensive','Offensive','Offensive','Offensive','Offensive','Not Hateful','Offensive'
??? ???? ????? ?? ???? ??? ????????? ?????? ?????? ???? ?????,Geopolitical,Not Hateful,'Offensive','Offensive','Offensive','Offensive','Offensive','Offensive','Offensive','Offensive','Offensive','Offensive','Offensive','Offensive','Offensive','Offensive','Offensive','Offensive','Offensive','Offensive','Offensive','Offensive','Offensive'
????? ???? ??? ???,Geopolitical,Not Hateful,'Offensive','Offensive','Offensive','Offensive','Offensive','Offensive','Offensive','Offensive','Offensive','Offensive','Offensive','Offensive','Offensive','Offensive','Offensive','Offensive','Offensive','Offensive','Offensive','Offensive','Offensive'
??????? .. ???? ????? ..??,Geopolitical,Not Hateful,'Offensive','Offensive','Offensive','Offensive','Offensive','Offensive','Offensive','Offensive','Offensive','Offensive','Offensive','Offensive','Offensive','Offensive','Offensive','Offensive','Offensive','Offensive','Offensive','Offensive','Offensive'
"???? ??? ???? ????? ???, ???? ??? ????? ?????",Geopolitical,Not Hateful,'Offensive','Offensive','Offensive','Offensive','Offensive','Offensive','Offensive','Offensive','Offensive','Offensive','Offensive','Offensive','Offensive','Offensive','Offensive','Offensive','Offensive','Offensive','Offensive','Offensive','Offensive'
? ????? ???? ?????,Geopolitical,Not Hateful,'Offensive','Offensive','Offensive','Offensive','Offensive','Offensive','Offensive','Offensive','Offensive','Offensive','Offensive','Offensive','Offensive','Offensive','Offensive','Offensive','Offensive','Offensive','Offensive','Offensive','Offensive'
????? ????,Geopolitical,Not Hateful,'Offensive','Offensive','Offensive','Offensive','Offensive','Offensive','Offensive','Offensive','Offensive','Offensive','Offensive','Offensive','Offensive','Offensive','Offensive','Offensive','Offensive','Offensive','Offensive','Offensive','Offensive'
?? ??? ??????????? ?????? ??????? ???? ???? ??????? ???? ????? ??? ????? ????,Geopolitical,Not Hateful,'Offensive','Offensive','Offensive','Offensive','Offensive','Offensive','Offensive','Offensive','Offensive','Offensive','Offensive','Offensive','Offensive','Offensive','Offensive','Offensive','Offensive','Offensive','Offensive','Offensive','Offensive'
"??? ????! ?? ????? ???? ????? ??????? ?????, ???? ??????",Geopolitical,Not Hateful,'Offensive','Offensive','Offensive','Offensive','Offensive','Offensive','Offensive','Offensive','Offensive','Offensive','Offensive','Offensive','Offensive','Offensive','Offensive','Offensive','Offensive','Offensive','Offensive','Offensive','Offensive'
????? ???? ??? ???,Geopolitical,Not Hateful,'Offensive','Offensive','Offensive','Offensive','Offensive','Offensive','Offensive','Offensive','Offensive','Offensive','Offensive','Offensive','Offensive','Offensive','Offensive','Offensive','Offensive','Offensive','Offensive','Offensive','Offensive'
???? ???? ??? ???????????? ??? ???? ????? ?? ???? ???? ???? ???? ?????? ???????? ? ???????? ?,Geopolitical,Not Hateful,'Offensive','Offensive','Offensive','Offensive','Offensive','Offensive','Offensive','Offensive','Offensive','Offensive','Offensive','Offensive','Offensive','Offensive','Offensive','Offensive','Offensive','Offensive','Offensive','Offensive','Offensive'
??????? ?????? ?????? ?????? ???????? ?? ????? ?????...,Geopolitical,Not Hateful,'Offensive','Offensive','Offensive','Offensive','Offensive','Offensive','Offensive','Offensive','Offensive','Offensive','Offensive','Offensive','Offensive','Offensive','Offensive','Offensive','Offensive','Offensive','Offensive','Offensive','Offensive'
?????????????? ???? ???? ???? ??? ?????? ?????? ???? ??????? ??????.,Geopolitical,Not Hateful,'Offensive','Offensive','Offensive','Offensive','Offensive','Offensive','Offensive','Offensive','Offensive','Offensive','Offensive','Offensive','Offensive','Offensive','Offensive','Offensive','Offensive','Offensive','Offensive','Offensive','Offensive'
"??????? ?????? ????? ?? ?????? ??  ????? ??????? ???? ???? ?????????? ????? ???????? ????? ?????? ?????? ? ????? ??????? ????, ? ????? ??????? ???? ???? ???? ???????  ???? ??? ???? ???? ???? ???? ???? ??????????",Geopolitical,Not Hateful,'Offensive','Offensive','Offensive','Offensive','Offensive','Offensive','Offensive','Offensive','Offensive','Offensive','Offensive','Offensive','Offensive','Offensive','Offensive','Offensive','Offensive','Offensive','Offensive','Offensive','Offensive'
??? ??? ???? ???? ??? ?????? ????? ???? ?? ?? ??? ?? ??? ????? ??? ????? ????? ????? ??? ??? ??? ????? ??? ???? ???? ???? ???? ??? ???? ???? ???????? ??? ?????? ??? ?? ??? ????? ??????? ???? ?? ????? ??? ?????  ? ??????? ??? ????,Geopolitical,Not Hateful,'Offensive','Offensive','Offensive','Offensive','Offensive','Offensive','Offensive','Offensive','Offensive','Offensive','Offensive','Offensive','Offensive','Offensive','Offensive','Offensive','Offensive','Offensive','Offensive','Offensive','Offensive'
????? ???? ?,Geopolitical,Not Hateful,'Offensive','Offensive','Offensive','Offensive','Offensive','Offensive','Offensive','Offensive','Offensive','Offensive','Offensive','Offensive','Offensive','Offensive','Offensive','Offensive','Offensive','Offensive','Offensive','Offensive','Offensive'
??? ?????? ??? ???? ??? ???????,Geopolitical,Not Hateful,'Offensive','Offensive','Offensive','Offensive','Offensive','Offensive','Offensive','Offensive','Offensive','Offensive','Offensive','Offensive','Offensive','Offensive','Offensive','Offensive','Offensive','Offensive','Offensive','Offensive','Offensive'
?? ??? ?? ???? ??? ??????? ?? ???? ? ????,Geopolitical,Not Hateful,'Offensive','Offensive','Offensive','Offensive','Offensive','Offensive','Offensive','Offensive','Offensive','Offensive','Offensive','Offensive','Offensive','Offensive','Offensive','Offensive','Offensive','Offensive','Offensive','Offensive','Offensive'
????????? ????? ?? ????,Geopolitical,Not Hateful,'Offensive','Offensive','Offensive','Offensive','Offensive','Offensive','Offensive','Offensive','Offensive','Offensive','Offensive','Offensive','Offensive','Offensive','Offensive','Offensive','Offensive','Offensive','Offensive','Offensive','Offensive'
??? ????? ???? ??????,Geopolitical,Not Hateful,'Not Hateful','Not Hateful','Not Hateful','Offensive','Not Hateful','Offensive','Offensive','Offensive','Not Hateful','Not Hateful','Not Hateful','Not Hateful','Offensive','Not Hateful','Offensive','Offensive','Offensive','Offensive','Not Hateful','Not Hateful','Offensive'
"????? ?????? ?? ?? ?? ??? ????, ???? ????? ??????? ??????   ",Geopolitical,Not Hateful,'Offensive','Offensive','Offensive','Offensive','Offensive','Offensive','Offensive','Offensive','Offensive','Offensive','Offensive','Offensive','Offensive','Offensive','Offensive','Offensive','Offensive','Offensive','Offensive','Offensive','Offensive'
"???????? ??????? ???? ????? ?????, ?? ??? ??? ?? ?????? ?????? ????? ???? ???????? ????? ???? ???? ??? ???? ????? ??????? ",Geopolitical,Not Hateful,'Offensive','Offensive','Offensive','Offensive','Not Hateful','Offensive','Offensive','Offensive','Offensive','Offensive','Not Hateful','Not Hateful','Offensive','Offensive','Offensive','Offensive','Offensive','Offensive','Offensive','Not Hateful','Offensive'
????????? ???? ?????? ???? ???? ?? ??? ???????? ???? ??? ????????? ??? ???? ???? ????? ???? ????? ?????? ??????? ???????,Geopolitical,Not Hateful,'Offensive','Offensive','Offensive','Offensive','Offensive','Offensive','Offensive','Offensive','Offensive','Offensive','Offensive','Offensive','Offensive','Offensive','Offensive','Offensive','Offensive','Offensive','Offensive','Offensive','Offensive'
??? ???? ??? ????,Geopolitical,Not Hateful,'Offensive','Offensive','Offensive','Offensive','Offensive','Offensive','Offensive','Offensive','Offensive','Offensive','Offensive','Offensive','Offensive','Offensive','Offensive','Offensive','Offensive','Offensive','Offensive','Offensive','Offensive'
??? ????? ?? ????? ?????? ???? ???? ?????? ????? ???? ?????? ???? ???? ???????? ????? ???????? ??? ???? ??????? ??? ????????? ????? ??? ?? ???? ???????? ????? ??? ???? ???? ??????? ??????? ????? ???? ???? ???? ???????? ? ???? ??? ????,Geopolitical,Not Hateful,'Offensive',['Offensive'],'Offensive',['Offensive'],'Offensive',['Offensive'],'Offensive','Offensive',['Offensive'],['Offensive'],'Offensive','Offensive','Offensive','Offensive','Offensive','Offensive','Offensive',['Offensive'],'Offensive','Offensive','Offensive'
?????????? ???? ??????? ??? ?????,Geopolitical,Not Hateful,'Offensive','Offensive','Offensive','Offensive','Offensive','Offensive','Offensive','Offensive','Offensive','Offensive','Offensive','Offensive','Offensive','Offensive','Offensive','Offensive','Offensive','Offensive','Offensive','Offensive','Offensive'
?????? ????? ???? ???? ???????? ???? ???? ??? ???,Geopolitical,Not Hateful,'Offensive','Offensive','Offensive','Offensive','Offensive','Offensive','Offensive','Offensive','Offensive','Offensive','Not Hateful','Offensive','Offensive','Offensive','Offensive','Offensive','Offensive','Offensive','Offensive','Offensive','Offensive'
??? ??????? ????? ??? ???? ??????? ??? ???,Geopolitical,Not Hateful,'Offensive','Offensive','Offensive','Offensive','Offensive','Offensive','Offensive','Offensive','Offensive','Offensive','Offensive','Offensive','Offensive','Offensive','Offensive','Offensive','Offensive','Offensive','Offensive','Offensive','Offensive'
??????? ???? ???? ??? ????? ?? ????? ??????? ?????? ????? ???? ???????? ? ??????? ????? ???? ???? ????????? ?? ???????,Geopolitical,Not Hateful,'Offensive','Offensive','Offensive','Offensive','Offensive','Offensive','Offensive','Offensive','Offensive','Offensive','Offensive','Offensive','Offensive','Offensive','Offensive','Offensive','Offensive','Offensive','Offensive','Offensive','Offensive'
??? ????? ???? ?????? ??????? ???? ???? ???? ????????,Geopolitical,Not Hateful,'Offensive','Offensive','Offensive','Offensive','Offensive','Offensive','Offensive','Offensive','Offensive','Offensive','Offensive','Offensive','Offensive','Offensive','Offensive','Offensive','Offensive','Offensive','Offensive','Offensive','Offensive'
??????? ???,Geopolitical,Not Hateful,'Offensive','Offensive','Offensive','Offensive','Offensive','Offensive','Offensive','Offensive','Offensive','Offensive','Offensive','Offensive','Offensive','Offensive','Offensive','Offensive','Offensive','Offensive','Offensive','Offensive','Offensive'
"??? ????? ??????? ????????? ???? ???? ?? ????? ??? ??? ?? ?? ?????,???? ?????? ???? ????,????? ?? ???? ??????? ??? ??????",Geopolitical,Not Hateful,'Offensive','Offensive','Offensive','Offensive','Offensive','Offensive','Offensive','Offensive','Offensive','Offensive','Offensive','Offensive','Offensive','Offensive','Offensive','Offensive','Offensive','Offensive','Offensive','Offensive','Offensive'
"??????????????? ?????? ????, ??????? ???????? ? ???????? ???? ",Geopolitical,Not Hateful,'Offensive','Offensive','Offensive','Offensive','Offensive','Offensive','Offensive','Offensive','Offensive','Offensive','Offensive','Offensive','Offensive','Offensive','Offensive','Offensive','Offensive','Offensive','Offensive','Offensive','Offensive'
??????? ??? ????? ?????? ????,Geopolitical,Not Hateful,'Offensive','Offensive','Offensive','Offensive','Offensive',['Offensive'],'Offensive','Offensive','Offensive','Offensive','Offensive','Offensive','Offensive','Offensive','Offensive','Offensive','Offensive','Offensive','Offensive','Offensive','Offensive'
"???????,,???? ?? ????????? ???? ??????????? ????? ???????? ??????? ?????? ???? ????? ????",Geopolitical,Not Hateful,'Offensive','Offensive','Offensive','Offensive','Offensive','Offensive','Offensive','Offensive','Offensive','Offensive','Offensive','Offensive','Offensive','Offensive','Offensive','Offensive','Offensive','Offensive','Offensive','Offensive','Offensive'
"??????? ??? ???????? ???? ?????? ????, ?????? ????? ???? ???????? ??? ?????,, ?? ?? ?????? ???????? ??? ??,  ?????? ? ???",Geopolitical,Not Hateful,'Offensive','Offensive','Offensive','Offensive','Offensive','Offensive','Offensive','Offensive','Offensive','Offensive','Offensive','Offensive','Offensive','Offensive','Offensive','Offensive','Offensive','Offensive','Offensive','Offensive','Offensive'
"???, ???? ???????? ??? ???? ?????? ?????? ???? ???? ???????? ??? ????? ????? ????? ??, ?? ?? ?????",Geopolitical,Not Hateful,'Offensive','Offensive','Offensive','Offensive','Offensive','Offensive','Offensive','Offensive','Offensive','Offensive','Offensive','Offensive','Offensive','Offensive','Offensive','Offensive','Offensive','Offensive','Offensive','Offensive','Offensive'
"????? ????? ??? ???? ???, ???? ????? ??? ???? ????? ??? ????? ?????? ????? ??? ?????? ?????? ????",Geopolitical,Not Hateful,'Offensive','Offensive','Offensive','Offensive','Offensive','Offensive','Offensive','Offensive','Offensive','Offensive','Offensive','Offensive','Offensive','Offensive','Offensive','Offensive','Offensive','Offensive','Offensive','Offensive','Offensive'
?.????? ????? ???? ? ????? ?? ????? ?????? ????? ?? ????????? ????? ???? ?? ?????? ???? ????? ???? ??????? ???? ?????????? ?????,Geopolitical,Not Hateful,'Offensive','Offensive','Offensive','Offensive','Offensive','Offensive','Offensive','Offensive','Offensive','Offensive','Offensive','Offensive','Offensive','Offensive','Offensive','Offensive','Offensive','Offensive','Offensive','Offensive','Offensive'
"??? ????? ???? ???? ???, ???? ?????????? ?? ????? ?????, ???? ?????? ???? ???? ????",Geopolitical,Not Hateful,'Offensive','Offensive','Offensive','Offensive','Offensive','Offensive','Offensive','Offensive','Offensive','Offensive','Offensive','Offensive','Offensive','Offensive','Offensive','Offensive','Offensive','Offensive','Offensive','Offensive','Offensive'
??? ?? ????? ?,Geopolitical,Not Hateful,'Offensive','Offensive','Offensive','Offensive','Offensive','Offensive','Offensive','Offensive','Offensive','Offensive','Offensive','Offensive','Offensive','Offensive','Offensive','Offensive','Offensive','Offensive','Offensive','Offensive','Offensive'
??? ?? ?????? ?????,Geopolitical,Not Hateful,'Offensive','Offensive','Offensive','Offensive','Offensive','Offensive','Offensive','Offensive','Offensive','Offensive','Offensive','Offensive','Offensive','Offensive','Offensive','Offensive','Offensive','Offensive','Offensive','Offensive','Offensive'
???? ??? ????? ????????? ???? ????? ????,Geopolitical,Not Hateful,'Offensive','Offensive','Offensive','Offensive','Offensive','Offensive','Offensive','Offensive','Offensive','Offensive','Offensive','Offensive','Offensive','Offensive','Offensive','Offensive','Offensive','Offensive','Offensive','Offensive','Offensive'
?????? ????????? ??????? ???? ???????? ???????,Geopolitical,Not Hateful,'Offensive','Offensive','Offensive','Offensive','Offensive','Offensive','Offensive','Offensive','Offensive','Offensive','Offensive','Offensive','Offensive','Offensive','Offensive','Offensive','Offensive','Offensive','Offensive','Offensive','Offensive'
????? ??????? ????? ???????? ????? ????,Geopolitical,Not Hateful,'Offensive','Offensive','Offensive','Offensive','Offensive','Offensive','Offensive','Offensive','Offensive','Offensive','Offensive','Offensive','Offensive','Offensive','Offensive','Offensive','Offensive','Offensive','Offensive','Offensive','Offensive'
"???? ? ???? ???????, ??? ???? ???? ?? ??????",Geopolitical,Not Hateful,'Offensive','Offensive','Offensive','Offensive','Offensive','Offensive','Offensive','Offensive','Offensive','Offensive','Offensive','Offensive','Offensive','Offensive','Offensive','Offensive','Offensive','Offensive','Offensive','Offensive','Offensive'
"?? ????, ?????? ????? ?????? ???",Geopolitical,Not Hateful,'Offensive','Offensive','Offensive','Offensive','Offensive','Offensive','Offensive','Offensive','Offensive','Offensive','Offensive','Offensive','Offensive','Offensive','Offensive','Offensive','Offensive','Offensive','Offensive','Offensive','Offensive'
????? (????????)?? ?????? ???????  ?????? ????,Geopolitical,Not Hateful,'Offensive',['Offensive'],'Offensive',['Offensive'],'Offensive',['Offensive'],'Offensive','Offensive',['Offensive'],['Offensive'],'Offensive','Offensive',['Offensive'],'Offensive','Offensive','Offensive','Offensive',['Offensive'],'Offensive','Offensive',['Offensive']
???? ???????? ????????? ?????? ??? ????? ???? ???  ??????,Geopolitical,Not Hateful,'Offensive','Offensive','Offensive','Offensive','Offensive','Offensive','Offensive','Offensive','Offensive','Offensive','Offensive','Offensive','Offensive','Offensive','Offensive','Offensive','Offensive','Offensive','Offensive','Offensive','Offensive'
??????? ??? ??? ??? ????? ????? ???????? ?????? ???? ????? ?????? ???? ????? ??? ???? ? ???,Political,Offensive,'Offensive','Offensive','Offensive','Offensive','Offensive','Offensive','Offensive','Offensive','Offensive','Offensive','Offensive','Offensive','Offensive','Offensive','Offensive','Offensive','Offensive','Offensive','Offensive','Offensive','Offensive'
??? ??? ????? ??? ???,Political,Offensive,'Offensive','Offensive','Offensive','Offensive','Offensive','Offensive','Offensive','Offensive','Offensive','Offensive','Offensive','Offensive','Offensive','Offensive','Offensive','Offensive','Offensive','Offensive','Offensive','Offensive','Offensive'
?????? ??? ????? ?????,Political,Offensive,'Offensive','Offensive','Offensive','Offensive','Offensive','Offensive','Offensive','Offensive','Offensive','Offensive','Offensive','Offensive','Offensive','Offensive','Offensive','Offensive','Offensive','Offensive','Offensive','Offensive','Offensive'
"?? ????? ?? ?? ??????? ???? ??, ??? ",Political,Offensive,'Offensive','Offensive','Offensive','Offensive','Offensive','Offensive','Offensive','Offensive','Offensive','Offensive','Offensive','Offensive','Offensive','Offensive','Offensive','Offensive','Offensive','Offensive','Offensive','Offensive','Offensive'
??????? ???? ????,Political,Offensive,'Offensive','Offensive','Offensive','Offensive','Offensive','Offensive','Offensive','Offensive','Offensive','Offensive','Offensive','Offensive','Offensive','Offensive','Offensive','Offensive','Offensive','Offensive','Offensive','Offensive','Offensive'
????? ???? ?????? ??? ??????????? ???? ????,Political,Offensive,'Offensive','Offensive','Offensive','Offensive','Offensive','Offensive','Offensive','Offensive','Offensive','Offensive','Offensive','Offensive','Offensive','Offensive','Offensive','Offensive','Offensive','Offensive','Offensive','Offensive','Offensive'
"?????, ?? ??????",Political,Offensive,'Offensive','Offensive','Offensive','Offensive','Offensive','Offensive','Offensive','Offensive','Offensive','Offensive','Offensive','Offensive','Offensive','Offensive','Offensive','Offensive','Offensive','Offensive','Offensive','Offensive','Offensive'
?????? ????? ????? ?? ??? ???? ????,Political,Offensive,'Offensive','Offensive','Offensive','Offensive','Offensive','Offensive','Offensive','Offensive','Offensive','Offensive','Offensive','Offensive','Offensive','Offensive','Offensive','Offensive','Offensive','Offensive','Offensive','Offensive','Offensive'
?????? ??? ??????? ??????? ???? ??? ???? ?????,Political,Offensive,'Offensive','Offensive','Offensive','Offensive','Offensive','Offensive','Offensive','Offensive','Offensive','Offensive','Offensive','Offensive','Offensive','Offensive','Offensive','Offensive','Offensive','Offensive','Offensive','Offensive','Offensive'
????????? ???? ??? ??????? ????? ??????,Political,Offensive,'Offensive','Offensive','Offensive','Offensive','Offensive','Offensive','Offensive','Offensive','Offensive','Offensive','Offensive','Offensive','Offensive','Offensive','Offensive','Offensive','Offensive','Offensive','Offensive','Offensive','Offensive'
????? ????,Political,Offensive,'Offensive','Offensive','Offensive','Offensive','Offensive','Offensive','Offensive','Offensive','Offensive','Offensive','Offensive','Offensive','Offensive','Offensive','Offensive','Offensive','Offensive','Offensive','Offensive','Offensive','Offensive'
???? ???? ????? ?????,Political,Offensive,'Offensive','Offensive','Offensive','Offensive','Offensive','Offensive','Offensive','Offensive','Offensive','Offensive','Offensive','Offensive','Offensive','Offensive','Offensive','Offensive','Offensive','Offensive','Offensive','Offensive','Offensive'
??? ?????? ????? ??? ??? ????? ?? ???? ??? ???????? ??? ???? ????? ???? ?????? ????,Political,Offensive,'Offensive','Offensive','Offensive','Offensive','Offensive','Offensive','Offensive','Offensive','Offensive','Offensive','Offensive','Offensive','Offensive','Offensive','Offensive','Offensive','Offensive','Offensive','Offensive','Offensive','Offensive'
"??? ??? ??? ?????? ??, ???? ??? ????? ?????",Political,Offensive,'Offensive','Offensive','Offensive','Offensive','Offensive','Offensive','Offensive','Offensive','Offensive','Offensive','Offensive','Offensive','Offensive','Offensive','Offensive','Offensive','Offensive','Offensive','Offensive','Offensive','Offensive'
????? ?? ????? ?? ???? ?? ????? ?????!???? ???? ???,Political,Offensive,'Offensive','Offensive','Offensive','Offensive','Offensive','Offensive','Offensive','Offensive','Offensive','Offensive','Offensive','Offensive','Offensive','Offensive','Offensive','Offensive','Offensive','Offensive','Offensive','Offensive','Offensive'
??? ????!!!  ???????? ????? ????? ????? ???? ??????? ????,Political,Offensive,'Offensive','Offensive','Offensive','Offensive','Offensive','Offensive','Offensive','Offensive','Offensive','Offensive','Offensive','Offensive','Offensive','Offensive','Offensive','Offensive','Offensive','Offensive','Offensive','Offensive','Offensive'
??? ?? ???,Political,Offensive,'Offensive','Offensive','Offensive','Offensive','Offensive','Offensive','Offensive','Offensive','Offensive','Offensive','Offensive','Offensive','Offensive','Offensive','Offensive','Offensive','Offensive','Offensive','Offensive','Offensive','Offensive'
??????? ????? ???,Political,Offensive,'Offensive','Offensive','Offensive','Offensive','Offensive','Offensive','Offensive','Offensive','Offensive','Offensive','Offensive','Offensive','Offensive','Offensive','Offensive','Offensive','Offensive','Offensive','Offensive','Offensive','Offensive'
????? ????? ???? ???,Political,Offensive,'Offensive','Offensive','Offensive','Offensive','Offensive','Offensive','Offensive','Offensive','Offensive','Offensive','Offensive','Offensive','Offensive','Offensive','Offensive','Offensive','Offensive','Offensive','Offensive','Offensive','Offensive'
??? ???? ?????????????? ????? ???? ?????,Political,Offensive,'Offensive','Offensive','Offensive','Offensive','Offensive','Offensive','Offensive','Offensive','Offensive','Offensive','Offensive','Offensive','Offensive','Offensive','Offensive','Offensive','Offensive','Offensive','Offensive','Offensive','Offensive'
????? ?????? ???? ???,Political,Offensive,'Offensive','Offensive','Offensive','Offensive','Offensive','Offensive','Offensive','Offensive','Offensive','Offensive','Offensive','Offensive','Offensive','Offensive','Offensive','Offensive','Offensive','Offensive','Offensive','Offensive','Offensive'
"???? ?????? ?? ???????? ?????? ????? ????? ?????? ??? ????? ??? ?? ?????? ??????? ????,?? ??? ?????? ?? ?????? ????? ????? ",Political,Offensive,'Offensive','Offensive','Offensive','Offensive','Offensive','Offensive','Offensive','Offensive','Offensive','Offensive','Offensive','Offensive','Offensive','Offensive','Offensive','Offensive','Offensive','Offensive','Offensive','Offensive','Offensive'
????? ??? ?????????,Political,Offensive,'Offensive','Offensive','Offensive','Offensive','Offensive','Offensive','Offensive','Offensive','Offensive','Offensive','Offensive','Offensive','Offensive','Offensive','Offensive','Offensive','Offensive','Offensive','Offensive','Offensive','Offensive'
???? ?????? ????? ???? ??? ???? ???? ????,Political,Offensive,'Offensive','Offensive','Offensive','Offensive','Offensive','Offensive','Offensive','Offensive','Offensive','Offensive','Offensive','Offensive','Offensive','Offensive','Offensive','Offensive','Offensive','Offensive','Offensive','Offensive','Offensive'
??????? ??????,Political,Offensive,'Offensive','Offensive','Offensive','Offensive','Offensive','Offensive','Offensive','Offensive','Offensive','Offensive','Offensive','Offensive','Offensive','Offensive','Offensive','Offensive','Offensive','Offensive','Offensive','Offensive','Offensive'
??????? ????? ?? ?????? ?????????? ???? ?? ?? ??????,Political,Offensive,'Offensive','Offensive','Offensive','Offensive','Offensive','Offensive','Offensive','Offensive','Offensive','Offensive','Offensive','Offensive','Offensive','Offensive','Offensive','Offensive','Offensive','Offensive','Offensive','Offensive','Offensive'
???? ????? ???? ????? ?? ??? ???????,Political,Violence,'Offensive','Offensive','Offensive','Offensive','Offensive','Offensive','Offensive','Offensive','Offensive','Offensive','Offensive','Offensive','Offensive','Offensive','Offensive','Offensive','Offensive','Offensive','Offensive','Offensive','Offensive'
?? ????? ???? ?? ????? ?????? ?? ????????,Political,Offensive,'Offensive','Offensive','Offensive','Offensive','Offensive','Offensive','Offensive','Offensive','Offensive','Offensive','Offensive','Offensive','Offensive','Offensive','Offensive','Offensive','Offensive','Offensive','Offensive','Offensive','Offensive'
?????,Political,Offensive,'Offensive','Offensive','Offensive','Offensive','Offensive','Offensive','Offensive','Offensive','Offensive','Offensive','Offensive','Offensive','Offensive','Offensive','Offensive','Offensive','Offensive','Offensive','Offensive','Offensive','Offensive'
??? ??? ????? ??? ?????? ?????? ???? ???? ??????? ??? ??????,Political,Offensive,'Offensive','Offensive','Offensive','Offensive','Offensive','Offensive','Offensive','Offensive','Offensive','Offensive','Offensive','Offensive','Offensive','Offensive','Offensive','Offensive','Offensive','Offensive','Offensive','Offensive','Offensive'
?? ????? ???? ??????? ???????? ?????????? ???? ???? ????????,Political,Offensive,'Offensive','Offensive','Offensive','Offensive','Offensive','Offensive','Offensive','Offensive','Offensive','Offensive','Not Hateful','Offensive','Offensive','Offensive','Offensive','Offensive','Offensive','Offensive','Offensive','Offensive','Offensive'
?????? ????? ?? ????? ????? ???????,Political,Offensive,'Offensive','Offensive','Offensive','Offensive','Offensive','Offensive','Offensive','Offensive','Offensive','Offensive','Offensive','Offensive','Offensive','Offensive','Offensive','Offensive','Offensive','Offensive','Offensive','Offensive','Offensive'
"?????? ????? ??? ???? ??? ??????? ????? ????, ???? ???? ???? ????? ????? ?? ????? ????? ??? ???? ?????? ????? ?????? ????????????? ????",Political,Offensive,'Offensive','Offensive','Offensive','Offensive','Offensive','Offensive','Offensive','Offensive','Offensive','Offensive','Offensive','Offensive','Offensive','Offensive','Offensive','Offensive','Offensive','Offensive','Offensive','Offensive','Offensive'
?????? ?? ????,Political,Offensive,'Offensive','Offensive','Offensive','Offensive','Offensive','Offensive','Offensive','Offensive','Offensive','Offensive','Offensive','Offensive','Offensive','Offensive','Offensive','Offensive','Offensive','Offensive','Offensive','Offensive','Offensive'
???? ??? ????,Political,Offensive,'Offensive','Offensive','Offensive','Offensive','Offensive','Offensive','Offensive','Offensive','Offensive','Offensive','Offensive','Offensive','Offensive','Offensive','Offensive','Offensive','Offensive','Offensive','Offensive','Offensive','Offensive'
???????? ???????? ???? ?? ??? ???,Political,Offensive,'Offensive','Offensive','Offensive','Offensive','Offensive','Offensive','Offensive','Offensive','Offensive','Offensive','Offensive','Offensive','Offensive','Offensive','Offensive','Offensive','Offensive','Offensive','Offensive','Offensive','Offensive'
?? ????? ??? ????????? ????? ???,Political,Offensive,'Offensive','Offensive','Offensive','Offensive','Offensive','Offensive','Offensive','Offensive','Offensive','Offensive','Offensive','Offensive','Offensive','Offensive','Offensive','Offensive','Offensive','Offensive','Offensive','Offensive','Offensive'
??????? ???? ???????? ???,Political,Offensive,'Offensive','Offensive','Offensive','Offensive','Offensive','Offensive','Offensive','Offensive','Offensive','Offensive','Offensive','Offensive','Offensive','Offensive','Offensive','Offensive','Offensive','Offensive','Offensive','Offensive','Offensive'
????????? ????? ????  ????? ???? ????? ???????? ????? ? ???????? ? ????? ????? ???? ?? ???????? ?????????? ??????? ???? ?????? ???????? ??? ???? ????? ????? ??????? ? ???????? ??? ??????? ???? ?????,Political,Offensive,'Offensive','Offensive','Offensive','Offensive','Offensive','Offensive','Offensive','Offensive','Offensive','Offensive','Offensive','Offensive','Offensive','Offensive','Offensive','Offensive','Offensive','Offensive','Offensive','Offensive','Offensive'
"???????? ???? ???? ????,?????? ??????? ??????? ?????? ???????? ???? & ???? ??????",Political,Offensive,'Offensive','Offensive','Offensive','Offensive','Offensive','Offensive','Offensive','Offensive','Offensive','Offensive','Offensive','Offensive','Offensive','Offensive','Offensive','Offensive','Offensive','Offensive','Offensive','Offensive','Offensive'
??? ????? ???? ???? ??????? ???,Political,Offensive,'Offensive','Offensive','Offensive','Offensive','Offensive','Offensive','Offensive','Offensive','Offensive','Offensive','Offensive','Offensive','Offensive','Offensive','Offensive','Offensive','Offensive','Offensive','Offensive','Offensive','Offensive'
???? ???? ?? ??????? ?????? ?????? ??????????? ??? ???? ??? ???????,Political,Offensive,'Offensive','Offensive','Offensive','Offensive','Offensive','Offensive','Offensive','Offensive','Offensive','Offensive','Offensive','Offensive','Offensive','Offensive','Offensive','Offensive','Offensive','Offensive','Offensive','Offensive','Offensive'
?????? ?????? ??? ?? ????,Political,Offensive,'Offensive','Offensive','Offensive','Offensive','Offensive','Offensive','Offensive','Offensive','Offensive','Offensive','Offensive','Offensive','Offensive','Offensive','Offensive','Offensive','Offensive','Propaganda','Offensive','Offensive','Offensive'
???????? ??? ???? ????? ??? ??? ???? ???? ?????,Political,Offensive,'Offensive','Offensive','Offensive','Offensive','Offensive','Offensive','Offensive','Offensive','Offensive','Offensive','Offensive','Offensive','Offensive','Offensive','Offensive','Offensive','Offensive','Offensive','Offensive','Offensive','Offensive'
??????? ????? ????????,Political,Offensive,'Offensive','Offensive','Offensive','Offensive','Offensive','Offensive','Offensive','Offensive','Offensive','Offensive','Offensive','Offensive','Offensive','Offensive','Offensive','Offensive','Offensive','Offensive','Offensive','Offensive','Offensive'
???????? ???? ????? ????,Political,Offensive,'Offensive','Offensive','Offensive','Offensive','Offensive','Offensive','Offensive','Offensive','Offensive','Offensive','Offensive','Offensive','Offensive','Offensive','Offensive','Offensive','Offensive','Offensive','Offensive','Offensive','Offensive'
??????? ??? ??? ???????,Political,Offensive,'Offensive','Offensive','Offensive','Offensive','Offensive','Offensive','Offensive','Offensive','Offensive','Offensive','Offensive','Offensive','Offensive','Offensive','Offensive','Offensive','Offensive','Offensive','Offensive','Offensive','Offensive'
??? ???!!,Political,Offensive,'Offensive','Offensive','Offensive','Offensive','Offensive','Offensive','Offensive','Offensive','Offensive','Offensive','Offensive','Offensive','Offensive','Offensive','Offensive','Offensive','Offensive','Offensive','Offensive','Offensive','Offensive'
"??? ???, ??? ???? ???? ???? ???? ?????",Political,Offensive,'Offensive','Offensive','Offensive','Offensive','Offensive','Offensive','Offensive','Offensive','Offensive','Offensive','Offensive','Offensive','Offensive','Offensive','Offensive','Offensive','Offensive','Offensive','Offensive','Offensive','Offensive'
?????? ???? ???? ??? ?? ??? ???? ?? ???? ??? ??? ?? ??? ???? ???? ???? ???? ??? ??? ?? ?? ???? ???? ?????,Political,Offensive,'Offensive','Offensive','Offensive','Offensive','Offensive','Offensive','Offensive','Offensive','Offensive','Offensive','Offensive','Offensive','Offensive','Offensive','Offensive','Offensive','Offensive','Offensive','Offensive','Offensive','Offensive'
"?????? ??????? ????? ???? ??,  ????? ??????? ????? ???? ??,, ?????? ?????? ?????? ??????, ??????????? ?? ??????  ??????? ?????????  ??? ????? ?? ??????  ???? ?? ?????? ???????? ??? ?? ??? ?????, ????? ??????? ??? ?????? ???? ???",Political,Offensive,'Offensive','Offensive','Offensive','Offensive','Offensive','Offensive','Offensive','Offensive','Offensive','Offensive','Offensive','Offensive','Offensive','Offensive','Offensive','Offensive','Offensive','Offensive','Offensive','Offensive','Offensive'
????????? ???? ??? ?????,Political,Offensive,'Offensive','Offensive','Offensive','Offensive','Offensive','Offensive','Offensive','Offensive','Offensive','Offensive','Offensive','Offensive','Offensive','Offensive','Offensive','Offensive','Offensive','Offensive','Offensive','Offensive','Offensive'
?? ???? ???? ??????? ???? ???? ???? ???? ????????,Political,Offensive,'Offensive','Offensive','Offensive','Offensive','Offensive','Offensive','Offensive','Offensive','Offensive','Offensive','Offensive','Offensive','Offensive','Offensive','Offensive','Offensive','Offensive','Offensive','Offensive','Offensive','Offensive'
?????? ??? ??? ??????,Political,Offensive,'Offensive','Offensive','Offensive','Offensive','Offensive','Offensive','Offensive','Offensive','Offensive','Offensive','Offensive','Offensive','Offensive','Offensive','Offensive','Offensive','Offensive','Offensive','Offensive','Offensive','Offensive'
"????? ???? ?????? ?? ???????? ????? ???? ????! ????? ???? ???? ????? ?? ??????? ??????? ???? ???? ??????? ???? ???? ???????? ?????? ???????, ?? ???? ?????? ?????? ?? ?? ???? ?? ??? ??????? ????? ?????, ??? ???? ??? ???? ????",Political,Offensive,'Offensive','Offensive','Offensive','Offensive','Offensive','Offensive','Offensive','Offensive','Offensive','Offensive','Offensive','Offensive','Offensive','Offensive','Offensive','Offensive','Offensive','Offensive','Offensive','Offensive','Offensive'
"????? ???, ????? ??????",Political,Offensive,'Offensive','Offensive','Offensive','Offensive','Offensive','Offensive','Offensive','Offensive','Offensive','Offensive','Offensive','Offensive','Offensive','Offensive','Offensive','Offensive','Offensive','Offensive','Offensive','Offensive','Offensive'
??????? ????? ??? ????? ????,Political,Offensive,'Offensive','Offensive','Offensive','Offensive','Offensive','Offensive','Offensive','Offensive','Offensive','Offensive','Offensive','Offensive','Offensive','Offensive','Offensive','Offensive','Offensive','Offensive','Offensive','Offensive','Offensive'
???????? ?????? ?????? ???? ??? ???? ??????,Political,Offensive,'Offensive','Offensive','Offensive','Offensive','Offensive','Offensive','Offensive','Offensive','Offensive','Offensive','Offensive','Offensive','Offensive','Offensive','Offensive','Offensive','Offensive','Offensive','Offensive','Offensive','Offensive'
????? ??? ??????????? ???? ??? ??? ???? ?????? ???? ???,Political,Offensive,'Offensive','Offensive','Offensive','Offensive','Offensive','Offensive','Offensive','Offensive','Offensive','Offensive','Offensive','Offensive','Offensive','Offensive','Offensive','Offensive','Offensive','Offensive','Offensive','Offensive','Offensive'
??????? ???,Political,Offensive,'Offensive','Offensive','Offensive','Offensive','Offensive','Offensive','Offensive','Offensive','Offensive','Offensive','Offensive','Offensive','Offensive','Offensive','Offensive','Offensive','Offensive','Offensive','Offensive','Offensive','Offensive'
"???, ??????? ??? ????? ????",Political,Offensive,'Offensive','Offensive','Offensive','Offensive','Offensive','Offensive','Offensive','Offensive','Offensive','Offensive','Offensive','Offensive','Offensive','Offensive','Offensive','Offensive','Offensive','Offensive','Offensive','Offensive','Offensive'
?????? ??? ??? ?????? ?? ???????,Political,Harmful,'Offensive','Offensive','Offensive','Offensive','Offensive','Offensive','Offensive','Offensive','Offensive','Offensive','Offensive','Offensive','Offensive','Offensive','Offensive','Offensive','Offensive','Offensive','Offensive','Offensive','Offensive'
???????? ?????? ?????????????? ?????? ????? ?????? ????? ?????,Political,Offensive,'Offensive','Offensive','Offensive','Offensive','Offensive','Offensive','Offensive','Offensive','Offensive','Offensive','Offensive','Offensive','Offensive','Offensive','Offensive','Offensive','Offensive','Offensive','Offensive','Offensive','Offensive'
???? ??????? ?????????,Political,Offensive,'Offensive','Offensive','Offensive','Offensive','Offensive','Offensive','Offensive','Offensive','Offensive','Offensive','Offensive','Offensive','Offensive','Offensive','Offensive','Offensive','Offensive','Offensive','Offensive','Offensive','Offensive'
????,Political,Offensive,'Offensive','Offensive','Offensive','Offensive','Offensive','Offensive','Offensive','Offensive','Offensive','Offensive','Offensive','Offensive','Offensive','Offensive','Offensive','Offensive','Offensive','Offensive','Offensive','Offensive','Offensive'
?? ????? ???????? ??? ????? ???? ????,Political,Offensive,'Offensive','Offensive','Offensive','Offensive','Offensive','Offensive','Offensive','Offensive','Offensive','Offensive','Offensive','Offensive','Offensive','Offensive','Offensive','Offensive','Offensive','Offensive','Offensive','Offensive','Offensive'
??? ?????? ???? ????,Political,Offensive,'Offensive','Offensive','Offensive','Offensive','Offensive','Offensive','Offensive','Offensive','Offensive','Offensive','Offensive','Offensive','Offensive','Offensive','Offensive','Offensive','Offensive','Offensive','Offensive','Offensive','Offensive'
??????? ???? ????? ??????,Political,Offensive,'Offensive','Offensive','Offensive','Offensive','Offensive','Offensive','Offensive','Offensive','Offensive','Offensive','Offensive','Offensive','Offensive','Offensive','Offensive','Offensive','Offensive','Offensive','Offensive','Offensive','Offensive'
??????? ????????,Political,Offensive,'Offensive','Offensive','Offensive','Offensive','Offensive','Offensive','Offensive','Offensive','Offensive','Offensive','Offensive','Offensive','Offensive','Offensive','Offensive','Offensive','Offensive','Offensive','Offensive','Offensive','Offensive'
??? ??? ???,Political,Offensive,'Offensive','Offensive','Offensive','Offensive','Offensive','Offensive','Offensive','Offensive','Offensive','Offensive','Offensive','Offensive','Offensive','Offensive','Offensive','Offensive','Offensive','Offensive','Offensive','Offensive','Offensive'
??????? ?? ????? ???????? ???? ????? ?????? ???? ?? ????? ??? ????????? ?? ???? ????? ????? ?????? ???!!,Political,Violence,'Offensive','Offensive','Offensive','Offensive','Offensive','Offensive','Offensive','Offensive','Offensive','Offensive','Offensive','Offensive','Offensive','Offensive','Offensive','Offensive','Offensive','Offensive','Offensive','Offensive','Offensive'
????? ??????? ?????? ????? ???? ?????? ?? ??????? ??????? ????? ????!,Political,Offensive,'Offensive','Offensive','Offensive','Offensive','Offensive','Offensive','Offensive','Offensive','Offensive','Offensive','Offensive','Offensive','Offensive','Offensive','Offensive','Offensive','Offensive','Offensive','Offensive','Offensive','Offensive'
???? ????? ???????,Political,Offensive,'Offensive','Offensive','Offensive','Offensive','Offensive','Offensive','Offensive','Offensive','Offensive','Offensive','Offensive','Offensive','Offensive','Offensive','Offensive','Offensive','Offensive','Offensive','Offensive','Offensive','Offensive'
??? ?????? ??? ?????? ?????? ???? ???? ???? ??? ?????? ?????? ??????? ?????? ???? ???? ???? ??? ?????? ??? ??? ?? ???? ???? ?????? ???,Political,Offensive,'Offensive','Offensive','Offensive','Offensive','Offensive','Offensive','Offensive','Offensive','Offensive','Offensive','Offensive','Offensive','Offensive','Offensive','Offensive','Offensive','Offensive','Offensive','Offensive','Offensive','Offensive'
??????,Political,Offensive,'Offensive','Offensive','Offensive','Offensive','Offensive','Offensive','Offensive','Offensive','Offensive','Offensive','Offensive','Offensive','Offensive','Offensive','Offensive','Offensive','Offensive','Offensive','Offensive','Offensive','Offensive'
????? ???? ???? ?????? ??? ????? ????,Political,Offensive,'Offensive','Offensive','Offensive','Offensive','Offensive','Offensive','Offensive','Offensive','Offensive','Offensive','Offensive','Offensive','Offensive','Offensive','Offensive','Offensive','Offensive','Offensive','Offensive','Offensive','Offensive'
???????? ????? ????,Political,Offensive,'Offensive','Offensive','Offensive','Offensive','Offensive','Offensive','Offensive','Offensive','Offensive','Offensive','Offensive','Offensive','Offensive','Offensive','Offensive','Offensive','Offensive','Offensive','Offensive','Offensive','Offensive'
?????? ????,Political,Offensive,'Offensive','Offensive','Offensive','Offensive','Offensive','Offensive','Offensive','Offensive','Offensive','Offensive','Offensive','Offensive','Offensive','Offensive','Offensive','Offensive','Offensive','Offensive','Offensive','Offensive','Offensive'
????? ???? ????????? ???? ??? ???? ??????? ????? ????? ???? ??? ?? ??????? ????? ?????,Political,Offensive,'Offensive','Offensive','Offensive','Offensive','Offensive','Offensive','Offensive','Offensive','Offensive','Offensive','Offensive','Offensive','Offensive','Offensive','Offensive','Offensive','Offensive','Offensive','Offensive','Offensive','Offensive'
????? ????? ?????????,Political,Offensive,'Offensive','Offensive','Offensive','Offensive','Offensive','Offensive','Offensive','Offensive','Offensive','Offensive','Offensive','Offensive','Offensive','Offensive','Offensive','Offensive','Offensive','Offensive','Offensive','Offensive','Offensive'
??? ????? ?? ??? ?????? ?? ?? ??????? ?? ???? ?????,Political,Propaganda,'Offensive','Offensive','Offensive','Offensive','Offensive','Offensive','Offensive','Offensive','Offensive','Offensive','Offensive','Offensive','Offensive','Offensive','Offensive','Offensive','Offensive','Offensive','Offensive','Offensive','Offensive'
??? ?????? ?????? ?? ??? ?????? ?????? ?????,Political,Offensive,'Offensive','Offensive','Offensive','Offensive','Offensive','Offensive','Offensive','Offensive','Offensive','Offensive','Offensive','Offensive','Offensive','Offensive','Offensive','Offensive','Offensive','Offensive','Offensive','Offensive','Offensive'
"???? ?????? ??????? ???? ???? ??, ?????? ????  ? ???? ????? ?? ???????",Political,Offensive,'Offensive','Offensive','Offensive','Offensive','Offensive','Offensive','Offensive','Offensive','Offensive','Offensive','Offensive','Offensive','Offensive','Offensive','Offensive','Offensive','Offensive','Offensive','Offensive','Offensive','Offensive'
????????? ???? ???? ????????,Political,Offensive,'Offensive','Offensive','Offensive','Offensive','Offensive','Offensive','Offensive','Offensive','Offensive','Offensive','Offensive','Offensive','Offensive','Offensive','Offensive','Offensive','Offensive','Offensive','Offensive','Offensive','Offensive'
??? ????? ??  ???? ???? ??????????,Political,Offensive,'Offensive','Offensive','Offensive','Offensive','Offensive','Offensive','Offensive','Offensive','Offensive','Offensive','Offensive','Offensive','Offensive','Offensive','Offensive','Offensive','Offensive','Offensive','Offensive','Offensive','Offensive'
??? ???? ??? ?????? ??? ??????? ????? ??,Political,Offensive,'Offensive','Offensive','Offensive','Offensive','Offensive','Offensive','Offensive','Offensive','Offensive','Offensive','Offensive','Offensive','Offensive','Offensive','Offensive','Offensive','Offensive','Offensive','Offensive','Offensive','Offensive'
????????????? ??????? ?????? ?? ????? ????? ?????? ?? ???????? ????? ???,Political,Offensive,'Offensive','Offensive','Offensive','Offensive','Offensive','Offensive','Offensive','Offensive','Offensive','Offensive','Offensive','Offensive','Offensive','Offensive','Offensive',Error,'Offensive','Offensive','Offensive','Offensive','Offensive'
"???????,???? ??? ??????",Political,Offensive,'Offensive','Offensive','Offensive','Offensive','Offensive','Offensive','Offensive','Offensive','Offensive','Offensive','Offensive','Offensive','Offensive','Offensive','Offensive','Offensive','Offensive','Offensive','Offensive','Offensive','Offensive'
??????? ???????,Political,Offensive,'Offensive','Offensive','Offensive','Offensive','Offensive','Offensive','Offensive','Offensive','Offensive','Offensive','Offensive','Offensive','Offensive','Offensive','Offensive','Offensive','Offensive','Offensive','Offensive','Offensive','Offensive'
???? ??? ????? ??,Political,Offensive,'Offensive','Offensive','Offensive','Offensive','Offensive','Offensive','Offensive','Offensive','Offensive','Offensive','Offensive','Offensive','Offensive','Offensive','Offensive','Offensive','Offensive','Offensive','Offensive','Offensive','Offensive'
????? ???? ??? ?? ???? ?????? ??,Political,Offensive,'Offensive','Offensive','Offensive','Offensive','Offensive','Offensive','Offensive','Offensive','Offensive','Offensive','Offensive','Offensive','Offensive','Offensive','Offensive','Offensive','Offensive','Offensive','Offensive','Offensive','Offensive'
???? ?????? ???? ????,Political,Offensive,'Offensive','Offensive','Offensive','Offensive','Offensive','Offensive','Offensive','Offensive','Offensive','Offensive','Offensive','Offensive','Offensive','Offensive','Offensive','Offensive','Offensive','Offensive','Offensive','Offensive','Offensive'
????? ??? ???? ????,Political,Offensive,'Offensive','Offensive','Offensive','Offensive','Offensive','Offensive','Offensive','Offensive','Offensive','Offensive','Offensive','Offensive','Offensive','Offensive','Offensive','Offensive','Offensive','Offensive','Offensive','Offensive','Offensive'
????? ??? ???? ????,Political,Offensive,'Offensive','Offensive','Offensive','Offensive','Offensive','Offensive','Offensive','Offensive','Offensive','Offensive','Offensive','Offensive','Offensive','Offensive','Offensive','Offensive','Offensive','Offensive','Offensive','Offensive','Offensive'
??????? ??????,Political,Offensive,'Offensive','Offensive','Offensive','Offensive','Offensive','Offensive','Offensive','Offensive','Offensive','Offensive','Offensive','Offensive','Offensive','Offensive','Offensive','Offensive','Offensive','Offensive','Offensive','Offensive','Offensive'
?????? ?????? ??????? ????,Political,Offensive,'Offensive','Offensive','Offensive','Offensive','Offensive','Offensive','Offensive','Offensive','Offensive','Offensive','Offensive','Offensive','Offensive','Offensive','Offensive','Offensive','Offensive','Offensive','Offensive','Offensive','Offensive'
"?????? ???? ???? ???? ???? ????  ?????, ????? ???? ????? ???? ?????? ??? ????????? ???????? ?????",Political,Offensive,'Offensive','Offensive','Offensive','Offensive','Offensive','Offensive','Offensive','Offensive','Offensive','Offensive','Offensive','Offensive','Offensive','Offensive','Offensive','Offensive','Offensive','Offensive','Offensive','Offensive','Offensive'
??? ???? ??? ????,Political,Offensive,'Offensive','Offensive','Offensive','Offensive','Offensive','Offensive','Offensive','Offensive','Offensive','Offensive','Offensive','Offensive','Offensive','Offensive','Offensive','Offensive','Offensive','Offensive','Offensive','Offensive','Offensive'
???? ??? ????? ????? ????? ???? ????? ???? ???? ????,Political,Offensive,'Offensive','Offensive','Offensive','Offensive','Offensive','Offensive','Offensive','Offensive','Offensive','Offensive','Offensive','Offensive','Offensive','Offensive','Offensive','Offensive','Offensive','Offensive','Offensive','Offensive','Offensive'
?????? ??????? ???? ?????,Political,Offensive,'Offensive','Offensive','Offensive','Offensive','Offensive','Offensive','Offensive','Offensive','Offensive','Offensive','Offensive','Offensive','Offensive','Offensive','Offensive','Offensive','Offensive','Offensive','Offensive','Offensive','Offensive'
"????? ????? ??? ?????? ????, ????? ??????? ????? ????? ??? ???? ????!",Political,Offensive,'Offensive','Offensive','Offensive','Offensive','Offensive','Offensive','Offensive','Offensive','Offensive','Offensive','Offensive','Offensive','Offensive','Offensive','Offensive','Offensive','Offensive','Offensive','Offensive','Offensive','Offensive'
???????? ??? ???,Political,Not Hateful,'Offensive','Offensive','Offensive','Offensive','Offensive','Offensive','Offensive','Offensive','Offensive','Offensive','Offensive','Offensive','Offensive','Offensive','Offensive','Offensive','Offensive','Offensive','Offensive','Offensive','Offensive'
???? ??? ?????? ????? ??????,Political,Not Hateful,'Offensive','Offensive','Offensive','Offensive','Offensive','Offensive','Offensive','Offensive','Offensive','Offensive','Offensive','Offensive','Offensive','Offensive','Offensive','Offensive','Offensive','Offensive','Offensive','Offensive','Offensive'
????? ?? ???? ????? ???? ??? ?? ?? ????? ???? ????,Political,Not Hateful,'Not Hateful','Not Hateful','Not Hateful','Offensive','Not Hateful','Offensive','Not Hateful','Offensive','Not Hateful','Not Hateful','Not Hateful','Not Hateful','Offensive','Not Hateful','Offensive','Offensive','Offensive','Not Hateful','Not Hateful','Not Hateful','Offensive'
?????? ?????? ?????? ?? ????? ???????? ????? ??????????,Political,Not Hateful,'Offensive','Offensive','Offensive','Offensive','Offensive','Offensive','Offensive','Offensive','Offensive','Offensive','Offensive','Offensive','Offensive','Offensive','Offensive','Offensive','Offensive','Offensive','Offensive','Offensive','Offensive'
?? ??????,Political,Not Hateful,'Offensive','Offensive','Offensive','Offensive','Offensive','Offensive','Offensive','Offensive','Offensive','Offensive','Offensive','Offensive','Offensive','Offensive','Offensive','Offensive','Offensive','Offensive','Offensive','Offensive','Offensive'
??????? ??? ????,Political,Not Hateful,'Offensive','Offensive','Offensive','Offensive','Offensive','Offensive','Offensive','Offensive','Offensive','Offensive','Not Hateful','Offensive','Offensive','Offensive','Offensive','Offensive','Offensive','Offensive','Offensive','Offensive','Offensive'
??? ?????? ?????,Political,Not Hateful,'Offensive','Offensive','Offensive','Offensive','Not Hateful','Offensive','Offensive','Offensive','Offensive','Not Hateful','Not Hateful','Not Hateful','Offensive','Offensive','Offensive','Offensive','Offensive','Offensive','Offensive','Not Hateful','Offensive'
??? ???? ???? ???!,Political,Not Hateful,'Offensive','Offensive','Offensive','Offensive','Offensive','Offensive','Offensive','Offensive','Offensive','Offensive','Offensive','Offensive','Offensive','Offensive','Offensive','Offensive','Offensive','Offensive','Offensive','Offensive','Offensive'
????? ???? ????? ??? ?????? ??????,Political,Not Hateful,'Offensive','Offensive','Offensive','Offensive','Offensive','Offensive','Offensive','Offensive','Offensive','Offensive','Offensive','Offensive','Offensive','Offensive','Offensive','Offensive','Offensive','Offensive','Offensive','Offensive','Offensive'
???? ???? ????????? ???????!! ???? ??????? ??? ??????? ?????? ????? ?? ????? ? ???? ??????? ?? ?? ?????,Political,Not Hateful,'Offensive','Offensive','Offensive','Offensive','Offensive','Offensive','Offensive','Offensive','Offensive','Offensive','Offensive','Offensive','Offensive','Offensive','Offensive','Offensive','Offensive','Offensive','Offensive','Offensive','Offensive'
?? ??? ???????,Political,Not Hateful,'Offensive','Offensive','Offensive','Offensive','Offensive','Offensive','Offensive','Offensive','Offensive','Offensive','Offensive','Offensive','Offensive','Offensive','Offensive','Offensive','Offensive','Offensive','Offensive','Offensive','Offensive'
????? ??? ????? ????????? ????? ???,Political,Not Hateful,'Offensive','Offensive','Offensive','Offensive','Offensive','Offensive','Offensive','Offensive','Offensive','Offensive','Offensive','Offensive','Offensive','Offensive','Offensive','Offensive','Offensive','Offensive','Offensive','Offensive','Offensive'
"??????? ?????? ??????? ??? ????, ????",Political,Not Hateful,'Offensive','Offensive','Offensive','Offensive','Offensive','Offensive','Offensive','Offensive','Offensive','Offensive','Offensive','Offensive','Offensive','Offensive','Offensive','Offensive','Offensive','Offensive','Offensive','Offensive','Offensive'
"???? ???, ?? ???? ?? ??????? ??? ??? ?????? ?????? ????? ?????? ??????????????? ",Political,Not Hateful,'Offensive','Offensive','Offensive','Offensive','Offensive','Offensive','Offensive','Offensive','Offensive','Offensive','Offensive','Offensive','Offensive','Offensive','Offensive','Offensive','Offensive','Offensive','Offensive','Offensive','Offensive'
????? ????,Political,Not Hateful,'Offensive','Offensive','Offensive','Offensive','Offensive','Offensive','Offensive','Offensive','Offensive','Offensive','Offensive','Offensive','Offensive','Offensive','Offensive','Offensive','Offensive','Offensive','Offensive','Offensive','Offensive'
????? ????? ??????? ???? ????? ??? ??? ??,Political,Not Hateful,'Not Hateful','Not Hateful','Not Hateful','Not Hateful','Not Hateful','Not Hateful','Not Hateful','Not Hateful','Not Hateful','Not Hateful','Not Hateful','Not Hateful','Offensive','Not Hateful','Not Hateful','Not Hateful','Not Hateful','Not Hateful','Not Hateful','Not Hateful','Not Hateful'
??????? ??? ??????? ???? ????,Political,Not Hateful,'Offensive','Offensive','Offensive','Offensive','Offensive','Offensive','Offensive','Offensive','Offensive','Offensive','Offensive','Offensive','Offensive','Offensive','Offensive','Offensive','Offensive','Offensive','Offensive','Offensive','Offensive'
??? ??,Political,Not Hateful,'Offensive','Offensive','Offensive','Offensive','Offensive','Offensive','Offensive','Offensive','Offensive','Offensive','Offensive','Offensive','Offensive','Offensive','Offensive','Offensive','Offensive','Offensive','Offensive','Offensive','Offensive'
????? ??????? ??? ??????? ?????????? ???????,Political,Not Hateful,'Offensive','Offensive','Offensive','Offensive','Offensive','Offensive','Offensive','Offensive','Offensive','Offensive','Offensive','Offensive','Offensive','Offensive','Offensive','Offensive','Offensive','Offensive','Offensive','Offensive','Offensive'
??????? ????? ??? ????? ???? ?????????,Political,Not Hateful,'Offensive','Offensive','Offensive','Offensive','Offensive','Offensive','Offensive','Offensive','Offensive','Offensive','Offensive','Offensive','Offensive','Offensive','Offensive','Offensive','Offensive','Offensive','Offensive','Offensive','Offensive'
??????? ???????  ???,Political,Not Hateful,'Not Hateful','Offensive','Not Hateful','Offensive','Not Hateful','Offensive','Offensive','Offensive','Offensive','Offensive','Offensive','Not Hateful','Offensive','Not Hateful','Offensive','Offensive','Offensive','Offensive','Offensive','Not Hateful','Offensive'
??? ???? ??? ???,Political,Not Hateful,'Offensive','Offensive','Offensive','Offensive','Offensive','Offensive','Offensive','Offensive','Offensive','Offensive','Offensive','Offensive','Offensive','Offensive','Offensive','Offensive','Offensive','Offensive','Offensive','Offensive','Offensive'
?????? ???????,Political,Not Hateful,'Offensive','Offensive','Offensive','Offensive','Offensive','Offensive','Offensive','Offensive','Offensive','Offensive','Offensive','Offensive','Offensive','Offensive','Offensive','Offensive','Offensive','Offensive','Offensive','Offensive','Offensive'
???? ??? ??? ???? ????? ???????? ??? ????? ?????,Political,Not Hateful,'Offensive','Offensive','Offensive','Offensive','Offensive','Offensive','Offensive','Offensive','Offensive','Offensive','Offensive','Offensive','Offensive','Offensive','Offensive','Offensive','Offensive','Offensive','Offensive','Offensive','Offensive'
?????? ????? ???? ???????????? ???? ???? ???? ??????? ??????,Political,Not Hateful,'Harmful','Harmful','Offensive','Offensive','Offensive','Harmful','Offensive','Offensive','Offensive','Offensive','Offensive','Offensive','Offensive','Offensive','Offensive','Offensive','Offensive','Offensive','Offensive','Offensive','Offensive'
?? ?????? ??????,Political,Not Hateful,'Offensive','Offensive','Offensive','Offensive','Offensive','Offensive','Offensive','Offensive','Offensive','Offensive','Offensive','Offensive','Offensive','Offensive','Offensive','Offensive','Offensive','Offensive','Offensive','Offensive','Offensive'
??????? ????? ??? ????? ??????? ????? ????,Political,Not Hateful,'Offensive','Offensive','Offensive','Offensive','Offensive','Offensive','Offensive','Offensive','Offensive','Offensive','Offensive','Offensive','Offensive','Offensive','Offensive','Offensive','Offensive','Offensive','Offensive','Offensive','Offensive'
???? ?????? ???,Political,Not Hateful,'Offensive','Offensive','Offensive','Offensive','Offensive','Offensive','Offensive','Offensive','Offensive','Offensive','Offensive','Offensive','Offensive','Offensive','Offensive','Offensive','Offensive','Offensive','Offensive','Offensive','Offensive'
??????? ???????? ??? ? ???? ???? ????? ????? ????? ?,Political,Not Hateful,'Offensive','Offensive','Offensive','Offensive','Offensive','Offensive','Offensive','Offensive','Offensive','Offensive','Offensive','Offensive','Offensive','Offensive','Offensive','Offensive','Offensive','Offensive','Offensive','Offensive','Offensive'
"????????????????, ?????? ???????? ??? ?????",Political,Not Hateful,'Not Hateful','Not Hateful','Not Hateful','Not Hateful','Not Hateful','Not Hateful','Not Hateful','Not Hateful','Not Hateful','Not Hateful','Not Hateful','Not Hateful','Not Hateful','Not Hateful','Not Hateful','Not Hateful','Not Hateful','Not Hateful','Not Hateful','Not Hateful','Not Hateful'
????? ???? ????? ???? ???? ????? ????????,Political,Not Hateful,'Not Hateful','Not Hateful','Not Hateful','Not Hateful','Not Hateful','Not Hateful','Not Hateful','Not Hateful','Not Hateful','Not Hateful','Not Hateful','Not Hateful','Not Hateful','Not Hateful','Not Hateful','Not Hateful','Not Hateful','Not Hateful','Not Hateful','Not Hateful','Not Hateful'
???? ??????? ?????,Political,Not Hateful,'Offensive','Offensive','Offensive','Offensive','Offensive','Offensive','Offensive','Offensive','Offensive','Offensive','Offensive','Offensive','Offensive','Offensive','Offensive','Offensive','Offensive','Offensive','Offensive','Offensive','Offensive'
??????? ?????. ??????? ?? ????? ????????????,Political,Not Hateful,'Offensive','Offensive','Offensive','Offensive','Offensive','Offensive','Offensive','Offensive','Offensive','Offensive','Offensive','Offensive','Offensive','Offensive','Offensive','Offensive','Offensive','Offensive','Offensive','Offensive','Offensive'
??? ?????? ?? ???????,Political,Not Hateful,'Offensive','Offensive','Offensive','Offensive','Offensive','Offensive','Offensive','Offensive','Offensive','Offensive','Offensive','Offensive','Offensive','Offensive','Offensive','Offensive','Offensive','Offensive','Offensive','Not Hateful','Offensive'
?? ?????? ?????,Political,Not Hateful,'Offensive','Offensive','Offensive','Offensive','Offensive','Offensive','Offensive','Offensive','Offensive','Offensive','Offensive','Offensive','Offensive','Offensive','Offensive','Offensive','Offensive','Offensive','Offensive','Offensive','Offensive'
?????...???,Political,Not Hateful,'Offensive','Offensive','Offensive','Offensive','Offensive','Offensive','Offensive','Offensive','Offensive','Offensive','Offensive','Offensive','Offensive','Offensive','Offensive','Offensive','Offensive','Offensive','Offensive','Offensive','Offensive'
??? ??? ???? ????? ????????,Political,Not Hateful,'Offensive','Offensive','Offensive','Offensive','Offensive','Offensive','Offensive','Offensive','Offensive','Offensive','Offensive','Offensive','Offensive','Offensive','Offensive','Offensive','Offensive','Offensive','Offensive','Offensive','Offensive'
???????? ???? ?????? ???????? ???? ?????  ????? ?????? ?? ??????? ?????????,Political,Not Hateful,'Offensive','Offensive','Offensive','Offensive','Offensive','Offensive','Offensive','Offensive','Offensive','Offensive','Offensive','Offensive','Offensive','Offensive','Offensive','Offensive','Offensive','Offensive','Offensive','Offensive','Offensive'
?????? ?????? ????? ?????,Political,Not Hateful,'Not Hateful','Not Hateful','Not Hateful','Offensive','Not Hateful','Offensive','Not Hateful','Offensive','Not Hateful','Not Hateful','Not Hateful','Not Hateful','Offensive','Not Hateful','Offensive','Not Hateful','Offensive','Not Hateful','Not Hateful','Not Hateful','Offensive'
????? ??? ??? ?????? ??? ??? ?????? ??????? ????? ???? ????? ??? ????????? ?????? ?????  ?? ??? ?? ????? ??? ?,Political,Not Hateful,'Offensive','Offensive','Offensive','Offensive','Offensive','Offensive','Offensive','Offensive','Offensive','Offensive','Offensive','Offensive','Offensive','Offensive','Offensive','Offensive','Offensive','Offensive','Offensive','Offensive','Offensive'
?????????? ???? ??? ????? ?? ?????,Political,Not Hateful,'Offensive','Offensive','Offensive','Offensive','Not Hateful','Offensive','Offensive','Offensive','Offensive','Offensive','Offensive','Offensive','Offensive','Offensive','Offensive','Offensive','Offensive','Offensive','Offensive','Not Hateful','Offensive'
"??????????????, ???? ???? ????? ???, ???????????",Political,Not Hateful,'Offensive','Offensive','Offensive','Offensive','Offensive','Offensive','Offensive','Offensive','Offensive','Offensive','Offensive','Offensive','Offensive','Offensive','Offensive','Offensive','Offensive','Offensive','Offensive','Offensive','Offensive'
????? ????? ????,Political,Not Hateful,'Offensive','Offensive','Offensive','Offensive','Offensive','Offensive','Offensive','Offensive','Offensive','Offensive','Offensive','Offensive','Offensive','Offensive','Offensive','Offensive','Offensive','Offensive','Offensive','Offensive','Offensive'
???????? ???? ?????? ? ???? ??? ?????? ????? ?? ??? ??,Political,Not Hateful,'Offensive','Offensive','Offensive','Offensive','Offensive','Offensive','Offensive','Offensive','Offensive','Offensive','Offensive','Offensive','Offensive','Offensive','Offensive','Offensive','Offensive','Offensive','Offensive','Offensive','Offensive'
?????? ????? ???? ? ????? ?????? ??? ?? ????????,Political,Not Hateful,'Offensive','Offensive','Offensive','Offensive','Offensive','Offensive','Offensive','Offensive','Offensive','Offensive','Offensive','Offensive','Offensive','Offensive','Offensive','Offensive','Offensive','Offensive','Offensive','Offensive','Offensive'
??? ?? ??,Political,Not Hateful,'Offensive','Offensive','Offensive','Offensive','Offensive','Offensive','Offensive','Offensive','Offensive','Offensive','Offensive','Offensive','Offensive','Offensive','Offensive','Offensive','Offensive','Offensive','Offensive','Offensive','Offensive'
????? ????? ??? ???? ??????,Political,Not Hateful,'Offensive','Offensive','Offensive','Offensive','Offensive','Offensive','Offensive','Offensive','Offensive','Offensive','Offensive','Offensive','Offensive','Offensive','Offensive','Offensive','Offensive','Offensive','Offensive','Offensive','Offensive'
??? ???? ?????? ????,Political,Not Hateful,'Offensive','Offensive','Offensive','Offensive','Offensive','Offensive','Offensive','Offensive','Offensive','Offensive','Offensive','Offensive','Offensive','Offensive','Offensive','Offensive','Offensive','Offensive','Offensive','Offensive','Offensive'
???? ??????,Political,Not Hateful,'Not Hateful','Offensive','Offensive','Offensive','Offensive','Offensive','Offensive','Offensive','Offensive','Offensive','Offensive','Offensive','Offensive','Offensive','Offensive','Offensive','Offensive','Offensive','Offensive','Not Hateful','Offensive'
?????? ???? ????? ??? ???? ?? ??????? ??? ?????,Political,Not Hateful,'Not Hateful','Not Hateful','Not Hateful','Not Hateful','Not Hateful','Not Hateful','Not Hateful','Not Hateful','Not Hateful','Not Hateful','Not Hateful','Not Hateful','Not Hateful','Not Hateful','Not Hateful','Not Hateful','Not Hateful','Not Hateful','Not Hateful','Not Hateful','Not Hateful'
?? ???? ????,Political,Not Hateful,'Not Hateful','Not Hateful','Not Hateful','Not Hateful','Not Hateful','Not Hateful','Not Hateful','Not Hateful','Not Hateful','Not Hateful','Not Hateful','Not Hateful','Not Hateful','Not Hateful','Not Hateful','Not Hateful','Not Hateful','Not Hateful','Not Hateful','Not Hateful','Not Hateful'
??????? ?????,Political,Not Hateful,'Offensive','Offensive','Offensive','Offensive','Offensive','Offensive','Offensive','Offensive','Offensive','Offensive','Offensive','Offensive','Offensive','Offensive','Offensive','Offensive','Offensive','Offensive','Offensive','Offensive','Offensive'
??? ??? ??? ??????? ???? ???,Political,Not Hateful,'Offensive','Offensive','Offensive','Offensive','Offensive','Offensive','Offensive','Offensive','Offensive','Offensive','Offensive','Offensive','Offensive','Offensive','Offensive','Offensive','Offensive','Offensive','Offensive','Offensive','Offensive'
???????? ?????? ?????? ???????? ?????? ?????????? ???? ???? ????? ?????? ????,Political,Not Hateful,'Offensive','Offensive','Offensive','Offensive','Offensive','Offensive','Offensive','Offensive','Offensive','Offensive','Offensive','Offensive','Offensive','Offensive','Offensive','Offensive','Offensive','Offensive','Offensive','Offensive','Offensive'
?? ?????? ????????,Political,Not Hateful,'Not Hateful','Not Hateful','Not Hateful','Not Hateful','Not Hateful','Not Hateful','Not Hateful','Not Hateful','Not Hateful','Not Hateful','Not Hateful','Not Hateful','Not Hateful','Not Hateful','Not Hateful','Not Hateful','Not Hateful','Not Hateful','Not Hateful','Not Hateful','Not Hateful'
"?????? ??? ???? ???? ????????? ?????, ???? ???? ??? ???? ???????? ???????? ?? ?? ??? ?????? ???? ????? ??????, ??? ?? ???? ?? ???? ?????????? ???????? ???????? ??? ????? ????",Political,Not Hateful,'Offensive','Offensive','Offensive','Offensive','Offensive','Offensive','Offensive','Offensive','Offensive','Offensive','Offensive','Offensive','Offensive','Offensive','Offensive','Offensive','Offensive','Offensive','Offensive','Offensive','Offensive'
?????? ?????? ???????,Political,Not Hateful,'Offensive','Offensive','Offensive','Offensive','Offensive','Offensive','Offensive','Offensive','Offensive','Offensive','Offensive','Offensive','Offensive','Offensive','Offensive','Offensive','Offensive','Offensive','Offensive','Offensive','Offensive'
??????????????? ?? ?? ??? ?????,Political,Not Hateful,'Offensive','Offensive','Offensive','Offensive','Offensive','Offensive','Offensive','Offensive','Offensive','Offensive','Offensive','Offensive','Offensive','Offensive','Offensive','Offensive','Offensive','Offensive','Offensive','Offensive','Offensive'
????????? ????? ????? ???,Political,Not Hateful,'Not Hateful','Not Hateful','Not Hateful','Not Hateful','Not Hateful','Not Hateful','Not Hateful','Not Hateful','Not Hateful','Not Hateful','Not Hateful','Not Hateful','Offensive','Not Hateful','Not Hateful','Not Hateful','Offensive','Not Hateful','Not Hateful','Not Hateful','Not Hateful'
???? ???? ????? ????? ?? ?????? ????? ???? ???????????,Political,Not Hateful,'Offensive','Offensive','Offensive','Offensive','Offensive','Offensive','Offensive','Offensive','Offensive','Offensive','Offensive','Offensive','Offensive','Offensive','Offensive','Offensive','Offensive','Offensive','Offensive','Offensive','Offensive'
????? ???? ???? ???? ????,Political,Not Hateful,'Offensive','Offensive','Offensive','Offensive','Offensive','Offensive','Offensive','Offensive','Offensive','Offensive','Offensive','Offensive','Offensive','Offensive','Offensive','Offensive','Offensive','Offensive','Offensive','Offensive','Offensive'
????? ???? ????? ????..???,Political,Not Hateful,'Offensive','Offensive','Offensive','Offensive','Offensive','Offensive','Offensive','Offensive','Offensive','Offensive','Offensive','Offensive','Offensive','Offensive','Offensive','Offensive','Offensive','Offensive','Offensive','Offensive','Offensive'
????? ???? ?? ????? ???? ?? ??????? ??? ????? ??? ????????? ?? ???? ?????? ?????,Political,Not Hateful,'Not Hateful','Not Hateful','Not Hateful','Not Hateful','Not Hateful','Not Hateful','Not Hateful','Not Hateful','Not Hateful','Not Hateful','Not Hateful','Not Hateful','Not Hateful','Not Hateful','Not Hateful','Not Hateful','Not Hateful','Not Hateful','Not Hateful','Not Hateful','Not Hateful'
???? ???? ?????  ????,Political,Not Hateful,'Offensive','Offensive','Offensive','Offensive','Offensive','Offensive','Offensive','Offensive','Offensive','Offensive','Offensive','Offensive','Offensive','Offensive','Offensive','Offensive','Offensive','Offensive','Offensive','Offensive','Offensive'
??????? ????? ??? ?? ?????? ????? ????????? ???? ??????,Political,Not Hateful,'Offensive','Offensive','Offensive','Offensive','Offensive','Offensive','Offensive','Offensive','Offensive','Offensive','Offensive','Offensive','Offensive','Offensive','Offensive','Offensive','Offensive','Offensive','Offensive','Offensive','Offensive'
??????? ????? ??????? ???? ???? ?????,Political,Not Hateful,'Offensive','Offensive','Offensive','Offensive','Offensive','Offensive','Offensive','Offensive','Offensive','Offensive','Not Hateful','Offensive','Offensive','Offensive','Offensive','Offensive','Offensive','Offensive','Offensive','Offensive','Offensive'
??????? ?????,Political,Not Hateful,'Offensive','Offensive','Offensive','Offensive','Offensive','Offensive','Offensive','Offensive','Offensive','Offensive','Offensive','Offensive','Offensive','Offensive','Offensive','Offensive','Offensive','Offensive','Offensive','Offensive','Offensive'
????? ??? ??? ??,Political,Not Hateful,'Not Hateful','Not Hateful','Not Hateful','Not Hateful','Not Hateful','Not Hateful','Not Hateful','Not Hateful','Not Hateful','Not Hateful','Not Hateful','Not Hateful','Offensive','Not Hateful','Not Hateful','Not Hateful','Offensive','Not Hateful','Not Hateful','Not Hateful','Not Hateful'
??????? ??????,Political,Not Hateful,'Offensive','Offensive','Offensive','Offensive','Offensive','Offensive','Offensive','Offensive','Offensive','Offensive','Offensive','Offensive','Offensive','Offensive','Offensive','Offensive','Offensive','Offensive','Offensive','Offensive','Offensive'
?????? ???? ??????? ??? ????,Political,Not Hateful,'Offensive','Offensive','Offensive','Offensive','Offensive','Offensive','Offensive','Offensive','Offensive','Offensive','Offensive','Offensive','Offensive','Offensive','Offensive','Offensive','Offensive','Offensive','Offensive','Offensive','Offensive'
?????? ?????? ??????,Political,Not Hateful,'Offensive','Offensive','Offensive','Offensive','Offensive','Offensive','Offensive','Offensive','Offensive','Offensive','Offensive','Offensive','Offensive','Offensive','Offensive','Offensive','Offensive','Offensive','Offensive','Offensive','Offensive'
???? ????? ??? ??????,Political,Not Hateful,'Offensive','Offensive','Offensive','Offensive','Offensive','Offensive','Offensive','Offensive','Offensive','Offensive','Offensive','Offensive','Offensive','Offensive','Offensive','Offensive','Offensive','Offensive','Offensive','Offensive','Offensive'
?????? ?????? ????? ????? ??? ????,Political,Not Hateful,'Offensive','Offensive','Offensive','Offensive','Offensive','Offensive','Offensive','Offensive','Offensive','Offensive','Offensive','Offensive','Offensive','Offensive','Offensive','Offensive','Offensive','Offensive','Offensive','Offensive','Offensive'
???? ??? ????,Political,Not Hateful,'Offensive','Offensive','Offensive','Offensive','Offensive','Offensive','Offensive','Offensive','Offensive','Offensive','Offensive','Offensive','Offensive','Offensive','Offensive','Offensive','Offensive','Offensive','Offensive','Offensive','Offensive'
????? ?? ??????? ?? ???,Political,Not Hateful,'Not Hateful','Offensive','Not Hateful','Offensive','Not Hateful','Offensive','Offensive','Offensive','Offensive','Not Hateful','Not Hateful','Offensive','Offensive','Offensive','Offensive','Offensive','Offensive','Offensive','Not Hateful','Not Hateful','Offensive'
?????? ???? ???? ????? ???? ???? ???? ???? ???? ????? ???,Political,Not Hateful,'Not Hateful','Not Hateful','Not Hateful','Not Hateful','Not Hateful','Not Hateful','Not Hateful','Not Hateful','Not Hateful','Not Hateful','Not Hateful','Not Hateful','Not Hateful','Not Hateful','Not Hateful','Not Hateful','Not Hateful','Not Hateful','Not Hateful','Not Hateful','Not Hateful'
???? ?? ????? ??? ?????,Political,Not Hateful,'Not Hateful','Not Hateful','Not Hateful','Not Hateful','Not Hateful','Not Hateful','Not Hateful','Not Hateful','Not Hateful','Not Hateful','Not Hateful','Not Hateful','Not Hateful','Not Hateful','Not Hateful','Not Hateful','Not Hateful','Not Hateful','Not Hateful','Not Hateful','Not Hateful'
????? ????? ??? ????,Political,Not Hateful,'Offensive','Offensive','Offensive','Offensive','Offensive','Offensive','Offensive','Offensive','Offensive','Offensive','Offensive','Offensive','Offensive','Offensive','Offensive','Offensive','Offensive','Offensive','Offensive','Offensive','Offensive'
??? ?? ?? ??? ???--,Political,Not Hateful,'Offensive','Offensive','Offensive','Offensive','Offensive','Offensive','Offensive','Offensive','Offensive','Offensive','Offensive','Offensive','Offensive','Offensive','Offensive','Offensive','Offensive','Offensive','Offensive','Offensive','Offensive'
???????? ????? !,Political,Not Hateful,'Offensive','Offensive','Offensive','Offensive','Offensive','Offensive','Offensive','Offensive','Offensive','Offensive','Offensive','Offensive','Offensive','Offensive','Offensive','Offensive','Offensive','Offensive','Offensive','Offensive','Offensive'
???????,Political,Not Hateful,'Offensive','Offensive','Offensive','Offensive','Offensive','Offensive','Offensive','Offensive','Offensive','Offensive','Offensive','Offensive','Offensive','Offensive','Offensive','Offensive','Offensive','Offensive','Offensive','Offensive','Offensive'
???? ??? ?????? ??? ???? ?????? ?????? ???? ????,Political,Not Hateful,'Not Hateful','Offensive','Offensive','Offensive','Not Hateful','Offensive','Offensive','Offensive','Offensive','Not Hateful','Not Hateful','Not Hateful','Offensive','Offensive','Offensive','Offensive','Offensive','Offensive','Not Hateful','Not Hateful','Offensive'
???? ???? ???? ???? ? ????? ???????? ?????? ???? ????????!,Political,Not Hateful,'Offensive','Offensive','Offensive','Offensive','Not Hateful','Offensive','Offensive','Offensive','Offensive','Offensive','Offensive','Offensive','Offensive','Offensive','Offensive','Offensive','Offensive','Offensive','Offensive','Not Hateful','Offensive'
??? ?? ??? ??? ????,Political,Not Hateful,'Offensive','Offensive','Offensive','Offensive','Offensive','Offensive','Offensive','Offensive','Offensive','Offensive','Offensive','Offensive','Offensive','Offensive','Offensive','Offensive','Offensive','Offensive','Offensive','Offensive','Offensive'
???? ???? ?????,Political,Not Hateful,'Offensive','Offensive','Offensive','Offensive','Not Hateful','Offensive','Offensive','Offensive','Offensive','Offensive','Offensive','Offensive','Offensive','Offensive','Offensive','Offensive','Offensive','Offensive','Offensive','Offensive','Offensive'
??? ???? ?????? ???? ???!,Political,Not Hateful,'Offensive','Offensive','Offensive','Offensive','Offensive','Offensive','Offensive','Offensive','Offensive','Offensive','Offensive','Offensive','Offensive','Offensive','Offensive','Offensive','Offensive','Offensive','Offensive','Offensive','Offensive'
???????,Political,Not Hateful,'Offensive','Offensive','Offensive','Offensive','Offensive','Offensive','Offensive','Offensive','Offensive','Offensive','Offensive','Offensive','Offensive','Offensive','Offensive','Offensive','Offensive','Offensive','Offensive','Offensive','Offensive'
?????? ????? ????,Political,Not Hateful,'Offensive','Offensive','Offensive','Offensive','Offensive','Offensive','Offensive','Offensive','Offensive','Offensive','Offensive','Offensive','Offensive','Offensive','Offensive','Offensive','Offensive','Offensive','Offensive','Offensive','Offensive'
?????? ? ??? ???? ???????,Political,Not Hateful,'Offensive','Offensive','Offensive','Offensive','Offensive','Offensive','Offensive','Offensive','Offensive','Offensive','Offensive','Offensive','Offensive','Offensive','Offensive','Offensive','Offensive','Propaganda','Offensive','Offensive','Offensive'
"????? ??? ??????? ???? ????? ?????? ?????? ??????, ???? ?????",Political,Offensive,'Offensive','Offensive','Offensive','Offensive','Offensive','Offensive','Offensive','Offensive','Offensive','Offensive','Offensive','Offensive','Offensive','Offensive','Offensive','Offensive','Offensive','Offensive','Offensive','Offensive','Offensive'
????? ??? ???? ??? ??? ?? ???? ??? ???,Political,Offensive,'Not Hateful','Not Hateful','Not Hateful','Not Hateful','Not Hateful','Not Hateful','Not Hateful','Not Hateful','Not Hateful','Not Hateful','Not Hateful','Not Hateful','Offensive','Not Hateful','Not Hateful','Not Hateful','Not Hateful','Not Hateful','Not Hateful','Not Hateful','Not Hateful'
??? ?????? ?? ??? ?? ??????? ??????? ??? ????? ???? ????? ??,Political,Offensive,'Offensive','Offensive','Offensive','Offensive','Offensive','Offensive','Offensive','Offensive','Offensive','Offensive','Offensive','Offensive','Offensive','Offensive','Offensive','Offensive','Offensive','Offensive','Offensive','Offensive','Offensive'
????????? ???? ??????,Political,Offensive,'Not Hateful','Not Hateful','Not Hateful','Not Hateful','Not Hateful','Offensive','Not Hateful','Offensive','Not Hateful','Not Hateful','Not Hateful','Not Hateful','Offensive','Not Hateful','Offensive','Offensive','Offensive','Not Hateful','Not Hateful','Not Hateful','Offensive'
??? ???? ??? ?????,Political,Offensive,'Offensive','Offensive','Offensive','Offensive','Offensive','Offensive','Offensive','Offensive','Offensive','Offensive','Offensive','Offensive','Offensive','Offensive','Offensive','Offensive','Offensive','Offensive','Offensive','Offensive','Offensive'
"?????? ??????, ????? ? ?????? ??????? ??? ???? ????",Political,Offensive,'Not Hateful','Offensive','Not Hateful','Offensive','Not Hateful','Offensive','Offensive','Offensive','Not Hateful','Not Hateful','Not Hateful','Not Hateful','Offensive','Not Hateful','Offensive','Offensive','Offensive','Not Hateful','Offensive','Not Hateful','Offensive'
???? ????????? ?,Political,Offensive,'Offensive','Offensive','Offensive','Offensive','Offensive','Offensive','Offensive','Offensive','Offensive','Offensive','Offensive','Offensive','Offensive','Offensive','Offensive','Offensive','Offensive','Offensive','Offensive','Offensive','Offensive'
????? ??????,Religious,Offensive,'Offensive','Offensive','Offensive','Offensive','Offensive','Offensive','Offensive','Offensive','Offensive','Offensive','Offensive','Offensive','Offensive','Offensive','Offensive','Offensive','Offensive','Offensive','Offensive','Offensive','Offensive'
????????? ??? ????? ????? ?? ???????? ??????? ????? ????? ??????? ??? ????????,Religious,Offensive,'Offensive','Offensive','Offensive','Offensive','Offensive','Offensive','Offensive','Offensive','Offensive','Offensive','Offensive','Offensive','Offensive','Offensive','Offensive','Offensive','Offensive','Offensive','Offensive','Offensive','Offensive'
??? ??? ???? ????,Religious,Offensive,'Offensive','Offensive','Offensive','Offensive','Offensive','Offensive','Offensive','Offensive','Offensive','Offensive','Offensive','Offensive','Offensive','Offensive','Offensive','Offensive','Offensive','Offensive','Offensive','Offensive','Offensive'
?????  ???????  ????? ?????,Religious,Offensive,'Offensive','Offensive','Offensive','Offensive','Offensive','Offensive','Offensive','Offensive','Offensive','Offensive','Offensive','Offensive','Offensive','Offensive','Offensive','Offensive','Offensive','Offensive','Offensive','Offensive','Offensive'
?????? ??????,Religious,Offensive,'Offensive','Offensive','Offensive','Offensive','Offensive','Offensive','Offensive','Offensive','Offensive','Offensive','Offensive','Offensive','Offensive','Offensive','Offensive','Offensive','Offensive','Offensive','Offensive','Offensive','Offensive'
?????? ????? - ???? ??? ???? ?? ??????? ??? ????-?????,Religious,Sexual Harassments,'Offensive','Offensive','Offensive','Offensive','Offensive','Offensive','Offensive','Offensive','Offensive','Offensive','Offensive','Offensive','Offensive','Offensive','Offensive','Offensive','Offensive','Offensive','Offensive','Offensive','Offensive'
???? ???? ?? ???? ????? ??????? ??? ??,Religious,Offensive,'Offensive','Offensive','Offensive','Offensive','Offensive','Offensive','Offensive','Offensive','Offensive','Offensive','Offensive','Offensive','Offensive','Offensive','Offensive','Offensive','Offensive','Offensive','Offensive','Offensive','Offensive'
?????? ???? ??????,Religious,Offensive,'Offensive','Offensive','Offensive','Offensive','Offensive','Offensive','Offensive','Offensive','Offensive','Offensive','Offensive','Offensive','Offensive','Offensive','Offensive','Offensive','Offensive','Offensive','Offensive','Offensive','Offensive'
?????? ??? ????? ????,Religious,Offensive,'Offensive','Offensive','Offensive','Offensive','Offensive','Offensive','Offensive','Offensive','Offensive','Offensive','Offensive','Offensive','Offensive','Offensive','Offensive','Offensive','Offensive','Offensive','Offensive','Offensive','Offensive'
???? ???? ???,Religious,Offensive,'Offensive','Offensive','Offensive','Offensive','Offensive','Offensive','Offensive','Offensive','Offensive','Offensive','Offensive','Offensive','Offensive','Offensive','Offensive','Offensive','Offensive','Offensive','Offensive','Offensive','Offensive'
?????? ????? ??? ??????? ???? ???? ???? ???? ?? ???????? ???????? ???? ??????? ?????? ?????? ??????? ???? ????? ???????? ??????? ?????? ?????????,Religious,Offensive,'Offensive','Offensive','Offensive','Offensive','Offensive','Offensive','Offensive','Offensive','Offensive','Offensive','Offensive','Offensive','Offensive','Offensive','Offensive','Offensive','Offensive','Offensive','Offensive','Offensive','Offensive'
??????? ?????,Religious,Offensive,'Offensive','Offensive','Offensive','Offensive','Offensive','Offensive','Offensive','Offensive','Offensive','Offensive','Offensive','Offensive','Offensive','Offensive','Offensive','Offensive','Offensive','Offensive','Offensive','Offensive','Offensive'
???????? ???????? ?,Religious,Offensive,'Offensive','Offensive','Offensive','Offensive','Offensive','Offensive','Offensive','Offensive','Offensive','Offensive','Offensive','Offensive','Offensive','Offensive','Offensive','Offensive','Offensive','Offensive','Offensive','Offensive','Offensive'
?????? ?????,Religious,Sexual Harassments,'Offensive','Offensive','Offensive','Offensive','Offensive','Offensive','Offensive','Offensive','Offensive','Offensive','Offensive','Offensive','Offensive','Offensive','Offensive','Offensive','Offensive','Offensive','Offensive','Offensive','Offensive'
"????? ????? ?????? ?????,,??????????",Religious,Offensive,'Offensive','Offensive','Offensive','Offensive','Offensive','Offensive','Offensive','Offensive','Offensive','Offensive','Offensive','Offensive','Offensive','Offensive','Offensive','Offensive','Offensive','Offensive','Offensive','Offensive','Offensive'
??????? ??????? ?????? ??? ??? ???????? ????? ???? ???? ????? ??????  ??????  ???? ????? ??? ??? ??? ???? ??????,Religious,Offensive,'Offensive','Offensive','Offensive','Offensive','Offensive','Offensive','Offensive','Offensive','Offensive','Offensive','Offensive','Offensive','Offensive','Offensive','Offensive','Offensive','Offensive','Offensive','Offensive','Offensive','Offensive'
"????? ???, ?????????? ??????????? ?????? ???????? ?????? ????? ????? ?????? ???????? ",Religious,Offensive,'Offensive','Offensive','Offensive','Offensive','Offensive','Offensive','Offensive','Offensive','Offensive','Offensive','Offensive','Offensive','Offensive','Offensive','Offensive','Offensive','Offensive','Offensive','Offensive','Offensive','Offensive'
??????,Religious,Offensive,'Offensive','Offensive','Offensive','Offensive','Offensive','Offensive','Offensive','Offensive','Offensive','Offensive','Offensive','Offensive','Offensive','Offensive','Offensive','Offensive','Offensive','Offensive','Offensive','Offensive','Offensive'
?????? ??????? ???????? ?? ???? ??????? ?? ???? ????? ????? ?,Religious,Offensive,'Offensive','Offensive','Offensive','Offensive','Offensive','Offensive','Offensive','Offensive','Offensive','Offensive','Offensive','Offensive','Offensive','Offensive','Offensive','Offensive','Offensive','Offensive','Offensive','Offensive','Offensive'
????? ?? ???,Religious,Offensive,'Offensive','Offensive','Offensive','Offensive','Offensive','Offensive','Offensive','Offensive','Offensive','Offensive','Offensive','Offensive','Offensive','Offensive','Offensive','Offensive','Offensive','Offensive','Offensive','Offensive','Offensive'
????? ????? ?????,Religious,Offensive,'Offensive','Offensive','Offensive','Offensive','Offensive','Offensive','Offensive','Offensive','Offensive','Offensive','Offensive','Offensive','Offensive','Offensive','Offensive','Offensive','Offensive','Offensive','Offensive','Offensive','Offensive'
????? ???? ????? ????? ????!?? ???????!?,Religious,Offensive,'Offensive','Offensive','Offensive','Offensive','Offensive','Offensive','Offensive','Offensive','Offensive','Offensive','Offensive','Offensive','Offensive','Offensive','Offensive','Offensive','Offensive','Offensive','Offensive','Offensive','Offensive'
?????? ??? ? ???? ??????? ????????? ??? ???,Religious,Offensive,'Offensive','Offensive','Offensive','Offensive','Offensive','Offensive','Offensive','Offensive','Offensive','Offensive','Offensive','Offensive','Offensive','Offensive','Offensive','Offensive','Offensive','Offensive','Offensive','Offensive','Offensive'
?????????? ?????? ?????? ??? ?????,Religious,Offensive,'Offensive','Offensive','Offensive','Offensive','Offensive','Offensive','Offensive','Offensive','Offensive','Offensive','Offensive','Offensive','Offensive','Offensive','Offensive','Offensive','Offensive','Offensive','Offensive','Offensive','Offensive'
?????? ???? ????? ??????? ?????  ?????? ???? ????????? ?????,Religious,Offensive,'Offensive','Offensive','Offensive','Offensive','Offensive','Offensive','Offensive','Offensive','Offensive','Offensive','Offensive','Offensive','Offensive','Offensive','Offensive','Offensive','Offensive','Offensive','Offensive','Offensive','Offensive'
???? ??? ?? ?? ????,Religious,Offensive,'Offensive','Offensive','Offensive','Offensive','Offensive','Offensive','Offensive','Offensive','Offensive','Offensive','Offensive','Offensive','Offensive','Offensive','Offensive','Offensive','Offensive','Offensive','Offensive','Offensive','Offensive'
???? ????,Religious,Offensive,'Offensive','Offensive','Offensive','Offensive','Offensive','Offensive','Offensive','Offensive','Offensive','Offensive','Offensive','Offensive','Offensive','Offensive','Offensive','Offensive','Offensive','Offensive','Offensive','Offensive','Offensive'
????? ?????,Religious,Offensive,'Offensive','Offensive','Offensive','Offensive','Offensive','Offensive','Offensive','Offensive','Offensive','Offensive','Offensive','Offensive','Offensive','Offensive','Offensive','Offensive','Offensive','Offensive','Offensive','Offensive','Offensive'
"???? ? ??? ????? ???, ????? ?????!",Religious,Offensive,'Offensive','Offensive','Offensive','Offensive','Offensive','Offensive','Offensive','Offensive','Offensive','Offensive','Offensive','Offensive','Offensive','Offensive','Offensive','Offensive','Offensive','Offensive','Offensive','Offensive','Offensive'
?????? ???????? ????? ???? ???? ?????? ?? ???? ????? ??????,Religious,Offensive,'Offensive','Offensive','Offensive','Offensive','Offensive','Offensive','Offensive','Offensive','Offensive','Offensive','Offensive','Offensive','Offensive','Offensive','Offensive','Offensive','Offensive','Offensive','Offensive','Offensive','Offensive'
????? ????????,Religious,Offensive,'Offensive','Offensive','Offensive','Offensive','Offensive','Offensive','Offensive','Offensive','Offensive','Offensive','Offensive','Offensive','Offensive','Offensive','Offensive','Offensive','Offensive','Offensive','Offensive','Offensive','Offensive'
???? ?????? ????? ???? ????????,Religious,Offensive,'Offensive','Offensive','Offensive','Offensive','Offensive','Offensive','Offensive','Offensive','Offensive','Offensive','Offensive','Offensive','Offensive','Offensive','Offensive','Offensive','Offensive','Offensive','Offensive','Offensive','Offensive'
????? ??? ???????? ?????? ??????? ??????,Religious,Offensive,'Offensive','Offensive','Offensive','Offensive','Offensive','Offensive','Offensive','Offensive','Offensive','Offensive','Offensive','Offensive','Offensive','Offensive','Offensive','Offensive','Offensive','Offensive','Offensive','Offensive','Offensive'
??? ??????  ?????? ?????,Religious,Offensive,'Offensive','Offensive','Offensive','Offensive','Offensive','Offensive','Offensive','Offensive','Offensive','Offensive','Offensive','Offensive','Offensive','Offensive','Offensive','Offensive','Offensive','Offensive','Offensive','Offensive','Offensive'
????? ?? ????? ??? ???????? ?????????? ?????? ????? ????? ????? ?? ????????????? ????? ??????? ????? ??!,Religious,Offensive,'Offensive','Offensive','Offensive','Offensive','Offensive','Offensive','Offensive','Offensive','Offensive','Offensive','Offensive','Offensive','Offensive','Offensive','Offensive','Offensive','Offensive','Offensive','Offensive','Offensive','Offensive'
?????? ?????,Religious,Offensive,'Offensive','Offensive','Offensive','Offensive','Offensive','Offensive','Offensive','Offensive','Offensive','Offensive','Offensive','Offensive','Offensive','Offensive','Offensive','Offensive','Offensive','Offensive','Offensive','Offensive','Offensive'
??????? ???? ?????? ??? ????? ?? ?????? ???????,Religious,Offensive,'Offensive','Offensive','Offensive','Offensive','Offensive','Offensive','Offensive','Offensive','Offensive','Offensive','Offensive','Offensive','Offensive','Offensive','Offensive','Offensive','Offensive','Offensive','Offensive','Offensive','Offensive'
?????? ???? ?????? ??????? <3,Religious,Offensive,'Offensive','Offensive','Offensive','Offensive','Offensive','Offensive','Offensive','Offensive','Offensive','Offensive','Offensive','Offensive','Offensive','Offensive','Offensive','Offensive','Offensive','Offensive','Offensive','Offensive','Offensive'
??????? ??????,Religious,Offensive,'Offensive','Offensive','Offensive','Offensive','Offensive','Offensive','Offensive','Offensive','Offensive','Offensive','Offensive','Offensive','Offensive','Offensive','Offensive','Offensive','Offensive','Offensive','Offensive','Offensive','Offensive'
?? ???? ???? ??? ????? ??? ?? ???????,Religious,Offensive,'Offensive','Offensive','Offensive','Offensive','Offensive','Offensive','Offensive','Offensive','Offensive','Offensive','Offensive','Offensive','Offensive','Offensive','Offensive','Offensive','Offensive','Offensive','Offensive','Offensive','Offensive'
??? ??? ????,Religious,Offensive,'Offensive','Offensive','Offensive','Offensive','Offensive','Offensive','Offensive','Offensive','Offensive','Offensive','Offensive','Offensive','Offensive','Offensive','Offensive','Offensive','Offensive','Offensive','Offensive','Offensive','Offensive'
"????? ??? ???? ???? ????? ????, ????????? ???? ",Religious,Offensive,'Offensive','Offensive','Offensive','Offensive','Offensive','Offensive','Offensive','Offensive','Offensive','Offensive','Offensive','Offensive','Offensive','Offensive','Offensive','Offensive','Offensive','Offensive','Offensive','Offensive','Offensive'
?????? ????????,Religious,Offensive,'Offensive','Offensive','Offensive','Offensive','Offensive','Offensive','Offensive','Offensive','Offensive','Offensive','Offensive','Offensive','Offensive','Offensive','Offensive','Offensive','Offensive','Offensive','Offensive','Offensive','Offensive'
???? ???? ?????? ???,Religious,Offensive,'Offensive','Offensive','Offensive','Offensive','Offensive','Offensive','Offensive','Offensive','Offensive','Offensive','Offensive','Offensive','Offensive','Offensive','Offensive','Offensive','Offensive','Offensive','Offensive','Offensive','Offensive'
?????? ??? ???? ?? ????? ???????,Political,Offensive,'Offensive','Offensive','Offensive','Offensive','Offensive','Offensive','Offensive','Offensive','Offensive','Offensive','Offensive','Offensive','Offensive','Offensive','Offensive','Offensive','Offensive','Offensive','Offensive','Offensive','Offensive'
????? ??????... ??? ?????,Political,Offensive,'Offensive','Offensive','Offensive','Offensive','Offensive','Offensive','Offensive','Offensive','Offensive','Offensive','Offensive','Offensive','Offensive','Offensive','Offensive','Offensive','Offensive','Offensive','Offensive','Offensive','Offensive'
??? ?????? ????? ???????,Political,Offensive,'Offensive','Offensive','Offensive','Offensive','Offensive','Offensive','Offensive','Offensive','Offensive','Offensive','Offensive','Offensive','Offensive','Offensive','Offensive','Offensive','Offensive','Offensive','Offensive','Offensive','Offensive'
????? ?????,Political,Offensive,'Offensive','Offensive','Offensive','Offensive','Not Hateful','Offensive','Offensive','Offensive','Offensive','Offensive','Offensive','Offensive','Offensive','Offensive','Offensive','Offensive','Offensive','Offensive','Offensive','Offensive','Offensive'
?????? ???? ???? ??????? ??? ???,Political,Offensive,'Offensive','Offensive','Offensive','Offensive','Offensive','Offensive','Offensive','Offensive','Offensive','Offensive','Offensive','Offensive','Offensive','Offensive','Offensive','Offensive','Offensive','Offensive','Offensive','Offensive','Offensive'
????????? ??????????,Political,Offensive,'Offensive','Offensive','Offensive','Offensive','Offensive','Offensive','Offensive','Offensive','Offensive','Offensive','Offensive','Offensive','Offensive','Offensive','Offensive','Offensive','Offensive','Offensive','Offensive','Offensive','Offensive'
???? ?? ???? ??? ???,Political,Offensive,'Offensive','Offensive','Offensive','Offensive','Offensive','Offensive','Offensive','Offensive','Offensive','Offensive','Offensive','Offensive','Offensive','Offensive','Offensive','Offensive','Offensive','Offensive','Offensive','Offensive','Offensive'
???? ???? ???? ????,Political,Offensive,'Offensive','Offensive','Offensive','Offensive','Offensive','Offensive','Offensive','Offensive','Offensive','Offensive','Offensive','Offensive','Offensive','Offensive','Offensive','Offensive','Offensive','Offensive','Offensive','Offensive','Offensive'
???????? ????? .,Political,Offensive,'Offensive','Offensive','Offensive','Offensive','Offensive','Offensive','Offensive','Offensive','Offensive','Offensive','Offensive','Offensive','Offensive','Offensive','Offensive','Offensive','Offensive','Offensive','Offensive','Offensive','Offensive'
?????? ??: ???? ??????? ??????? ???? ????,Political,Offensive,'Offensive','Offensive','Offensive','Offensive','Offensive','Offensive','Offensive','Offensive','Offensive','Offensive','Offensive','Offensive','Offensive','Offensive','Offensive','Offensive','Offensive','Offensive','Offensive','Offensive','Offensive'
???? ??????? ???,Political,Offensive,'Offensive','Offensive','Offensive','Offensive','Offensive','Offensive','Offensive','Offensive','Offensive','Offensive','Offensive','Offensive','Offensive','Offensive','Offensive','Offensive','Offensive','Offensive','Offensive','Offensive','Offensive'
???? ??? ??? ?? ???? ???,Political,Offensive,'Offensive','Offensive','Offensive','Offensive','Offensive','Offensive','Offensive','Offensive','Offensive','Offensive','Offensive','Offensive','Offensive','Offensive','Offensive','Offensive','Offensive','Offensive','Offensive','Offensive','Offensive'
????? ??? ????? <3,Political,Offensive,'Offensive','Offensive','Offensive','Offensive','Offensive','Offensive','Offensive','Offensive','Offensive','Offensive','Offensive','Offensive','Offensive','Offensive','Offensive','Offensive','Offensive','Offensive','Offensive','Offensive','Offensive'
??????? ????? ?????? ?????? ???? ?????,Political,Offensive,'Offensive','Offensive','Offensive','Offensive','Offensive','Offensive','Offensive','Offensive','Offensive','Offensive','Offensive','Offensive','Offensive','Offensive','Offensive','Offensive','Offensive','Offensive','Offensive','Offensive','Offensive'
????? ???? ??????,Political,Offensive,'Offensive','Offensive','Offensive','Offensive','Offensive','Offensive','Offensive','Offensive','Offensive','Offensive','Offensive','Offensive','Offensive','Offensive','Offensive','Offensive','Offensive','Offensive','Offensive','Offensive','Offensive'
???? ????? ?????? ??????? ????,Political,Offensive,'Offensive','Offensive','Offensive','Offensive','Offensive','Offensive','Offensive','Offensive','Offensive','Offensive','Offensive','Offensive','Offensive','Offensive','Offensive','Offensive','Offensive','Offensive','Offensive','Offensive','Offensive'
??? ?????? ??????? ?????? ????,Political,Offensive,'Offensive','Offensive','Offensive','Offensive','Offensive','Offensive','Offensive','Offensive','Offensive','Offensive','Offensive','Offensive','Offensive','Offensive','Offensive','Offensive','Offensive','Offensive','Offensive','Offensive','Offensive'
"???????? ??????? ????? ???? ????,,??",Political,Offensive,'Offensive','Offensive','Offensive','Offensive','Offensive','Offensive','Offensive','Offensive','Offensive','Offensive','Offensive','Offensive','Offensive','Offensive','Offensive','Offensive','Offensive','Offensive','Offensive','Offensive','Offensive'
"???? ?????? ?????, ?? ??? ?? ???????? ??? ????",Political,Offensive,'Offensive','Offensive','Offensive','Offensive','Offensive','Offensive','Offensive','Offensive','Offensive','Offensive','Offensive','Offensive','Offensive','Offensive','Offensive','Offensive','Offensive','Offensive','Offensive','Offensive','Offensive'
???? ?????? ????? ?????,Political,Offensive,'Offensive','Offensive','Offensive','Offensive','Offensive','Offensive','Offensive','Offensive','Offensive','Offensive','Offensive','Offensive','Offensive','Offensive','Offensive','Offensive','Offensive','Offensive','Offensive','Offensive','Offensive'
?????? ????,Political,Offensive,'Offensive','Offensive','Offensive','Offensive','Offensive','Offensive','Offensive','Offensive','Offensive','Offensive','Offensive','Offensive','Offensive','Offensive','Offensive','Offensive','Offensive','Offensive','Offensive','Offensive','Offensive'
????? ?????? ?????????,Political,Offensive,'Offensive','Offensive','Offensive','Offensive','Offensive','Offensive','Offensive','Offensive','Offensive','Offensive','Offensive','Offensive','Offensive','Offensive','Offensive','Offensive','Offensive','Offensive','Offensive','Offensive','Offensive'
????,Political,Offensive,'Not Hateful','Not Hateful','Not Hateful','Offensive','Not Hateful','Offensive','Not Hateful','Offensive','Not Hateful','Not Hateful','Not Hateful','Not Hateful','Offensive','Not Hateful','Not Hateful','Offensive','Offensive','Not Hateful','Not Hateful','Not Hateful','Offensive'
??? ???,Political,Offensive,'Offensive','Offensive','Offensive','Offensive','Offensive','Offensive','Offensive','Offensive','Offensive','Offensive','Offensive','Offensive','Offensive','Offensive','Offensive','Offensive','Offensive','Offensive','Offensive','Offensive','Offensive'
"???? ??????,??????? ?????",Political,Offensive,'Offensive','Offensive','Offensive','Offensive','Offensive','Offensive','Offensive','Offensive','Offensive','Offensive','Offensive','Offensive','Offensive','Offensive','Offensive','Offensive','Offensive','Offensive','Offensive','Offensive','Offensive'
???? ?????? ?????,Political,Offensive,'Offensive','Offensive','Offensive','Offensive','Offensive','Offensive','Offensive','Offensive','Offensive','Offensive','Offensive','Offensive','Offensive','Offensive','Offensive','Offensive','Offensive','Offensive','Offensive','Offensive','Offensive'
????? ??? ???,Political,Offensive,'Offensive','Offensive','Offensive','Offensive','Offensive','Offensive','Offensive','Offensive','Offensive','Offensive','Offensive','Offensive','Offensive','Offensive','Offensive','Offensive','Offensive','Offensive','Offensive','Offensive','Offensive'
?????????????? ???? ??????,Political,Offensive,'Offensive','Offensive','Offensive','Offensive','Offensive','Offensive','Offensive','Offensive','Offensive','Offensive','Offensive','Offensive','Offensive','Offensive','Offensive','Offensive','Offensive','Offensive','Offensive','Offensive','Offensive'
?? ?? ????? ???? ????? ?? ???? ???????,Political,Offensive,'Offensive','Offensive','Offensive','Offensive','Offensive','Offensive','Offensive','Offensive','Offensive','Offensive','Offensive','Offensive','Offensive','Offensive','Offensive','Offensive','Offensive','Offensive','Offensive','Offensive','Offensive'
?????? ????? ????? ???? ?????? ????? ????? ????,Political,Offensive,'Offensive','Offensive','Offensive','Offensive','Offensive','Offensive','Offensive','Offensive','Offensive','Offensive','Offensive','Offensive','Offensive','Offensive','Offensive','Offensive','Offensive','Offensive','Offensive','Offensive','Offensive'
??????? ???,Political,Offensive,'Offensive','Offensive','Offensive','Offensive','Offensive','Offensive','Offensive','Offensive','Offensive','Offensive','Offensive','Offensive','Offensive','Offensive','Offensive','Offensive','Offensive','Offensive','Offensive','Offensive','Offensive'
?????????,Political,Offensive,'Offensive','Offensive','Offensive','Offensive','Offensive','Offensive','Offensive','Offensive','Offensive','Offensive','Offensive','Offensive','Offensive','Offensive','Offensive','Offensive','Offensive','Offensive','Offensive','Offensive','Offensive'
??? ???,Political,Offensive,'Offensive','Offensive','Offensive','Offensive','Offensive','Offensive','Offensive','Offensive','Offensive','Offensive','Offensive','Offensive','Offensive','Offensive','Offensive','Offensive','Offensive','Offensive','Offensive','Offensive','Offensive'
????? ?????,Political,Offensive,'Offensive','Offensive','Offensive','Offensive','Offensive','Offensive','Offensive','Offensive','Offensive','Offensive','Offensive','Offensive','Offensive','Offensive','Offensive','Offensive','Offensive','Offensive','Offensive','Offensive','Offensive'
????? ???? ???? ??? ?????,Political,Offensive,'Offensive','Offensive','Offensive','Offensive','Offensive','Offensive','Offensive','Offensive','Offensive','Offensive','Offensive','Offensive','Offensive','Offensive','Offensive','Offensive','Offensive','Offensive','Offensive','Offensive','Offensive'
??????? ???? ????  ????  ????????,Political,Offensive,'Offensive','Offensive','Offensive','Offensive','Offensive','Offensive','Offensive','Offensive','Offensive','Offensive','Offensive','Offensive','Offensive','Offensive','Offensive','Offensive','Offensive','Offensive','Offensive','Offensive','Offensive'
???? ???? ???? ????,Political,Offensive,'Offensive','Offensive','Offensive','Offensive','Offensive','Offensive','Offensive','Offensive','Offensive','Offensive','Offensive','Offensive','Offensive','Offensive','Offensive','Offensive','Offensive','Offensive','Offensive','Offensive','Offensive'
??? ?????? ???,Political,Offensive,'Offensive','Offensive','Offensive','Offensive','Offensive','Offensive','Offensive','Offensive','Offensive','Offensive','Offensive','Offensive','Offensive','Offensive','Offensive','Offensive','Offensive','Offensive','Offensive','Offensive','Offensive'
???? ???? ???? ????? ??,Political,Offensive,'Offensive','Offensive','Offensive','Offensive','Offensive','Offensive','Offensive','Offensive','Offensive','Offensive','Offensive','Offensive','Offensive','Offensive','Offensive','Offensive','Offensive','Offensive','Offensive','Offensive','Offensive'
???? ?????,Political,Harmful,'Offensive','Offensive','Offensive','Offensive','Offensive','Offensive','Offensive','Offensive','Offensive','Offensive','Offensive','Offensive','Offensive','Offensive','Offensive','Offensive','Offensive','Offensive','Offensive','Offensive','Offensive'
??????? ?? ???,Political,Offensive,'Offensive','Offensive','Offensive','Offensive','Offensive','Offensive','Offensive','Offensive','Offensive','Offensive','Offensive','Offensive','Offensive','Offensive','Offensive','Offensive','Offensive','Offensive','Offensive','Offensive','Offensive'
???????? ??????? ????? ?????? ?? ??????? ????,Political,Offensive,'Offensive','Offensive','Offensive','Offensive','Offensive','Offensive','Offensive','Offensive','Offensive','Offensive','Offensive','Offensive','Offensive','Offensive','Offensive','Offensive','Offensive','Offensive','Offensive','Offensive','Offensive'
????? ????? ???? ???,Political,Offensive,'Offensive','Offensive','Offensive','Offensive','Offensive','Offensive','Offensive','Offensive','Offensive','Offensive','Offensive','Offensive','Offensive','Offensive','Offensive','Offensive','Offensive','Offensive','Offensive','Offensive','Offensive'
???? ???????? ????,Political,Offensive,'Offensive','Offensive','Offensive','Offensive','Offensive','Offensive','Offensive','Offensive','Offensive','Offensive','Offensive','Offensive','Offensive','Offensive','Offensive','Offensive','Offensive','Offensive','Offensive','Offensive','Offensive'
????? ??? ???,Political,Offensive,'Offensive','Offensive','Offensive','Offensive','Offensive','Offensive','Offensive','Offensive','Offensive','Offensive','Offensive','Offensive','Offensive','Offensive','Offensive','Offensive','Offensive','Offensive','Offensive','Offensive','Offensive'
??? ????? ???? ???? ??????? ?????,Political,Offensive,'Offensive','Offensive','Offensive','Offensive','Offensive','Offensive','Offensive','Offensive','Offensive','Offensive','Offensive','Offensive','Offensive','Offensive','Offensive','Offensive','Offensive','Offensive','Offensive','Offensive','Offensive'
?????? ?? ????? ??? ???? ???? ?? ??????????????? ???? ????!,Political,Offensive,'Offensive','Offensive','Offensive','Offensive','Offensive','Offensive','Offensive','Offensive','Offensive','Offensive','Offensive','Offensive','Offensive','Offensive','Offensive','Offensive','Offensive','Offensive','Offensive','Offensive','Offensive'
?? ???? ????,Political,Offensive,'Offensive','Offensive','Offensive','Offensive','Offensive','Offensive','Offensive','Offensive','Offensive','Offensive','Offensive','Offensive','Offensive','Offensive','Offensive','Offensive','Offensive','Offensive','Offensive','Offensive','Offensive'
?????? ?????? ???? ?????,Political,Offensive,'Offensive','Offensive','Offensive','Offensive','Offensive','Offensive','Offensive','Offensive','Offensive','Offensive','Offensive','Offensive','Offensive','Offensive','Offensive','Offensive','Offensive','Offensive','Offensive','Offensive','Offensive'
??? ???,Political,Offensive,'Offensive','Offensive','Offensive','Offensive','Offensive','Offensive','Offensive','Offensive','Offensive','Offensive','Offensive','Offensive','Offensive','Offensive','Offensive','Offensive','Offensive','Offensive','Offensive','Offensive','Offensive'
???? ?????? ??? ???? ??????? ???,Political,Offensive,'Offensive','Offensive','Offensive','Offensive','Offensive','Offensive','Offensive','Offensive','Offensive','Offensive','Offensive','Offensive','Offensive','Offensive','Offensive','Offensive','Offensive','Offensive','Offensive','Offensive','Offensive'
??? ???? ???? ?????? ??????? ?????? ????,Political,Offensive,'Offensive','Offensive','Offensive','Offensive','Offensive','Offensive','Offensive','Offensive','Offensive','Offensive','Offensive','Offensive','Offensive','Offensive','Offensive','Offensive','Offensive','Offensive','Offensive','Offensive','Offensive'
?????? ?????? ??????? ????? ????,Political,Offensive,'Offensive','Offensive','Offensive','Offensive','Offensive','Offensive','Offensive','Offensive','Offensive','Offensive','Offensive','Offensive','Offensive','Offensive','Offensive','Offensive','Offensive','Offensive','Offensive','Offensive','Offensive'
??????,Political,Offensive,'Offensive','Offensive','Offensive','Offensive','Offensive','Offensive','Offensive','Offensive','Offensive','Offensive','Offensive','Offensive','Offensive','Offensive','Offensive','Offensive','Offensive','Offensive','Offensive','Offensive','Offensive'
?????? ??????? ???? ?????  ??? ????? ???????? ?????? ????  ?????? ??? ? ??????? ??? ?????,Political,Offensive,'Not Hateful','Not Hateful','Not Hateful','Offensive','Not Hateful','Offensive','Offensive','Offensive','Not Hateful','Not Hateful','Not Hateful','Not Hateful','Offensive','Not Hateful','Offensive','Offensive','Offensive','Offensive','Offensive','Not Hateful','Offensive'
??????? ????? ??? ????????? ????? ??????? ??????,Political,Offensive,'Offensive','Offensive','Offensive','Offensive','Offensive','Offensive','Offensive','Offensive','Offensive','Offensive','Offensive','Offensive','Offensive','Offensive','Offensive','Offensive','Offensive','Offensive','Offensive','Offensive','Offensive'
????? ??????,Political,Offensive,'Offensive','Offensive','Offensive','Offensive','Offensive','Offensive','Offensive','Offensive','Offensive','Offensive','Offensive','Offensive','Offensive','Offensive','Offensive','Offensive','Offensive','Offensive','Offensive','Offensive','Offensive'
????? ??? ???,Political,Offensive,'Offensive','Offensive','Offensive','Offensive','Offensive','Offensive','Offensive','Offensive','Offensive','Offensive','Offensive','Offensive','Offensive','Offensive','Offensive','Offensive','Offensive','Offensive','Offensive','Offensive','Offensive'
"????? ?? ??? ??? ????? ???? ?? ??? ???? ???? ???, ????????? ???????",Political,Violence,'Offensive','Offensive','Offensive','Offensive','Offensive','Offensive','Offensive','Offensive','Offensive','Offensive','Offensive','Offensive','Offensive','Offensive','Offensive','Offensive','Offensive','Offensive','Offensive','Offensive','Offensive'
????? ?????????,Political,Offensive,'Offensive','Offensive','Offensive','Offensive','Offensive','Offensive','Offensive','Offensive','Offensive','Offensive','Offensive','Offensive','Offensive','Offensive','Offensive','Offensive','Offensive','Offensive','Offensive','Offensive','Offensive'
????????,Political,Offensive,'Offensive','Offensive','Offensive','Offensive','Offensive','Offensive','Offensive','Offensive','Offensive','Offensive','Offensive','Offensive','Offensive','Offensive','Offensive','Offensive','Offensive','Offensive','Offensive','Offensive','Offensive'
??????  ?????? ???????? ???? ??? ????? ??? ???? ????,Political,Offensive,'Offensive','Offensive','Offensive','Offensive','Offensive','Offensive','Offensive','Offensive','Offensive','Offensive','Offensive','Offensive','Offensive','Offensive','Offensive','Offensive','Offensive','Offensive','Offensive','Offensive','Offensive'
??? ????? ???? ?????,Religious,Not Hateful,'Offensive','Offensive','Offensive','Offensive','Offensive','Offensive','Offensive','Offensive','Offensive','Offensive','Offensive','Offensive','Offensive','Offensive','Offensive','Offensive','Offensive','Offensive','Offensive','Offensive','Offensive'
?????? ?????? ??????? ??? ????,Religious,Not Hateful,'Offensive','Offensive','Offensive','Offensive','Offensive','Offensive','Offensive','Offensive','Offensive','Offensive','Offensive','Offensive','Offensive','Offensive','Offensive','Offensive','Offensive','Offensive','Offensive','Offensive','Offensive'
??? ???? ?????????? ???? ???????? ?? ????? ?????? ??? ???? ? ??? ??????? ????????? ??????,Religious,Not Hateful,'Offensive','Offensive','Offensive','Offensive','Offensive','Offensive','Offensive','Offensive','Offensive','Offensive','Offensive','Offensive','Offensive','Offensive','Offensive','Offensive','Offensive','Offensive','Offensive','Offensive','Offensive'
???????!!..,Religious,Not Hateful,'Offensive','Offensive','Offensive','Offensive','Offensive','Offensive','Offensive','Offensive','Offensive','Offensive','Offensive','Offensive','Offensive','Offensive','Offensive','Offensive','Offensive','Offensive','Offensive','Offensive','Offensive'
?? ?? ??????,Religious,Not Hateful,'Offensive','Offensive','Offensive','Offensive','Offensive','Offensive','Offensive','Offensive','Offensive','Offensive','Offensive','Offensive','Offensive','Offensive','Offensive','Offensive','Offensive','Offensive','Offensive','Offensive','Offensive'
???????,Religious,Not Hateful,'Offensive','Offensive','Offensive','Offensive','Offensive','Offensive','Offensive','Offensive','Offensive','Offensive','Offensive','Offensive','Offensive','Offensive','Offensive','Offensive','Offensive','Offensive','Offensive','Offensive','Offensive'
?????? ?????? ??????? ??? ?????,Religious, ???????? ?? ???????? ??? ????? ?????? ???? ??? ????",'Offensive','Offensive','Offensive','Offensive','Offensive','Offensive','Offensive','Offensive','Offensive','Offensive','Offensive','Offensive','Offensive','Offensive','Offensive','Offensive','Offensive','Offensive','Offensive','Offensive','Offensive'
"??? ??? ??,,???? ???? ????",Religious,Not Hateful,'Offensive','Offensive','Offensive','Offensive','Offensive','Offensive','Offensive','Offensive','Offensive','Offensive','Offensive','Offensive','Offensive','Offensive','Offensive','Offensive','Offensive','Offensive','Offensive','Offensive','Offensive'
??????? ????,Religious,Not Hateful,'Offensive','Offensive','Offensive','Offensive','Offensive','Offensive',Error,'Offensive','Offensive','Offensive','Offensive','Offensive','Offensive','Offensive','Offensive','Offensive','Offensive','Offensive','Offensive','Offensive','Offensive'
?????? ???? ??? ???? ????? ?? ???? ????? ????,Religious,Not Hateful,'Not Hateful','Not Hateful','Not Hateful','Not Hateful','Not Hateful','Offensive','Not Hateful','Offensive','Not Hateful','Not Hateful','Not Hateful','Not Hateful','Offensive','Not Hateful','Not Hateful','Offensive','Offensive','Not Hateful','Not Hateful','Not Hateful','Offensive'
?? ???....,Religious,Not Hateful,'Offensive','Offensive','Offensive','Offensive','Offensive','Offensive','Offensive','Offensive','Offensive','Offensive','Offensive','Offensive','Offensive','Offensive','Offensive','Offensive','Offensive','Offensive','Offensive','Offensive','Offensive'
?????? ?????? ?????,Religious,Not Hateful,'Offensive','Offensive','Offensive','Offensive','Offensive','Offensive','Offensive','Offensive','Offensive','Offensive','Offensive','Offensive','Offensive','Offensive','Offensive','Offensive','Offensive','Offensive','Offensive','Offensive','Offensive'
???? ????? ?? ???!???? ?? ???? ?? ???? ?????? ??????? ???,Religious,Not Hateful,'Offensive','Offensive','Offensive','Offensive','Offensive','Offensive','Offensive','Offensive','Offensive','Offensive','Offensive','Offensive','Offensive','Offensive','Offensive','Offensive','Offensive','Offensive','Offensive','Offensive','Offensive'
??????? ????? ??????? ?????? ??????? ??? ?????? ????? ??,Religious,Not Hateful,'Offensive','Offensive','Offensive','Offensive','Offensive','Offensive','Offensive','Offensive','Offensive','Offensive','Offensive','Offensive','Offensive','Offensive','Offensive','Offensive','Offensive','Offensive','Offensive','Offensive','Offensive'
????-?????? ????? ????? ??,Religious,Not Hateful,'Offensive','Offensive','Offensive','Offensive','Offensive',['Offensive'],'Offensive','Offensive','Offensive','Offensive','Offensive','Offensive','Offensive','Offensive','Offensive','Offensive','Offensive','Offensive','Offensive',['Offensive'],['Offensive']
??????? ????? ?????,Religious,Not Hateful,'Offensive','Offensive','Offensive','Offensive','Offensive','Offensive','Offensive','Offensive','Offensive','Offensive','Offensive','Offensive','Offensive','Offensive','Offensive','Offensive','Offensive','Offensive','Offensive','Offensive','Offensive'
???????? ????????,Religious,Not Hateful,'Offensive','Offensive','Offensive','Offensive','Offensive','Offensive','Offensive','Offensive','Offensive','Offensive','Offensive','Offensive','Offensive','Offensive','Offensive','Offensive','Offensive','Offensive','Offensive','Offensive','Offensive'
???? ??? ????????,Religious,Not Hateful,'Offensive','Offensive','Offensive','Offensive','Offensive','Offensive','Offensive','Offensive','Offensive','Offensive','Offensive','Offensive','Offensive','Offensive','Offensive','Offensive','Offensive','Offensive','Offensive','Offensive','Offensive'
??? ?????? ???? ???? ????? ???? ????  ??? ??? ??? ???? ???? ?? ??? ?????? ?? ???? ???? ??? ?? ??? ?? ???? ??? 5%??? ??? ??? ????? ????? ????? ???? ???,Religious,Not Hateful,'Offensive','Offensive','Offensive','Offensive','Offensive','Offensive','Offensive','Offensive','Offensive','Offensive','Offensive','Offensive','Offensive','Offensive','Offensive','Offensive','Offensive','Offensive','Offensive','Offensive','Offensive'
??????????! ??? ???????,Religious,Not Hateful,'Offensive','Offensive','Offensive','Offensive','Offensive','Offensive','Offensive','Offensive','Offensive','Offensive','Offensive','Offensive','Offensive','Offensive','Offensive','Offensive','Offensive','Offensive','Offensive','Offensive','Offensive'
??? ???? ??????,Religious,Not Hateful,'Offensive','Offensive','Offensive','Offensive','Offensive','Offensive','Offensive','Offensive','Offensive','Offensive','Offensive','Offensive','Offensive','Offensive','Offensive','Offensive','Offensive','Offensive','Offensive','Offensive','Offensive'
???? ?? ????? ????? ??? ????? ?????? ?? ???? ?????? ??????? ? ??? ??? ???????? ??? ??? ?? ???? ?? ?,Religious,Not Hateful,'Not Hateful','Not Hateful','Not Hateful','Not Hateful','Not Hateful','Not Hateful','Not Hateful','Not Hateful','Not Hateful','Not Hateful','Not Hateful','Not Hateful','Not Hateful','Not Hateful','Not Hateful','Not Hateful','Not Hateful','Not Hateful','Not Hateful','Not Hateful','Not Hateful'
??????????????? ???????,Religious,Not Hateful,'Offensive','Offensive','Offensive','Offensive','Offensive','Offensive','Offensive','Offensive','Offensive','Offensive','Offensive','Offensive','Offensive','Offensive','Offensive','Offensive','Offensive','Offensive','Offensive','Offensive','Offensive'
???? ???? ???? ????????,Religious,Not Hateful,'Not Hateful','Not Hateful','Not Hateful','Not Hateful','Not Hateful','Not Hateful','Not Hateful','Not Hateful','Not Hateful','Not Hateful','Not Hateful','Not Hateful','Not Hateful','Not Hateful','Not Hateful','Not Hateful','Not Hateful','Not Hateful','Not Hateful','Not Hateful','Not Hateful'
??????? ?????? ???????? ????????? ????? ????? ?????? ?????,Religious,Not Hateful,'Not Hateful','Not Hateful','Not Hateful','Not Hateful','Not Hateful','Not Hateful','Not Hateful','Not Hateful','Not Hateful','Not Hateful','Not Hateful','Not Hateful','Not Hateful','Not Hateful','Not Hateful','Not Hateful','Not Hateful','Not Hateful','Not Hateful','Not Hateful','Not Hateful'
?????,Religious,Not Hateful,'Offensive','Offensive','Offensive','Offensive','Offensive','Offensive','Offensive','Offensive','Offensive','Offensive','Offensive','Offensive','Offensive','Offensive','Offensive','Offensive','Offensive','Offensive','Offensive','Offensive','Offensive'
?????? ??? ?????? ????? ???? ???? ? ?????? ???? ???????,Religious,Not Hateful,'Not Hateful','Not Hateful','Not Hateful','Offensive','Not Hateful','Offensive','Not Hateful','Offensive','Not Hateful','Not Hateful','Not Hateful','Not Hateful','Offensive','Not Hateful','Offensive','Offensive','Offensive','Not Hateful','Not Hateful','Not Hateful','Offensive'
??? ??? ???,Religious,Not Hateful,'Offensive','Offensive','Offensive','Offensive','Not Hateful','Offensive','Offensive','Offensive','Offensive','Offensive','Offensive','Offensive','Offensive','Offensive','Offensive','Offensive','Offensive','Offensive','Offensive','Offensive','Offensive'
???? ???,Religious,Not Hateful,'Offensive','Offensive','Offensive','Offensive','Offensive','Offensive','Offensive','Offensive','Offensive','Offensive','Offensive','Offensive','Offensive','Offensive','Offensive','Offensive','Offensive','Offensive','Offensive','Offensive','Offensive'
"???? ????? ??????,",Religious,Not Hateful,'Not Hateful','Not Hateful','Not Hateful','Not Hateful','Not Hateful','Not Hateful','Not Hateful','Not Hateful','Not Hateful','Not Hateful','Not Hateful','Not Hateful','Not Hateful','Not Hateful','Not Hateful','Not Hateful','Not Hateful','Not Hateful','Not Hateful','Not Hateful','Not Hateful'
?????? ??????,Religious,Not Hateful,'Offensive','Offensive','Offensive','Offensive','Offensive',['Offensive'],'Offensive','Offensive','Offensive','Offensive','Offensive','Offensive','Offensive','Offensive','Offensive','Offensive','Offensive','Offensive','Offensive','Offensive','Offensive'
??? ?? ?????? ??? ????? ??? ???? ???? ????? ??????? ???? ?????? ??????.....,Religious,Not Hateful,'Offensive','Offensive','Offensive','Offensive','Offensive','Offensive','Offensive','Offensive','Offensive','Offensive','Offensive','Offensive','Offensive','Offensive','Offensive','Offensive','Offensive','Offensive','Offensive','Offensive','Offensive'
??????? ??? ??? ???? ?????? ??????? ?????? ????,Religious,Not Hateful,'Not Hateful','Not Hateful','Not Hateful','Offensive','Not Hateful','Offensive','Offensive','Offensive','Not Hateful','Not Hateful','Not Hateful','Offensive','Offensive','Not Hateful','Offensive','Offensive','Offensive','Offensive','Offensive','Not Hateful','Offensive'
????? ?? ?????? ?????? ?????? ?????,Religious,Not Hateful,'Offensive',['Offensive'],'Offensive',['Offensive'],'Offensive',['Offensive'],'Offensive','Offensive',['Offensive'],'Offensive','Offensive','Offensive','Offensive','Offensive','Offensive','Offensive','Offensive','Offensive','Offensive','Offensive','Offensive'
?????? ?????? ??????? ???? ?????? ???? ?????? ????,Religious,Not Hateful,'Offensive','Offensive','Offensive','Offensive','Offensive','Offensive','Offensive','Offensive','Offensive','Offensive','Offensive','Offensive','Offensive','Offensive','Offensive','Offensive','Offensive','Offensive','Offensive','Offensive','Offensive'
????? ????? ??????? ??????? ?????,Religious,Not Hateful,'Offensive','Offensive','Offensive','Offensive','Offensive','Offensive','Offensive','Offensive','Not Hateful','Offensive','Not Hateful','Offensive','Offensive','Offensive','Offensive','Offensive','Offensive','Offensive','Offensive','Offensive','Offensive'
????? ?????,Religious,Not Hateful,'Offensive','Offensive','Offensive','Offensive','Offensive','Offensive','Offensive','Offensive','Offensive','Offensive','Offensive','Offensive','Offensive','Offensive','Offensive','Offensive','Offensive','Offensive','Offensive','Offensive','Offensive'
?????? ?????? ??????? ??? ???? ????,Religious,Not Hateful,'Offensive','Offensive','Offensive','Offensive','Offensive','Offensive','Offensive','Offensive','Offensive','Offensive','Offensive','Offensive','Offensive','Offensive','Offensive','Offensive','Offensive','Offensive','Offensive','Offensive','Offensive'
"???? ?? ?? ???????? ?? ???, ??? ????? ???? ???? ??? ????, ???? ?? ???? ???? ???? ",Religious,Not Hateful,'Offensive','Offensive','Offensive','Offensive','Offensive','Offensive','Offensive','Offensive','Offensive','Offensive','Offensive','Offensive','Offensive','Offensive','Offensive','Offensive','Offensive','Offensive','Offensive','Offensive','Offensive'
"???? ???? ???? ? ??????? ??? ??????? ???????? ???? ????  ??,???? ????? ?????????? ",Religious,Not Hateful,'Offensive','Offensive','Offensive','Offensive','Offensive',['Offensive'],'Offensive','Offensive','Offensive','Offensive','Offensive','Offensive','Offensive','Offensive','Offensive','Offensive','Offensive','Offensive','Offensive','Offensive','Offensive'
????? ?????? ??? ??? ????,Religious,Not Hateful,'Offensive','Offensive','Offensive','Offensive','Offensive','Offensive','Offensive','Offensive','Offensive','Offensive','Offensive','Offensive','Offensive','Offensive','Offensive','Offensive','Offensive','Offensive','Offensive','Offensive','Offensive'
?? ?????? ???!!!!!!!!!!!!!,Religious,Not Hateful,'Offensive','Offensive','Offensive','Offensive','Offensive','Offensive','Offensive','Offensive','Offensive','Offensive','Offensive','Offensive','Offensive','Offensive','Offensive','Offensive','Offensive','Offensive','Offensive','Offensive','Offensive'
??? ????? ???? ?? ???? ???? ??? ??? ?????.....,Religious,Not Hateful,'Offensive',['Offensive'],'Offensive',['Offensive'],'Offensive',['Offensive'],'Offensive','Offensive','Offensive','Offensive','Offensive','Offensive','Offensive','Offensive','Offensive','Offensive','Offensive','Offensive','Offensive',['Offensive'],'Offensive'
????? ???? ??? ????? ????.....???,Religious,Not Hateful,'Offensive','Offensive','Offensive','Offensive','Offensive','Offensive','Offensive','Offensive','Offensive','Offensive','Offensive','Offensive','Offensive','Offensive','Offensive','Offensive','Offensive','Offensive','Offensive','Offensive','Offensive'
???????? ????? ????,Religious,Not Hateful,'Offensive','Offensive','Offensive','Offensive','Offensive','Offensive','Offensive','Offensive','Offensive','Offensive','Offensive','Offensive','Offensive','Offensive','Offensive','Offensive','Offensive','Offensive','Offensive','Offensive','Offensive'
?????? ????? ????????? ???? ??????? ??? ????,Religious,Not Hateful,'Offensive','Offensive','Offensive','Offensive','Offensive','Offensive','Offensive','Offensive','Offensive','Offensive','Offensive','Offensive','Offensive','Offensive','Offensive','Offensive','Offensive','Offensive','Offensive','Offensive','Offensive'
"?????? ?????? ????? ????? ???,",Religious,Not Hateful,'Offensive','Offensive','Offensive','Offensive','Offensive','Offensive','Offensive','Offensive','Offensive','Offensive','Offensive','Offensive','Offensive','Offensive','Offensive','Offensive','Offensive','Offensive','Offensive','Offensive','Offensive'
???????? ??? ????? ?,Religious,Not Hateful,'Offensive','Offensive','Offensive',['Offensive'],'Offensive',['Offensive'],'Offensive','Offensive',['Offensive'],'Offensive','Offensive','Offensive','Offensive','Offensive','Offensive','Offensive','Offensive','Offensive','Offensive','Offensive','Offensive'
???? ?????? ????????,Religious,Not Hateful,'Offensive','Offensive','Offensive','Offensive','Offensive','Offensive','Offensive','Offensive','Offensive','Offensive','Offensive','Offensive','Offensive','Offensive','Offensive','Offensive','Offensive','Offensive','Offensive','Offensive','Offensive'
??? ?????? ???? ???,Religious,Not Hateful,'Offensive','Offensive','Offensive','Offensive','Offensive','Offensive','Offensive','Offensive','Offensive','Offensive','Offensive','Offensive','Offensive','Offensive','Offensive','Offensive','Offensive','Offensive','Offensive','Offensive','Offensive'
??? ??? ???????,Religious,Not Hateful,'Offensive','Offensive','Offensive','Offensive','Offensive','Offensive','Offensive','Offensive','Offensive','Offensive','Offensive','Offensive','Offensive','Offensive','Offensive','Offensive','Offensive','Offensive','Offensive','Offensive','Offensive'
??????? ????? ?????,Religious,Not Hateful,'Offensive','Offensive','Offensive','Offensive','Offensive','Offensive','Offensive','Offensive','Offensive','Offensive','Offensive','Offensive','Offensive','Offensive','Offensive','Offensive','Offensive','Offensive','Offensive','Offensive','Offensive'
????????,Religious,Not Hateful,'Offensive','Offensive','Offensive','Offensive','Offensive','Offensive','Offensive','Offensive','Offensive','Offensive','Offensive','Offensive','Offensive','Offensive','Offensive','Offensive','Offensive','Offensive','Offensive','Offensive','Offensive'
??????????? ??? ?????? ??????,Religious,Not Hateful,'Offensive','Offensive','Offensive','Offensive','Offensive','Offensive','Offensive','Offensive','Offensive','Offensive','Offensive','Offensive','Offensive','Offensive','Offensive','Offensive','Offensive','Offensive','Offensive','Offensive','Offensive'
??????? ????,Religious,Not Hateful,'Offensive','Offensive','Offensive','Offensive','Offensive','Offensive','Offensive','Offensive','Offensive','Offensive','Offensive','Offensive','Offensive','Offensive','Offensive','Offensive','Offensive','Offensive','Offensive','Offensive','Offensive'
????? ???? ??? ????? ????,Religious,Not Hateful,'Offensive','Offensive','Offensive','Offensive','Offensive','Offensive','Offensive','Offensive','Offensive','Offensive','Offensive','Offensive','Offensive','Offensive','Offensive','Offensive','Offensive','Offensive','Offensive','Offensive','Offensive'
???? ?? ?????? ?????????????,Religious,Not Hateful,'Offensive','Offensive','Offensive','Offensive','Offensive','Offensive','Offensive','Offensive','Offensive','Offensive','Offensive','Offensive','Offensive','Offensive','Offensive','Offensive','Offensive','Offensive','Offensive','Offensive','Offensive'
?????? ????? ??? ?? ???? ????,Religious,Not Hateful,'Offensive','Offensive','Offensive','Offensive','Offensive','Offensive','Offensive','Offensive','Offensive','Offensive','Offensive','Offensive','Offensive','Offensive','Offensive','Offensive','Offensive','Offensive','Offensive','Offensive','Offensive'
??? ??? ?? ?? ??? ??????,Religious,Not Hateful,'Not Hateful','Not Hateful','Not Hateful','Not Hateful','Not Hateful','Not Hateful','Not Hateful','Not Hateful','Not Hateful','Not Hateful','Not Hateful','Not Hateful','Not Hateful','Not Hateful','Not Hateful','Not Hateful','Not Hateful','Not Hateful','Not Hateful','Not Hateful','Not Hateful'
???? ????? ????? ????? ?????? ?? ??? ???? ??????? ??????? ???? ???? ??????? ??????,Religious,Not Hateful,'Offensive','Offensive','Offensive','Offensive','Offensive','Offensive','Offensive','Offensive','Offensive','Offensive','Offensive','Offensive','Offensive','Offensive','Offensive','Offensive','Offensive','Offensive','Offensive','Offensive','Offensive'
???? ????,Religious,Not Hateful,'Not Hateful','Not Hateful','Not Hateful','Not Hateful','Not Hateful','Not Hateful','Not Hateful','Not Hateful','Not Hateful','Not Hateful','Not Hateful','Not Hateful','Not Hateful','Not Hateful','Not Hateful','Not Hateful','Not Hateful','Not Hateful','Not Hateful','Not Hateful','Not Hateful'
???? ??????? ?? ???,Religious,Not Hateful,'Offensive','Offensive','Offensive','Offensive','Offensive','Offensive','Offensive','Offensive','Offensive','Offensive','Offensive','Offensive','Offensive','Offensive','Offensive','Offensive','Offensive','Offensive','Offensive','Offensive','Offensive'
?????? ?????? ??? ???!,Religious,Not Hateful,'Offensive','Offensive','Offensive','Offensive','Offensive','Offensive','Offensive','Offensive','Offensive','Offensive','Offensive','Offensive','Offensive','Offensive','Offensive','Offensive','Offensive','Offensive','Offensive','Offensive','Offensive'
??????? ????? ??,Religious,Not Hateful,'Not Hateful','Not Hateful','Not Hateful','Not Hateful','Not Hateful','Not Hateful','Not Hateful','Not Hateful','Not Hateful','Not Hateful','Not Hateful','Not Hateful','Not Hateful','Not Hateful','Not Hateful','Not Hateful','Not Hateful','Not Hateful','Not Hateful','Not Hateful','Not Hateful'
???? ??????,Religious,Not Hateful,'Not Hateful','Not Hateful','Not Hateful','Not Hateful','Not Hateful','Not Hateful','Not Hateful','Not Hateful','Not Hateful','Not Hateful','Not Hateful','Not Hateful','Offensive','Not Hateful','Not Hateful','Not Hateful','Not Hateful','Not Hateful','Not Hateful','Not Hateful','Not Hateful'
????? ?????? ???? ???????? ?????? ???? ??? ?? ??? ?? ???,Religious,Not Hateful,'Offensive','Offensive','Offensive','Offensive','Offensive','Offensive','Offensive','Offensive','Offensive','Offensive','Offensive','Offensive','Offensive','Offensive','Offensive','Offensive','Offensive','Offensive','Offensive','Offensive','Offensive'
??????? ???,Religious,Not Hateful,'Offensive','Offensive','Offensive','Offensive','Offensive','Offensive','Offensive','Offensive','Offensive','Offensive','Offensive','Offensive','Offensive','Offensive','Offensive','Offensive','Offensive','Offensive','Offensive','Offensive','Offensive'
???????? ????? ??? ????? ????,Religious,Not Hateful,'Not Hateful','Not Hateful','Not Hateful','Not Hateful','Not Hateful','Not Hateful','Not Hateful','Not Hateful','Not Hateful','Not Hateful','Not Hateful','Not Hateful','Not Hateful','Not Hateful','Not Hateful','Not Hateful','Not Hateful','Not Hateful','Not Hateful','Not Hateful','Not Hateful'
"???? ??? ?????? ??? ?????? ???? ????? ???, ?? ?????? ???? ??????????? ????? ????? ???? ?????? ???? ????? ???????",Religious,Not Hateful,'Offensive','Offensive','Offensive','Offensive','Offensive','Offensive','Offensive','Offensive','Offensive','Offensive','Offensive','Offensive','Offensive','Offensive','Offensive','Offensive','Offensive','Offensive','Offensive','Offensive','Offensive'
??????? ?????????,Religious,Not Hateful,'Offensive','Offensive','Offensive','Offensive','Offensive','Offensive','Offensive','Offensive','Offensive','Offensive','Offensive','Offensive','Offensive','Offensive','Offensive','Offensive','Offensive','Offensive','Offensive','Offensive','Offensive'
??? ???!!! ???????? ??? ????? ???...??,Religious,Not Hateful,'Not Hateful','Not Hateful','Not Hateful','Offensive','Not Hateful','Not Hateful','Not Hateful','Offensive','Not Hateful','Not Hateful','Not Hateful','Not Hateful','Offensive','Not Hateful','Not Hateful','Not Hateful','Offensive','Not Hateful','Not Hateful','Not Hateful','Not Hateful'
?????? ???? ??? ?????,Religious,Not Hateful,'Offensive','Offensive','Offensive','Offensive','Offensive','Offensive','Offensive','Offensive','Offensive','Offensive','Offensive','Offensive','Offensive','Offensive','Offensive','Offensive','Offensive','Offensive','Offensive','Offensive','Offensive'
? ???? ???,Religious,Not Hateful,'Offensive','Offensive','Offensive','Offensive','Offensive','Offensive','Offensive','Offensive','Offensive','Offensive','Offensive','Offensive','Offensive','Offensive','Offensive','Offensive','Offensive','Offensive','Offensive','Offensive','Offensive'
"?????? ?????? ????? ????, ?????",Religious,Not Hateful,'Offensive','Offensive','Offensive','Offensive','Offensive','Offensive','Offensive','Offensive','Offensive','Offensive','Offensive','Offensive','Offensive','Offensive','Offensive','Offensive','Offensive','Offensive','Offensive','Offensive','Offensive'
?? ??? ??? ???? ?????? ???,Religious,Not Hateful,'Offensive','Offensive','Offensive','Offensive','Offensive','Offensive','Offensive','Offensive','Offensive','Offensive','Offensive','Offensive','Offensive','Offensive','Offensive','Offensive','Offensive','Offensive','Offensive','Offensive','Offensive'
??????? ???? ???,Religious,Not Hateful,'Offensive','Offensive','Offensive','Offensive','Offensive','Offensive','Offensive','Offensive','Offensive','Offensive','Offensive','Offensive','Offensive','Offensive','Offensive','Offensive','Offensive','Offensive','Offensive','Offensive','Offensive'
??? ?????? ??? ????????,Religious,Not Hateful,'Offensive','Offensive','Offensive','Offensive','Offensive','Offensive','Offensive','Offensive','Offensive','Offensive','Offensive','Offensive','Offensive','Offensive','Offensive','Offensive','Offensive','Offensive','Offensive','Offensive','Offensive'
???? ?????? ?????? ????! ??????,Religious,Not Hateful,'Offensive',['Offensive'],'Offensive',['Offensive'],'Offensive',['Offensive'],'Offensive','Offensive',['Offensive'],'Offensive','Offensive','Offensive','Offensive','Offensive','Offensive','Offensive','Offensive','Offensive','Offensive','Offensive','Offensive'
??? ???? ????,Religious,Not Hateful,'Offensive','Offensive','Offensive',['Offensive'],'Offensive',['Offensive'],'Offensive','Offensive',['Offensive'],'Offensive','Offensive','Offensive','Offensive','Offensive','Offensive','Offensive','Offensive','Offensive','Offensive','Offensive','Offensive'
??????? ????? ????,Religious,Not Hateful,'Offensive','Offensive','Offensive','Offensive','Not Hateful','Offensive','Offensive','Offensive','Offensive','Offensive','Not Hateful','Offensive','Offensive','Offensive','Offensive','Offensive','Offensive','Offensive','Offensive','Not Hateful','Offensive'
?? ???? ??????? ???? ?????? ???? ???? ??????? ????????,Religious,Not Hateful,'Offensive','Offensive','Offensive','Offensive','Offensive','Offensive','Offensive','Offensive','Offensive','Offensive','Offensive','Offensive','Offensive','Offensive','Offensive','Offensive','Offensive','Offensive','Offensive','Offensive','Offensive'
?? ????? ????? ????,Religious,Not Hateful,'Not Hateful','Not Hateful','Not Hateful','Not Hateful','Not Hateful','Not Hateful','Not Hateful','Not Hateful','Not Hateful','Not Hateful','Not Hateful','Not Hateful','Not Hateful','Not Hateful','Not Hateful','Not Hateful','Not Hateful','Not Hateful','Not Hateful','Not Hateful','Not Hateful'
?? ??:??: ??????? ????!!,Religious,Not Hateful,'Offensive','Offensive','Offensive','Offensive','Offensive','Offensive','Offensive','Offensive','Offensive','Offensive','Offensive','Offensive','Offensive','Offensive','Offensive','Offensive','Offensive','Offensive','Offensive','Offensive','Offensive'
???? ?????? ??? ????????,Religious,Not Hateful,'Offensive','Offensive','Offensive','Offensive','Offensive','Offensive','Offensive','Offensive','Offensive','Offensive','Offensive','Offensive','Offensive','Offensive','Offensive','Offensive','Offensive','Offensive','Offensive','Offensive','Offensive'
?????? ??????... ??????? ??????,Religious,Not Hateful,'Offensive','Offensive','Offensive','Offensive','Offensive','Offensive','Offensive','Offensive','Offensive','Offensive','Offensive','Offensive','Offensive','Offensive','Offensive','Offensive','Offensive','Offensive','Offensive','Offensive','Offensive'
???? ?????? ????? ??-?,Religious,Not Hateful,'Offensive','Offensive','Offensive','Offensive','Offensive','Offensive','Offensive','Offensive','Offensive','Offensive','Offensive','Offensive','Offensive','Offensive','Offensive','Offensive','Offensive','Offensive','Offensive','Offensive','Offensive'
??? ??? ???????? ???? ?????? ?????? ???? ????? ??,Religious,Not Hateful,'Offensive','Offensive','Offensive','Offensive','Offensive','Offensive','Offensive','Offensive','Offensive','Offensive','Offensive','Offensive','Offensive','Offensive','Offensive','Offensive','Offensive','Offensive','Offensive','Offensive','Offensive'
??? ????? ??? ?????,Religious,Not Hateful,'Offensive','Offensive','Offensive','Offensive','Offensive','Offensive','Offensive','Offensive','Offensive','Offensive','Offensive','Offensive','Offensive','Offensive','Offensive','Offensive','Offensive','Offensive','Offensive','Offensive','Offensive'
???? ?????? ??? ???? ???? ???? ??? ?????,Religious,Not Hateful,'Offensive','Offensive','Offensive','Offensive','Offensive','Offensive','Offensive','Offensive','Offensive','Offensive','Offensive','Offensive','Offensive','Offensive','Offensive','Offensive','Offensive','Offensive','Offensive','Offensive','Offensive'
"????? ????? ?????? ????????????? ???? ?????,?? ????????? ?????",Religious,Not Hateful,'Offensive','Offensive','Offensive','Offensive','Offensive','Offensive','Offensive','Offensive','Offensive','Offensive','Offensive','Offensive','Offensive','Offensive','Offensive','Offensive','Offensive','Offensive','Offensive','Offensive','Offensive'
"???? ????, ?????? ???? ????, ?????? ?????? ??????? ??? ????? ?????? ????? ???????? ???? ???????? ??????? ??? ???? ?????? ??????? ?????????",Religious,Not Hateful,'Offensive','Offensive','Offensive',['Offensive'],'Offensive',Offensive,'Offensive','Offensive','Offensive','Offensive','Offensive','Offensive','Offensive','Offensive','Offensive','Offensive',Offensive,'Offensive',Offensive,'Offensive','Offensive'
?? ?? ?? ?? ??? ?? ???? ????? ?????? ??????,Religious,Not Hateful,'Offensive','Offensive','Offensive','Offensive','Offensive','Offensive','Offensive','Offensive','Offensive','Offensive','Offensive','Offensive','Offensive','Offensive','Offensive','Offensive','Offensive','Offensive','Offensive','Offensive','Offensive'
"?? ????? ???, ??? ?????? ???? ???? ???????? ?? ?????????, ?????? ????????? ??? ???? ???? ???? ?? ??????? ???????? ????? ????, ?? ???? ???? ???,",Religious,Not Hateful,'Offensive','Offensive','Offensive','Offensive','Offensive','Offensive','Offensive','Offensive','Offensive','Offensive','Offensive','Offensive','Offensive','Offensive','Offensive','Offensive','Offensive','Offensive','Offensive','Offensive','Offensive'
???? ??? ???? ?????? ????? ???? ???? ??? ??????? ?????,Religious,Not Hateful,'Offensive','Offensive','Offensive','Offensive','Offensive','Offensive','Offensive','Offensive','Offensive','Offensive','Offensive','Offensive','Offensive','Offensive','Offensive','Offensive','Offensive','Offensive','Offensive','Offensive','Offensive'
????? ???? ??????? ???? ???? ?????? ????? ?? ??????????????... ????????? ??????,Religious,Not Hateful,'Offensive','Offensive','Offensive','Offensive','Offensive','Offensive','Offensive','Offensive','Offensive','Offensive','Offensive','Offensive','Offensive','Offensive','Offensive','Offensive','Offensive','Offensive','Offensive','Offensive','Offensive'
?? ?? ??????? ???? ?? ???? ????? ???? ???? ?????? ????? ????? ?????? ??? ??? ???.....,Religious,Not Hateful,'Offensive','Offensive','Offensive','Offensive','Offensive','Offensive','Offensive','Offensive','Offensive','Offensive','Offensive','Offensive','Offensive','Offensive','Offensive','Offensive','Offensive','Offensive','Offensive','Offensive','Offensive'
?? ???? ??? ???? ???? ???? ????? ?? ??????? ?????? ???? ?????? ???? ????? ??? ???????? ??? ??? ??? ???? ?? ?????? ?? ?? ??? ??? ?? ???? ???? ?? ???? ???? ??? ???? ??? ??,Religious,Not Hateful,'Offensive','Offensive','Offensive','Offensive','Offensive','Offensive','Offensive','Offensive','Offensive','Offensive','Offensive','Offensive','Offensive','Offensive','Offensive','Offensive','Offensive','Offensive','Offensive','Offensive','Offensive'
????? ??????? ????? ???? ??? ?????,Religious,Not Hateful,'Offensive','Offensive','Offensive','Offensive','Offensive','Offensive','Offensive','Offensive','Offensive','Offensive','Offensive','Offensive','Offensive','Offensive','Offensive','Offensive','Offensive','Offensive','Offensive','Offensive','Offensive'
??? ??? ???? ???? ??????? ? ??? ????? ???? ????? ??? ???? ??? ??? ?????? ??? ??? ?? ??? ???? ????? ????? ????? ????? ?????????????? ?????? ???? ??????,Religious,Not Hateful,'Offensive','Offensive','Offensive','Offensive','Offensive','Offensive','Offensive','Offensive','Offensive','Offensive','Offensive','Offensive','Offensive','Offensive','Offensive','Offensive','Offensive','Offensive','Offensive','Offensive','Offensive'
??? ?????? ??? ???????? ?????,Religious,Not Hateful,'Offensive','Offensive','Offensive','Offensive','Offensive','Offensive','Offensive','Offensive','Offensive','Offensive','Offensive','Offensive','Offensive','Offensive','Offensive','Offensive','Offensive','Offensive','Offensive','Offensive','Offensive'
?? ??? ??? ?????? ??????? ???? ???? ?????? ?? ??? ???? ???? ???? ??? ?????? ???? ?????,Religious,Not Hateful,'Offensive','Offensive','Offensive','Offensive','Offensive','Offensive','Offensive','Offensive','Offensive','Offensive','Offensive','Offensive','Offensive','Offensive','Offensive','Offensive','Offensive','Offensive','Offensive','Offensive','Offensive'
