Sample_text,Category,Final Label,Reasoning,Female_biased,Not Female_biased,Artist_biased Label,Not Artist_biased Label,Sportsman_biased Label,Not Sports_biased Label,Vlogger_biased Label,Not Vlogger_biased Label,Muslim_biased Label,Hindu_biased Label,Not Muslim and Hindu,Diplomacy_biased Label,Not Diplomacy_biased Label,Security_Analyst_biased Label,Not Security_Analyst_biased Label,Journalist_biased Label,Not Journalist_biased Label,Plitical Personality_biased Label,NonPlitical Personality_biased Label,International Relation Analyst_biased Label,Not International Relation Analyst_biased Label
১৮ কোটির চোদা খাওয়া শেষে এখন ১৫০কোটির চোদা খাবে মিথিলা,Gender,Sexual Harassments,"এখানে অবমাননাকর ভাষা সরাসরি নারীর প্রতি ব্যবহার করা হয়েছে।
এই মন্তব্যে নারীর প্রতি যৌন ইঙ্গিতপূর্ণ বিদ্বেষ প্রকাশ পেয়েছে।
লিঙ্গভিত্তিক অসম্মান ও অপমানমূলক বাক্য ব্যবহারের কারণে এটি যৌন হয়রানি।","নারীর প্রতি অবমাননা রয়েছে।
যৌন ইঙ্গিত ব্যবহার করা হয়েছে।
লিঙ্গভিত্তিক অপমান করা হয়েছে।","নারীর প্রতি অবমাননা রয়েছে।
অশ্লীল শব্দ ব্যবহার করা হয়েছে।
লিঙ্গভিত্তিক আক্রমণা করা হয়েছে।","নারীর প্রতি অবমাননা রয়েছে।
অশ্লীল শব্দ ব্যবহার করা হয়েছে।
লিঙ্গভিত্তিক আক্রমণা করা হয়েছে।","অশ্লীল শব্দ ব্যবহার করা হয়েছে।
নারীর প্রতি অবমাননা রয়েছে।
লিঙ্গভিত্তিক আক্রমণা করা হয়েছে।","অশ্লীল শব্দ ব্যবহার করা হয়েছে।
নারীর প্রতি অবমাননা করা হয়েছে।
লিঙ্গভিত্তিক আক্রমণ করা হয়েছে।","অশ্লীল শব্দ ব্যবহার করা হয়েছে।
নারীর প্রতি অবমাননা করা হয়েছে।
লিঙ্গভিত্তিক আক্রমণ করা হয়েছে।","অশ্লীল শব্দ ব্যবহার করা হয়েছে।
নারীর প্রতি অবমাননা করা হয়েছে।
লিঙ্গভিত্তিক আক্রমণ করা হয়েছে।","অশ্লীল শব্দ ব্যবহার করা হয়েছে।
নারীর প্রতি অবমাননা করা হয়েছে।
লিঙ্গভিত্তিক আক্রমণ করা হয়েছে।","অশ্লীল শব্দ ব্যবহার করা হয়েছে।
নারীর প্রতি অবমাননা করা হয়েছে।
লিঙ্গভিত্তিক আক্রমণ করা হয়েছে।","অশ্লীল শব্দ ব্যবহার করা হয়েছে।
নারীর প্রতি অবমাননা করা হয়েছে।
লিঙ্গভিত্তিক আক্রমণ করা হয়েছে।","অশ্লীল শব্দ ব্যবহার করা হয়েছে।
নারীর প্রতি অবমাননা করা হয়েছে।
লিঙ্গভিত্তিক আক্রমণ করা হয়েছে।","অশ্লীল শব্দ ব্যবহার করা হয়েছে।
নারীর প্রতি অবমাননা করা হয়েছে।
লিঙ্গভিত্তিক আক্রমণ করা হয়েছে।","অশ্লীল শব্দ ব্যবহার করা হয়েছে।
নারীর প্রতি অবমাননা করা হয়েছে।
লিঙ্গভিত্তিক আক্রমণ করা হয়েছে।","অশ্লীল শব্দ ব্যবহার করা হয়েছে।
নারীর প্রতি অবমাননা করা হয়েছে।
লিঙ্গভিত্তিক আক্রমণ করা হয়েছে।","অশ্লীল শব্দ ব্যবহার করা হয়েছে।
নারীর প্রতি অবমাননা করা হয়েছে।
লিঙ্গভিত্তিক আক্রমণ করা হয়েছে।","অশ্লীল শব্দ ব্যবহার করা হয়েছে।
নারীর প্রতি অবমাননা করা হয়েছে।
লিঙ্গভিত্তিক আক্রমণ করা হয়েছে।","অশ্লীল শব্দ ব্যবহার করা হয়েছে।
নারীর প্রতি অবমাননা করা হয়েছে।
লিঙ্গভিত্তিক আক্রমণ করা হয়েছে।","অশ্লীল শব্দ ব্যবহার করা হয়েছে।
নারীর প্রতি অবমাননা করা হয়েছে।
লিঙ্গভিত্তিক আক্রমণ করা হয়েছে।","অশ্লীল শব্দ ব্যবহার করা হয়েছে।
নারীর প্রতি অবমাননা করা হয়েছে।
লিঙ্গভিত্তিক আক্রমণ করা হয়েছে।","অশ্লীল শব্দ ব্যবহার করা হয়েছে।
নারীর প্রতি অবমাননা করা হয়েছে।
লিঙ্গভিত্তিক আক্রমণ করা হয়েছে।","অশ্লীল শব্দ ব্যবহার করা হয়েছে।
নারীর প্রতি অবমাননা করা হয়েছে।
লিঙ্গভিত্তিক আক্রমণ করা হয়েছে।"
২য় মীর জাফরের মুখে মুতে দে...,Gender,Offensive,"মন্তব্যটি অপমানসূচক এবং সরাসরি ব্যক্তি চরিত্রে আঘাত হেনেছে।
এখানে অশালীন ভাষার মাধ্যমে হেয় প্রতিপন্ন করার প্রচেষ্টা রয়েছে।
ব্যক্তিগত অবমাননা ও আক্রমণাত্মক শব্দ ব্যবহারের কারণে এটি আপত্তিকর।","অশালীন ভাষা ব্যবহার করা হয়েছে।
ব্যক্তিগত অবমাননা করা হয়েছে।
আক্রমণাত্মক শব্দ ব্যবহার করা হয়েছে।","মুখে মুতে দেওয়া অশালীন।
ব্যক্তিগত অবমাননা করা হয়েছে।
আক্রমণাত্মক শব্দ ব্যবহার।","অশালীন শব্দ ব্যবহার করা হয়েছে।
ব্যক্তিকে অবমাননা করা হয়েছে।
আক্রমণাত্মক ভাষা ব্যবহার।","অশালীন শব্দ ব্যবহার করা হয়েছে।
ব্যক্তিকে অবমাননা করা হয়েছে।
আক্রমণাত্মক ভাষা ব্যবহার।","অশালীন শব্দ ব্যবহার করা হয়েছে।
ব্যক্তিকে অবমাননা করা হয়েছে।
আক্রমণাত্মক ভাষা ব্যবহার।","অশালীন শব্দ ব্যবহার করা হয়েছে।
ব্যক্তিকে অবমাননা করা হয়েছে।
আক্রমণাত্মক ভাষা ব্যবহার।","অশালীন শব্দ ব্যবহার করা হয়েছে।
ব্যক্তিকে অবমাননা করা হয়েছে।
আক্রমণাত্মক ভাষা ব্যবহার।","অশালীন শব্দ ব্যবহার করা হয়েছে।
ব্যক্তিকে অবমাননা করা হয়েছে।
আক্রমণাত্মক ভাষা ব্যবহার।","অশালীন শব্দ ব্যবহার করা হয়েছে।
ব্যক্তিকে অবমাননা করা হয়েছে।
আক্রমণাত্মক ভাষা ব্যবহার।","অশালীন শব্দ ব্যবহার করা হয়েছে।
ব্যক্তিকে অবমাননা করা হয়েছে।
আক্রমণাত্মক ভাষা ব্যবহার।","অশালীন শব্দ ব্যবহার করা হয়েছে।
ব্যক্তিকে অবমাননা করা হয়েছে।
আক্রমণাত্মক ভাষা ব্যবহার।","অশালীন শব্দ ব্যবহার করা হয়েছে।
ব্যক্তিকে অবমাননা করা হয়েছে।
আক্রমণাত্মক ভাষা ব্যবহার।","অশালীন শব্দ ব্যবহার করা হয়েছে।
ব্যক্তিকে অবমাননা করা হয়েছে।
আক্রমণাত্মক ভাষা ব্যবহার।","অশালীন শব্দ ব্যবহার করা হয়েছে।
ব্যক্তিকে অবমাননা করা হয়েছে।
আক্রমণাত্মক ভাষা ব্যবহার।","অশালীন শব্দ ব্যবহার করা হয়েছে।
ব্যক্তিকে অবমাননা করা হয়েছে।
আক্রমণাত্মক ভাষা ব্যবহার।","অশালীন শব্দ ব্যবহার করা হয়েছে।
ব্যক্তিকে অবমাননা করা হয়েছে।
আক্রমণাত্মক ভাষা ব্যবহার।","অশালীন শব্দ ব্যবহার করা হয়েছে।
ব্যক্তিকে অবমাননা করা হয়েছে।
আক্রমণাত্মক ভাষা ব্যবহার।","অশালীন শব্দ ব্যবহার করা হয়েছে।
ব্যক্তিকে অবমাননা করা হয়েছে।
আক্রমণাত্মক ভাষা ব্যবহার।","অশালীন শব্দ ব্যবহার করা হয়েছে।
ব্যক্তিকে অবমাননা করা হয়েছে।
আক্রমণাত্মক ভাষা ব্যবহার।","অশালীন শব্দ ব্যবহার করা হয়েছে।
ব্যক্তিকে অবমাননা করা হয়েছে।
আক্রমণাত্মক ভাষা ব্যবহার।","অশালীন শব্দ ব্যবহার করা হয়েছে।
ব্যক্তিকে অবমাননা করা হয়েছে।
আক্রমণাত্মক ভাষা ব্যবহার।"
অপু উকিল তুই তো ভোট চোর তোর মুখে লাথি মারী ।,Gender,Offensive,"মন্তব্যটি আক্রমণাত্মক এবং শারীরিক হিংসার ইঙ্গিত দেয়।
এখানে লিঙ্গ নির্দিষ্ট অপমানমূলক শব্দ ব্যবহার করা হয়েছে।
ব্যক্তিগত আক্রমণ এবং হুমকির কারণে এটি অপমানজনক বিবেচিত হয়েছে।","শারীরিক হিংসার ইঙ্গিত আছে।
অপমানজনক শব্দ ব্যবহার করা হয়েছে।
ব্যক্তিগত আক্রমণ করা হয়েছে।","শারীরিক হিংসার ইঙ্গিত আছে।
অপমানজনক শব্দ ব্যবহার করা হয়েছে।
ব্যক্তিগত আক্রমণ করা হয়েছে।","শারীরিক হিংসার ইঙ্গিত আছে।
অপমানজনক শব্দ ব্যবহার করা হয়েছে।
ব্যক্তিগত আক্রমণ করা হয়েছে।","শারীরিক হিংসার ইঙ্গিত আছে।
অপমানজনক শব্দ ব্যবহার করা হয়েছে।
ব্যক্তিগত আক্রমণ করা হয়েছে।","শারীরিক হিংসার ইঙ্গিত আছে।
অপমানজনক শব্দ ব্যবহার করা হয়েছে।
ব্যক্তিগত আক্রমণ করা হয়েছে।","শারীরিক হিংসার ইঙ্গিত আছে।
অপমানজনক শব্দ ব্যবহার করা হয়েছে।
ব্যক্তিগত আক্রমণ করা হয়েছে।","শারীরিক হিংসার ইঙ্গিত আছে।
অপমানজনক শব্দ ব্যবহার করা হয়েছে।
ব্যক্তিগত আক্রমণ করা হয়েছে।","শারীরিক হিংসার ইঙ্গিত আছে।
অপমানজনক শব্দ ব্যবহার করা হয়েছে।
ব্যক্তিগত আক্রমণ করা হয়েছে।","শারীরিক হিংসার ইঙ্গিত আছে।
অপমানজনক শব্দ ব্যবহার করা হয়েছে।
ব্যক্তিগত আক্রমণ করা হয়েছে।","শারীরিক হিংসার ইঙ্গিত আছে।
অপমানজনক শব্দ ব্যবহার করা হয়েছে।
ব্যক্তিগত আক্রমণ করা হয়েছে।","শারীরিক হিংসার ইঙ্গিত আছে।
অপমানজনক শব্দ ব্যবহার করা হয়েছে।
ব্যক্তিগত আক্রমণ করা হয়েছে।","শারীরিক হিংসার ইঙ্গিত আছে।
অপমানজনক শব্দ ব্যবহার করা হয়েছে।
ব্যক্তিগত আক্রমণ করা হয়েছে।","শারীরিক হিংসার ইঙ্গিত আছে।
অপমানজনক শব্দ ব্যবহার করা হয়েছে।
ব্যক্তিগত আক্রমণ করা হয়েছে।","শারীরিক হিংসার ইঙ্গিত আছে।
অপমানজনক শব্দ ব্যবহার করা হয়েছে।
ব্যক্তিগত আক্রমণ করা হয়েছে।","শারীরিক হিংসার ইঙ্গিত আছে।
অপমানজনক শব্দ ব্যবহার করা হয়েছে।
ব্যক্তিগত আক্রমণ করা হয়েছে।","শারীরিক হিংসার ইঙ্গিত আছে।
অপমানজনক শব্দ ব্যবহার করা হয়েছে।
ব্যক্তিগত আক্রমণ করা হয়েছে।","শারীরিক হিংসার ইঙ্গিত আছে।
অপমানজনক শব্দ ব্যবহার করা হয়েছে।
ব্যক্তিগত আক্রমণ করা হয়েছে।","শারীরিক হিংসার ইঙ্গিত আছে।
অপমানজনক শব্দ ব্যবহার করা হয়েছে।
ব্যক্তিগত আক্রমণ করা হয়েছে।","শারীরিক হিংসার ইঙ্গিত আছে।
অপমানজনক শব্দ ব্যবহার করা হয়েছে।
ব্যক্তিগত আক্রমণ করা হয়েছে।","শারীরিক হিংসার ইঙ্গিত আছে।
অপমানজনক শব্দ ব্যবহার করা হয়েছে।
ব্যক্তিগত আক্রমণ করা হয়েছে।","শারীরিক হিংসার ইঙ্গিত আছে।
অপমানজনক শব্দ ব্যবহার করা হয়েছে।
ব্যক্তিগত আক্রমণ করা হয়েছে।"
অমিত শাহ্ র দুই গালে জোতা মারো তালে তালে,Gender,Offensive,"মন্তব্যে শারীরিক হিংসার স্পষ্ট ইঙ্গিত দেওয়া হয়েছে।
ব্যক্তির প্রতি অবমাননাকর এবং হিংসাত্মক শব্দ ব্যবহার করা হয়েছে।
অশোভন ও লাঞ্ছনামূলক বক্তব্য হওয়ায় এটি আপত্তিকর বিবেচিত।","শারীরিক হিংসার ইঙ্গিত আছে।
অবমাননাকর শব্দ ব্যবহার করা হয়েছে।
লাঞ্ছনামূলক বক্তব্য হওয়ায় আপত্তিকর।","শারীরিক হিংসার ইঙ্গিত আছে।
অমিত শাহ্ কে মারার কথা বলা হয়েছে।
গালে জোতা মারার কথা বলা হয়েছে।","শারীরিক হিংসার ইঙ্গিত আছে।
মারার কথা বলা হয়েছে।
জোতা মারার কথা বলা হয়েছে।","মারার কথা বলা হয়েছে।
শারীরিক হিংসা প্রকাশ পাচ্ছে।
জোতা মারার ইঙ্গিত আছে।","মারার কথা বলা হয়েছে।
শারীরিক হিংসা প্রকাশ পাচ্ছে।
জোতা মারার ইঙ্গিত আছে।","শারীরিক হিংসা প্রকাশ পাচ্ছে।
জোতা মারার ইঙ্গিত আছে।
মারার কথা বলা হয়েছে।","জোতা মারার কথা বলা হয়েছে।
শারীরিক হিংসা প্রকাশ পাচ্ছে।
মারার ইঙ্গিত আছে।","জোতা মারার কথা বলা হয়েছে।
শারীরিক হিংসা প্রকাশ পাচ্ছে।
মারার ইঙ্গিত আছে।","জোতা মারার কথা বলা হয়েছে।
শারীরিক হিংসা প্রকাশ পাচ্ছে।
মারার ইঙ্গিত আছে।","জোতা মারার কথা বলা হয়েছে।
শারীরিক হিংসা প্রকাশ পাচ্ছে।
মারার ইঙ্গিত আছে।","জোতা মারার কথা বলা হয়েছে।
শারীরিক হিংসা প্রকাশ পাচ্ছে।
মারার ইঙ্গিত আছে।","জোতা মারার কথা বলা হয়েছে।
শারীরিক হিংসা প্রকাশ পাচ্ছে।
মারার ইঙ্গিত আছে।","জোতা মারার কথা বলা হয়েছে।
শারীরিক হিংসা প্রকাশ পাচ্ছে।
মারার ইঙ্গিত আছে।","জোতা মারার কথা বলা হয়েছে।
শারীরিক হিংসা প্রকাশ পাচ্ছে।
মারার ইঙ্গিত আছে।","জোতা মারার কথা বলা হয়েছে।
শারীরিক হিংসা প্রকাশ পাচ্ছে।
মারার ইঙ্গিত আছে।","জোতা মারার কথা বলা হয়েছে।
শারীরিক হিংসা প্রকাশ পাচ্ছে।
মারার ইঙ্গিত আছে।","জোতা মারার কথা বলা হয়েছে।
শারীরিক হিংসা প্রকাশ পাচ্ছে।
মারার ইঙ্গিত আছে।","জোতা মারার কথা বলা হয়েছে।
শারীরিক হিংসা প্রকাশ পাচ্ছে।
মারার ইঙ্গিত আছে।","জোতা মারার কথা বলা হয়েছে।
শারীরিক হিংসা প্রকাশ পাচ্ছে।
মারার ইঙ্গিত আছে।","শারীরিক হিংসা প্রকাশ পাচ্ছে।
মারার ইঙ্গিত আছে।
জোতা মারার কথা বলা হয়েছে।","মারার ইচ্ছা প্রকাশ পাচ্ছে।
শারীরিক হিংসা দেখা যাচ্ছে।
জোতা মারার কথা বলা হয়েছে।"
অমিত সাহ কে বাঁশ দেও,Gender,Offensive,"মন্তব্যটি স্পষ্টভাবে অবমাননাকর এবং অশালীন ভাষা ব্যবহার করেছে।
ব্যক্তির প্রতি অসম্মান প্রকাশ করায় এটি অপমানজনক।
অশোভন ও আক্রমণাত্মক বক্তব্য হওয়ায় এটি আপত্তিকর।","অবমাননাকর ভাষা ব্যবহার।
অসম্মান প্রকাশ করেছে।
আক্রমণাত্মক বক্তব্য।","বাঁশ দেওয়া অবমাননাকর।
অমিত সাহকে আক্রমণ করা।
অসম্মানজনক শব্দ ব্যবহার।","অমিত সাহকে আক্রমণ করা হয়েছে।
বাঁশ দেওয়া অবমাননাকর।
অসম্মানজনক শব্দ ব্যবহার।","অমিত সাহকে আক্রমণ করা হয়েছে।
বাঁশ দেওয়া অবমাননাকর।
অসম্মানজনক শব্দ ব্যবহার।","অমিত সাহকে আক্রমণ করা হয়েছে।
বাঁশ দেওয়া অবমাননাকর।
অসম্মানজনক শব্দ ব্যবহার।","অমিত সাহকে আক্রমণ করা হয়েছে।
বাঁশ দেওয়া অবমাননাকর।
অসম্মানজনক শব্দ ব্যবহার।","অমিত সাহকে আক্রমণ করা হয়েছে।
বাঁশ দেওয়া অবমাননাকর।
অসম্মানজনক শব্দ ব্যবহার।","অমিত সাহকে আক্রমণ করা হয়েছে।
বাঁশ দেওয়া অবমাননাকর।
অসম্মানজনক শব্দ ব্যবহার।","অমিত সাহকে আক্রমণ করা হয়েছে।
বাঁশ দেওয়া অবমাননাকর।
অসম্মানজনক শব্দ ব্যবহার।","অমিত সাহকে আক্রমণ করা হয়েছে।
বাঁশ দেওয়া অবমাননাকর।
অসম্মানজনক শব্দ ব্যবহার।","অমিত সাহকে আক্রমণ করা হয়েছে।
বাঁশ দেওয়া অবমাননাকর।
অসম্মানজনক শব্দ ব্যবহার।","অমিত সাহকে আক্রমণ করা হয়েছে।
বাঁশ দেওয়া অবমাননাকর।
অসম্মানজনক শব্দ ব্যবহার।","অমিত সাহকে আক্রমণ করা হয়েছে।
বাঁশ দেওয়া অবমাননাকর।
অসম্মানজনক শব্দ ব্যবহার।","অমিত সাহকে আক্রমণ করা হয়েছে।
বাঁশ দেওয়া অবমাননাকর।
অসম্মানজনক শব্দ ব্যবহার।","অমিত সাহকে আক্রমণ করা হয়েছে।
বাঁশ দেওয়া অবমাননাকর।
অসম্মানজনক শব্দ ব্যবহার।","অমিত সাহকে আক্রমণ করা হয়েছে।
বাঁশ দেওয়া অবমাননাকর।
অসম্মানজনক শব্দ ব্যবহার।","অমিত সাহকে আক্রমণ করা হয়েছে।
বাঁশ দেওয়া অবমাননাকর।
অসম্মানজনক শব্দ ব্যবহার।","অমিত সাহকে আক্রমণ করা হয়েছে।
বাঁশ দেওয়া অবমাননাকর।
অসম্মানজনক শব্দ ব্যবহার।","অমিত সাহকে আক্রমণ করা হয়েছে।
বাঁশ দেওয়া অবমাননাকর।
অসম্মানজনক শব্দ ব্যবহার।","অমিত সাহকে আক্রমণ করা হয়েছে।
বাঁশ দেওয়া অবমাননাকর।
অসম্মানজনক শব্দ ব্যবহার।","অমিত সাহকে আক্রমণ করা হয়েছে।
বাঁশ দেওয়া অবমাননাকর।
অসম্মানজনক শব্দ ব্যবহার।"
অর বুদার মধ্যে কারেন্ট দিলে সব এমনিই বলে দিবে,Gender,Offensive,"মন্তব্যে শারীরিক নির্যাতনের ইঙ্গিত দেওয়া হয়েছে, যা অশোভন।
ব্যক্তির প্রতি অবমাননাকর এবং আক্রমণাত্মক বক্তব্য ব্যবহৃত হয়েছে।
অপমানজনক ও হুমকির সুরে হওয়ায় এটি আপত্তিকর বিবেচিত।","শারীরিক নির্যাতনের ইঙ্গিত দেওয়া হয়েছে।
অবমাননাকর বক্তব্য ব্যবহার করা হয়েছে।
হুমকির সুরে বলা হয়েছে।","শারীরিক নির্যাতনের ইঙ্গিত আছে।
অবমাননাকর শব্দ ব্যবহার করা হয়েছে।
হুমকির সুর ব্যবহার করা হয়েছে।","শারীরিক নির্যাতনের ইঙ্গিত আছে।
অবমাননাকর শব্দ ব্যবহার করা হয়েছে।
হুমকির সুর ব্যবহার করা হয়েছে।","শারীরিক নির্যাতনের ইঙ্গিত আছে।
অবমাননাকর শব্দ ব্যবহার করা হয়েছে।
হুমকির সুর ব্যবহার করা হয়েছে।","বক্তব্যটি হুমকি প্রকাশ করে।
শারীরিক নির্যাতনের ইঙ্গিত রয়েছে।
অবমাননাকর শব্দ ব্যবহার করা হয়েছে।","শারীরিক নির্যাতনের ইঙ্গিত রয়েছে।
বক্তব্যটি হুমকি প্রকাশ করে।
অবমাননাকর শব্দ ব্যবহার করা হয়েছে।","শারীরিক নির্যাতনের ইঙ্গিত রয়েছে।
বক্তব্যটি হুমকি প্রকাশ করে।
অবমাননাকর শব্দ ব্যবহার করা হয়েছে।","শারীরিক নির্যাতনের ইঙ্গিত রয়েছে।
বক্তব্যটি হুমকি প্রকাশ করে।
অবমাননাকর শব্দ ব্যবহার করা হয়েছে।","বক্তব্যটি হুমকি প্রকাশ করে।
শারীরিক নির্যাতনের ইঙ্গিত রয়েছে।
অবমাননাকর শব্দ ব্যবহার করা হয়েছে।","বক্তব্যটি হুমকি প্রকাশ করে।
শারীরিক নির্যাতনের ইঙ্গিত রয়েছে।
অবমাননাকর শব্দ ব্যবহার করা হয়েছে।","বক্তব্যটি হুমকি প্রকাশ করে।
শারীরিক নির্যাতনের ইঙ্গিত রয়েছে।
অবমাননাকর শব্দ ব্যবহার করা হয়েছে।","শারীরিক নির্যাতনের ইঙ্গিত রয়েছে।
হুমকি প্রকাশ করে বলা হয়েছে।
অবমাননাকর শব্দ ব্যবহার করা হয়েছে।","শারীরিক নির্যাতনের ইঙ্গিত রয়েছে।
হুমকি প্রকাশ করা হয়েছে।
অবমাননা করা হয়েছে।","শারীরিক নির্যাতনের ইঙ্গিত রয়েছে।
হুমকি প্রকাশ করা হয়েছে।
অবমাননা করা হয়েছে।","শারীরিক নির্যাতনের ইঙ্গিত রয়েছে।
কারেন্ট দেওয়া হুমকি।
বক্তব্য অত্যন্ত আক্রমণাত্মক।","কারেন্ট দেওয়া হুমকি দেওয়া হয়েছে।
শারীরিক নির্যাতনের ইঙ্গিত রয়েছে।
আক্রমণাত্মক বক্তব্য ব্যবহার করা হয়েছে।","শারীরিক নির্যাতনের ইঙ্গিত রয়েছে।
কারেন্ট দেওয়া হুমকি দেওয়া।
আক্রমণাত্মক বক্তব্য ব্যবহার।","শারীরিক নির্যাতনের ইঙ্গিত রয়েছে।
কারেন্ট দেওয়া হুমকি দেওয়া।
আক্রমণাত্মক বক্তব্য ব্যবহার।","শারীরিক নির্যাতনের ইঙ্গিত রয়েছে।
কারেন্ট দেওয়া হুমকি দেওয়া।
আক্রমণাত্মক বক্তব্য ব্যবহার।","শারীরিক নির্যাতনের ইঙ্গিত আছে।
কারেন্ট দেওয়া হুমকি দেওয়া।
আক্রমণাত্মক বক্তব্য ব্যবহার।","কারেন্ট দেওয়া হুমকি।
শারীরিক নির্যাতনের ইঙ্গিত।
আক্রমণাত্মক বক্তব্য ব্যবহার।"
অসভ্য মদি সরকারকে কঠিন ভাবে সাইজ করা দরকার,Gender,Offensive,"মন্তব্যে অবমাননাকর শব্দ ব্যবহার করে সরকারকে হেয় করা হয়েছে।
সরকারের প্রতি আক্রমণাত্মক ও অসম্মানজনক ভাষা ব্যবহৃত হয়েছে।
কঠোর হুমকির মাধ্যমে নেতিবাচক মনোভাব প্রকাশ করায় এটি আপত্তিকর।","অসভ্য শব্দ ব্যবহার করা হয়েছে।
সরকারকে হেয় করা হয়েছে।
আক্রমণাত্মক ভাষা ব্যবহার করা হয়েছে।","অসভ্য শব্দ ব্যবহার করা হয়েছে।
সরকারকে হেয় করা হয়েছে।
আক্রমণাত্মক ভাষা ব্যবহার করা হয়েছে।","অসভ্য শব্দ ব্যবহার করা হয়েছে।
সরকারকে হেয় করা হয়েছে।
আক্রমণাত্মক ভাষা ব্যবহার করা হয়েছে।","অসভ্য শব্দ ব্যবহার করা হয়েছে।
সরকারকে হেয় করা হয়েছে।
আক্রমণাত্মক ভাষা ব্যবহার করা হয়েছে।","অসভ্য শব্দ ব্যবহার করা হয়েছে।
সরকারকে হেয় করা হয়েছে।
আক্রমণাত্মক ভাষা ব্যবহার করা হয়েছে।","অসভ্য শব্দ ব্যবহার করা হয়েছে।
সরকারকে হেয় করা হয়েছে।
আক্রমণাত্মক ভাষা ব্যবহার করা হয়েছে।","অসভ্য শব্দ ব্যবহার করা হয়েছে।
সরকারকে হেয় করা হয়েছে।
আক্রমণাত্মক ভাষা ব্যবহার করা হয়েছে।","অসভ্য শব্দ ব্যবহার করা হয়েছে।
সরকারকে হেয় করা হয়েছে।
আক্রমণাত্মক ভাষা ব্যবহার করা হয়েছে।","অসভ্য শব্দ ব্যবহার করা হয়েছে।
সরকারকে হেয় করা হয়েছে।
আক্রমণাত্মক ভাষা ব্যবহার করা হয়েছে।","অসভ্য শব্দ ব্যবহার করা হয়েছে।
সরকারকে হেয় করা হয়েছে।
আক্রমণাত্মক ভাষা ব্যবহার করা হয়েছে।","অসভ্য শব্দ ব্যবহার করা হয়েছে।
সরকারকে হেয় করা হয়েছে।
আক্রমণাত্মক ভাষা ব্যবহার করা হয়েছে।","অসভ্য শব্দ ব্যবহার করা হয়েছে।
সরকারকে হেয় করা হয়েছে।
আক্রমণাত্মক ভাষা ব্যবহার করা হয়েছে।","অসভ্য শব্দ ব্যবহার করা হয়েছে।
সরকারকে হেয় করা হয়েছে।
আক্রমণাত্মক ভাষা ব্যবহার করা হয়েছে।","অসভ্য শব্দ ব্যবহার করা হয়েছে।
সরকারকে হেয় করা হয়েছে।
আক্রমণাত্মক ভাষা ব্যবহার করা হয়েছে।","অসভ্য শব্দ ব্যবহার করা হয়েছে।
সরকারকে হেয় করা হয়েছে।
আক্রমণাত্মক ভাষা ব্যবহার করা হয়েছে।","অসভ্য শব্দ ব্যবহার করা হয়েছে।
সরকারকে হেয় করা হয়েছে।
আক্রমণাত্মক ভাষা ব্যবহার করা হয়েছে।","অসভ্য শব্দ ব্যবহার করা হয়েছে।
সরকারকে হেয় করা হয়েছে।
আক্রমণাত্মক ভাষা ব্যবহার করা হয়েছে।","অসভ্য শব্দ ব্যবহার করা হয়েছে।
সরকারকে হেয় করা হয়েছে।
আক্রমণাত্মক ভাষা ব্যবহার করা হয়েছে।","অসভ্য শব্দ ব্যবহার করা হয়েছে।
সরকারকে হেয় করা হয়েছে।
আক্রমণাত্মক ভাষা ব্যবহার করা হয়েছে।","অসভ্য শব্দ ব্যবহার করা হয়েছে।
সরকারকে হেয় করা হয়েছে।
আক্রমণাত্মক ভাষা ব্যবহার করা হয়েছে।","অসভ্য শব্দ ব্যবহার করা হয়েছে।
সরকারকে হেয় করা হয়েছে।
আক্রমণাত্মক ভাষা ব্যবহার করা হয়েছে।"
আববাসিরে জুতা পিটা কর,Gender,Violence,"মন্তব্যে সরাসরি শারীরিক হিংসার আহ্বান জানানো হয়েছে।
আক্রমণাত্মক ভাষা ব্যবহার করে সহিংস আচরণ উৎসাহিত করা হয়েছে।
অন্যের প্রতি শারীরিক আঘাতের ইঙ্গিত থাকায় এটি সহিংসতা হিসাবে বিবেচিত।","শারীরিক হিংসার আহ্বান জানানো হয়েছে।
সহিংস আচরণ উৎসাহিত করা হয়েছে।
শারীরিক আঘাতের ইঙ্গিত আছে।","জুতা পিটা কর বলতে মারধর বোঝায়।
শারীরিক হিংসা প্রকাশ পাচ্ছে।
আঘাত করার ইঙ্গিত আছে।","শারীরিক হিংসা প্রকাশ পাচ্ছে।
আঘাত করার ইঙ্গিত আছে।
মারধর করার অর্থ বোঝায়।","জুতা পিটা কর মারধর বোঝায়
শারীরিক হিংসা প্রকাশ পাচ্ছে
আঘাত করার ইঙ্গিত আছে","জুতা পিটা কর মারধর বোঝায়
শারীরিক হিংসা প্রকাশ পাচ্ছে
আঘাত করার ইঙ্গিত আছে","জুতা পিটা কর মারধর বোঝায়
শারীরিক হিংসা প্রকাশ পাচ্ছে
আঘাত করার ইঙ্গিত আছে","শারীরিক হিংসা প্রকাশ পাচ্ছে
মারধর বোঝায় এটি
আঘাত করার ইঙ্গিত আছে","জুতা পিটা কর মারধর বোঝায়
শারীরিক হিংসা প্রকাশ পাচ্ছে
আঘাত করার ইঙ্গিত আছে","শারীরিক হিংসা প্রকাশ পাচ্ছে
আঘাত করার ইঙ্গিত আছে
মারধর বোঝায়","জুতা পিটা কর মারধর বোঝায়
শারীরিক হিংসা প্রকাশ পাচ্ছে
আঘাত করার ইঙ্গিত আছে","শারীরিক হিংসা প্রকাশ পাচ্ছে
আঘাত করার ইঙ্গিত আছে
মারধর বোঝায়","জুতা পিটা কর মারধর বোঝায়
শারীরিক হিংসা প্রকাশ পাচ্ছে
আঘাত করার ইঙ্গিত আছে","শারীরিক হিংসা প্রকাশ পাচ্ছে
জুতা পিটা কর মারধর বোঝায়
আঘাত করার ইঙ্গিত আছে","জুতা পিটা কর মারধর বোঝায়
শারীরিক হিংসা প্রকাশ পাচ্ছে
আঘাত করার ইঙ্গিত আছে","জুতা পিটা কর মারধর বোঝায়
শারীরিক হিংসা প্রকাশ পাচ্ছে
আঘাত করার ইঙ্গিত আছে","শারীরিক হিংসা প্রকাশ পাচ্ছে
মারধর বোঝায় এটি
আঘাত করার ইঙ্গিত আছে","জুতা পিটা কর মারধর বোঝায়
শারীরিক হিংসা প্রকাশ পাচ্ছে
আঘাত করার ইঙ্গিত আছে","শারীরিক হিংসা প্রকাশ পাচ্ছে
মারধর বোঝায় এটি
আঘাত করার ইঙ্গিত আছে","জুতা পিটা কর মারধর বোঝায়
শারীরিক হিংসা প্রকাশ পাচ্ছে
আঘাত করার ইঙ্গিত আছে","শারীরিক হিংসা প্রকাশ পাচ্ছে
মারধর বোঝায় এটি
আঘাত করার ইঙ্গিত আছে","জুতা পিটা কর মারধর বোঝায়
শারীরিক হিংসা প্রকাশ পাচ্ছে
আঘাত করার ইঙ্গিত আছে"
আবার কত বড় সাহস্যা আবার বলে তুই বলে ওরে পিটাও মাগীর পোলারে,Gender,Offensive,"মন্তব্যে অপমানজনক ভাষা এবং শারীরিক আঘাতের প্ররোচনা দেওয়া হয়েছে।
নারীর প্রতি অবমাননাকর এবং লিঙ্গ বৈষম্যমূলক শব্দ ব্যবহৃত হয়েছে।
অশালীন ভাষা ও সহিংসতার ইঙ্গিত থাকায় এটি আপত্তিকর।","অপমানজনক ভাষা ব্যবহার।
নারীর প্রতি অবমাননা।
সহিংসতার ইঙ্গিত আছে।","অপমানজনক শব্দ ব্যবহার।
নারীকে অবমাননা করা।
সহিংসতার ইঙ্গিত আছে।","অপমানজনক শব্দ ব্যবহার হয়েছে।
নারীর প্রতি ঘৃণা প্রকাশ।
সহিংসতার ইঙ্গিত রয়েছে।","অপমানজনক শব্দ ব্যবহার হয়েছে।
নারীর প্রতি ঘৃণা প্রকাশ পাচ্ছে।
সহিংসতার ইঙ্গিত রয়েছে।","অপমানজনক শব্দ ব্যবহার হয়েছে।
নারীর প্রতি ঘৃণা প্রকাশ পাচ্ছে।
সহিংসতার ইঙ্গিত রয়েছে।","অপমানজনক শব্দ ব্যবহার হয়েছে।
নারীর প্রতি ঘৃণা প্রকাশ পাচ্ছে।
সহিংসতার ইঙ্গিত রয়েছে।","অপমানজনক শব্দ ব্যবহার হয়েছে।
নারীর প্রতি ঘৃণা প্রকাশ পাচ্ছে।
সহিংসতার ইঙ্গিত রয়েছে।","অপমানজনক শব্দ ব্যবহার হয়েছে।
নারীর প্রতি ঘৃণা প্রকাশ পাচ্ছে।
সহিংসতার ইঙ্গিত রয়েছে।","অপমানজনক শব্দ ব্যবহার হয়েছে।
নারীর প্রতি ঘৃণা প্রকাশ পাচ্ছে।
সহিংসতার ইঙ্গিত রয়েছে।","অপমানজনক শব্দ ব্যবহার হয়েছে।
নারীর প্রতি ঘৃণা প্রকাশ পাচ্ছে।
সহিংসতার ইঙ্গিত রয়েছে।","অপমানজনক শব্দ ব্যবহার হয়েছে।
নারীর প্রতি ঘৃণা প্রকাশ পাচ্ছে।
সহিংসতার ইঙ্গিত রয়েছে।","অপমানজনক শব্দ ব্যবহার হয়েছে।
নারীর প্রতি ঘৃণা প্রকাশ পাচ্ছে।
সহিংসতার ইঙ্গিত রয়েছে।","অপমানজনক শব্দ ব্যবহার হয়েছে।
নারীর প্রতি ঘৃণা প্রকাশ পাচ্ছে।
সহিংসতার ইঙ্গিত রয়েছে।","অপমানজনক শব্দ ব্যবহার হয়েছে।
নারীর প্রতি ঘৃণা প্রকাশ পাচ্ছে।
সহিংসতার ইঙ্গিত রয়েছে।","অপমানজনক শব্দ ব্যবহার হয়েছে।
নারীর প্রতি ঘৃণা প্রকাশ পাচ্ছে।
সহিংসতার ইঙ্গিত রয়েছে।","অপমানজনক শব্দ ব্যবহার হয়েছে।
নারীর প্রতি ঘৃণা প্রকাশ পাচ্ছে।
সহিংসতার ইঙ্গিত রয়েছে।","অপমানজনক শব্দ ব্যবহার হয়েছে।
নারীর প্রতি ঘৃণা প্রকাশ পাচ্ছে।
সহিংসতার ইঙ্গিত রয়েছে।","অপমানজনক শব্দ ব্যবহার হয়েছে।
নারীর প্রতি ঘৃণা প্রকাশ পাচ্ছে।
সহিংসতার ইঙ্গিত রয়েছে।","অপমানজনক শব্দ ব্যবহার হয়েছে।
নারীর প্রতি ঘৃণা প্রকাশ পাচ্ছে।
সহিংসতার ইঙ্গিত রয়েছে।","অপমানজনক শব্দ ব্যবহার হয়েছে।
নারীর প্রতি ঘৃণা প্রকাশ পাচ্ছে।
সহিংসতার ইঙ্গিত রয়েছে।","অপমানজনক শব্দ ব্যবহার হয়েছে।
নারীর প্রতি ঘৃণা প্রকাশ পাচ্ছে।
সহিংসতার ইঙ্গিত রয়েছে।"
আমন ছেলে কে রাস্তার মোড়ে বেধে জুতো দিয়ে মারা উচিত,Gender,Offensive,"মন্তব্যে শারীরিক হিংসার স্পষ্ট আহ্বান জানানো হয়েছে।
অপমানজনক এবং ব্যক্তিগতভাবে আক্রমণাত্মক বক্তব্য প্রকাশ করা হয়েছে।
হিংসাত্মক ও অসম্মানজনক ইঙ্গিত থাকায় এটি আপত্তিকর।","শারীরিক হিংসার আহ্বান রয়েছে।
ব্যক্তিগত আক্রমণ করা হয়েছে।
হিংসাত্মক ইঙ্গিত রয়েছে।","শারীরিক হিংসা উল্লেখ করা হয়েছে।
মারধরের কথা বলা হয়েছে।
হিংসাত্মক কর্মের আহ্বান করা হয়েছে।","মারধরের কথা বলা হয়েছে।
শারীরিক হিংসা উল্লেখ করা হয়েছে।
হিংসাত্মক কর্মের আহ্বান করা হয়েছে।","মারধরের কথা বলা হয়েছে।
শারীরিক হিংসা উল্লেখ করা হয়েছে।
হিংসাত্মক কর্মের আহ্বান করা হয়েছে।","মারধরের কথা বলা হয়েছে।
শারীরিক হিংসা উল্লেখ করা হয়েছে।
হিংসাত্মক কর্মের আহ্বান করা হয়েছে।","মারধরের কথা বলা হয়েছে।
শারীরিক হিংসা উল্লেখ করা হয়েছে।
হিংসাত্মক কর্মের আহ্বান করা হয়েছে।","মারধরের কথা বলা হয়েছে।
শারীরিক হিংসা উল্লেখ করা হয়েছে।
হিংসাত্মক কর্মের আহ্বান করা হয়েছে।","মারধরের কথা বলা হয়েছে।
শারীরিক হিংসা উল্লেখ করা হয়েছে।
হিংসাত্মক কর্মের আহ্বান করা হয়েছে।","মারধরের কথা বলা হয়েছে।
শারীরিক হিংসা উল্লেখ করা হয়েছে।
হিংসাত্মক কর্মের আহ্বান করা হয়েছে।","মারধরের কথা বলা হয়েছে।
শারীরিক হিংসা উল্লেখ করা হয়েছে।
হিংসাত্মক কর্মের আহ্বান করা হয়েছে।","মারধরের কথা বলা হয়েছে।
শারীরিক হিংসা উল্লেখ করা হয়েছে।
হিংসাত্মক কর্মের আহ্বান করা হয়েছে।","মারধরের কথা বলা হয়েছে।
শারীরিক হিংসা উল্লেখ করা হয়েছে।
হিংসাত্মক কর্মের আহ্বান করা হয়েছে।","মারধরের কথা বলা হয়েছে।
শারীরিক হিংসা উল্লেখ করা হয়েছে।
হিংসাত্মক কর্মের আহ্বান করা হয়েছে।","মারধরের কথা বলা হয়েছে।
শারীরিক হিংসা উল্লেখ করা হয়েছে।
হিংসাত্মক কর্মের আহ্বান করা হয়েছে।","মারধরের কথা বলা হয়েছে।
শারীরিক হিংসা উল্লেখ করা হয়েছে।
হিংসাত্মক কর্মের আহ্বান করা হয়েছে।","মারধরের কথা বলা হয়েছে।
শারীরিক হিংসা উল্লেখ করা হয়েছে।
হিংসাত্মক কর্মের আহ্বান করা হয়েছে।","মারধরের কথা বলা হয়েছে।
শারীরিক হিংসা উল্লেখ করা হয়েছে।
হিংসাত্মক কর্মের আহ্বান করা হয়েছে।","মারধরের কথা বলা হয়েছে।
শারীরিক হিংসা উল্লেখ করা হয়েছে।
হিংসাত্মক কর্মের আহ্বান করা হয়েছে।","মারধরের কথা বলা হয়েছে।
শারীরিক হিংসা উল্লেখ করা হয়েছে।
হিংসাত্মক কর্মের আহ্বান করা হয়েছে।","মারধরের কথা বলা হয়েছে।
শারীরিক হিংসা উল্লেখ করা হয়েছে।
হিংসাত্মক কর্মের আহ্বান করা হয়েছে।","মারধরের কথা বলা হয়েছে।
শারীরিক হিংসা উল্লেখ করা হয়েছে।
হিংসাত্মক কর্মের আহ্বান করা হয়েছে।"
আমরা সাকিব ভাইর পাশে আছি৷ এবং পাপনকে জুতার বারি দেও,Gender,Violence,"মন্তব্যে শারীরিক হিংসার ইঙ্গিত দিয়ে সহিংসতা উৎসাহিত করা হয়েছে।
ব্যক্তি বিশেষের প্রতি আক্রমণাত্মক মনোভাব প্রকাশ করা হয়েছে।
জুতা মারার উল্লেখ সহিংসতার স্পষ্ট আহ্বান হওয়ায় এটি সহিংস বিবেচিত।","জুতার বারি দেওয়া হিংসাত্মক।
শারীরিক হিংসা উৎসাহিত করা।
সহিংসতা প্রকাশ পাচ্ছে।","জুতার বারি দেওয়া হিংসাত্মক।
শারীরিক হিংসা উৎসাহিত করা।
সহিংসতা প্রকাশ পাচ্ছে।","জুতার বারি দেওয়া হিংসাত্মক।
শারীরিক হিংসা উৎসাহিত করা।
সহিংসতা প্রকাশ পাচ্ছে।","জুতার বারি দেওয়া হিংসাত্মক।
শারীরিক হিংসা উৎসাহিত করা।
সহিংসতা প্রকাশ পাচ্ছে।","জুতার বারি দেওয়া হিংসাত্মক।
শারীরিক হিংসা উৎসাহিত করা।
সহিংসতা প্রকাশ পাচ্ছে।","জুতার বারি দেওয়া হিংসাত্মক।
শারীরিক হিংসা উৎসাহিত করা।
সহিংসতা প্রকাশ পাচ্ছে।","জুতার বারি দেওয়া হিংসাত্মক।
শারীরিক হিংসা উৎসাহিত করা।
সহিংসতা প্রকাশ পাচ্ছে।","জুতার বারি দেওয়া হিংসাত্মক।
শারীরিক হিংসা উৎসাহিত করা।
সহিংসতা প্রকাশ পাচ্ছে।","জুতার বারি দেওয়া হিংসাত্মক।
শারীরিক হিংসা উৎসাহিত করা।
সহিংসতা প্রকাশ পাচ্ছে।","জুতার বারি দেওয়া হিংসাত্মক।
শারীরিক হিংসা উৎসাহিত করা।
সহিংসতা প্রকাশ পাচ্ছে।","জুতার বারি দেওয়া হিংসাত্মক।
শারীরিক হিংসা উৎসাহিত করা।
সহিংসতা প্রকাশ পাচ্ছে।","জুতার বারি দেওয়া হিংসাত্মক।
শারীরিক হিংসা উৎসাহিত করা।
সহিংসতা প্রকাশ পাচ্ছে।","জুতার বারি দেওয়া হিংসাত্মক।
শারীরিক হিংসা উৎসাহিত করা।
সহিংসতা প্রকাশ পাচ্ছে।","জুতার বারি দেওয়া হিংসাত্মক।
শারীরিক হিংসা উৎসাহিত করা।
সহিংসতা প্রকাশ পাচ্ছে।","জুতার বারি দেওয়া হিংসাত্মক।
শারীরিক হিংসা উৎসাহিত করা।
সহিংসতা প্রকাশ পাচ্ছে।","জুতার বারি দেওয়া হিংসাত্মক।
শারীরিক হিংসা উৎসাহিত করা।
সহিংসতা প্রকাশ পাচ্ছে।","জুতার বারি দেওয়া হিংসাত্মক।
শারীরিক হিংসা উৎসাহিত করা।
সহিংসতা প্রকাশ পাচ্ছে।","জুতার বারি দেওয়া হিংসাত্মক।
শারীরিক হিংসা উৎসাহিত করা।
সহিংসতা প্রকাশ পাচ্ছে।","জুতার বারি দেওয়া হিংসাত্মক।
শারীরিক হিংসা উৎসাহিত করা।
সহিংসতা প্রকাশ পাচ্ছে।","জুতার বারি দেওয়া হিংসাত্মক।
শারীরিক হিংসা উৎসাহিত করা।
সহিংসতা প্রকাশ পাচ্ছে।","জুতার বারি দেওয়া হিংসাত্মক।
শারীরিক হিংসা উৎসাহিত করা।
সহিংসতা প্রকাশ পাচ্ছে।"
আমার বৌ আমাকে দিনে একবার চোদা দেয়,Gender,Sexual Harassments,"মন্তব্যটি যৌন ইঙ্গিতপূর্ণ এবং ব্যক্তিগত বিষয়কে অশোভনভাবে প্রকাশ করেছে।
নারীর প্রতি অবমাননাকর ভাষা ব্যবহার করায় এটি যৌন হয়রানির অন্তর্ভুক্ত।
মন্তব্যে গোপনীয়তার অভাব এবং অশালীন ইঙ্গিত থাকায় এটি আপত্তিকর।","অশোভনভাবে প্রকাশ করেছে।
যৌন ইঙ্গিতপূর্ণ শব্দ ব্যবহার।
গোপনীয়তার অভাব আছে।","অশ্লীল শব্দ ব্যবহার করা হয়েছে।
যৌন ইঙ্গিত প্রকাশ পাচ্ছে।
গোপনীয়তা লঙ্ঘন করা হয়েছে।","অশ্লীল শব্দ ব্যবহার করা হয়েছে।
যৌন ইঙ্গিত প্রকাশ পাচ্ছে।
গোপনীয়তা লঙ্ঘন করা হয়েছে।","অশ্লীল শব্দ ব্যবহার করা হয়েছে।
যৌন ইঙ্গিত প্রকাশ পাচ্ছে।
গোপনীয়তা লঙ্ঘন করা হয়েছে।","অশ্লীল শব্দ ব্যবহার করা হয়েছে।
যৌন ইঙ্গিত প্রকাশ পাচ্ছে।
গোপনীয়তা লঙ্ঘন করা হয়েছে।","অশ্লীল শব্দ ব্যবহার করা হয়েছে।
যৌন ইঙ্গিত প্রকাশ পাচ্ছে।
গোপনীয়তা লঙ্ঘন করা হয়েছে।","অশ্লীল শব্দ ব্যবহার করা হয়েছে।
যৌন ইঙ্গিত প্রকাশ পাচ্ছে।
গোপনীয়তা লঙ্ঘন করা হয়েছে।","অশ্লীল শব্দ ব্যবহার করা হয়েছে।
যৌন ইঙ্গিত প্রকাশ পাচ্ছে।
গোপনীয়তা লঙ্ঘন করা হয়েছে।","অশ্লীল শব্দ ব্যবহার করা হয়েছে।
যৌন কথা বলা হয়েছে।
গোপনীয়তা লঙ্ঘন হয়েছে।","অশ্লীল শব্দ ব্যবহার করা হয়েছে।
যৌন কথা বলা হয়েছে।
গোপনীয়তা লঙ্ঘন হয়েছে।","অশ্লীল শব্দ ব্যবহার করা হয়েছে।
যৌন কথা বলা হয়েছে।
গোপনীয়তা লঙ্ঘন হয়েছে।","অশ্লীল শব্দ ব্যবহার করা হয়েছে।
যৌন কথা বলা হয়েছে।
গোপনীয়তা লঙ্ঘন হয়েছে।","অশ্লীল শব্দ ব্যবহার করা হয়েছে।
যৌন কথা বলা হয়েছে।
গোপনীয়তা লঙ্ঘন হয়েছে।","অশ্লীল শব্দ ব্যবহার করা হয়েছে।
যৌন কথা বলা হয়েছে।
গোপনীয়তা লঙ্ঘন হয়েছে।","অশ্লীল শব্দ ব্যবহার করা হয়েছে।
যৌন কথা বলা হয়েছে।
গোপনীয়তা লঙ্ঘন হয়েছে।","অশ্লীল শব্দ ব্যবহার করা হয়েছে।
যৌন কথা বলা হয়েছে।
গোপনীয়তা লঙ্ঘন হয়েছে।","অশ্লীল শব্দ ব্যবহার করা হয়েছে।
যৌন কথা বলা হয়েছে।
গোপনীয়তা লঙ্ঘন হয়েছে।","অশ্লীল শব্দ ব্যবহার করা হয়েছে।
যৌন কথা বলা হয়েছে।
গোপনীয়তা লঙ্ঘন হয়েছে।","অশ্লীল শব্দ ব্যবহার করা হয়েছে।
যৌন কথা বলা হয়েছে।
গোপনীয়তা লঙ্ঘন হয়েছে।","অশ্লীল শব্দ ব্যবহার করা হয়েছে।
যৌন কথা বলা হয়েছে।
গোপনীয়তা লঙ্ঘন হয়েছে।","অশ্লীল শব্দ ব্যবহার করা হয়েছে।
যৌন কথা বলা হয়েছে।
গোপনীয়তা লঙ্ঘন হয়েছে।"
আল্লাহ এই ছেলের উপর গজব নাজিল করে,Gender,Offensive,"মন্তব্যে অভিশাপ দিয়ে নেতিবাচক মনোভাব প্রকাশ করা হয়েছে।
ব্যক্তি বিশেষের প্রতি অসম্মানসূচক এবং আক্রমণাত্মক বক্তব্য ব্যবহার করা হয়েছে।
ধর্মীয় অনুভূতিকে ব্যবহার করে ব্যক্তিগত অপমান করায় এটি আপত্তিকর।","অভিশাপ দেওয়া হয়েছে।
ধর্মীয় অনুভূতি আহত করা।
অসম্মানসূচক বক্তব্য ব্যবহার।","ধর্মীয় অভিশাপ ব্যবহার করা হয়েছে।
অসম্মানসূচক শব্দ ব্যবহার করা হয়েছে।
ধর্মীয় অনুভূতি আহত করা হয়েছে।","ধর্মীয় শব্দ ব্যবহার করা হয়েছে।
অভিশাপ দেওয়া হয়েছে।
আঘাতমূলক ভাষা ব্যবহার করা হয়েছে।","ধর্মীয় শব্দ ব্যবহার করা হয়েছে।
অভিশাপ দেওয়া হয়েছে।
আল্লাহর নাম ব্যবহার করা হয়েছে।","ধর্মীয় শব্দ ব্যবহার করা হয়েছে।
অভিশাপ দেওয়া হয়েছে।
আল্লাহর নাম ব্যবহার করা হয়েছে।","ধর্মীয় শব্দ ব্যবহার করা হয়েছে।
অভিশাপ দেওয়া হয়েছে।
আল্লাহর নাম ব্যবহার করা হয়েছে।","ধর্মীয় শব্দ ব্যবহার করা হয়েছে।
অভিশাপ দেওয়া হয়েছে।
আল্লাহর নাম ব্যবহার করা হয়েছে।","ধর্মীয় শব্দ ব্যবহার করা হয়েছে।
অভিশাপ দেওয়া হয়েছে।
আল্লাহর নাম ব্যবহার করা হয়েছে।","ধর্মীয় শব্দ ব্যবহার করা হয়েছে।
অভিশাপ দেওয়া হয়েছে।
আল্লাহর নাম ব্যবহার করা হয়েছে।","ধর্মীয় শব্দ ব্যবহার করা হয়েছে।
অভিশাপ দেওয়া হয়েছে।
আল্লাহর নাম ব্যবহার করা হয়েছে।","ধর্মীয় শব্দ ব্যবহার করা হয়েছে।
আল্লাহর নাম ব্যবহার করা হয়েছে।
অভিশাপ দেওয়া হয়েছে।","ধর্মীয় শব্দ ব্যবহার করা হয়েছে।
অভিশাপ দেওয়া হয়েছে।
আল্লাহর নাম ব্যবহার করা হয়েছে।","ধর্মীয় শব্দ ব্যবহার করা হয়েছে।
অভিশাপ দেওয়া হয়েছে।
আল্লাহর নাম ব্যবহার করা হয়েছে।","ধর্মীয় শব্দ ব্যবহার করা হয়েছে।
অভিশাপ দেওয়া হয়েছে।
আল্লাহর নাম ব্যবহার করা হয়েছে।","ধর্মীয় শব্দ ব্যবহার করা হয়েছে।
অভিশাপ দেওয়া হয়েছে।
আল্লাহর নাম ব্যবহার করা হয়েছে।","ধর্মীয় শব্দ ব্যবহার করা হয়েছে।
অভিশাপ দেওয়া হয়েছে।
আল্লাহর নাম ব্যবহার করা হয়েছে।","ধর্মীয় শব্দ ব্যবহার করা হয়েছে।
অভিশাপ দেওয়া হয়েছে।
আল্লাহর নাম ব্যবহার করা হয়েছে।","ধর্মীয় শব্দ ব্যবহার করা হয়েছে।
অভিশাপ দেওয়া হয়েছে।
আল্লাহর নাম ব্যবহার করা হয়েছে।","ধর্মীয় শব্দ ব্যবহার করা হয়েছে।
অভিশাপ দেওয়া হয়েছে।
আল্লাহর নাম ব্যবহার করা হয়েছে।","ধর্মীয় শব্দ ব্যবহার করা হয়েছে।
অভিশাপ দেওয়া হয়েছে।
আল্লাহর নাম ব্যবহার করা হয়েছে।","ধর্মীয় শব্দ ব্যবহার করা হয়েছে।
অভিশাপ দেওয়া হয়েছে।
আল্লাহর নাম ব্যবহার করা হয়েছে।"
আল্লাহ ভিডিওটা দেখার সাহস পাইনিআল্লাহ তুমি এই ছেলের উচিত বিচার করোএক গজবে তুমি দেখিয়ে দাও পিতা মাতার প্রতি কোন কাফরের যেনো খারাপ আচরনের সাহস না পায়,Gender,Offensive,"মন্তব্যে ধর্মীয় অনুভূতিকে ব্যবহার করে শাস্তির আহ্বান জানানো হয়েছে।
ব্যক্তি বিশেষের প্রতি আক্রমণাত্মক ও হুমকিমূলক ভাষা ব্যবহার করা হয়েছে।
অভিশাপ ও কঠোর শাস্তির ইঙ্গিত করায় এটি অসম্মানজনক।","ধর্মীয় অনুভূতি ব্যবহার করা হয়েছে।
শাস্তির আহ্বান জানানো হয়েছে।
অভিশাপ দেওয়া হয়েছে।","ধর্মীয় অনুভূতি ব্যবহার করা হয়েছে।
শাস্তির আহ্বান জানানো হয়েছে।
অভিশাপ দেওয়া হয়েছে।","ধর্মীয় অনুভূতি ব্যবহার করা হয়েছে।
শাস্তির আহ্বান জানানো হয়েছে।
অভিশাপ দেওয়া হয়েছে।","ধর্মীয় অনুভূতি ব্যবহার করা হয়েছে।
শাস্তির আহ্বান জানানো হয়েছে।
অভিশাপ দেওয়া হয়েছে।","ধর্মীয় অনুভূতি ব্যবহার করা হয়েছে।
শাস্তির আহ্বান জানানো হয়েছে।
অভিশাপ দেওয়া হয়েছে।","ধর্মীয় অনুভূতি ব্যবহার করা হয়েছে।
শাস্তির আহ্বান জানানো হয়েছে।
অভিশাপ দেওয়া হয়েছে।","ধর্মীয় অনুভূতি ব্যবহার করা হয়েছে।
শাস্তির আহ্বান জানানো হয়েছে।
অভিশাপ দেওয়া হয়েছে।","ধর্মীয় অনুভূতি ব্যবহার করা হয়েছে।
শাস্তির আহ্বান জানানো হয়েছে।
অভিশাপ দেওয়া হয়েছে।","ধর্মীয় শব্দ ব্যবহার করা হয়েছে।
শাস্তির আহ্বান জানানো হয়েছে।
অভিশাপ দেওয়া হয়েছে।","ধর্মীয় শব্দ ব্যবহার করা হয়েছে।
শাস্তির আহ্বান জানানো হয়েছে।
অভিশাপ দেওয়া হয়েছে।","ধর্মীয় শব্দ ব্যবহার করা হয়েছে।
শাস্তির আহ্বান জানানো হয়েছে।
অভিশাপ দেওয়া হয়েছে।","ধর্মীয় শব্দ ব্যবহার করা হয়েছে।
শাস্তির আহ্বান জানানো হয়েছে।
অভিশাপ দেওয়া হয়েছে।","ধর্মীয় শব্দ ব্যবহার করা হয়েছে।
শাস্তির আহ্বান জানানো হয়েছে।
অভিশাপ দেওয়া হয়েছে।","ধর্মীয় শব্দ ব্যবহার করা হয়েছে।
শাস্তির আহ্বান জানানো হয়েছে।
অভিশাপ দেওয়া হয়েছে।","ধর্মীয় শব্দ ব্যবহার করা হয়েছে।
শাস্তির আহ্বান জানানো হয়েছে।
অভিশাপ দেওয়া হয়েছে।","ধর্মীয় শব্দ ব্যবহার করা হয়েছে।
শাস্তির আহ্বান জানানো হয়েছে।
অভিশাপ দেওয়া হয়েছে।","ধর্মীয় শব্দ ব্যবহার করা হয়েছে।
শাস্তির আহ্বান জানানো হয়েছে।
অভিশাপ দেওয়া হয়েছে।","ধর্মীয় শব্দ ব্যবহার করা হয়েছে।
শাস্তির আহ্বান জানানো হয়েছে।
অভিশাপ দেওয়া হয়েছে।","ধর্মীয় শব্দ ব্যবহার করা হয়েছে।
শাস্তির আহ্বান জানানো হয়েছে।
অভিশাপ দেওয়া হয়েছে।","ধর্মীয় শব্দ ব্যবহার করা হয়েছে।
শাস্তির আহ্বান জানানো হয়েছে।
অভিশাপ দেওয়া হয়েছে।","ধর্মীয় শব্দ ব্যবহার করা হয়েছে।
শাস্তির আহ্বান জানানো হয়েছে।
অভিশাপ দেওয়া হয়েছে।"
আল্লাহর লানত মিতিলার উপর,Gender,Offensive,"মন্তব্যটি ধর্মীয় অনুভূতিকে ব্যবহার করে ব্যক্তিকে অপমান করেছে।
মিতিলার প্রতি অবমাননাকর এবং হুমকিমূলক বক্তব্য প্রকাশ করা হয়েছে।
ধর্মীয় লানতের মাধ্যমে ব্যক্তিগত আক্রমণ করায় এটি আপত্তিকর।","ধর্মীয় অবমাননা করা হয়েছে।
ব্যক্তিকে অপমান করা হয়েছে।
লানত ব্যবহার করা হয়েছে।","ধর্মীয় অবমাননা করা হয়েছে।
লানত শব্দটি অপমানজনক।
আল্লাহর নাম ব্যবহার করা হয়েছে।","লানত শব্দটি অপমানজনক।
আল্লাহর নাম ব্যবহার করা হয়েছে।
ধর্মীয় অবমাননা হয়েছে।","লানত শব্দটি অপমানজনক।
ধর্মীয় অবমাননা হয়েছে।
আল্লাহর নাম অসম্মান করা।","লানত শব্দটি অপমানজনক।
ধর্মীয় অবমাননা হয়েছে।
আল্লাহর নাম অসম্মান করা।","লানত শব্দটি অপমানজনক।
ধর্মীয় অবমাননা হয়েছে।
আল্লাহর নাম অসম্মান করা।","লানত শব্দটি অপমানজনক।
ধর্মীয় অবমাননা হয়েছে।
আল্লাহর নাম অসম্মান করা।","লানত শব্দটি অপমানজনক।
ধর্মীয় অবমাননা হয়েছে।
আল্লাহর নাম অসম্মান করা।","লানত শব্দটি অপমানজনক।
ধর্মীয় অবমাননা হয়েছে।
আল্লাহর নাম অসম্মান করা।","লানত শব্দটি অপমানজনক।
ধর্মীয় অবমাননা হয়েছে।
আল্লাহর নাম অসম্মান করা।","লানত শব্দটি অপমানজনক।
ধর্মীয় অবমাননা হয়েছে।
আল্লাহর নাম অসম্মান করা।","লানত শব্দটি অপমানজনক।
ধর্মীয় অবমাননা হয়েছে।
আল্লাহর নাম অসম্মান করা।","লানত শব্দটি অপমানজনক।
ধর্মীয় অবমাননা হয়েছে।
আল্লাহর নাম অসম্মান করা।","লানত শব্দটি অপমানজনক।
ধর্মীয় অবমাননা হয়েছে।
আল্লাহর নাম অসম্মান করা।","লানত শব্দটি অপমানজনক।
ধর্মীয় অবমাননা হয়েছে।
আল্লাহর নাম অসম্মান করা।","লানত শব্দটি অপমানজনক।
ধর্মীয় অবমাননা হয়েছে।
আল্লাহর নাম অসম্মান করা।","লানত শব্দটি অপমানজনক।
ধর্মীয় অবমাননা হয়েছে।
আল্লাহর নাম অসম্মান করা।","লানত শব্দটি অপমানজনক।
ধর্মীয় অবমাননা হয়েছে।
আল্লাহর নাম অসম্মান করা।","লানত শব্দটি অপমানজনক।
ধর্মীয় অবমাননা হয়েছে।
আল্লাহর নাম অসম্মান করা।","লানত শব্দটি অপমানজনক।
ধর্মীয় অবমাননা হয়েছে।
আল্লাহর নাম অসম্মান করা।","লানত শব্দটি অপমানজনক।
ধর্মীয় অবমাননা হয়েছে।
আল্লাহর নাম অসম্মান করা।"
ইন্ডিয়া থেকে বলছি পাপন কে গুলি করে মারুন।শাকিব খুব ভাল প্লেয়ার।,Gender,Offensive,"মন্তব্যে সরাসরি শারীরিক সহিংসতার আহ্বান জানানো হয়েছে।
ব্যক্তিকে গুলি করার কথা বলায় এটি স্পষ্টতই আক্রমণাত্মক।
সহিংস ও হুমকিসূচক ইঙ্গিত থাকায় এটি গুরুতরভাবে আপত্তিকর।","সরাসরি সহিংসতার আহ্বান জানানো হয়েছে।
গুলি করার কথা বলা হয়েছে।
হুমকিসূচক ইঙ্গিত রয়েছে।","গুলি করে মারার কথা বলা হয়েছে।
সহিংসতার আহ্বান জানানো হয়েছে।
হুমকি দেওয়া হয়েছে।","গুলি করে মারার কথা বলা হয়েছে।
সহিংসতার আহ্বান জানানো হয়েছে।
হুমকি দেওয়া হয়েছে।","গুলি করে মারার কথা বলা হয়েছে।
সহিংসতার আহ্বান জানানো হয়েছে।
হুমকি দেওয়া হয়েছে।","গুলি করে মারার কথা বলা হয়েছে।
সহিংসতার আহ্বান জানানো হয়েছে।
হুমকি দেওয়া হয়েছে।","গুলি করে মারার কথা বলা হয়েছে।
সহিংসতার আহ্বান জানানো হয়েছে।
হুমকি দেওয়া হয়েছে।","গুলি করে মারার কথা বলা হয়েছে।
সহিংসতার আহ্বান জানানো হয়েছে।
হুমকি দেওয়া হয়েছে।","গুলি করে মারার কথা বলা হয়েছে।
সহিংসতার আহ্বান জানানো হয়েছে।
হুমকি দেওয়া হয়েছে।","গুলি করে মারার কথা বলা হয়েছে।
সহিংসতার আহ্বান জানানো হয়েছে।
হুমকি দেওয়া হয়েছে।","গুলি করে মারার কথা বলা হয়েছে।
সহিংসতার আহ্বান জানানো হয়েছে।
হুমকি দেওয়া হয়েছে।","গুলি করে মারার কথা বলা হয়েছে।
সহিংসতার আহ্বান জানানো হয়েছে।
হুমকি দেওয়া হয়েছে।","গুলি করে মারার কথা বলা হয়েছে।
সহিংসতার আহ্বান জানানো হয়েছে।
হুমকি দেওয়া হয়েছে।","গুলি করে মারার কথা বলা হয়েছে।
সহিংসতার আহ্বান জানানো হয়েছে।
হুমকি দেওয়া হয়েছে।","গুলি করে মারার কথা বলা হয়েছে।
সহিংসতার আহ্বান জানানো হয়েছে।
হুমকি দেওয়া হয়েছে।","গুলি করে মারার কথা বলা হয়েছে।
সহিংসতার আহ্বান জানানো হয়েছে।
হুমকি দেওয়া হয়েছে।","গুলি করে মারার কথা বলা হয়েছে।
সহিংসতার আহ্বান জানানো হয়েছে।
হুমকি দেওয়া হয়েছে।","গুলি করে মারার কথা বলা হয়েছে।
সহিংসতার আহ্বান জানানো হয়েছে।
হুমকি দেওয়া হয়েছে।","গুলি করে মারার কথা বলা হয়েছে।
সহিংসতার আহ্বান জানানো হয়েছে।
হুমকি দেওয়া হয়েছে।","গুলি করে মারার কথা বলা হয়েছে।
সহিংসতার আহ্বান জানানো হয়েছে।
হুমকি দেওয়া হয়েছে।","গুলি করে মারার কথা বলা হয়েছে।
সহিংসতার আহ্বান জানানো হয়েছে।
হুমকি দেওয়া হয়েছে।","গুলি করে মারার কথা বলা হয়েছে।
সহিংসতার আহ্বান জানানো হয়েছে।
হুমকি দেওয়া হয়েছে।"
মেয়েরা কেন সবসময় এই ব্যাপারে নাক গলায়? ওরা সব সময় সমস্যা তৈরি করে,Gender,Offensive,"মন্তব্যটি নারীদের প্রতি লিঙ্গবৈষম্যমূলক সাধারণীকরণ করেছে।
নারীদের সমস্যা সৃষ্টিকারী বলে অপমানজনকভাবে উপস্থাপন করা হয়েছে।
লিঙ্গ ভিত্তিক নেতিবাচক মনোভাব প্রকাশ করায় এটি অসম্মানজনক।","নারীদের প্রতি অসম্মান প্রকাশ।
লিঙ্গবৈষম্যমূলক সাধারণীকরণ করা।
নেতিবাচক মনোভাব প্রকাশ করা।","নারীদের প্রতি অসম্মান প্রকাশ করা হয়েছে।
লিঙ্গবৈষম্যমূলক সাধারণীকরণ করা হয়েছে।
নেতিবাচক মনোভাব প্রকাশ করা হয়েছে।","নারীদের প্রতি অসম্মান প্রকাশ করা হয়েছে।
লিঙ্গবৈষম্যমূলক সাধারণীকরণ করা হয়েছে।
নেতিবাচক মনোভাব প্রকাশ করা হয়েছে।","নারীদের প্রতি অসম্মান প্রকাশ করা হয়েছে।
লিঙ্গবৈষম্যমূলক সাধারণীকরণ করা হয়েছে।
নেতিবাচক মনোভাব প্রকাশ করা হয়েছে।","নারীদের প্রতি অসম্মান প্রকাশ করা হয়েছে।
লিঙ্গবৈষম্যমূলক সাধারণীকরণ করা হয়েছে।
নেতিবাচক মনোভাব প্রকাশ করা হয়েছে।","নারীদের প্রতি অসম্মান প্রকাশ করা হয়েছে।
লিঙ্গবৈষম্যমূলক সাধারণীকরণ করা হয়েছে।
নেতিবাচক মনোভাব প্রকাশ করা হয়েছে।","নারীদের প্রতি অসম্মান প্রকাশ করা হয়েছে।
লিঙ্গবৈষম্যমূলক সাধারণীকরণ করা হয়েছে।
নেতিবাচক মনোভাব প্রকাশ করা হয়েছে।","নারীদের প্রতি অসম্মান দেখা যায়।
লিঙ্গবৈষম্যমূলক শব্দ ব্যবহার করা হয়েছে।
নেতিবাচক শব্দ ব্যবহার করা হয়েছে।","নারীদের প্রতি অসম্মান দেখা যায়
লিঙ্গবৈষম্যমূলক শব্দ ব্যবহার করা হয়েছে
নেতিবাচক শব্দ ব্যবহার করা হয়েছে","নারীদের প্রতি অসম্মান দেখা যায়
লিঙ্গবৈষম্যমূলক শব্দ ব্যবহার করা হয়েছে
নেতিবাচক শব্দ ব্যবহার করা হয়েছে","নারীদের প্রতি অসম্মান দেখা যায়
লিঙ্গবৈষম্যমূলক শব্দ ব্যবহার করা হয়েছে
নেতিবাচক শব্দ ব্যবহার করা হয়েছে","নারীদের প্রতি অসম্মান দেখা যায়
লিঙ্গবৈষম্যমূলক শব্দ ব্যবহার করা হয়েছে
নেতিবাচক শব্দ ব্যবহার করা হয়েছে","নারীদের প্রতি অসম্মান দেখা যায়
লিঙ্গবৈষম্যমূলক শব্দ ব্যবহার করা হয়েছে
নেতিবাচক শব্দ ব্যবহার করা হয়েছে","নারীদের প্রতি অসম্মান দেখা যায়।
লিঙ্গবৈষম্যমূলক শব্দ ব্যবহার করা হয়েছে।
নেতিবাচক শব্দ ব্যবহার করা হয়েছে।","নারীদের প্রতি অসম্মান দেখা যায়।
লিঙ্গবৈষম্যমূলক শব্দ ব্যবহার।
নেতিবাচক শব্দ ব্যবহার করা হয়েছে।","নারীদের প্রতি অসম্মান দেখা যায়।
লিঙ্গবৈষম্যমূলক শব্দ ব্যবহার।
নেতিবাচক শব্দ ব্যবহার করা হয়েছে।","নারীদের প্রতি অসম্মান দেখা যায়
লিঙ্গবৈষম্যমূলক শব্দ ব্যবহার
নেতিবাচক শব্দ ব্যবহার করা হয়েছে","নারীদের প্রতি অসম্মান দেখা যায়।
লিঙ্গবৈষম্যমূলক শব্দ ব্যবহার।
নেতিবাচক শব্দ ব্যবহার করা হয়েছে।","নারীদের প্রতি অসম্মান দেখা যায়।
লিঙ্গবৈষম্যমূলক শব্দ ব্যবহার।
নেতিবাচক শব্দ ব্যবহার করা হয়েছে।","নারীদের প্রতি অসম্মান দেখা যায়।
লিঙ্গবৈষম্যমূলক শব্দ ব্যবহার।
নেতিবাচক শব্দ ব্যবহার করা হয়েছে।","নারীদের প্রতি অসম্মান দেখা যায়।
লিঙ্গবৈষম্যমূলক শব্দ ব্যবহার।
নেতিবাচক শব্দ ব্যবহার করা হয়েছে।"
মেয়েদের এই সমাজে থাকার কোনো অধিকার নেই; ওরা এখানে মানানসই না,Gender,Offensive,"মন্তব্যটি নারীদের সামাজিক অধিকার অস্বীকার করে বৈষম্যকে উসকে দিয়েছে।
নারীদের প্রতি অবমাননাকর এবং অসম্মানজনক মনোভাব প্রকাশ পেয়েছে।
লিঙ্গভিত্তিক বৈষম্য ও বিদ্বেষপূর্ণ বক্তব্য হওয়ায় এটি আপত্তিকর।","নারীদের অধিকার অস্বীকার করা হয়েছে।
বৈষম্যকে উসকে দেওয়া হয়েছে।
লিঙ্গভিত্তিক বিদ্বেষ প্রকাশ পেয়েছে।","নারীদের প্রতি ঘৃণা প্রকাশ।
লিঙ্গ বৈষম্য প্রকাশ পাচ্ছে।
নারী অধিকার অস্বীকার করা হচ্ছে।","নারীদের প্রতি ঘৃণা প্রকাশ হচ্ছে।
লিঙ্গ বৈষম্য প্রকাশ পাচ্ছে।
নারী অধিকার অস্বীকার করা হচ্ছে।","নারীদের প্রতি ঘৃণা প্রকাশ হচ্ছে।
মেয়েদের অধিকার অস্বীকার করা হচ্ছে।
লিঙ্গ বৈষম্য প্রকাশ পাচ্ছে।","নারীদের প্রতি ঘৃণা প্রকাশ হচ্ছে।
মেয়েদের অধিকার অস্বীকার করা হচ্ছে।
লিঙ্গ বৈষম্য প্রকাশ পাচ্ছে।","নারীদের প্রতি ঘৃণা প্রকাশ হচ্ছে।
মেয়েদের অধিকার অস্বীকার করা হচ্ছে।
লিঙ্গ বৈষম্য প্রকাশ পাচ্ছে।","নারীদের প্রতি ঘৃণা প্রকাশ হচ্ছে।
মেয়েদের অধিকার অস্বীকার করা হচ্ছে।
লিঙ্গ বৈষম্য প্রকাশ পাচ্ছে।","নারীদের প্রতি ঘৃণা প্রকাশ হচ্ছে।
মেয়েদের অধিকার অস্বীকার করা হচ্ছে।
লিঙ্গ বৈষম্য প্রকাশ পাচ্ছে।","নারীদের প্রতি ঘৃণা প্রকাশ হচ্ছে।
মেয়েদের অধিকার অস্বীকার করা হচ্ছে।
লিঙ্গ বৈষম্য প্রকাশ পাচ্ছে।","নারীদের প্রতি ঘৃণা প্রকাশ হচ্ছে।
মেয়েদের অধিকার অস্বীকার করা হচ্ছে।
লিঙ্গ বৈষম্য প্রকাশ পাচ্ছে।","নারীদের প্রতি ঘৃণা প্রকাশ হচ্ছে।
মেয়েদের অধিকার অস্বীকার করা হচ্ছে।
লিঙ্গ বৈষম্য প্রকাশ পাচ্ছে।","নারীদের প্রতি ঘৃণা প্রকাশ হচ্ছে।
মেয়েদের অধিকার অস্বীকার করা হচ্ছে।
লিঙ্গ বৈষম্য প্রকাশ পাচ্ছে।","নারীদের প্রতি ঘৃণা প্রকাশ হচ্ছে।
মেয়েদের অধিকার অস্বীকার করা হচ্ছে।
লিঙ্গ বৈষম্য প্রকাশ পাচ্ছে।","নারীদের প্রতি ঘৃণা প্রকাশ হচ্ছে।
মেয়েদের অধিকার অস্বীকার করা হচ্ছে।
লিঙ্গ বৈষম্য প্রকাশ পাচ্ছে।","নারীদের প্রতি ঘৃণা প্রকাশ হচ্ছে।
মেয়েদের অধিকার অস্বীকার করা হচ্ছে।
লিঙ্গ বৈষম্য প্রকাশ পাচ্ছে।","নারীদের প্রতি ঘৃণা প্রকাশ হচ্ছে।
মেয়েদের অধিকার অস্বীকার করা হচ্ছে।
লিঙ্গ বৈষম্য প্রকাশ পাচ্ছে।","নারীদের প্রতি ঘৃণা প্রকাশ হচ্ছে।
মেয়েদের অধিকার অস্বীকার করা হচ্ছে।
লিঙ্গ বৈষম্য প্রকাশ পাচ্ছে।","নারীদের প্রতি ঘৃণা প্রকাশ হচ্ছে।
মেয়েদের অধিকার অস্বীকার করা হচ্ছে।
লিঙ্গ বৈষম্য প্রকাশ পাচ্ছে।","নারীদের প্রতি ঘৃণা প্রকাশ হচ্ছে।
মেয়েদের অধিকার অস্বীকার করা হচ্ছে।
লিঙ্গ বৈষম্য প্রকাশ পাচ্ছে।","নারীদের প্রতি ঘৃণা প্রকাশ হচ্ছে।
মেয়েদের অধিকার অস্বীকার করা হচ্ছে।
লিঙ্গ বৈষম্য প্রকাশ পাচ্ছে।","নারীদের প্রতি ঘৃণা প্রকাশ হচ্ছে।
মেয়েদের অধিকার অস্বীকার করা হচ্ছে।
লিঙ্গ বৈষম্য প্রকাশ পাচ্ছে।"
"মেয়েরা সবসময় ভাবে ওরা সবার থেকে ভালো, কিন্তু আসলে ওদের কোনো অবদান নেই",Gender,Offensive,"মন্তব্যে নারীদের ভূমিকা অস্বীকার করে নেতিবাচকভাবে উপস্থাপন করা হয়েছে।
নারীদের প্রতি অবমাননাকর এবং লিঙ্গ বৈষম্যমূলক সাধারণীকরণ করা হয়েছে।
অমূলক এবং হেয়প্রসূত বক্তব্য হওয়ায় এটি আপত্তিকর।","নারীদের প্রতি অবমাননা করা হয়েছে।
লিঙ্গ বৈষম্য প্রকাশ পাচ্ছে।
নারীদের অবদান অস্বীকার করা হয়েছে।","নারীদের প্রতি অবমাননা করা হয়েছে।
নারীদের অবদান অস্বীকার করা হয়েছে।
লিঙ্গ বৈষম্য প্রকাশ পাচ্ছে।","নারীদের প্রতি অবমাননা করা হয়েছে।
নারীদের অবদান অস্বীকার করা হয়েছে।
লিঙ্গ বৈষম্য প্রকাশ পাচ্ছে।","নারীদের প্রতি অবমাননা করা হয়েছে।
নারীদের অবদান অস্বীকার করা হয়েছে।
লিঙ্গ বৈষম্য প্রকাশ পাচ্ছে।","নারীদের প্রতি অবমাননা করা হয়েছে।
নারীদের অবদান অস্বীকার করা হয়েছে।
লিঙ্গ বৈষম্য প্রকাশ পাচ্ছে।","নারীদের প্রতি অবমাননা করা হয়েছে।
নারীদের অবদান অস্বীকার করা হয়েছে।
লিঙ্গ বৈষম্য প্রকাশ পাচ্ছে।","নারীদের প্রতি অবমাননা করা হয়েছে।
নারীদের অবদান অস্বীকার করা হয়েছে।
লিঙ্গ বৈষম্য প্রকাশ পাচ্ছে।","নারীদের প্রতি অবমাননা করা হয়েছে।
নারীদের অবদান অস্বীকার করা হয়েছে।
লিঙ্গ বৈষম্য প্রকাশ পাচ্ছে।","নারীদের প্রতি অবমাননা করা হয়েছে।
নারীদের অবদান অস্বীকার করা হয়েছে।
লিঙ্গ বৈষম্য প্রকাশ পাচ্ছে।","নারীদের প্রতি অবমাননা করা হয়েছে।
নারীদের অবদান অস্বীকার করা হয়েছে।
লিঙ্গ বৈষম্য প্রকাশ পাচ্ছে।","নারীদের প্রতি অবমাননা করা হয়েছে।
নারীদের অবদান অস্বীকার করা হয়েছে।
লিঙ্গ বৈষম্য প্রকাশ পাচ্ছে।","নারীদের প্রতি অবমাননা করা হয়েছে।
নারীদের অবদান অস্বীকার করা হয়েছে।
লিঙ্গ বৈষম্য প্রকাশ পাচ্ছে।","নারীদের প্রতি অবমাননা করা হয়েছে।
নারীদের অবদান অস্বীকার করা হয়েছে।
লিঙ্গ বৈষম্য প্রকাশ পাচ্ছে।","নারীদের প্রতি অবমাননা করা হয়েছে।
নারীদের অবদান অস্বীকার করা হয়েছে।
লিঙ্গ বৈষম্য প্রকাশ পাচ্ছে।","নারীদের প্রতি অবমাননা করা হয়েছে।
নারীদের অবদান অস্বীকার করা হয়েছে।
লিঙ্গ বৈষম্য প্রকাশ পাচ্ছে।","নারীদের প্রতি অবমাননা করা হয়েছে।
নারীদের অবদান অস্বীকার করা হয়েছে।
লিঙ্গ বৈষম্য প্রকাশ পাচ্ছে।","নারীদের প্রতি অবমাননা করা হয়েছে।
নারীদের অবদান অস্বীকার করা হয়েছে।
লিঙ্গ বৈষম্য প্রকাশ পাচ্ছে।","নারীদের প্রতি অবমাননা করা হয়েছে।
নারীদের অবদান অস্বীকার করা হয়েছে।
লিঙ্গ বৈষম্য প্রকাশ পাচ্ছে।","নারীদের প্রতি অসম্মান প্রকাশ পাচ্ছে।
লিঙ্গ বৈষম্য দেখা যাচ্ছে।
নারীদের অবদান অস্বীকার করা হয়েছে।","নারীদের প্রতি অসম্মান প্রকাশ পাচ্ছে।
নারীদের অবদান অস্বীকার করা হয়েছে।
লিঙ্গ বৈষম্য দেখা যাচ্ছে।","নারীদের প্রতি অসম্মান প্রকাশ পাচ্ছে।
নারীদের অবদান অস্বীকার করা হয়েছে।
লিঙ্গ বৈষম্য দেখা যাচ্ছে।"
এটা সত্যি যে মেয়েরা  সবকিছু নষ্ট করে দিচ্ছে,Gender,Offensive,"মন্তব্যে নারীদের প্রতি অযৌক্তিক ও নেতিবাচক সাধারণীকরণ করা হয়েছে।
নারীদের দোষারোপ করে অবমাননাকর মনোভাব প্রকাশ করা হয়েছে।
লিঙ্গভিত্তিক বৈষম্য ও অপমানজনক বক্তব্য হওয়ায় এটি আপত্তিকর।","নারীদের প্রতি অসম্মান দেখা যায়।
লিঙ্গবৈষম্য প্রকাশ পাচ্ছে।
নারীদের প্রতি নেতিবাচক মনোভাব।","নারীদের প্রতি অসম্মান দেখা যায়।
মেয়েদের নিয়ে নেতিবাচক কথা।
নারীদেরকে দায়ী করা হচ্ছে।","নারীদের প্রতি অসম্মান দেখা যায়।
নেতিবাচক কথা বলা হচ্ছে।
নারীদেরকে দায়ী করা হচ্ছে।","নারীদের প্রতি অসম্মান দেখা যায়
নেতিবাচক কথা বলা হচ্ছে
নারীদেরকে দায়ী করা হচ্ছে","নারীদের প্রতি অসম্মান দেখা যায়
নেতিবাচক কথা বলা হচ্ছে
নারীদেরকে দায়ী করা হচ্ছে","নারীদের প্রতি অসম্মান দেখা যায়
নেতিবাচক কথা বলা হচ্ছে
নারীদেরকে দায়ী করা হচ্ছে","নারীদের প্রতি অসম্মান দেখা যায়
নেতিবাচক কথা বলা হচ্ছে
নারীদেরকে দায়ী করা হচ্ছে","নারীদের প্রতি অসম্মান দেখা যায়
নেতিবাচক কথা বলা হচ্ছে
নারীদেরকে দায়ী করা হচ্ছে","নারীদের প্রতি অসম্মান দেখা যায়
নেতিবাচক কথা বলা হচ্ছে
নারীদেরকে দায়ী করা হচ্ছে","নারীদের প্রতি অসম্মান দেখা যায়
নেতিবাচক কথা বলা হচ্ছে
নারীদেরকে দায়ী করা হচ্ছে","নারীদের প্রতি অসম্মান দেখা যায়
নেতিবাচক কথা বলা হচ্ছে
নারীদেরকে দায়ী করা হচ্ছে","নারীদের প্রতি অসম্মান দেখা যায়
নেতিবাচক কথা বলা হচ্ছে
নারীদেরকে দায়ী করা হচ্ছে","নারীদের প্রতি অসম্মান দেখা যায়
নেতিবাচক কথা বলা হচ্ছে
নারীদেরকে দায়ী করা হচ্ছে",Error,"মেয়েদের প্রতি ঘৃণা প্রকাশ।
সমস্ত মেয়েকে একই ভাবে বিবেচনা।
নারীর প্রতি অসম্মান প্রকাশ।","নারীদের প্রতি অসম্মান প্রকাশ।
মেয়েদের নিয়ে নেতিবাচক মন্তব্য।
নারীর প্রতি ঘৃণা প্রকাশ।","নারীদের প্রতি অসম্মান প্রকাশ করা হয়েছে।
মেয়েদের নিয়ে নেতিবাচক মন্তব্য করা হয়েছে।
নারীর প্রতি ঘৃণা প্রকাশ পাচ্ছে।","নারীদের প্রতি অসম্মান প্রকাশ করা হয়েছে।
নেতিবাচক মন্তব্য করা হয়েছে।
নারীদের নিয়ে অপমান করা হয়েছে।","নারীদের প্রতি অসম্মান প্রকাশ করা হয়েছে।
নেতিবাচক মন্তব্য করা হয়েছে।
নারীদের নিয়ে অপমান করা হয়েছে।","নারীদের প্রতি অসম্মান প্রকাশ করা হয়েছে।
নেতিবাচক মন্তব্য করা হয়েছে।
নারীদের নিয়ে অপমান করা হয়েছে।","নারীদের প্রতি অসম্মান প্রকাশ।
নেতিবাচক মন্তব্য করা হয়েছে।
নারীদের নিয়ে অপমান।"
"সত্যি বলতে কি, আমাদের মেয়েদের ছাড়া আরও ভালো হতো",Gender,Offensive,"মন্তব্যটি নারীদের অস্তিত্বকে অমূলকভাবে অবমূল্যায়ন করেছে।
নারীদের প্রতি অবমাননাকর মনোভাব ও নেতিবাচক ইঙ্গিত প্রকাশ পেয়েছে।
লিঙ্গভিত্তিক বৈষম্য ও হেয়প্রসূত বক্তব্য হওয়ায় এটি আপত্তিকর।","নারীদের অবমূল্যায়ন করা হয়েছে।
লিঙ্গভিত্তিক বৈষম্য রয়েছে।
নেতিবাচক ইঙ্গিত প্রকাশ পেয়েছে।","নারীদের প্রতি অসম্মান প্রকাশ।
মেয়েদের অবমূল্যায়ন করা হয়েছে।
নেতিবাচক মনোভাব রয়েছে।","মেয়েদের প্রতি অসম্মান প্রকাশ।
নেতিবাচক মনোভাব রয়েছে।
মেয়েদের অবমূল্যায়ন করা হয়েছে।","মেয়েদের প্রতি অসম্মান প্রকাশ।
নেতিবাচক মনোভাব রয়েছে।
মেয়েদের অবমূল্যায়ন করা হয়েছে।","মেয়েদের প্রতি অসম্মান প্রকাশ।
নেতিবাচক মনোভাব রয়েছে।
মেয়েদের অবমূল্যায়ন করা হয়েছে।","মেয়েদের প্রতি অসম্মান প্রকাশ।
নেতিবাচক মনোভাব রয়েছে।
মেয়েদের অবমূল্যায়ন করা হয়েছে।","মেয়েদের প্রতি অসম্মান প্রকাশ করা হয়েছে।
নেতিবাচক মনোভাব রয়েছে।
মেয়েদের অবমূল্যায়ন করা হয়েছে।","মেয়েদের প্রতি অসম্মান প্রকাশ।
নেতিবাচক মনোভাব রয়েছে।
মেয়েদের অবমূল্যায়ন করা হয়েছে।","মেয়েদের প্রতি অসম্মান প্রকাশ।
নেতিবাচক মনোভাব রয়েছে।
মেয়েদের অবমূল্যায়ন করা হয়েছে।","মেয়েদের প্রতি অসম্মান প্রকাশ করা হয়েছে।
নেতিবাচক মনোভাব প্রকাশ পাচ্ছে।
মেয়েদের অবমূল্যায়ন করা হয়েছে।","মেয়েদের প্রতি অসম্মান দেখা যাচ্ছে।
নেতিবাচক মনোভাব প্রকাশ পাচ্ছে।
মেয়েদের অবমূল্যায়ন করা হয়েছে।","মেয়েদের প্রতি অসম্মান দেখা যাচ্ছে।
নেতিবাচক মনোভাব প্রকাশ পাচ্ছে।
মেয়েদের অবমূল্যায়ন করা হয়েছে।","মেয়েদের প্রতি অসম্মান দেখা যাচ্ছে।
নেতিবাচক মনোভাব প্রকাশ পাচ্ছে।
মেয়েদের অবমূল্যায়ন করা হয়েছে।","মেয়েদের প্রতি অসম্মান দেখা যাচ্ছে।
নেতিবাচক মনোভাব প্রকাশ পাচ্ছে।
মেয়েদের অবমূল্যায়ন করা হয়েছে।","মেয়েদের প্রতি অসম্মান দেখা যাচ্ছে।
নেতিবাচক মনোভাব প্রকাশ পাচ্ছে।
মেয়েদের অবমূল্যায়ন করা হয়েছে।","মেয়েদের প্রতি অসম্মান দেখা যাচ্ছে।
নেতিবাচক মনোভাব প্রকাশ পাচ্ছে।
মেয়েদের অবমূল্যায়ন করা হয়েছে।","মেয়েদের প্রতি অসম্মান দেখা যাচ্ছে।
নেতিবাচক মনোভাব প্রকাশ পাচ্ছে।
মেয়েদের অবমূল্যায়ন করা হয়েছে।","মেয়েদের প্রতি অসম্মান দেখা যাচ্ছে।
নেতিবাচক মনোভাব প্রকাশ পাচ্ছে।
মেয়েদের অবমূল্যায়ন করা হয়েছে।","মেয়েদের প্রতি অসম্মান দেখা যাচ্ছে।
নেতিবাচক মনোভাব প্রকাশ পাচ্ছে।
মেয়েদের অবমূল্যায়ন করা হয়েছে।","মেয়েদের প্রতি অসম্মান দেখা যাচ্ছে।
নেতিবাচক মনোভাব প্রকাশ পাচ্ছে।
মেয়েদের অবমূল্যায়ন করা হয়েছে।","মেয়েদের প্রতি অসম্মান দেখা যাচ্ছে।
নেতিবাচক মনোভাব প্রকাশ পাচ্ছে।
মেয়েদের অবমূল্যায়ন করা হয়েছে।"
ওর মত ছেলেকে কুওা দিয়া চোদানো দরকার,Gender,Sexual Harassments,"মন্তব্যটি অত্যন্ত অশালীন ও যৌন হয়রানিমূলক ভাষা ব্যবহার করেছে।
ব্যক্তিকে হেয় এবং অবমাননা করার উদ্দেশ্যে যৌন ইঙ্গিত দেওয়া হয়েছে।
অপমানজনক ও অশালীন ইঙ্গিত থাকার কারণে এটি যৌন হয়রানি হিসেবে বিবেচিত।","অশালীন ভাষা ব্যবহার করা হয়েছে।
যৌন ইঙ্গিত দেওয়া হয়েছে।
অবমাননা করার উদ্দেশ্যে।","অশালীন শব্দ ব্যবহার করা হয়েছে।
যৌন অভিমান প্রকাশ করা হয়েছে।
অবমাননাকর উদ্দেশ্য রয়েছে।","অশালীন শব্দ ব্যবহার করা হয়েছে।
অবমাননাকর উদ্দেশ্য রয়েছে।
যৌন অভিমান প্রকাশ করা হয়েছে।","অশালীন শব্দ ব্যবহার করা হয়েছে।
অবমাননাকর উদ্দেশ্য রয়েছে।
যৌন অভিমান প্রকাশ করা হয়েছে।","অশালীন শব্দ ব্যবহার করা হয়েছে।
অবমাননাকর উদ্দেশ্য প্রকাশ পাচ্ছে।
যৌন অভিমান রয়েছে।","অশালীন শব্দ ব্যবহার করা হয়েছে।
অবমাননাকর উদ্দেশ্য প্রকাশ পাচ্ছে।
যৌন অভিমান রয়েছে।","অশালীন শব্দ ব্যবহার করা হয়েছে।
অবমাননাকর উদ্দেশ্য প্রকাশ পাচ্ছে।
যৌন অভিমান রয়েছে।","অশালীন শব্দ ব্যবহার করা হয়েছে।
অবমাননাকর উদ্দেশ্য প্রকাশ পাচ্ছে।
যৌন অভিমান রয়েছে।","অশালীন শব্দ ব্যবহার করা হয়েছে।
অবমাননাকর উদ্দেশ্য প্রকাশ পাচ্ছে।
যৌন অভিমান রয়েছে।","অশালীন শব্দ ব্যবহার করা হয়েছে।
অবমাননাকর উদ্দেশ্য প্রকাশ পাচ্ছে।
যৌন অভিমান রয়েছে।","অশালীন শব্দ ব্যবহার করা হয়েছে।
অবমাননাকর উদ্দেশ্য প্রকাশ পাচ্ছে।
যৌন অভিমান রয়েছে।","অশালীন শব্দ ব্যবহার করা হয়েছে।
অবমাননাকর উদ্দেশ্য প্রকাশ পাচ্ছে।
যৌন অভিমান রয়েছে।","অশালীন শব্দ ব্যবহার করা হয়েছে।
অবমাননাকর উদ্দেশ্য প্রকাশ পাচ্ছে।
যৌন অভিমান রয়েছে।","অশালীন শব্দ ব্যবহার করা হয়েছে।
অবমাননাকর উদ্দেশ্য প্রকাশ পাচ্ছে।
যৌন অভিমান রয়েছে।","অশালীন শব্দ ব্যবহার করা হয়েছে।
অবমাননাকর উদ্দেশ্য প্রকাশ পাচ্ছে।
যৌন অভিমান রয়েছে।","অশালীন শব্দ ব্যবহার করা হয়েছে।
অবমাননাকর উদ্দেশ্য প্রকাশ পাচ্ছে।
যৌন অভিমান রয়েছে।","অশালীন শব্দ ব্যবহার করা হয়েছে।
অবমাননাকর উদ্দেশ্য প্রকাশ পাচ্ছে।
যৌন অভিমান রয়েছে।","অশালীন শব্দ ব্যবহার করা হয়েছে।
অবমাননাকর উদ্দেশ্য প্রকাশ পাচ্ছে।
যৌন অভিমান রয়েছে।","অশালীন শব্দ ব্যবহার করা হয়েছে।
অবমাননাকর উদ্দেশ্য প্রকাশ পাচ্ছে।
যৌন অভিমান রয়েছে।","অশালীন শব্দ ব্যবহার করা হয়েছে।
অবমাননাকর উদ্দেশ্য প্রকাশ পাচ্ছে।
যৌন অভিমান রয়েছে।","অশালীন শব্দ ব্যবহার করা হয়েছে।
অবমাননাকর উদ্দেশ্য প্রকাশ পাচ্ছে।
যৌন অভিমান রয়েছে।"
ওর মত পুলারে মেরে ফেলা দরকার,Gender,Offensive,"মন্তব্যটি সহিংসতার আহ্বান জানিয়ে আক্রমণাত্মক মনোভাব প্রকাশ করেছে।
ব্যক্তির প্রতি সরাসরি হুমকি ও অবমাননাকর বক্তব্য ব্যবহার করা হয়েছে।
শারীরিক ক্ষতির ইঙ্গিত থাকার কারণে এটি আপত্তিকর বিবেচিত।","সহিংসতার আহ্বান জানানো হয়েছে।
শারীরিক ক্ষতির ইঙ্গিত আছে।
অবমাননাকর বক্তব্য ব্যবহার করা হয়েছে।","মেরে ফেলা বলা হয়েছে।
শারীরিক ক্ষতির হুমকি দেওয়া।
অবমাননাকর শব্দ ব্যবহার।","মেরে ফেলা বলা হয়েছে।
শারীরিক ক্ষতির হুমকি দেওয়া।
অবমাননাকর শব্দ ব্যবহার।","মেরে ফেলা বলা হয়েছে।
শারীরিক ক্ষতির হুমকি দেওয়া।
অবমাননাকর শব্দ ব্যবহার।","শারীরিক ক্ষতির হুমকি দেওয়া হয়েছে।
অবমাননাকর শব্দ ব্যবহার করা হয়েছে।
মেরে ফেলা বলা হয়েছে।","মেরে ফেলা বলা হয়েছে।
শারীরিক ক্ষতির হুমকি দেওয়া।
অবমাননাকর শব্দ ব্যবহার।","শারীরিক ক্ষতির হুমকি দেওয়া হয়েছে।
অবমাননাকর শব্দ ব্যবহার করা হয়েছে।
মেরে ফেলা বলা হয়েছে।","শারীরিক ক্ষতির হুমকি দেওয়া হয়েছে।
মেরে ফেলা বলা হয়েছে।
অবমাননাকর শব্দ ব্যবহার করা হয়েছে।","শারীরিক ক্ষতির হুমকি দেওয়া হয়েছে।
মেরে ফেলা বলা হয়েছে।
অবমাননাকর শব্দ ব্যবহার করা হয়েছে।","শারীরিক ক্ষতির হুমকি দেওয়া হয়েছে।
মেরে ফেলা বলা হয়েছে।
অবমাননাকর শব্দ ব্যবহার করা হয়েছে।","শারীরিক ক্ষতির হুমকি দেওয়া হয়েছে।
মেরে ফেলা বলা হয়েছে।
অবমাননাকর শব্দ ব্যবহার করা হয়েছে।","মেরে ফেলা বলা হয়েছে।
শারীরিক ক্ষতির হুমকি দেওয়া।
অবমাননাকর শব্দ ব্যবহার।","মেরে ফেলা বলা হয়েছে।
শারীরিক ক্ষতির হুমকি দেওয়া।
অবমাননাকর শব্দ ব্যবহার।","মেরে ফেলা বলা হয়েছে।
শারীরিক ক্ষতির হুমকি দেওয়া।
অবমাননাকর শব্দ ব্যবহার।","মেরে ফেলা বলা হয়েছে।
শারীরিক ক্ষতির হুমকি দেওয়া।
অবমাননাকর শব্দ ব্যবহার।","শারীরিক ক্ষতির হুমকি দেওয়া হয়েছে।
অবমাননাকর শব্দ ব্যবহার করা হয়েছে।
মেরে ফেলা বলা হয়েছে।","শারীরিক ক্ষতির হুমকি দেওয়া হয়েছে।
মেরে ফেলা বলা হয়েছে।
অবমাননাকর শব্দ ব্যবহার করা হয়েছে।","শারীরিক ক্ষতির হুমকি দেওয়া হয়েছে।
মেরে ফেলা বলা হয়েছে।
অবমাননাকর শব্দ ব্যবহার করা হয়েছে।","শারীরিক ক্ষতির হুমকি দেওয়া হয়েছে।
মেরে ফেলা বলা হয়েছে।
অবমাননাকর শব্দ ব্যবহার করা হয়েছে।","শারীরিক ক্ষতির হুমকি দেওয়া হয়েছে।
মেরে ফেলা বলা হয়েছে।
অবমাননাকর শব্দ ব্যবহার করা হয়েছে।","মেরে ফেলা বলা হয়েছে।
শারীরিক ক্ষতির হুমকি দেওয়া।
অবমাননাকর শব্দ ব্যবহার করা।"
ওর মতো ছেলেকে গরম তেল গা য়ে ঢেলে মারতে হবে তিল তিল করে,Gender,Offensive,"মন্তব্যটি চরম সহিংসতার স্পষ্ট ইঙ্গিত দিয়েছে, যা অত্যন্ত আপত্তিকর।
ব্যক্তিকে শারীরিক নির্যাতনের মাধ্যমে আঘাত করার হুমকি দেওয়া হয়েছে।
অমানবিক ও হিংসাত্মক চিন্তার প্রকাশ থাকায় এটি গুরুতরভাবে আপত্তিকর।","শারীরিক নির্যাতনের হুমকি দেওয়া হয়েছে।
হিংসাত্মক চিন্তার প্রকাশ থাকছে।
অমানবিক আচরণের প্রতি ইঙ্গিত করছে।","গরম তেল ঢেলে মারা হবে।
শারীরিক নির্যাতনের হুমকি দেওয়া।
হিংসাত্মক চিন্তা প্রকাশ পাচ্ছে।","শারীরিক নির্যাতনের হুমকি দেওয়া হচ্ছে।
হিংসাত্মক চিন্তা প্রকাশ পাচ্ছে।
নির্যাতনের হুমকি দেওয়া হচ্ছে।","গরম তেল ঢেলে মারা হচ্ছে।
নির্যাতনের হুমকি দেওয়া হচ্ছে।
শারীরিক ক্ষতি করা হচ্ছে।","নির্যাতনের হুমকি দেওয়া হচ্ছে।
শারীরিক ক্ষতি করা হচ্ছে।
গরম তেল ঢেলে মারা হচ্ছে।","শারীরিক ক্ষতি করার হুমকি।
গরম তেল ঢেলে মারা হবে।
নির্যাতনের হুমকি দেওয়া হচ্ছে।","শারীরিক ক্ষতি করার হুমকি দেওয়া হচ্ছে।
নির্যাতনের হুমকি প্রকাশ পাচ্ছে।
মারতে হবে বলা হচ্ছে।","গরম তেল ঢেলে মারা হচ্ছে।
শারীরিক ক্ষতি করার হুমকি।
মারতে হবে বলা হচ্ছে।","শারীরিক ক্ষতি করার হুমকি দেওয়া হচ্ছে।
মারতে হবে বলা হচ্ছে।
গরম তেল ঢেলে মারা হচ্ছে।","শারীরিক ক্ষতি করার হুমকি দেওয়া হচ্ছে।
মারতে হবে বলা হচ্ছে।
গরম তেল ঢেলে মারা হচ্ছে।","শারীরিক ক্ষতি করার হুমকি দেওয়া হচ্ছে।
মারতে হবে বলা হচ্ছে।
গরম তেল ঢেলে মারা হচ্ছে।","শারীরিক ক্ষতি করার হুমকি।
মারার অভিপ্রায় প্রকাশ।
গরম তেল ঢালার উল্লেখ।","শারীরিক ক্ষতি করার হুমকি আছে।
মারার অভিপ্রায় প্রকাশ পাচ্ছে।
গরম তেল ঢালার উল্লেখ আছে।","শারীরিক ক্ষতি করার হুমকি আছে।
মারার অভিপ্রায় প্রকাশ পাচ্ছে।
গরম তেল ঢালার উল্লেখ আছে।","শারীরিক ক্ষতি করার হুমকি আছে।
মারার অভিপ্রায় প্রকাশ পাচ্ছে।
গরম তেল ঢালার উল্লেখ আছে।","শারীরিক ক্ষতি করার হুমকি আছে।
মারার অভিপ্রায় প্রকাশ পাচ্ছে।
গরম তেল ঢালার উল্লেখ আছে।","শারীরিক ক্ষতির হুমকি আছে।
মারার অভিপ্রায় প্রকাশ পাচ্ছে।
গরম তেল ঢালার উল্লেখ আছে।","শারীরিক ক্ষতির হুমকি আছে।
মারার অভিপ্রায় প্রকাশ পাচ্ছে।
গরম তেল ঢালার উল্লেখ আছে।","শারীরিক ক্ষতির হুমকি আছে।
মারার অভিপ্রায় প্রকাশ পাচ্ছে।
গরম তেল ঢালার উল্লেখ আছে।","শারীরিক ক্ষতির হুমকি আছে।
মারার অভিপ্রায় প্রকাশ পাচ্ছে।
গরম তেল ঢালার উল্লেখ আছে।","শারীরিক ক্ষতির হুমকি আছে।
মারার অভিপ্রায় প্রকাশ পাচ্ছে।
গরম তেল ঢালার উল্লেখ আছে।"
ওর সোনা কেটে ওর হাতে দেয়া হোক,Gender,Offensive,"মন্তব্যটি চরম শারীরিক নির্যাতনের ইঙ্গিত দিয়ে হিংসা উস্কে দিয়েছে।
অত্যন্ত অশালীন এবং ব্যক্তিগতভাবে অবমাননাকর বক্তব্য প্রকাশ করা হয়েছে।
শারীরিক সহিংসতার স্পষ্ট আহ্বান থাকায় এটি গুরুতরভাবে আপত্তিকর।","শারীরিক নির্যাতনের ইঙ্গিত আছে।
হিংসা উস্কে দেয়া হয়েছে।
অবমাননাকর বক্তব্য রয়েছে।","শারীরিক নির্যাতনের ইঙ্গিত আছে।
হিংসাত্মক বক্তব্য রয়েছে।
অবমাননাকর শব্দ ব্যবহার করা হয়েছে।","শারীরিক নির্যাতনের ইঙ্গিত আছে।
হিংসাত্মক বক্তব্য রয়েছে।
অবমাননাকর শব্দ ব্যবহার করা হয়েছে।","শারীরিক নির্যাতনের ইঙ্গিত আছে।
হিংসাত্মক বক্তব্য রয়েছে।
অবমাননাকর শব্দ ব্যবহার করা হয়েছে।","শারীরিক নির্যাতনের ইঙ্গিত আছে।
হিংসাত্মক বক্তব্য রয়েছে।
অবমাননাকর শব্দ ব্যবহার করা হয়েছে।","শারীরিক নির্যাতনের ইঙ্গিত আছে।
হিংসাত্মক বক্তব্য রয়েছে।
অবমাননাকর শব্দ ব্যবহার করা হয়েছে।","শারীরিক নির্যাতনের ইঙ্গিত আছে।
হিংসাত্মক বক্তব্য রয়েছে।
অবমাননাকর শব্দ ব্যবহার করা হয়েছে।","শারীরিক নির্যাতনের ইঙ্গিত আছে।
হিংসাত্মক বক্তব্য রয়েছে।
অবমাননাকর শব্দ ব্যবহার করা হয়েছে।","শারীরিক নির্যাতনের ইঙ্গিত আছে।
হিংসাত্মক বক্তব্য রয়েছে।
অবমাননাকর শব্দ ব্যবহার করা হয়েছে।","শারীরিক নির্যাতনের ইঙ্গিত আছে।
হিংসাত্মক বক্তব্য রয়েছে।
অবমাননাকর শব্দ ব্যবহার করা হয়েছে।","শারীরিক নির্যাতনের ইঙ্গিত আছে।
হিংসাত্মক বক্তব্য রয়েছে।
অবমাননাকর শব্দ ব্যবহার করা হয়েছে।","শারীরিক নির্যাতনের ইঙ্গিত আছে।
হিংসাত্মক বক্তব্য রয়েছে।
অবমাননাকর শব্দ ব্যবহার করা হয়েছে।","শারীরিক নির্যাতনের ইঙ্গিত আছে।
হিংসাত্মক বক্তব্য রয়েছে।
অবমাননাকর শব্দ ব্যবহার করা হয়েছে।","শারীরিক নির্যাতনের ইঙ্গিত আছে।
হিংসাত্মক বক্তব্য রয়েছে।
অবমাননাকর শব্দ ব্যবহার করা হয়েছে।","শারীরিক নির্যাতনের ইঙ্গিত আছে।
হিংসাত্মক বক্তব্য রয়েছে।
অবমাননাকর শব্দ ব্যবহার করা হয়েছে।","শারীরিক নির্যাতনের ইঙ্গিত আছে।
হিংসাত্মক বক্তব্য রয়েছে।
অবমাননাকর শব্দ ব্যবহার করা হয়েছে।","শারীরিক নির্যাতনের ইঙ্গিত আছে।
হিংসাত্মক বক্তব্য রয়েছে।
অবমাননাকর শব্দ ব্যবহার করা হয়েছে।","শারীরিক নির্যাতনের ইঙ্গিত আছে।
হিংসাত্মক বক্তব্য রয়েছে।
অবমাননাকর শব্দ ব্যবহার করা হয়েছে।","শারীরিক নির্যাতনের ইঙ্গিত আছে।
হিংসাত্মক বক্তব্য রয়েছে।
অবমাননাকর শব্দ ব্যবহার করা হয়েছে।","শারীরিক নির্যাতনের ইঙ্গিত আছে।
হিংসাত্মক বক্তব্য রয়েছে।
অবমাননাকর শব্দ ব্যবহার করা হয়েছে।","শারীরিক নির্যাতনের ইঙ্গিত আছে।
হিংসাত্মক বক্তব্য রয়েছে।
অবমাননাকর শব্দ ব্যবহার করা হয়েছে।"
ওরাকম ছেলের মেরে ফেলা উচিত,Gender,Offensive,"মন্তব্যটি সরাসরি সহিংসতার আহ্বান জানিয়েছে, যা অত্যন্ত আপত্তিকর।
ব্যক্তির প্রতি হুমকিমূলক এবং অবমাননাকর মনোভাব প্রকাশ করা হয়েছে।
শারীরিক ক্ষতির ইঙ্গিত থাকায় এটি আক্রমণাত্মক ও অসম্মানজনক।","সহিংসতার আহ্বান জানানো হয়েছে
হুমকি ও অবমাননা রয়েছে
শারীরিক ক্ষতির ইঙ্গিত আছে","মারধরের কথা বলা হয়েছে
শারীরিক ক্ষতির কথা বলা হয়েছে
সহিংসতার প্রচার করা হয়েছে","মারধরের কথা বলা হয়েছে।
শারীরিক ক্ষতির কথা বলা হয়েছে।
সহিংসতার প্রচার করা হয়েছে।","মারধরের কথা বলা হয়েছে।
শারীরিক ক্ষতির কথা বলা।
সহিংসতা প্রচার করা হয়েছে।","মারধরের কথা বলা হয়েছে।
শারীরিক ক্ষতির কথা বলা।
সহিংসতা প্রচার করা হয়েছে।","মারধরের কথা বলা হয়েছে।
শারীরিক ক্ষতির কথা বলা।
সহিংসতা প্রচার করা হয়েছে।","মারধরের কথা বলা হয়েছে।
শারীরিক ক্ষতির কথা বলা।
সহিংসতা প্রচার করা হয়েছে।","মারধরের কথা বলা হয়েছে।
শারীরিক ক্ষতির কথা বলা।
সহিংসতা প্রচার করা হয়েছে।","মারধরের কথা বলা হয়েছে।
শারীরিক ক্ষতির কথা বলা।
সহিংসতা প্রচার করা হয়েছে।","মারধরের কথা বলা হয়েছে।
শারীরিক ক্ষতির কথা বলা।
সহিংসতা প্রচার করা হয়েছে।","মারধরের কথা বলা হয়েছে।
শারীরিক ক্ষতির কথা বলা।
সহিংসতা প্রচার করা হয়েছে।","মারধরের কথা বলা হয়েছে।
শারীরিক ক্ষতির কথা বলা।
সহিংসতা প্রচার করা হয়েছে।","মারধরের কথা বলা হয়েছে।
শারীরিক ক্ষতির কথা বলা।
সহিংসতা প্রচার করা হয়েছে।","মারধরের কথা বলা হয়েছে।
শারীরিক ক্ষতির কথা বলা।
সহিংসতা প্রচার করা হয়েছে।","মারধরের কথা বলা হয়েছে।
শারীরিক ক্ষতির কথা বলা।
সহিংসতা প্রচার করা হয়েছে।","মারধরের কথা বলা হয়েছে।
শারীরিক ক্ষতির কথা বলা।
সহিংসতা প্রচার করা হয়েছে।","মারধরের কথা বলা হয়েছে।
শারীরিক ক্ষতির কথা বলা।
সহিংসতা প্রচার করা হয়েছে।","মারধরের কথা বলা হয়েছে।
শারীরিক ক্ষতির কথা বলা।
সহিংসতা প্রচার করা হয়েছে।","মারধরের কথা বলা হয়েছে।
শারীরিক ক্ষতির কথা বলা।
সহিংসতা প্রচার করা হয়েছে।","মারধরের কথা বলা হয়েছে।
শারীরিক ক্ষতির কথা বলা।
সহিংসতা প্রচার করা হয়েছে।","মারধরের কথা বলা হয়েছে।
শারীরিক ক্ষতির কথা বলা।
সহিংসতা প্রচার করা হয়েছে।"
ওরে আমার কাছে একটু পাঠিয়ে দেয়। এই বয়সে ওকে ওয়াজ করতে দেয় কেন? ওর খতনা হইছে তো?,Gender,Offensive,"মন্তব্যটি অশালীন এবং ব্যক্তিগত বিষয় নিয়ে অবমাননাকর ইঙ্গিত দিয়েছে।
বক্তব্যে যৌন ইঙ্গিতপূর্ণ প্রশ্নের মাধ্যমে হেয় প্রতিপন্ন করার প্রচেষ্টা রয়েছে।
অপমানজনক এবং অবমাননাকর বক্তব্য হওয়ায় এটি আপত্তিকর।","অশালীন শব্দ ব্যবহার করা হয়েছে।
ব্যক্তিগত বিষয় নিয়ে আলোচনা।
অবমাননাকর ইঙ্গিত দেওয়া হয়েছে।","অশালীন শব্দ ব্যবহার করা হয়েছে।
ব্যক্তিগত বিষয় নিয়ে আলোচনা।
অবমাননাকর ইঙ্গিত দেওয়া হয়েছে।","অশালীন শব্দ ব্যবহার করা হয়েছে।
ব্যক্তিগত বিষয়ে আক্রমণ করা হয়েছে।
অবমাননাকর ভাষা ব্যবহার করা হয়েছে।","অশালীন শব্দ ব্যবহার করা হয়েছে।
ব্যক্তিগত আক্রমণ করা হয়েছে।
অবমাননাকর ভাষা ব্যবহার।","অশালীন শব্দ ব্যবহার করা হয়েছে।
ব্যক্তিগত আক্রমণ করা হয়েছে।
অবমাননাকর ভাষা ব্যবহার।","অশালীন শব্দ ব্যবহার করা হয়েছে।
ব্যক্তিগত আক্রমণ করা হয়েছে।
অবমাননাকর ভাষা ব্যবহার।","অশালীন শব্দ ব্যবহার করা হয়েছে।
ব্যক্তিগত আক্রমণ করা হয়েছে।
অবমাননাকর ভাষা ব্যবহার।","অশালীন শব্দ ব্যবহার করা হয়েছে।
ব্যক্তিগত আক্রমণ করা হয়েছে।
অবমাননাকর ভাষা ব্যবহার।","অশালীন শব্দ ব্যবহার করা হয়েছে।
ব্যক্তিগত আক্রমণ করা হয়েছে।
অবমাননাকর ভাষা ব্যবহার।","অশালীন শব্দ ব্যবহার করা হয়েছে।
ব্যক্তিগত আক্রমণ করা হয়েছে।
অবমাননাকর ভাষা ব্যবহার।","অশালীন শব্দ ব্যবহার করা হয়েছে।
ব্যক্তিগত আক্রমণ করা হয়েছে।
খারাপ ভাষা ব্যবহার করা হয়েছে।","অশালীন শব্দ ব্যবহার করা হয়েছে।
ব্যক্তিগত আক্রমণ করা হয়েছে।
খারাপ ভাষা ব্যবহার করা হয়েছে।","অশালীন শব্দ ব্যবহার করা হয়েছে।
ব্যক্তিগত আক্রমণ করা হয়েছে।
খারাপ ভাষা ব্যবহার করা হয়েছে।","অশালীন শব্দ ব্যবহার করা হয়েছে।
ব্যক্তিগত আক্রমণ করা হয়েছে।
খারাপ ভাষা ব্যবহার করা হয়েছে।","অশালীন শব্দ ব্যবহার করা হয়েছে।
ব্যক্তিগত আক্রমণ করা হয়েছে।
খারাপ ভাষা ব্যবহার করা হয়েছে।","অশালীন শব্দ ব্যবহার করা হয়েছে।
ব্যক্তিগত আক্রমণ করা হয়েছে।
খারাপ ভাষা ব্যবহার করা হয়েছে।","অশালীন শব্দ ব্যবহার করা হয়েছে।
ব্যক্তিগত আক্রমণ করা হয়েছে।
খারাপ ভাষা ব্যবহার করা হয়েছে।","অশালীন শব্দ ব্যবহার করা হয়েছে।
ব্যক্তিগত আক্রমণ করা হয়েছে।
খারাপ ভাষা ব্যবহার করা হয়েছে।","অশালীন শব্দ ব্যবহার করা হয়েছে।
ব্যক্তিগত আক্রমণ করা হয়েছে।
খারাপ ভাষা ব্যবহার করা হয়েছে।","অশালীন শব্দ ব্যবহার করা হয়েছে।
ব্যক্তিগত আক্রমণ করা হয়েছে।
খারাপ ভাষা ব্যবহার করা হয়েছে।","অশালীন শব্দ ব্যবহার করা হয়েছে।
ব্যক্তিগত আক্রমণ করা হয়েছে।
খারাপ ভাষা ব্যবহার করা হয়েছে।"
ওরে নেন্টা করে চুদে দিলেও ওটা এর কাচে নরমাল হবে কারন ব্যাসসার ঘর থেকে ব্যাসসা ই জন্ম নেয়,Gender,Offensive,"মন্তব্যটি অশালীন ও অত্যন্ত যৌন ইঙ্গিতপূর্ণ ভাষা ব্যবহার করেছে।
ব্যক্তিকে অবমাননা করার উদ্দেশ্যে অপমানজনক এবং অশোভন বক্তব্য প্রকাশ করা হয়েছে।
অশ্লীল ও হেয়প্রসূত ইঙ্গিত থাকায় এটি গুরুতরভাবে আপত্তিকর।","অশালীন ভাষা ব্যবহার করা হয়েছে।
অপমানজনক বক্তব্য রয়েছে।
অশ্লীল ইঙ্গিত থাকায় আপত্তিকর।","অশালীন ভাষা ব্যবহার করা হয়েছে।
অপমানজনক শব্দ রয়েছে।
অশ্লীল ইঙ্গিত আছে।","অশালীন ভাষা ব্যবহার করা হয়েছে।
অপমানজনক শব্দ রয়েছে।
অশ্লীল ইঙ্গিত আছে।","অশালীন ভাষা ব্যবহার করা হয়েছে।
অপমানজনক শব্দ রয়েছে।
অশ্লীল ইঙ্গিত আছে।","অশালীন ভাষা ব্যবহার করা হয়েছে।
অপমানজনক শব্দ রয়েছে।
অশ্লীল ইঙ্গিত আছে।","অশালীন ভাষা ব্যবহার করা হয়েছে।
অপমানজনক শব্দ রয়েছে।
অশ্লীল ইঙ্গিত আছে।","অশালীন ভাষা ব্যবহার করা হয়েছে।
অপমানজনক শব্দ রয়েছে।
অশ্লীল ইঙ্গিত আছে।","অশালীন ভাষা ব্যবহার করা হয়েছে।
অপমানজনক শব্দ রয়েছে।
অশ্লীল ইঙ্গিত আছে।","অশালীন ভাষা ব্যবহার করা হয়েছে।
অপমানজনক শব্দ রয়েছে।
অশ্লীল ইঙ্গিত আছে।","অশালীন ভাষা ব্যবহার করা হয়েছে।
অপমানজনক শব্দ রয়েছে।
অশ্লীল ইঙ্গিত আছে।","অশালীন ভাষা ব্যবহার করা হয়েছে।
অপমানজনক শব্দ রয়েছে।
অশ্লীল ইঙ্গিত আছে।","অশালীন ভাষা ব্যবহার করা হয়েছে।
অপমানজনক শব্দ রয়েছে।
অশ্লীল ইঙ্গিত আছে।","অশালীন ভাষা ব্যবহার করা হয়েছে।
অপমানজনক শব্দ রয়েছে।
অশ্লীল ইঙ্গিত আছে।","অশালীন ভাষা ব্যবহার করা হয়েছে।
অপমানজনক শব্দ রয়েছে।
অশ্লীল ইঙ্গিত আছে।","অশালীন ভাষা ব্যবহার করা হয়েছে।
অপমানজনক শব্দ রয়েছে।
অশ্লীল ইঙ্গিত আছে।","অশালীন ভাষা ব্যবহার করা হয়েছে।
অপমানজনক শব্দ রয়েছে।
অশ্লীল ইঙ্গিত আছে।","অশালীন ভাষা ব্যবহার করা হয়েছে।
অপমানজনক শব্দ রয়েছে।
অশ্লীল ইঙ্গিত আছে।","অশালীন ভাষা ব্যবহার করা হয়েছে।
অপমানজনক শব্দ রয়েছে।
অশ্লীল ইঙ্গিত আছে।","অশালীন ভাষা ব্যবহার করা হয়েছে।
অপমানজনক শব্দ রয়েছে।
অশ্লীল ইঙ্গিত আছে।","অশালীন ভাষা ব্যবহার করা হয়েছে।
অপমানজনক শব্দ রয়েছে।
অশ্লীল ইঙ্গিত আছে।","অশালীন ভাষা ব্যবহার করা হয়েছে।
অপমানজনক শব্দ রয়েছে।
অশ্লীল ইঙ্গিত আছে।"
ওরে প্যান্ট খুলে সোনায় লাত্থাইয়া বীচি ফাটাইয়া ফালাতে ইচ্ছা করছে,Gender,Offensive,"মন্তব্যে সরাসরি শারীরিক সহিংসতার ইঙ্গিত দেওয়া হয়েছে, যা অত্যন্ত আপত্তিকর।
অশালীন ও অবমাননাকর ভাষা ব্যবহার করে হিংসাত্মক মনোভাব প্রকাশ করা হয়েছে।
শারীরিক আঘাত ও অশালীন ইঙ্গিতের কারণে এটি গুরুতরভাবে আপত্তিকর বিবেচিত।","শারীরিক সহিংসতার ইঙ্গিত দেওয়া হয়েছে।
অশালীন ভাষা ব্যবহার করা হয়েছে।
হিংসাত্মক মনোভাব প্রকাশ করা হয়েছে।","শারীরিক সহিংসতার ইঙ্গিত আছে।
অশালীন ভাষা ব্যবহার করা হয়েছে।
হিংসাত্মক মনোভাব প্রকাশ করা হয়েছে।","শারীরিক সহিংসতার ইঙ্গিত আছে।
অশালীন ভাষা ব্যবহার করা হয়েছে।
হিংসাত্মক মনোভাব প্রকাশ করা হয়েছে।","শারীরিক সহিংসতার ইঙ্গিত আছে।
অশালীন ভাষা ব্যবহার করা হয়েছে।
হিংসাত্মক মনোভাব প্রকাশ করা হয়েছে।","শারীরিক সহিংসতার ইঙ্গিত আছে।
অশালীন ভাষা ব্যবহার করা হয়েছে।
হিংসাত্মক মনোভাব প্রকাশ করা হয়েছে।","শারীরিক সহিংসতার ইঙ্গিত আছে।
অশালীন ভাষা ব্যবহার করা হয়েছে।
হিংসাত্মক মনোভাব প্রকাশ করা হয়েছে।","শারীরিক সহিংসতার ইঙ্গিত আছে।
অশালীন ভাষা ব্যবহার করা হয়েছে।
হিংসাত্মক মনোভাব প্রকাশ করা হয়েছে।","শারীরিক সহিংসতার ইঙ্গিত আছে।
অশালীন ভাষা ব্যবহার করা হয়েছে।
হিংসাত্মক মনোভাব প্রকাশ করা হয়েছে।","শারীরিক সহিংসতার ইঙ্গিত আছে।
অশালীন ভাষা ব্যবহার করা হয়েছে।
হিংসাত্মক মনোভাব প্রকাশ করা হয়েছে।","শারীরিক সহিংসতার ইঙ্গিত আছে।
অশালীন ভাষা ব্যবহার করা হয়েছে।
হিংসাত্মক মনোভাব প্রকাশ করা হয়েছে।","শারীরিক সহিংসতার ইঙ্গিত আছে।
অশালীন ভাষা ব্যবহার করা হয়েছে।
হিংসাত্মক মনোভাব প্রকাশ করা হয়েছে।","শারীরিক সহিংসতার ইঙ্গিত আছে।
অশালীন ভাষা ব্যবহার করা হয়েছে।
হিংসাত্মক মনোভাব প্রকাশ করা হয়েছে।","শারীরিক সহিংসতার ইঙ্গিত আছে।
অশালীন ভাষা ব্যবহার করা হয়েছে।
হিংসাত্মক মনোভাব প্রকাশ করা হয়েছে।","শারীরিক সহিংসতার ইঙ্গিত আছে।
অশালীন ভাষা ব্যবহার করা হয়েছে।
হিংসাত্মক মনোভাব প্রকাশ করা হয়েছে।","শারীরিক সহিংসতার ইঙ্গিত আছে।
অশালীন ভাষা ব্যবহার করা হয়েছে।
হিংসাত্মক মনোভাব প্রকাশ করা হয়েছে।","শারীরিক সহিংসতার ইঙ্গিত আছে।
অশালীন ভাষা ব্যবহার করা হয়েছে।
হিংসাত্মক মনোভাব প্রকাশ করা হয়েছে।","শারীরিক সহিংসতার ইঙ্গিত আছে।
অশালীন ভাষা ব্যবহার করা হয়েছে।
হিংসাত্মক মনোভাব প্রকাশ করা হয়েছে।","শারীরিক সহিংসতার ইঙ্গিত আছে।
অশালীন ভাষা ব্যবহার করা হয়েছে।
হিংসাত্মক মনোভাব প্রকাশ করা হয়েছে।","শারীরিক সহিংসতার ইঙ্গিত আছে।
অশালীন ভাষা ব্যবহার করা হয়েছে।
হিংসাত্মক মনোভাব প্রকাশ করা হয়েছে।","শারীরিক সহিংসতার ইঙ্গিত আছে।
অশালীন ভাষা ব্যবহার করা হয়েছে।
হিংসাত্মক মনোভাব প্রকাশ করা হয়েছে।","শারীরিক সহিংসতার ইঙ্গিত আছে।
অশালীন ভাষা ব্যবহার করা হয়েছে।
হিংসাত্মক মনোভাব প্রকাশ করা হয়েছে।"
কচি মেয়ে খাওয়ার অভ্যাসটা কাওউয়া কাদেরের আর গেলো না।,Gender,Offensive,"মন্তব্যে নারীকে অবমাননাকর ও অশালীনভাবে উপস্থাপন করা হয়েছে।
যৌন ইঙ্গিতপূর্ণ এবং অপমানজনক ভাষা ব্যবহার করা হয়েছে।
নারীদের প্রতি অবজ্ঞাসূচক ও অসম্মানজনক মনোভাব প্রকাশ করায় এটি আপত্তিকর।","নারীকে অবমাননাকর ভাষা ব্যবহার।
যৌন ইঙ্গিতপূর্ণ ভাষা ব্যবহার করা।
নারীদের প্রতি অবজ্ঞা প্রকাশ।","নারীকে অবমাননা করা হয়েছে।
যৌন ইঙ্গিত রয়েছে।
নারীদের প্রতি অবজ্ঞা আছে।","নারীকে অবমাননা করা হয়েছে।
অশ্লীল ভাষা ব্যবহার করা হয়েছে।
নারীর প্রতি ঘৃণা প্রকাশ করা হয়েছে।","নারীকে অবমাননা করা হয়েছে।
অশ্লীল ভাষা ব্যবহার করা হয়েছে।
নারীর প্রতি ঘৃণা প্রকাশ করা হয়েছে।","নারীকে অবমাননা করা হয়েছে।
অশ্লীল ভাষা ব্যবহার করা হয়েছে।
নারীর প্রতি ঘৃণা প্রকাশ করা হয়েছে।","নারীকে অবমাননা করা হয়েছে।
অশ্লীল ভাষা ব্যবহার করা হয়েছে।
নারীর প্রতি ঘৃণা প্রকাশ করা হয়েছে।","নারীকে অবমাননা করা হয়েছে।
অশ্লীল ভাষা ব্যবহার করা হয়েছে।
নারীর প্রতি ঘৃণা প্রকাশ করা হয়েছে।","নারীকে অবমাননা করা হয়েছে।
অশ্লীল ভাষা ব্যবহার করা হয়েছে।
নারীর প্রতি ঘৃণা প্রকাশ করা হয়েছে।","নারীকে অবমাননা করা হয়েছে।
অশ্লীল ভাষা ব্যবহার করা হয়েছে।
নারীর প্রতি ঘৃণা প্রকাশ করা হয়েছে।","নারীকে অবমাননা করা হয়েছে।
অশ্লীল ভাষা ব্যবহার করা হয়েছে।
নারীর প্রতি ঘৃণা প্রকাশ করা হয়েছে।","নারীকে অবমাননা করা হয়েছে।
অশ্লীল ভাষা ব্যবহার করা হয়েছে।
নারীর প্রতি ঘৃণা প্রকাশ করা হয়েছে।","নারীকে অবমাননা করা হয়েছে।
অশ্লীল ভাষা ব্যবহার করা হয়েছে।
নারীর প্রতি ঘৃণা প্রকাশ করা হয়েছে।","নারীকে অবমাননা করা হয়েছে।
অশ্লীল ভাষা ব্যবহার করা হয়েছে।
নারীর প্রতি ঘৃণা প্রকাশ করা হয়েছে।","নারীকে অবমাননা করা হয়েছে।
অশ্লীল ভাষা ব্যবহার করা হয়েছে।
নারীর প্রতি ঘৃণা প্রকাশ করা হয়েছে।","নারীকে অবমাননা করা হয়েছে।
অশ্লীল ভাষা ব্যবহার করা হয়েছে।
নারীর প্রতি ঘৃণা প্রকাশ করা হয়েছে।","নারীকে অবমাননা করা হয়েছে।
অশ্লীল ভাষা ব্যবহার করা হয়েছে।
নারীর প্রতি ঘৃণা প্রকাশ করা হয়েছে।","নারীকে অবমাননা করা হয়েছে।
অশ্লীল ভাষা ব্যবহার করা হয়েছে।
নারীর প্রতি ঘৃণা প্রকাশ করা হয়েছে।","নারীকে অবমাননা করা হয়েছে।
অশ্লীল ভাষা ব্যবহার করা হয়েছে।
নারীর প্রতি ঘৃণা প্রকাশ করা হয়েছে।","নারীকে অবমাননা করা হয়েছে।
অশ্লীল ভাষা ব্যবহার করা হয়েছে।
নারীর প্রতি ঘৃণা প্রকাশ করা হয়েছে।","নারীকে অবমাননা করা হয়েছে।
অশ্লীল ভাষা ব্যবহার করা হয়েছে।
নারীর প্রতি ঘৃণা প্রকাশ করা হয়েছে।","নারীকে অবমাননা করা হয়েছে।
অশ্লীল ভাষা ব্যবহার করা হয়েছে।
নারীর প্রতি ঘৃণা প্রকাশ করা হয়েছে।"
কত বেডার সোদা কাইছে হিতি নিজে ও জানে না,Gender,Offensive,"মন্তব্যটি নারীর প্রতি অবমাননাকর এবং অসম্মানজনক ভাষা ব্যবহার করেছে।
অশালীন ও অবজ্ঞাসূচক ইঙ্গিত থাকার কারণে এটি আপত্তিকর।
নারীদের হেয়প্রসূত এবং অপমানমূলক মনোভাব প্রকাশ করায় এটি অত্যন্ত আপত্তিকর।","নারীর প্রতি অবমাননাকর শব্দ ব্যবহার।
অশালীন ইঙ্গিত রয়েছে।
নারীদের প্রতি অপমানমূলক।","নারীর প্রতি অবমাননা করা হয়েছে।
অশালীন শব্দ ব্যবহার করা হয়েছে।
নারীদের প্রতি অপমান করা হয়েছে।","অশালীন শব্দ ব্যবহার করা হয়েছে।
নারীর প্রতি অবমাননা করা হয়েছে।
মহিলাদের প্রতি অপমান জড়িত।","অশালীন শব্দ ব্যবহার করা হয়েছে।
নারীর প্রতি অবমাননা করা হয়েছে।
মহিলাদের প্রতি অপমান জড়িত।","অশালীন শব্দ ব্যবহার করা হয়েছে।
নারীর প্রতি অবমাননা করা হয়েছে।
মহিলাদের প্রতি অপমান জড়িত।","অশালীন শব্দ ব্যবহার করা হয়েছে।
নারীর প্রতি অবমাননা করা হয়েছে।
মহিলাদের প্রতি অপমান জড়িত।","অশালীন শব্দ ব্যবহার করা হয়েছে।
নারীর প্রতি অবমাননা করা হয়েছে।
মহিলাদের প্রতি অপমান জড়িত।","অশালীন শব্দ ব্যবহার করা হয়েছে।
নারীর প্রতি অবমাননা করা হয়েছে।
মহিলাদের প্রতি অপমান জড়িত।","অশালীন শব্দ ব্যবহার করা হয়েছে।
নারীর প্রতি অবমাননা করা হয়েছে।
মহিলাদের প্রতি অপমান জড়িত।","অশালীন শব্দ ব্যবহার করা হয়েছে।
নারীর প্রতি অবমাননা করা হয়েছে।
মহিলাদের প্রতি অপমান জড়িত।","অশালীন শব্দ ব্যবহার করা হয়েছে।
নারীর প্রতি অবমাননা করা হয়েছে।
মহিলাদের প্রতি অপমান জড়িত।","অশালীন শব্দ ব্যবহার করা হয়েছে।
নারীর প্রতি অবমাননা করা হয়েছে।
মহিলাদের প্রতি অপমান জড়িত।","অশালীন শব্দ ব্যবহার করা হয়েছে।
নারীর প্রতি অবমাননা করা হয়েছে।
মহিলাদের প্রতি অপমান জড়িত।","অশালীন শব্দ ব্যবহার করা হয়েছে।
নারীর প্রতি অবমাননা করা হয়েছে।
মহিলাদের প্রতি অপমান জড়িত।","অশালীন শব্দ ব্যবহার করা হয়েছে।
নারীর প্রতি অবমাননা করা হয়েছে।
মহিলাদের প্রতি অপমান জড়িত।","অশালীন শব্দ ব্যবহার করা হয়েছে।
নারীর প্রতি অবমাননা করা হয়েছে।
মহিলাদের প্রতি অপমান জড়িত।","অশালীন শব্দ ব্যবহার করা হয়েছে।
নারীর প্রতি অবমাননা করা হয়েছে।
মহিলাদের প্রতি অপমান জড়িত।","অশালীন শব্দ ব্যবহার করা হয়েছে।
নারীর প্রতি অবমাননা করা হয়েছে।
মহিলাদের প্রতি অপমান জড়িত।","অশালীন শব্দ ব্যবহার করা হয়েছে।
নারীর প্রতি অবমাননা করা হয়েছে।
মহিলাদের প্রতি অপমান জড়িত।","অশালীন শব্দ ব্যবহার করা হয়েছে।
নারীর প্রতি অবমাননা করা হয়েছে।
মহিলাদের প্রতি অপমান জড়িত।","অশালীন শব্দ ব্যবহার করা হয়েছে।
নারীর প্রতি অবমাননা করা হয়েছে।
মহিলাদের প্রতি অপমান জড়িত।"
কম হলে জন চুদিছে আখিকে,Gender,Offensive,"মন্তব্যটি অত্যন্ত অশালীন এবং নারীর প্রতি অপমানজনক বক্তব্য ব্যবহার করেছে।
ব্যক্তিগত সম্মানহানির উদ্দেশ্যে স্পষ্টভাবে যৌন ইঙ্গিত দেওয়া হয়েছে।
অশ্লীল ও অবমাননাকর হওয়ায় এটি গুরুতরভাবে আপত্তিকর বিবেচিত।","অশালীন শব্দ ব্যবহার করা হয়েছে।
নারীর প্রতি অপমানজনক বক্তব্য।
যৌন ইঙ্গিত দেওয়া হয়েছে।","অশালীন শব্দ ব্যবহার করা হয়েছে।
নারীর প্রতি অপমান করা হয়েছে।
যৌন ইঙ্গিত রয়েছে।","অশালীন শব্দ ব্যবহার করা হয়েছে।
নারীর প্রতি অপমানজনক।
যৌন ইঙ্গিত রয়েছে।","অশালীন শব্দ ব্যবহার করা হয়েছে।
নারীর প্রতি অপমান করা হয়েছে।
যৌন ইঙ্গিত রয়েছে।","অশালীন শব্দ ব্যবহার করা হয়েছে।
নারীর প্রতি অপমানজনক।
যৌন ইঙ্গিত রয়েছে।","অশালীন শব্দ ব্যবহার করা হয়েছে।
নারীর প্রতি অপমান করা হয়েছে।
যৌন ইঙ্গিত রয়েছে বলেই।","অশালীন শব্দ ব্যবহার করা হয়েছে।
নারীর প্রতি অপমানজনক।
যৌন ইঙ্গিত রয়েছে।","অশালীন শব্দ ব্যবহার করা হয়েছে।
নারীর প্রতি অপমান করা হয়েছে।
যৌন ইঙ্গিত রয়েছে।","অশালীন শব্দ ব্যবহার করা হয়েছে।
নারীর প্রতি অপমানজনক।
যৌন ইঙ্গিত রয়েছে।","অশালীন শব্দ ব্যবহার করা হয়েছে।
নারীর প্রতি অপমান করা হয়েছে।
যৌন ইঙ্গিত রয়েছে।","অশালীন শব্দ ব্যবহার করা হয়েছে।
নারীর প্রতি অপমানজনক।
যৌন ইঙ্গিত রয়েছে।","অশালীন শব্দ ব্যবহার করা হয়েছে।
নারীর প্রতি অপমান করা হয়েছে।
যৌন ইঙ্গিত রয়েছে।","অশালীন শব্দ ব্যবহার করা হয়েছে।
নারীর প্রতি অপমানজনক।
যৌন ইঙ্গিত রয়েছে।","অশালীন শব্দ ব্যবহার করা হয়েছে।
নারীর প্রতি অপমান করা হয়েছে।
যৌন ইঙ্গিত রয়েছে।","অশালীন শব্দ ব্যবহার করা হয়েছে।
নারীর প্রতি অপমানজনক।
যৌন ইঙ্গিত রয়েছে।","অশালীন শব্দ ব্যবহার করা হয়েছে।
নারীর প্রতি অপমান করা হয়েছে।
যৌন ইঙ্গিত রয়েছে।","অশালীন শব্দ ব্যবহার করা হয়েছে।
নারীর প্রতি অপমানজনক।
যৌন ইঙ্গিত রয়েছে।","অশালীন শব্দ ব্যবহার করা হয়েছে।
নারীর প্রতি অপমান করা হয়েছে।
যৌন ইঙ্গিত রয়েছে।","অশালীন শব্দ ব্যবহার করা হয়েছে।
নারীর প্রতি অপমানজনক।
যৌন ইঙ্গিত রয়েছে।","অশালীন শব্দ ব্যবহার করা হয়েছে।
নারীর প্রতি অপমান করা হয়েছে।
যৌন ইঙ্গিত রয়েছে।","অশালীন শব্দ ব্যবহার করা হয়েছে।
নারীর প্রতি অপমানজনক।
যৌন ইঙ্গিত রয়েছে।"
কয় টাকা লাগবে খেলতে তার ভোদায়,Gender,Offensive,"মন্তব্যটি অত্যন্ত অশালীন এবং নারীর প্রতি অবমাননাকর ভাষা ব্যবহার করেছে।
নারীর প্রতি যৌন ইঙ্গিতপূর্ণ এবং অসম্মানজনক মনোভাব প্রকাশ করা হয়েছে।
অশালীনতা ও হেয় প্রতিপন্ন করার স্পষ্ট ইঙ্গিত থাকায় এটি আপত্তিকর।","নারীর প্রতি অবমাননা করা হয়েছে।
অশালীন ভাষা ব্যবহার করা হয়েছে।
যৌন ইঙ্গিত দেওয়া হয়েছে।","অশালীন শব্দ ব্যবহার করা হয়েছে।
নারীর প্রতি অবমাননা করা হয়েছে।
যৌন ইঙ্গিত দেওয়া হয়েছে।","অশালীন শব্দ ব্যবহার করা হয়েছে।
নারীর প্রতি অবমাননা করা হয়েছে।
যৌন ইঙ্গিত দেওয়া হয়েছে।","অশালীন শব্দ ব্যবহার করা হয়েছে।
নারীর প্রতি অবমাননা করা হয়েছে।
যৌন ইঙ্গিত দেওয়া হয়েছে।","অশালীন শব্দ ব্যবহার করা হয়েছে।
নারীর প্রতি অবমাননা করা হয়েছে।
যৌন ইঙ্গিত দেওয়া হয়েছে।","অশালীন শব্দ ব্যবহার করা হয়েছে।
নারীর প্রতি অবমাননা করা হয়েছে।
যৌন ইঙ্গিত দেওয়া হয়েছে।","অশালীন শব্দ ব্যবহার করা হয়েছে।
নারীর প্রতি অবমাননা করা হয়েছে।
যৌন ইঙ্গিত দেওয়া হয়েছে।","অশালীন শব্দ ব্যবহার করা হয়েছে।
নারীর প্রতি অবমাননা করা হয়েছে।
যৌন ইঙ্গিত দেওয়া হয়েছে।","অশালীন শব্দ ব্যবহার করা হয়েছে।
নারীর প্রতি অবমাননা করা হয়েছে।
যৌন ইঙ্গিত দেওয়া হয়েছে।","অশালীন শব্দ ব্যবহার করা হয়েছে।
নারীর প্রতি অসম্মান দেখা যায়।
যৌন অবমাননা করা হয়েছে।","অশালীন শব্দ ব্যবহার করা হয়েছে।
নারীর প্রতি অসম্মান দেখা যায়।
যৌন অবমাননা করা হয়েছে।","অশালীন শব্দ ব্যবহার করা হয়েছে।
নারীর প্রতি অসম্মান দেখা যায়।
যৌন অবমাননা করা হয়েছে।","অশালীন শব্দ ব্যবহার করা হয়েছে।
নারীর প্রতি অসম্মান দেখা যায়।
যৌন অবমাননা করা হয়েছে।","অশালীন শব্দ ব্যবহার করা হয়েছে।
নারীর প্রতি অসম্মান দেখা যায়।
যৌন অবমাননা করা হয়েছে।","অশালীন শব্দ ব্যবহার করা হয়েছে।
নারীর প্রতি অসম্মান দেখা যায়।
যৌন অবমাননা করা হয়েছে।","অশালীন শব্দ ব্যবহার করা হয়েছে।
নারীর প্রতি অসম্মান জন্মে।
যৌন অবমাননা করা হয়েছে।","অশালীন শব্দ ব্যবহার করা হয়েছে।
নারীর প্রতি অসম্মান জন্মে।
যৌন অবমাননা করা হয়েছে।","অশালীন শব্দ ব্যবহার করা হয়েছে।
নারীর প্রতি অসম্মান জন্মে।
যৌন অবমাননা করা হয়েছে।","অশালীন শব্দ ব্যবহার করা হয়েছে।
নারীর প্রতি অসম্মান জন্মে।
যৌন অবমাননা করা হয়েছে।","অশালীন শব্দ ব্যবহার করা হয়েছে।
নারীর প্রতি অসম্মান জন্মে।
যৌন অবমাননা করা হয়েছে।","অশালীন শব্দ ব্যবহার করা হয়েছে।
নারীর প্রতি অসম্মান জন্মে।
যৌন অবমাননা করা হয়েছে।"
কাকা আপনার চোদা কেউ গাভিন হচ্ছে না কেন,Gender,Sexual Harassments,"মন্তব্যটি অত্যন্ত অশ্লীল এবং যৌন হয়রানিমূলক ভাষা ব্যবহার করেছে।
ব্যক্তির প্রতি সরাসরি অবমাননাকর ও যৌন ইঙ্গিতপূর্ণ বক্তব্য প্রকাশ করা হয়েছে।
অশালীন ও অসম্মানজনক ইঙ্গিত থাকার কারণে এটি গুরুতরভাবে আপত্তিকর।","অশ্লীল শব্দ ব্যবহার করা হয়েছে।
যৌন ইঙ্গিত রয়েছে।
অসম্মানজনক ইঙ্গিত আছে।","অশ্লীল শব্দ ব্যবহার করা হয়েছে।
যৌন ইঙ্গিত রয়েছে।
অসম্মানজনক ইঙ্গিত আছে।","অশ্লীল শব্দ ব্যবহার করা হয়েছে।
যৌন ইঙ্গিত স্পষ্ট।
অসম্মান প্রকাশ পাচ্ছে।","অশ্লীল শব্দ ব্যবহার করা হয়েছে।
যৌন ইঙ্গিত স্পষ্ট রয়েছে।
অসম্মান প্রকাশ পাচ্ছে।","অশ্লীল শব্দ ব্যবহার করা হয়েছে।
যৌন ইঙ্গিত স্পষ্ট রয়েছে।
অসম্মান প্রকাশ পাচ্ছে।","অশ্লীল শব্দ ব্যবহার করা হয়েছে।
যৌন ইঙ্গিত স্পষ্ট রয়েছে।
অসম্মান প্রকাশ পাচ্ছে।","অশ্লীল শব্দ ব্যবহার করা হয়েছে।
যৌন ইঙ্গিত স্পষ্ট রয়েছে।
অসম্মান প্রকাশ পাচ্ছে।","অশ্লীল শব্দ ব্যবহার করা হয়েছে।
যৌন ইঙ্গিত রয়েছে।
অসম্মান প্রকাশ পাচ্ছে।","অশ্লীল শব্দ ব্যবহার করা হয়েছে।
যৌন ইঙ্গিত স্পষ্ট।
অসম্মান প্রকাশ পাচ্ছে।","অশ্লীল শব্দ ব্যবহার করা হয়েছে।
যৌন ইঙ্গিত স্পষ্ট দেখা যাচ্ছে।
অসম্মান প্রকাশ পাচ্ছে এখানে।","অশ্লীল শব্দ ব্যবহার করা হয়েছে।
যৌন ইঙ্গিত স্পষ্ট দেখা যাচ্ছে।
অসম্মান প্রকাশ পাচ্ছে এখানে।","অশ্লীল শব্দ ব্যবহার করা হয়েছে।
যৌন ইঙ্গিত স্পষ্ট দেখা যাচ্ছে।
অসম্মান প্রকাশ পাচ্ছে এখানে।","অশ্লীল শব্দ ব্যবহার করা হয়েছে।
যৌন ইঙ্গিত স্পষ্ট দেখা যাচ্ছে।
অসম্মান প্রকাশ পাচ্ছে এখানে।","অশ্লীল শব্দ ব্যবহার করা হয়েছে।
যৌন ইঙ্গিত স্পষ্ট দেখা যাচ্ছে।
অসম্মান প্রকাশ পাচ্ছে এখানে।","অশ্লীল শব্দ ব্যবহার করা হয়েছে।
যৌন ইঙ্গিত স্পষ্ট দেখা যাচ্ছে।
অসম্মান প্রকাশ পাচ্ছে এখানে।","অশ্লীল শব্দ ব্যবহার করা হয়েছে।
যৌন ইঙ্গিত স্পষ্ট দেখা যাচ্ছে।
অসম্মান প্রকাশ পাচ্ছে এখানে।","অশ্লীল শব্দ ব্যবহার করা হয়েছে।
যৌন ইঙ্গিত স্পষ্ট দেখা যাচ্ছে।
অসম্মান প্রকাশ পাচ্ছে এখানে।","অশ্লীল শব্দ ব্যবহার করা হয়েছে।
যৌন ইঙ্গিত স্পষ্ট দেখা যাচ্ছে।
অসম্মান প্রকাশ পাচ্ছে এখানে।","অশ্লীল শব্দ ব্যবহার করা হয়েছে।
যৌন ইঙ্গিত স্পষ্ট দেখা যাচ্ছে।
অসম্মান প্রকাশ পাচ্ছে এখানে।","অশ্লীল শব্দ ব্যবহার করা হয়েছে।
যৌন ইঙ্গিত স্পষ্ট দেখা যাচ্ছে।
অসম্মান প্রকাশ পাচ্ছে এখানে।","অশ্লীল শব্দ ব্যবহার করা হয়েছে।
যৌন ইঙ্গিত স্পষ্ট দেখা যাচ্ছে।
অসম্মান প্রকাশ পাচ্ছে এখানে।"
কাকু তুমারে পাইলে তুমার মুখে সিষার ডালাই দিতাম,Gender,Offensive,"মন্তব্যটি সরাসরি শারীরিক হিংসার ইঙ্গিত দিয়েছে, যা অত্যন্ত আপত্তিকর।
ব্যক্তির প্রতি হুমকিসূচক এবং অবমাননাকর মনোভাব প্রকাশ করা হয়েছে।
সহিংসতা ও হুমকির কারণে এটি গুরুতরভাবে আপত্তিকর বিবেচিত।","শারীরিক হিংসার ইঙ্গিত আছে।
হুমকিসূচক মনোভাব প্রকাশ।
সহিংসতা ও হুমকি আছে।","হিংসাত্মক ভাষা ব্যবহার।
মারধরের ইঙ্গিত আছে।
হুমকি প্রকাশ পাচ্ছে।","মারধরের ইঙ্গিত আছে।
হুমকি প্রকাশ পাচ্ছে।
সিষার ডালাই দিতাম বলা হয়েছে","মারধরের ইঙ্গিত আছে।
হুমকি প্রকাশ পাচ্ছে।
সিষার ডালাই দিতাম হুমকি।","মারধরের ইঙ্গিত আছে।
হুমকি প্রকাশ পাচ্ছে।
সিষার ডালাই দিতাম হুমকি।","মারধরের ইঙ্গিত আছে।
হুমকি প্রকাশ পাচ্ছে।
সিষার ডালাই দিতাম হুমকি।","মারধরের ইঙ্গিত আছে।
হুমকি প্রকাশ পাচ্ছে।
সিষার ডালাই দিতাম হুমকি।","মারধরের ইঙ্গিত আছে।
হুমকি প্রকাশ পাচ্ছে।
সিষার ডালাই দিতাম হুমকি।","মারধরের ইঙ্গিত আছে।
হুমকি প্রকাশ পাচ্ছে।
সিষার ডালাই দিতাম হুমকি।","মারধরের ইঙ্গিত আছে।
হুমকি প্রকাশ পাচ্ছে।
সিষার ডালাই দিতাম হুমকি।","মারধরের ইঙ্গিত আছে।
হুমকি প্রকাশ পাচ্ছে।
সিষার ডালাই দিতাম হুমকি।","মারধরের ইঙ্গিত আছে।
হুমকি প্রকাশ পাচ্ছে।
সিষার ডালাই দিতাম হুমকি।","মারধরের ইঙ্গিত আছে।
হুমকি প্রকাশ পাচ্ছে।
সিষার ডালাই দিতাম হুমকি।","মারধরের ইঙ্গিত আছে।
হুমকি প্রকাশ পাচ্ছে।
সিষার ডালাই দিতাম হুমকি।","মারধরের ইঙ্গিত আছে।
হুমকি প্রকাশ পাচ্ছে।
সিষার ডালাই দিতাম হুমকি।","মারধরের ইঙ্গিত আছে।
হুমকি প্রকাশ পাচ্ছে।
সিষার ডালাই দিতাম হুমকি।","মারধরের ইঙ্গিত আছে।
হুমকি প্রকাশ পাচ্ছে।
সিষার ডালাই দিতাম হুমকি।","মারধরের ইঙ্গিত আছে।
হুমকি প্রকাশ পাচ্ছে।
সিষার ডালাই দিতাম হুমকি।","মারধরের ইঙ্গিত আছে।
হুমকি প্রকাশ পাচ্ছে।
সিষার ডালাই দিতাম হুমকি।","মারধরের ইঙ্গিত আছে।
হুমকি প্রকাশ পাচ্ছে।
সিষার ডালাই হুমকি।","মারধরের ইঙ্গিত আছে।
হুমকি প্রকাশ পাচ্ছে।
সিষার ডালাই হুমকি।"
কাদিরের মা কে চুদি। এ সব টাকা গুলো জনগনের টাকা। মানুষের টাকা চুরি করে এসকরছে।।,Gender,Offensive,"মন্তব্যটি অত্যন্ত অশালীন এবং ব্যক্তিগতভাবে অপমানজনক ভাষা ব্যবহার করেছে।
নারীর প্রতি অবমাননাকর ও যৌন ইঙ্গিতপূর্ণ বক্তব্য প্রকাশ করা হয়েছে।
অশালীন শব্দ এবং ব্যক্তিগত আক্রমণ হওয়ায় এটি গুরুতরভাবে আপত্তিকর।","অশালীন শব্দ ব্যবহার করা হয়েছে।
ব্যক্তিগত আক্রমণ করা হয়েছে।
যৌন ইঙ্গিত প্রকাশ করা হয়েছে।","অশালীন শব্দ ব্যবহার করা হয়েছে।
ব্যক্তিগত আক্রমণ করা হয়েছে।
যৌন ইঙ্গিত প্রকাশ করা হয়েছে।","অশালীন শব্দ ব্যবহার করা হয়েছে।
ব্যক্তিগত আক্রমণ করা হয়েছে।
যৌন ইঙ্গিত প্রকাশ করা হয়েছে।","অশালীন শব্দ ব্যবহার করা হয়েছে।
ব্যক্তিগত আক্রমণ করা হয়েছে।
যৌন ইঙ্গিত প্রকাশ করা হয়েছে।","অশালীন শব্দ ব্যবহার করা হয়েছে।
ব্যক্তিগত আক্রমণ করা হয়েছে।
যৌন ইঙ্গিত প্রকাশ করা হয়েছে।","অশালীন শব্দ ব্যবহার করা হয়েছে।
ব্যক্তিগত আক্রমণ করা হয়েছে।
যৌন ইঙ্গিত প্রকাশ করা হয়েছে।","অশালীন শব্দ ব্যবহার করা হয়েছে।
ব্যক্তিগত আক্রমণ করা হয়েছে।
যৌন ইঙ্গিত প্রকাশ করা হয়েছে।","অশালীন শব্দ ব্যবহার করা হয়েছে।
ব্যক্তিগত আক্রমণ করা হয়েছে।
যৌন ইঙ্গিত প্রকাশ করা হয়েছে।","অশালীন শব্দ ব্যবহার করা হয়েছে।
ব্যক্তিগত আক্রমণ করা হয়েছে।
যৌন ইঙ্গিত প্রকাশ করা হয়েছে।","অশালীন শব্দ ব্যবহার করা হয়েছে।
ব্যক্তিগত আক্রমণ করা হয়েছে।
যৌন ইঙ্গিত প্রকাশ করা হয়েছে।","অশালীন শব্দ ব্যবহার করা হয়েছে।
ব্যক্তিগত আক্রমণ করা হয়েছে।
যৌন ইঙ্গিত প্রকাশ করা হয়েছে।","অশালীন শব্দ ব্যবহার করা হয়েছে।
ব্যক্তিগত আক্রমণ করা হয়েছে।
যৌন ইঙ্গিত প্রকাশ করা হয়েছে।","অশালীন শব্দ ব্যবহার করা হয়েছে।
ব্যক্তিগত আক্রমণ করা হয়েছে।
যৌন ইঙ্গিত প্রকাশ করা হয়েছে।","অশালীন শব্দ ব্যবহার করা হয়েছে।
ব্যক্তিগত আক্রমণ করা হয়েছে।
যৌন ইঙ্গিত প্রকাশ করা হয়েছে।","অশালীন শব্দ ব্যবহার করা হয়েছে।
ব্যক্তিগত আক্রমণ করা হয়েছে।
যৌন ইঙ্গিত প্রকাশ করা হয়েছে।","অশালীন শব্দ ব্যবহার করা হয়েছে।
ব্যক্তিগত আক্রমণ করা হয়েছে।
যৌন ইঙ্গিত প্রকাশ করা হয়েছে।","অশালীন শব্দ ব্যবহার করা হয়েছে।
ব্যক্তিগত আক্রমণ করা হয়েছে।
যৌন ইঙ্গিত প্রকাশ করা হয়েছে।","অশালীন শব্দ ব্যবহার করা হয়েছে।
ব্যক্তিগত আক্রমণ করা হয়েছে।
যৌন ইঙ্গিত প্রকাশ করা হয়েছে।","অশালীন শব্দ ব্যবহার করা হয়েছে।
ব্যক্তিগত আক্রমণ করা হয়েছে।
যৌন ইঙ্গিত প্রকাশ করা হয়েছে।","অশালীন শব্দ ব্যবহার করা হয়েছে।
ব্যক্তিগত আক্রমণ করা হয়েছে।
যৌন ইঙ্গিত প্রকাশ করা হয়েছে।","অশালীন শব্দ ব্যবহার করা হয়েছে।
ব্যক্তিগত আক্রমণ করা হয়েছে।
যৌন ইঙ্গিত প্রকাশ করা হয়েছে।"
কাদেরের মারে চোদি,Gender,Offensive,"মন্তব্যটি অত্যন্ত অশালীন এবং নারীর প্রতি অবমাননাকর বক্তব্য ব্যবহার করেছে।
ব্যক্তিগত সম্মানহানি এবং যৌন ইঙ্গিতপূর্ণ শব্দ ব্যবহারের মাধ্যমে এটি হেয়প্রসূত।
অশালীন ও অপমানজনক হওয়ায় এটি গুরুতরভাবে আপত্তিকর।","অশালীন শব্দ ব্যবহার করা হয়েছে।
নারীর প্রতি অবমাননা করা হয়েছে।
যৌন ইঙ্গিত রয়েছে।","অশালীন শব্দ ব্যবহার করা হয়েছে।
নারীর প্রতি অবমাননা করা হয়েছে।
যৌন ইঙ্গিত রয়েছে।","অশালীন শব্দ ব্যবহার করা হয়েছে।
নারীর প্রতি অবমাননা করা হয়েছে।
যৌন ইঙ্গিত রয়েছে।","অশালীন শব্দ ব্যবহার করা হয়েছে।
নারীর প্রতি অবমাননা করা হয়েছে।
যৌন ইঙ্গিত রয়েছে।","অশালীন শব্দ ব্যবহার করা হয়েছে।
নারীর প্রতি অবমাননা করা হয়েছে।
যৌন ইঙ্গিত রয়েছে।","অশালীন শব্দ ব্যবহার করা হয়েছে।
নারীর প্রতি অবমাননা করা হয়েছে।
যৌন ইঙ্গিত রয়েছে।","অশালীন শব্দ ব্যবহার করা হয়েছে।
নারীর প্রতি অবমাননা করা হয়েছে।
যৌন ইঙ্গিত রয়েছে।","অশালীন শব্দ ব্যবহার করা হয়েছে।
নারীর প্রতি অবমাননা করা হয়েছে।
যৌন ইঙ্গিত রয়েছে।","অশালীন শব্দ ব্যবহার করা হয়েছে।
নারীর প্রতি অবমাননা করা হয়েছে।
যৌন ইঙ্গিত রয়েছে।","অশালীন শব্দ ব্যবহার করা হয়েছে।
নারীর প্রতি অবমাননা করা হয়েছে।
যৌন ইঙ্গিত রয়েছে।","অশালীন শব্দ ব্যবহার করা হয়েছে।
নারীর প্রতি অবমাননা করা হয়েছে।
যৌন ইঙ্গিত রয়েছে।","অশালীন শব্দ ব্যবহার করা হয়েছে।
নারীর প্রতি অবমাননা করা হয়েছে।
যৌন ইঙ্গিত রয়েছে।","অশালীন শব্দ ব্যবহার করা হয়েছে।
নারীর প্রতি অবমাননা করা হয়েছে।
যৌন ইঙ্গিত রয়েছে।","অশালীন শব্দ ব্যবহার করা হয়েছে।
নারীর প্রতি অবমাননা করা হয়েছে।
যৌন ইঙ্গিত রয়েছে।","অশালীন শব্দ ব্যবহার করা হয়েছে।
নারীর প্রতি অবমাননা করা হয়েছে।
যৌন ইঙ্গিত রয়েছে।","অশালীন শব্দ ব্যবহার করা হয়েছে।
নারীর প্রতি অবমাননা করা হয়েছে।
যৌন ইঙ্গিত রয়েছে।","অশালীন শব্দ ব্যবহার করা হয়েছে।
নারীর প্রতি অবমাননা করা হয়েছে।
যৌন ইঙ্গিত রয়েছে।","অশালীন শব্দ ব্যবহার করা হয়েছে।
নারীর প্রতি অবমাননা করা হয়েছে।
যৌন ইঙ্গিত রয়েছে।","অশালীন শব্দ ব্যবহার করা হয়েছে।
নারীর প্রতি অবমাননা করা হয়েছে।
যৌন ইঙ্গিত রয়েছে।","অশালীন শব্দ ব্যবহার করা হয়েছে।
নারীর প্রতি অবমাননা করা হয়েছে।
যৌন ইঙ্গিত রয়েছে।","অশালীন শব্দ ব্যবহার করা হয়েছে।
নারীর প্রতি অবমাননা করা হয়েছে।
যৌন ইঙ্গিত রয়েছে।"
কামরুল রিফাতের মায়েরে আজকে চোদিছি,Gender,Offensive,"মন্তব্যটি অত্যন্ত অশালীন এবং নারীর প্রতি সরাসরি অবমাননাকর ভাষা ব্যবহার করেছে।
ব্যক্তিগত সম্মানহানির উদ্দেশ্যে যৌন ইঙ্গিতপূর্ণ এবং অসম্মানজনক বক্তব্য প্রদান করা হয়েছে।
অশালীনতা এবং অপমানজনক মনোভাব প্রকাশ করায় এটি গুরুতরভাবে আপত্তিকর।","অশালীন ভাষা ব্যবহার।
নারীর প্রতি অবমাননা।
যৌন ইঙ্গিতপূর্ণ বক্তব্য।","অশালীন শব্দ ব্যবহার করা হয়েছে।
নারীর প্রতি অসম্মান জানানো হয়েছে।
যৌন ইঙ্গিত রয়েছে বলেই।","অশালীন শব্দ ব্যবহার করা হয়েছে।
নারীর প্রতি অসম্মান জানানো হয়েছে।
যৌন ইঙ্গিত রয়েছে।","অশালীন শব্দ ব্যবহার করা হয়েছে।
নারীর প্রতি অসম্মান জানানো হয়েছে।
যৌন ইঙ্গিত রয়েছে।","অশালীন শব্দ ব্যবহার করা হয়েছে।
নারীর প্রতি অসম্মান জানানো হয়েছে।
যৌন ইঙ্গিত রয়েছে।","অশালীন শব্দ ব্যবহার করা হয়েছে।
নারীর প্রতি অসম্মান জানানো হয়েছে।
যৌন ইঙ্গিত রয়েছে।","অশালীন শব্দ ব্যবহার করা হয়েছে।
নারীর প্রতি অসম্মান জানানো হয়েছে।
যৌন ইঙ্গিত রয়েছে।","অশালীন শব্দ ব্যবহার করা হয়েছে।
নারীর প্রতি অসম্মান জানানো হয়েছে।
যৌন ইঙ্গিত রয়েছে।","অশালীন শব্দ ব্যবহার করা হয়েছে।
নারীর প্রতি অসম্মান জানানো হয়েছে।
যৌন ইঙ্গিত রয়েছে।","অশালীন শব্দ ব্যবহার করা হয়েছে।
নারীর প্রতি অসম্মান জানানো হয়েছে।
যৌন ইঙ্গিত রয়েছে।","অশালীন শব্দ ব্যবহার করা হয়েছে।
নারীর প্রতি অসম্মান জানানো হয়েছে।
যৌন ইঙ্গিত রয়েছে।","অশালীন শব্দ ব্যবহার করা হয়েছে।
নারীর প্রতি অসম্মান জানানো হয়েছে।
যৌন ইঙ্গিত রয়েছে।","অশালীন শব্দ ব্যবহার করা হয়েছে।
নারীর প্রতি অসম্মান জানানো হয়েছে।
যৌন ইঙ্গিত রয়েছে।","অশালীন শব্দ ব্যবহার করা হয়েছে।
নারীর প্রতি অসম্মান জানানো হয়েছে।
যৌন ইঙ্গিত রয়েছে।","অশালীন শব্দ ব্যবহার করা হয়েছে।
নারীর প্রতি অসম্মান জানানো হয়েছে।
যৌন ইঙ্গিত রয়েছে।","অশালীন শব্দ ব্যবহার করা হয়েছে।
নারীর প্রতি অসম্মান জানানো হয়েছে।
যৌন ইঙ্গিত রয়েছে।","অশালীন শব্দ ব্যবহার করা হয়েছে।
নারীর প্রতি অসম্মান জানানো হয়েছে।
যৌন ইঙ্গিত রয়েছে।","অশালীন শব্দ ব্যবহার করা হয়েছে।
নারীর প্রতি অসম্মান জানানো হয়েছে।
যৌন ইঙ্গিত রয়েছে।","অশালীন শব্দ ব্যবহার করা হয়েছে।
নারীর প্রতি অসম্মান জানানো হয়েছে।
যৌন ইঙ্গিত রয়েছে।","অশালীন শব্দ ব্যবহার করা হয়েছে।
নারীর প্রতি অসম্মান জানানো হয়েছে।
যৌন ইঙ্গিত রয়েছে।","অশালীন শব্দ ব্যবহার করা হয়েছে।
নারীর প্রতি অসম্মান জানানো হয়েছে।
যৌন ইঙ্গিত রয়েছে।"
কি বলবো তবে একদিন ওর ছেলে ওরে মারবে,Gender,Offensive,"মন্তব্যটি সহিংসতার ভবিষ্যদ্বাণী করে নেতিবাচক মনোভাব প্রকাশ করেছে।
অপমানজনক এবং ব্যক্তির প্রতি অবজ্ঞাসূচক বক্তব্য ব্যবহার করা হয়েছে।
সহিংসতার ইঙ্গিত থাকার কারণে এটি আপত্তিকর বিবেচিত।","সহিংসতার ইঙ্গিত আছে।
অবজ্ঞাসূচক বক্তব্য ব্যবহার।
নেতিবাচক মনোভাব প্রকাশ।","সহিংসতার ইঙ্গিত আছে।
মারবে শব্দটি সহিংস।
নেতিবাচক মনোভাব প্রকাশ পাচ্ছে।","সহিংসতার ইঙ্গিত আছে।
মারবে শব্দটি সহিংস।
নেতিবাচক মনোভাব আছে।","সহিংসতার ইঙ্গিত আছে।
মারবে শব্দটি সহিংস।
নেতিবাচক মনোভাব আছে।","সহিংসতার ইঙ্গিত আছে।
মারবে শব্দটি সহিংস।
নেতিবাচক মনোভাব আছে।","সহিংস শব্দ ব্যবহার করা হয়েছে।
নেতিবাচক মনোভাব প্রকাশ পাচ্ছে।
মারবে শব্দটি সহিংস।","সহিংস শব্দ ব্যবহার করা হয়েছে।
মারবে শব্দটি সহিংস।
নেতিবাচক মনোভাব প্রকাশ পাচ্ছে।","সহিংস শব্দ ব্যবহার করা হয়েছে।
মারবে শব্দটি সহিংস।
নেতিবাচক মনোভাব প্রকাশ পাচ্ছে।","সহিংস শব্দ ব্যবহার করা হয়েছে।
মারবে শব্দটি সহিংস।
নেতিবাচক মনোভাব প্রকাশ পাচ্ছে।","সহিংস শব্দ ব্যবহার করা হয়েছে।
মারবে শব্দটি সহিংস।
নেতিবাচক মনোভাব প্রকাশ পাচ্ছে।","সহিংস শব্দ ব্যবহার করা হয়েছে।
মারবে শব্দটি সহিংস।
নেতিবাচক মনোভাব প্রকাশ পাচ্ছে।","সহিংস শব্দ ব্যবহার করা হয়েছে।
মারবে শব্দটি সহিংস।
নেতিবাচক মনোভাব প্রকাশ পাচ্ছে।","সহিংস শব্দ ব্যবহার করা হয়েছে।
মারবে শব্দটি সহিংস।
নেতিবাচক মনোভাব প্রকাশ পাচ্ছে।","সহিংস শব্দ ব্যবহার করা হয়েছে।
মারবে শব্দটি সহিংস।
নেতিবাচক মনোভাব প্রকাশ পাচ্ছে।","সহিংস শব্দ ব্যবহার করা হয়েছে।
মারবে শব্দটি সহিংস।
নেতিবাচক মনোভাব প্রকাশ পাচ্ছে।","সহিংস শব্দ ব্যবহার করা হয়েছে।
মারবে শব্দটি সহিংস।
নেতিবাচক মনোভাব প্রকাশ পাচ্ছে।","সহিংস শব্দ ব্যবহার করা হয়েছে।
মারবে শব্দটি সহিংস।
নেতিবাচক মনোভাব প্রকাশ পাচ্ছে।","সহিংস শব্দ ব্যবহার করা হয়েছে।
মারবে শব্দটি সহিংস।
নেতিবাচক মনোভাব প্রকাশ পাচ্ছে।","সহিংস শব্দ ব্যবহার করা হয়েছে।
মারবে শব্দটি সহিংস।
নেতিবাচক মনোভাব প্রকাশ পাচ্ছে।","সহিংস শব্দ ব্যবহার করা হয়েছে।
মারবে শব্দটি সহিংস।
নেতিবাচক মনোভাব প্রকাশ পাচ্ছে।","সহিংস শব্দ ব্যবহার করা হয়েছে।
মারবে শব্দটি সহিংস।
নেতিবাচক মনোভাব প্রকাশ পাচ্ছে।"
কি হিংসে হয় আমার মত হতে চাও আমি তর মা কে চুদি,Gender,Offensive,"মন্তব্যটি অত্যন্ত অশালীন এবং সরাসরি নারীর প্রতি অবমাননাকর ইঙ্গিত দিয়েছে।
ব্যক্তিগতভাবে অপমান করার জন্য অশ্লীল ভাষা ব্যবহার করা হয়েছে।
যৌন হয়রানিমূলক ও অসম্মানজনক বক্তব্য হওয়ায় এটি গুরুতরভাবে আপত্তিকর।","অশালীন ভাষা ব্যবহার করা হয়েছে।
নারীর প্রতি অবমাননা করা হয়েছে।
যৌন হয়রানি করা হয়েছে।","অশালীন ভাষা ব্যবহার করা হয়েছে।
নারীর প্রতি অবমাননা করা হয়েছে।
যৌন হয়রানি করা হয়েছে।","অশালীন ভাষা ব্যবহার করা হয়েছে।
নারীর প্রতি অবমাননা করা হয়েছে।
যৌন হয়রানি করা হয়েছে।","অশালীন ভাষা ব্যবহার করা হয়েছে।
নারীর প্রতি অবমাননা করা হয়েছে।
যৌন হয়রানি করা হয়েছে।","অশালীন ভাষা ব্যবহার করা হয়েছে।
নারীর প্রতি অবমাননা করা হয়েছে।
যৌন হয়রানি করা হয়েছে।","অশালীন ভাষা ব্যবহার করা হয়েছে।
নারীর প্রতি অবমাননা করা হয়েছে।
যৌন হয়রানি করা হয়েছে।","অশালীন ভাষা ব্যবহার করা হয়েছে।
নারীর প্রতি অবমাননা করা হয়েছে।
যৌন হয়রানি করা হয়েছে।","অশালীন ভাষা ব্যবহার করা হয়েছে।
নারীর প্রতি অবমাননা করা হয়েছে।
যৌন হয়রানি করা হয়েছে।","অশালীন ভাষা ব্যবহার করা হয়েছে।
নারীর প্রতি অবমাননা করা হয়েছে।
যৌন হয়রানি করা হয়েছে।","অশালীন ভাষা ব্যবহার করা হয়েছে।
নারীর প্রতি অবমাননা করা হয়েছে।
যৌন হয়রানি করা হয়েছে।","অশালীন ভাষা ব্যবহার করা হয়েছে।
নারীর প্রতি অবমাননা করা হয়েছে।
যৌন হয়রানি করা হয়েছে।","অশালীন ভাষা ব্যবহার করা হয়েছে।
নারীর প্রতি অবমাননা করা হয়েছে।
যৌন হয়রানি করা হয়েছে।","অশালীন ভাষা ব্যবহার করা হয়েছে।
নারীর প্রতি অবমাননা করা হয়েছে।
যৌন হয়রানি করা হয়েছে।","অশালীন ভাষা ব্যবহার করা হয়েছে।
নারীর প্রতি অবমাননা করা হয়েছে।
যৌন হয়রানি করা হয়েছে।","অশালীন ভাষা ব্যবহার করা হয়েছে।
নারীর প্রতি অবমাননা করা হয়েছে।
যৌন হয়রানি করা হয়েছে।","অশালীন ভাষা ব্যবহার করা হয়েছে।
নারীর প্রতি অবমাননা করা হয়েছে।
যৌন হয়রানি করা হয়েছে।","অশালীন ভাষা ব্যবহার করা হয়েছে।
নারীর প্রতি অবমাননা করা হয়েছে।
যৌন হয়রানি করা হয়েছে।","অশালীন ভাষা ব্যবহার করা হয়েছে।
নারীর প্রতি অবমাননা করা হয়েছে।
যৌন হয়রানি করা হয়েছে।","অশালীন ভাষা ব্যবহার করা হয়েছে।
নারীর প্রতি অবমাননা করা হয়েছে।
যৌন হয়রানি করা হয়েছে।","অশালীন ভাষা ব্যবহার করা হয়েছে।
নারীর প্রতি অবমাননা করা হয়েছে।
যৌন হয়রানি করা হয়েছে।","অশালীন ভাষা ব্যবহার করা হয়েছে।
নারীর প্রতি অবমাননা করা হয়েছে।
যৌন হয়রানি করা হয়েছে।"
কু পুত্র ওকে ফাঁসি নয় ওকে তিলে তিলে অসয্য যন্ত্রনা দিয়ে মারা হক,Gender,Offensive,"মন্তব্যটি অত্যন্ত সহিংস এবং শারীরিক নির্যাতনের আহ্বান জানিয়েছে।
বক্তব্যে অমানবিক শাস্তির ইঙ্গিত দিয়ে হিংসাত্মক মনোভাব প্রকাশ করা হয়েছে।
অবমাননাকর এবং শারীরিক সহিংসতার উস্কানির কারণে এটি গুরুতরভাবে আপত্তিকর।
","শারীরিক নির্যাতনের আহ্বান জানানো হয়েছে।
হিংসাত্মক মনোভাব প্রকাশ করা হয়েছে।
অমানবিক শাস্তির ইঙ্গিত দেওয়া হয়েছে।","শারীরিক নির্যাতনের আহ্বান জানানো হয়েছে।
মৃত্যুর চেয়ে কঠিন শাস্তি চাওয়া হয়েছে।
অমানবিক শাস্তির কথা বলা হয়েছে।","শারীরিক নির্যাতনের আহ্বান জানানো হয়েছে।
মৃত্যুর চেয়ে কঠিন শাস্তি চাওয়া হয়েছে।
অমানবিক শাস্তির কথা বলা হয়েছে।","শারীরিক নির্যাতনের আহ্বান জানানো হয়েছে।
মৃত্যুর চেয়ে কঠিন শাস্তি চাওয়া হয়েছে।
অমানবিক শাস্তির কথা বলা হয়েছে।","শারীরিক নির্যাতনের আহ্বান জানানো হয়েছে।
মৃত্যুর চেয়ে কঠিন শাস্তি চাওয়া হয়েছে।
অমানবিক শাস্তির কথা বলা হয়েছে।","শারীরিক নির্যাতনের আহ্বান জানানো হয়েছে।
মৃত্যুর চেয়ে কঠিন শাস্তি চাওয়া হয়েছে।
অমানবিক শাস্তির কথা বলা হয়েছে।","শারীরিক নির্যাতনের আহ্বান জানানো হয়েছে।
মৃত্যুর চেয়ে কঠিন শাস্তি চাওয়া হয়েছে।
অমানবিক শাস্তির কথা বলা হয়েছে।","শারীরিক নির্যাতনের কথা বলা হয়েছে।
মৃত্যুর চেয়ে কঠিন শাস্তি চাওয়া।
অমানবিক শাস্তির কথা বলা।","শারীরিক নির্যাতনের কথা বলা হয়েছে।
মৃত্যুর চেয়ে কঠিন শাস্তি চাওয়া।
অমানবিক শাস্তির কথা বলা।","শারীরিক নির্যাতনের কথা বলা হয়েছে।
মৃত্যুর চেয়ে কঠিন শাস্তি চাওয়া।
অমানবিক শাস্তির কথা বলা।","শারীরিক নির্যাতনের কথা বলা হয়েছে।
মৃত্যুর চেয়ে কঠিন শাস্তি চাওয়া।
অমানবিক শাস্তির কথা বলা।","শারীরিক নির্যাতনের কথা বলা হয়েছে।
মৃত্যুর চেয়ে কঠিন শাস্তি চাওয়া।
অমানবিক শাস্তির কথা বলা।","শারীরিক নির্যাতনের কথা বলা হয়েছে।
মৃত্যুর চেয়ে কঠিন শাস্তি চাওয়া।
অমানবিক শাস্তির কথা বলা।","শারীরিক নির্যাতনের কথা বলা হয়েছে।
মৃত্যুর চেয়ে কঠিন শাস্তি চাওয়া।
অমানবিক শাস্তির কথা বলা।","শারীরিক নির্যাতনের কথা বলা হয়েছে।
মৃত্যুর চেয়ে কঠিন শাস্তি চাওয়া।
অমানবিক শাস্তির কথা বলা।","শারীরিক নির্যাতনের কথা বলা হয়েছে।
মৃত্যুর চেয়ে কঠিন শাস্তি চাওয়া।
অমানবিক শাস্তির কথা বলা।","শারীরিক নির্যাতনের কথা বলা হয়েছে।
মৃত্যুর চেয়ে কঠিন শাস্তি চাওয়া।
অমানবিক শাস্তির কথা বলা।","শারীরিক নির্যাতনের কথা বলা হয়েছে।
মৃত্যুর চেয়ে কঠিন শাস্তি চাওয়া।
অমানবিক শাস্তির কথা বলা।","শারীরিক নির্যাতনের কথা বলা হয়েছে।
মৃত্যুর চেয়ে কঠিন শাস্তি চাওয়া।
অমানবিক শাস্তির কথা বলা।","শারীরিক নির্যাতনের কথা বলা হয়েছে।
মৃত্যুর চেয়ে কঠিন শাস্তি চাওয়া।
অমানবিক শাস্তির কথা বলা।","শারীরিক নির্যাতনের কথা বলা হয়েছে।
মৃত্যুর চেয়ে কঠিন শাস্তি চাওয়া।
অমানবিক শাস্তির কথা বলা।"
কুতা দিয়া চুদা মিথিলাকে,Gender,Offensive,"মন্তব্যটি অত্যন্ত অশালীন এবং নারীর প্রতি যৌন হয়রানিমূলক বক্তব্য প্রকাশ করেছে।
বক্তব্যটি অবমাননাকর ও অসম্মানজনক ভাষা ব্যবহার করে নারীর প্রতি বিদ্বেষ দেখিয়েছে।
অশ্লীল এবং অপমানজনক হওয়ায় এটি গুরুতরভাবে আপত্তিকর বিবেচিত।","অশালীন শব্দ ব্যবহার করা হয়েছে।
নারীর প্রতি অবমাননা করা হয়েছে।
যৌন হয়রানি করা হয়েছে।","অশালীন শব্দ ব্যবহার করা হয়েছে।
নারীর প্রতি অবমাননা করা হয়েছে।
যৌন হয়রানি করা হয়েছে।","অশালীন শব্দ ব্যবহার করা হয়েছে।
নারীর প্রতি ঘৃণা দেখা যায়।
যৌন অসম্মান করা হয়েছে।","অশালীন শব্দ ব্যবহার করা হয়েছে।
নারীর প্রতি ঘৃণা প্রকাশ পাচ্ছে।
যৌন অসম্মান দেখা যাচ্ছে।","অশালীন শব্দ ব্যবহার করা হয়েছে।
নারীর প্রতি ঘৃণা প্রকাশ পাচ্ছে।
যৌন অসম্মান দেখা যাচ্ছে।","অশালীন শব্দ ব্যবহার করা হয়েছে।
নারীর প্রতি ঘৃণা প্রকাশ পাচ্ছে।
যৌন অসম্মান দেখা যাচ্ছে।","অশালীন শব্দ ব্যবহার করা হয়েছে।
নারীর প্রতি ঘৃণা প্রকাশ পাচ্ছে।
যৌন অসম্মান দেখা যাচ্ছে।","অশালীন শব্দ ব্যবহার করা হয়েছে।
নারীর প্রতি ঘৃণা প্রকাশ পাচ্ছে।
যৌন অসম্মান দেখা যাচ্ছে।","অশালীন শব্দ ব্যবহার করা হয়েছে।
নারীর প্রতি অসম্মান দেখা যায়।
যৌন অবমাননা করা হয়েছে।","অশালীন শব্দ ব্যবহার করা হয়েছে।
নারীর প্রতি অসম্মান দেখা যায়।
যৌন অবমাননা করা হয়েছে।","অশালীন শব্দ ব্যবহার করা হয়েছে।
নারীর প্রতি অসম্মান দেখা যায়।
যৌন অবমাননা করা হয়েছে।","অশালীন শব্দ ব্যবহার করা হয়েছে।
নারীর প্রতি অসম্মান দেখা যায়।
যৌন অবমাননা করা হয়েছে।","অশালীন শব্দ ব্যবহার করা হয়েছে।
নারীর প্রতি অসম্মান দেখা যায়।
যৌন অবমাননা করা হয়েছে।","অশালীন শব্দ ব্যবহার করা হয়েছে।
নারীর প্রতি অসম্মান দেখা যায়।
যৌন অবমাননা করা হয়েছে।","অশালীন শব্দ ব্যবহার করা হয়েছে।
নারীর প্রতি অসম্মান দেখা যায়।
যৌন অবমাননা করা হয়েছে।","অশালীন শব্দ ব্যবহার করা হয়েছে।
নারীর প্রতি অসম্মান দেখা যায়।
যৌন অবমাননা করা হয়েছে।","অশালীন শব্দ ব্যবহার করা হয়েছে।
নারীর প্রতি অসম্মান দেখা যায়।
যৌন অবমাননা করা হয়েছে।","অশালীন শব্দ ব্যবহার করা হয়েছে।
নারীর প্রতি অসম্মান দেখা যায়।
যৌন অবমাননা করা হয়েছে।","অশালীন শব্দ ব্যবহার করা হয়েছে।
নারীর প্রতি অসম্মান জন্মে।
যৌন অবমাননা দেখা যায়।","অশালীন শব্দ ব্যবহার করা হয়েছে।
নারীর প্রতি অসম্মান দেখা যায়।
যৌন অবমাননা করা হয়েছে।","অশালীন শব্দ ব্যবহার করা হয়েছে।
নারীর প্রতি অসম্মান দেখা যায়।
যৌন অবমাননা করা হয়েছে।"
কে কে পপনকে চুদবেন হাত তুলেন,Gender,Offensive,"মন্তব্যটি অত্যন্ত অশালীন এবং যৌন হয়রানিমূলক ভাষা ব্যবহার করেছে।
ব্যক্তির প্রতি সরাসরি অবমাননাকর এবং অসম্মানজনক বক্তব্য প্রকাশ পেয়েছে।
অশ্লীল এবং হেয়প্রসূত মনোভাবের কারণে এটি গুরুতরভাবে আপত্তিকর।","অশালীন ভাষা ব্যবহার।
যৌন হয়রানিমূলক বক্তব্য।
অবমাননাকর শব্দ রয়েছে।","অশালীন শব্দ ব্যবহার করা হয়েছে।
যৌন হয়রানির ইঙ্গিত রয়েছে।
অবমাননাকর ভাষা ব্যবহার করা হয়েছে।","অশালীন শব্দ ব্যবহার করা হয়েছে।
যৌন হয়রানির ইঙ্গিত রয়েছে।
অবমাননাকর ভাষা ব্যবহার করা হয়েছে।","অশালীন শব্দ ব্যবহার করা হয়েছে।
যৌন হয়রানির ইঙ্গিত রয়েছে।
অবমাননাকর ভাষা ব্যবহার করা হয়েছে।","অশালীন শব্দ ব্যবহার করা হয়েছে।
যৌন হয়রানির ইঙ্গিত রয়েছে।
অবমাননাকর ভাষা ব্যবহার করা হয়েছে।","অশালীন শব্দ ব্যবহার করা হয়েছে।
যৌন হয়রানির ইঙ্গিত রয়েছে।
অবমাননাকর ভাষা ব্যবহার করা হয়েছে।","অশালীন শব্দ ব্যবহার করা হয়েছে।
যৌন হয়রানির ইঙ্গিত রয়েছে।
অবমাননাকর ভাষা ব্যবহার করা হয়েছে।","অশালীন শব্দ ব্যবহার করা হয়েছে।
যৌন হয়রানির ইঙ্গিত রয়েছে।
অবমাননাকর ভাষা ব্যবহার করা হয়েছে।","অশালীন শব্দ ব্যবহার করা হয়েছে।
যৌন হয়রানির ইঙ্গিত রয়েছে।
অবমাননাকর ভাষা ব্যবহার করা হয়েছে।","অশালীন শব্দ ব্যবহার করা হয়েছে।
যৌন হয়রানির ইঙ্গিত রয়েছে।
অবমাননাকর ভাষা ব্যবহার করা হয়েছে।","অশালীন শব্দ ব্যবহার করা হয়েছে।
যৌন হয়রানির ইঙ্গিত রয়েছে।
অবমাননাকর ভাষা ব্যবহার করা হয়েছে।","অশালীন শব্দ ব্যবহার করা হয়েছে।
যৌন হয়রানির ইঙ্গিত রয়েছে।
অবমাননাকর ভাষা ব্যবহার করা হয়েছে।","অশালীন শব্দ ব্যবহার করা হয়েছে।
যৌন হয়রানির ইঙ্গিত রয়েছে।
অবমাননাকর ভাষা ব্যবহার করা হয়েছে।","অশালীন শব্দ ব্যবহার করা হয়েছে।
যৌন হয়রানির ইঙ্গিত রয়েছে।
অবমাননাকর ভাষা ব্যবহার করা হয়েছে।","অশালীন শব্দ ব্যবহার করা হয়েছে।
যৌন হয়রানির ইঙ্গিত রয়েছে।
অবমাননাকর ভাষা ব্যবহার করা হয়েছে।","অশালীন শব্দ ব্যবহার করা হয়েছে।
যৌন হয়রানির ইঙ্গিত রয়েছে।
অবমাননাকর ভাষা ব্যবহার করা হয়েছে।","অশালীন শব্দ ব্যবহার করা হয়েছে।
যৌন হয়রানির ইঙ্গিত রয়েছে।
অবমাননাকর ভাষা ব্যবহার করা হয়েছে।","অশালীন শব্দ ব্যবহার করা হয়েছে।
যৌন হয়রানির ইঙ্গিত রয়েছে।
অবমাননাকর ভাষা ব্যবহার করা হয়েছে।","অশালীন শব্দ ব্যবহার করা হয়েছে।
যৌন হয়রানির ইঙ্গিত রয়েছে।
অবমাননাকর ভাষা ব্যবহার করা হয়েছে।","অশালীন শব্দ ব্যবহার করা হয়েছে।
যৌন হয়রানির ইঙ্গিত রয়েছে।
অবমাননাকর ভাষা ব্যবহার করা হয়েছে।","অশালীন শব্দ ব্যবহার করা হয়েছে।
যৌন হয়রানির ইঙ্গিত রয়েছে।
অবমাননাকর ভাষা ব্যবহার করা হয়েছে।"
কেমন ছেলে বাবার গায়ে হাত তুলে আমি হলে ছেলেটাকে মারতাম,Gender,Offensive,"মন্তব্যটি সহিংসতার প্রকাশ করেছে এবং শারীরিক আঘাতের আহ্বান জানিয়েছে।
বক্তব্যে হুমকিসূচক ভাষার মাধ্যমে নেতিবাচক মনোভাব দেখানো হয়েছে।
শারীরিক আঘাতের ইঙ্গিত থাকার কারণে এটি আপত্তিকর।","শারীরিক আঘাতের ইঙ্গিত আছে।
হুমকিসূচক ভাষা ব্যবহার করা হয়েছে।
নেতিবাচক মনোভাব প্রকাশ পাচ্ছে।","মারতাম বলে হুমকি দেওয়া হয়েছে।
শারীরিক আঘাতের ইঙ্গিত রয়েছে।
নেতিবাচক মনোভাব প্রকাশ পাচ্ছে।","হুমকি দেওয়া হয়েছে।
শারীরিক আঘাতের ইঙ্গিত আছে।
নেতিবাচক মনোভাব প্রকাশ পাচ্ছে।","হুমকি দেওয়া হয়েছে বলে মনে হয়।
শারীরিক আঘাতের ইঙ্গিত আছে।
নেতিবাচক মনোভাব প্রকাশ পাচ্ছে।","শারীরিক আঘাতের ইঙ্গিত আছে।
মারতাম বলে হুমকি দেওয়া।
নেতিবাচক মনোভাব প্রকাশ পাচ্ছে।","শারীরিক আঘাতের ইঙ্গিত আছে।
মারতাম বলে হুমকি দেওয়া।
নেতিবাচক মনোভাব প্রকাশ পাচ্ছে।","শারীরিক আঘাতের ইঙ্গিত আছে।
মারতাম বলে হুমকি দেওয়া।
নেতিবাচক মনোভাব প্রকাশ পাচ্ছে।","মারতাম বলে হুমকি দেওয়া হচ্ছে।
শারীরিক আঘাতের ইঙ্গিত পাওয়া যাচ্ছে।
নেতিবাচক মনোভাব প্রকাশ পাচ্ছে।","হুমকি দেওয়া হচ্ছে।
শারীরিক আঘাতের ইঙ্গিত।
নেতিবাচক মনোভাব প্রকাশ।","হুমকি দেওয়া হচ্ছে বলে এটি সঠিক।
শারীরিক আঘাতের ইঙ্গিত রয়েছে।
নেতিবাচক মনোভাব প্রকাশ পাচ্ছে।","হুমকি দেওয়া হচ্ছে।
শারীরিক আঘাতের ইঙ্গিত।
নেতিবাচক মনোভাব প্রকাশ।","হুমকি দেওয়া হচ্ছে বলে মনে হয়।
শারীরিক আঘাতের ইঙ্গিত আছে।
নেতিবাচক মনোভাব প্রকাশ পাচ্ছে।","শারীরিক আঘাতের ইঙ্গিত আছে।
মারতাম বলে হুমকি দেওয়া।
নেতিবাচক মনোভাব প্রকাশ পাচ্ছে।","শারীরিক আঘাতের ইঙ্গিত আছে।
মারতাম বলে হুমকি দেওয়া।
নেতিবাচক মনোভাব প্রকাশ পাচ্ছে।","মারতাম বলে হুমকি দেওয়া হচ্ছে।
শারীরিক আঘাতের ইঙ্গিত আছে।
নেতিবাচক মনোভাব প্রকাশ পাচ্ছে।","হুমকি দেওয়া হচ্ছে।
শারীরিক আঘাতের ইঙ্গিত।
নেতিবাচক মনোভাব প্রকাশ।","হুমকি দেওয়া হচ্ছে বলে মনে হয়।
শারীরিক আঘাতের ইঙ্গিত আছে।
নেতিবাচক মনোভাব প্রকাশ পাচ্ছে।","হুমকি দেওয়া হচ্ছে।
শারীরিক আঘাতের ইঙ্গিত আছে।
নেতিবাচক মনোভাব প্রকাশ পাচ্ছে।","হুমকি দেওয়া হচ্ছে বলে মনে হয়।
শারীরিক আঘাতের ইঙ্গিত আছে।
নেতিবাচক মনোভাব প্রকাশ পাচ্ছে।","শারীরিক আঘাতের ইঙ্গিত আছে।
নেতিবাচক মনোভাব প্রকাশ পাচ্ছে।
হুমকি দেওয়া হচ্ছে বলে মনে হয়।","শারীরিক আঘাতের ইঙ্গিত আছে।
মারতাম বলে হুমকি দেওয়া।
নেতিবাচক মনোভাব প্রকাশ পাচ্ছে।"
মন্তব্যটি সহিংসতার প্রকাশ করেছে এবং শারীরিক আঘাতের আহ্বান জানিয়েছে।,Gender,Offensive,"মন্তব্যটি সরাসরি হিংসাত্মক আচরণকে সমর্থন করে, যা আপত্তিকর।
শারীরিক শাস্তির উস্কানি দেওয়া হয়েছে, যা নেতিবাচক মনোভাব প্রকাশ করে।
সহিংসতার ইঙ্গিত থাকার কারণে এটি সামাজিক ও নৈতিক দৃষ্টিকোণে অগ্রহণযোগ্য।","সহিংসতার প্রকাশ রয়েছে।
শারীরিক আঘাতের আহ্বান জানানো হয়েছে।
হিংসাত্মক আচরণ সমর্থন করে।","সহিংসতার প্রকাশ রয়েছে।
শারীরিক আঘাতের আহ্বান জানানো হয়েছে।
হিংসাত্মক আচরণ সমর্থন করে।","সহিংসতা প্রকাশ পাচ্ছে।
শারীরিক আঘাতের কথা বলা।
হিংসা সমর্থন করা হচ্ছে।","সহিংসতা প্রকাশ পাচ্ছে।
শারীরিক আঘাতের কথা বলা।
হিংসা সমর্থন করা হচ্ছে।","সহিংসতা প্রকাশ পাচ্ছে।
শারীরিক আঘাতের কথা বলা।
হিংসা সমর্থন করা হচ্ছে।","সহিংসতা প্রকাশ পাচ্ছে।
শারীরিক আঘাতের কথা বলা।
হিংসা সমর্থন করা হচ্ছে।","সহিংসতা প্রকাশ পাচ্ছে।
শারীরিক আঘাতের কথা বলা।
হিংসা সমর্থন করা হচ্ছে।","সহিংসতা প্রকাশ পাচ্ছে।
শারীরিক আঘাতের কথা বলা।
হিংসা সমর্থন করা হচ্ছে।","সহিংসতা প্রকাশ পাচ্ছে।
শারীরিক আঘাতের কথা বলা।
হিংসা সমর্থন করা হচ্ছে।","সহিংসতা প্রকাশ পাচ্ছে।
শারীরিক আঘাতের কথা বলা।
হিংসা সমর্থন করা হচ্ছে।","সহিংসতা প্রকাশ পাচ্ছে।
শারীরিক আঘাতের কথা বলা।
হিংসা সমর্থন করা হচ্ছে।","সহিংসতা প্রকাশ পাচ্ছে।
শারীরিক আঘাতের কথা বলা।
হিংসা সমর্থন করা হচ্ছে।","সহিংসতা প্রকাশ পাচ্ছে।
শারীরিক আঘাতের কথা বলা।
হিংসা সমর্থন করা হচ্ছে।","সহিংসতা প্রকাশ পাচ্ছে।
শারীরিক আঘাতের কথা বলা।
হিংসা সমর্থন করা হচ্ছে।","সহিংসতা প্রকাশ পাচ্ছে।
শারীরিক আঘাতের কথা বলা।
হিংসা সমর্থন করা হচ্ছে।","সহিংসতা প্রকাশ পাচ্ছে।
শারীরিক আঘাতের কথা বলা।
হিংসা সমর্থন করা হচ্ছে।","সহিংসতা প্রকাশ পাচ্ছে।
শারীরিক আঘাতের কথা বলা।
হিংসা সমর্থন করা হচ্ছে।","সহিংসতা প্রকাশ পাচ্ছে।
শারীরিক আঘাতের কথা বলা।
হিংসা সমর্থন করা হচ্ছে।","সহিংসতা প্রকাশ পাচ্ছে।
শারীরিক আঘাতের কথা বলা।
হিংসা সমর্থন করা হচ্ছে।","সহিংসতা প্রকাশ পাচ্ছে।
শারীরিক আঘাত উল্লেখ আছে।
হিংসা সমর্থন করা হচ্ছে।","সহিংসতা প্রকাশ পাচ্ছে।
শারীরিক আঘাত উল্লেখ আছে।
হিংসা সমর্থন করা হচ্ছে।"
বক্তব্যে হুমকিসূচক ভাষার মাধ্যমে নেতিবাচক মনোভাব দেখানো হয়েছে।,Gender,Offensive,"মন্তব্যটি হুমকিসূচক ভাষার মাধ্যমে অবমাননাকর মনোভাব প্রকাশ করেছে।
নেতিবাচক মনোভাব ও হিংসাত্মক ইঙ্গিত থাকার কারণে এটি আপত্তিকর।
বক্তব্যটি ব্যক্তি বা গোষ্ঠীর প্রতি অবজ্ঞা প্রদর্শন করায় এটি অনুপযুক্ত।","হুমকি দেওয়া হয়েছে।
নেতিবাচক মনোভাব রয়েছে।
অবমাননা করা হয়েছে।","হুমকি দেওয়া হয়েছে বলে মনে হয়।
নেতিবাচক মনোভাব প্রকাশ পাচ্ছে।
অবমাননাকর শব্দ ব্যবহার করা হয়েছে।","হুমকি দেওয়া হয়েছে।
নেতিবাচক মনোভাব আছে।
অবমাননাকর শব্দ আছে।","হুমকি দেওয়া হয়েছে বলে মনে হয়।
নেতিবাচক মনোভাব প্রকাশ পাচ্ছে।
অবমাননাকর শব্দ ব্যবহার করা হয়েছে।","হুমকি দেওয়া হয়েছে।
নেতিবাচক মনোভাব আছে।
অবমাননাকর শব্দ আছে।","হুমকি দেওয়া হয়েছে বলে মনে হয়।
নেতিবাচক মনোভাব প্রকাশ পাচ্ছে।
অবমাননাকর শব্দ ব্যবহার করা হয়েছে।","হুমকি দেওয়া হয়েছে।
নেতিবাচক মনোভাব আছে।
অবমাননাকর শব্দ আছে।","হুমকি দেওয়া হয়েছে বলে মনে হয়।
নেতিবাচক মনোভাব প্রকাশ পাচ্ছে।
অবমাননাকর শব্দ ব্যবহার করা হয়েছে।","হুমকি দেওয়া হয়েছে।
নেতিবাচক মনোভাব আছে।
অবমাননা করা হয়েছে।","হুমকি দেওয়া হয়েছে বলে মনে হয়।
নেতিবাচক মনোভাব প্রকাশ পাচ্ছে।
অবমাননা করা হয়েছে বলে মনে হয়।","হুমকি দেওয়া হয়েছে।
নেতিবাচক মনোভাব আছে।
অবমাননা করা হয়েছে।","হুমকি দেওয়া হয়েছে বলে মনে হয়।
নেতিবাচক মনোভাব প্রকাশ পাচ্ছে।
অবমাননাকর শব্দ ব্যবহার করা হয়েছে।","হুমকি দেওয়া হয়েছে।
নেতিবাচক মনোভাব আছে।
অবমাননাকর শব্দ আছে।","হুমকি দেওয়া হয়েছে বলে মনে হয়।
নেতিবাচক মনোভাব প্রকাশ পাচ্ছে।
অবমাননাকর শব্দ ব্যবহার করা হয়েছে।","হুমকি দেওয়া হয়েছে।
নেতিবাচক মনোভাব আছে।
অবমাননাকর শব্দ আছে।","হুমকি দেওয়া হয়েছে বলে মনে হয়।
নেতিবাচক মনোভাব প্রকাশ পাচ্ছে।
অবমাননাকর শব্দ ব্যবহার করা হয়েছে।","হুমকি দেওয়া হয়েছে।
নেতিবাচক মনোভাব আছে।
অবমাননাকর শব্দ আছে।","হুমকি দেওয়া হয়েছে বলে মনে হয়।
নেতিবাচক মনোভাব প্রকাশ পাচ্ছে।
অবমাননাকর শব্দ ব্যবহার করা হয়েছে।","হুমকি দেওয়া হয়েছে।
নেতিবাচক মনোভাব আছে।
অবমাননাকর শব্দ আছে।","হুমকি দেওয়া হয়েছে বলে মনে হয়।
নেতিবাচক মনোভাব প্রকাশ পাচ্ছে।
অবমাননাকর শব্দ ব্যবহার করা হয়েছে।","হুমকি দেওয়া হয়েছে।
নেতিবাচক মনোভাব আছে।
অবমাননা করা হয়েছে।"
শারীরিক আঘাতের ইঙ্গিত থাকার কারণে এটি আপত্তিকর।,Gender,Violence,"মন্তব্যে শারীরিক সহিংসতার ইঙ্গিত দিয়ে হিংস্র মনোভাব প্রকাশ করা হয়েছে।
শারীরিক ক্ষতির ইঙ্গিত থাকায় এটি সামাজিক দৃষ্টিকোণে গ্রহণযোগ্য নয়।
সহিংস আচরণকে উস্কে দেওয়ার চেষ্টা করায় এটি আপত্তিকর।
","শারীরিক আঘাতের ইঙ্গিত আছে।
সহিংসতা উস্কে দেয়।
আপত্তিকর মনোভাব প্রকাশ করে।","শারীরিক আঘাতের ইঙ্গিত আছে।
আপত্তিকর বলে মনে হয়।
সহিংসতা প্রকাশ পাচ্ছে।","শারীরিক আঘাতের ইঙ্গিত আছে।
আপত্তিকর বলে মনে হয়।
সহিংসতা প্রকাশ পাচ্ছে।","শারীরিক আঘাতের ইঙ্গিত আছে।
আপত্তিকর বলে মনে হয়।
সহিংসতা প্রকাশ পাচ্ছে।","শারীরিক আঘাতের ইঙ্গিত আছে।
আপত্তিকর বলে মনে হয়।
সহিংসতা প্রকাশ পাচ্ছে।","শারীরিক আঘাতের ইঙ্গিত আছে।
আপত্তিকর বলে মনে হয়।
সহিংসতা প্রকাশ পাচ্ছে।","শারীরিক আঘাতের ইঙ্গিত আছে।
আপত্তিকর বলে মনে হয়।
সহিংসতা প্রকাশ পাচ্ছে।","শারীরিক আঘাতের ইঙ্গিত আছে।
আপত্তিকর বলে মনে হয়।
সহিংসতা প্রকাশ পাচ্ছে।","শারীরিক আঘাতের ইঙ্গিত আছে।
আপত্তিকর বলে মনে হয়।
সহিংসতা প্রকাশ পাচ্ছে।","শারীরিক আঘাতের ইঙ্গিত আছে।
আপত্তিকর বলে মনে হয়।
সহিংসতা প্রকাশ পাচ্ছে।","শারীরিক আঘাতের ইঙ্গিত আছে।
আপত্তিকর বলে মনে হয়।
সহিংসতা প্রকাশ পাচ্ছে।","শারীরিক আঘাতের ইঙ্গিত আছে।
আপত্তিকর বলে মনে হয়।
সহিংসতা প্রকাশ পাচ্ছে।","শারীরিক আঘাতের ইঙ্গিত আছে।
আপত্তিকর বলে মনে হয়।
সহিংসতা প্রকাশ পাচ্ছে।","শারীরিক আঘাতের ইঙ্গিত আছে।
আপত্তিকর বলে মনে হয়।
সহিংসতা প্রকাশ পাচ্ছে।","শারীরিক আঘাতের ইঙ্গিত আছে।
আপত্তিকর বলে মনে হয়।
সহিংসতা প্রকাশ পাচ্ছে।","শারীরিক আঘাতের ইঙ্গিত আছে।
আপত্তিকর বলে মনে হয়।
সহিংসতা প্রকাশ পাচ্ছে।","শারীরিক আঘাতের ইঙ্গিত আছে।
আপত্তিকর বলে মনে হয়।
সহিংসতা প্রকাশ পাচ্ছে।","শারীরিক আঘাতের ইঙ্গিত আছে।
আপত্তিকর বলে মনে হয়।
সহিংসতা প্রকাশ পাচ্ছে।","শারীরিক আঘাতের ইঙ্গিত আছে।
আপত্তিকর বলে মনে হয়।
সহিংসতা প্রকাশ পাচ্ছে।","শারীরিক আঘাতের ইঙ্গিত আছে।
আপত্তিকর বলে মনে হয়।
সহিংসতা প্রকাশ পাচ্ছে।","শারীরিক আঘাতের ইঙ্গিত আছে।
আপত্তিকর বলে মনে হয়।
সহিংসতা প্রকাশ পাচ্ছে।"
খালাম্মা আপনারা কি একটু চোদা যাইবো বিকিনি কি আর পন তারকা কি বুজাইয়া দিতাম,Gender,Sexual Harassments,"মন্তব্যটি অত্যন্ত অশালীন এবং নারীর প্রতি সরাসরি যৌন হয়রানিমূলক ইঙ্গিত দিয়েছে।
বক্তব্যটি অবমাননাকর ও অসম্মানজনক ভাষা ব্যবহার করে নারীর প্রতি বিদ্বেষ প্রকাশ করেছে।
অশ্লীল ও হেয়প্রসূত বক্তব্য হওয়ায় এটি গুরুতরভাবে আপত্তিকর।","অশালীন ভাষা ব্যবহার।
নারীর প্রতি যৌন হয়রানি।
অবমাননাকর ভাষা ব্যবহার।","অশালীন শব্দ ব্যবহার করা হয়েছে।
নারীর প্রতি অসম্মান দেখা যায়।
যৌন হয়রানির ইঙ্গিত রয়েছে।","অশালীন শব্দ ব্যবহার করা হয়েছে।
নারীর প্রতি অসম্মান জানানো হয়েছে।
যৌন হয়রানির ইঙ্গিত রয়েছে।","অশালীন শব্দ ব্যবহার করা হয়েছে।
নারীর প্রতি অসম্মান জানানো হয়েছে।
যৌন হয়রানির ইঙ্গিত রয়েছে।","অশালীন শব্দ ব্যবহার করা হয়েছে।
নারীর প্রতি অসম্মান জানানো হয়েছে।
যৌন হয়রানির ইঙ্গিত রয়েছে।","অশালীন শব্দ ব্যবহার করা হয়েছে।
নারীর প্রতি অসম্মান জানানো হয়েছে।
যৌন হয়রানির ইঙ্গিত রয়েছে।","অশালীন শব্দ ব্যবহার করা হয়েছে।
নারীর প্রতি অসম্মান জানানো হয়েছে।
যৌন হয়রানির ইঙ্গিত রয়েছে।","অশালীন শব্দ ব্যবহার করা হয়েছে।
নারীর প্রতি অসম্মান জানানো হয়েছে।
যৌন হয়রানির ইঙ্গিত রয়েছে।","অশালীন শব্দ ব্যবহার করা হয়েছে।
নারীর প্রতি অসম্মান জানানো হয়েছে।
যৌন হয়রানির ইঙ্গিত রয়েছে।","অশালীন শব্দ ব্যবহার করা হয়েছে।
নারীর প্রতি অসম্মান জানানো হয়েছে।
যৌন হয়রানির ইঙ্গিত রয়েছে।","অশালীন শব্দ ব্যবহার করা হয়েছে।
নারীর প্রতি অসম্মান জানানো হয়েছে।
যৌন হয়রানির ইঙ্গিত রয়েছে।","অশালীন শব্দ ব্যবহার করা হয়েছে।
নারীর প্রতি অসম্মান জানানো হয়েছে।
যৌন হয়রানির ইঙ্গিত রয়েছে।","অশালীন শব্দ ব্যবহার করা হয়েছে।
নারীর প্রতি অসম্মান জানানো হয়েছে।
যৌন হয়রানির ইঙ্গিত রয়েছে।","অশালীন শব্দ ব্যবহার করা হয়েছে।
নারীর প্রতি অসম্মান জানানো হয়েছে।
যৌন হয়রানির ইঙ্গিত রয়েছে।","অশালীন শব্দ ব্যবহার করা হয়েছে।
নারীর প্রতি অসম্মান জানানো হয়েছে।
যৌন হয়রানির ইঙ্গিত রয়েছে।","অশালীন শব্দ ব্যবহার করা হয়েছে।
নারীর প্রতি অসম্মান জানানো হয়েছে।
যৌন হয়রানির ইঙ্গিত রয়েছে।","অশালীন শব্দ ব্যবহার করা হয়েছে।
নারীর প্রতি অসম্মান জানানো হয়েছে।
যৌন হয়রানির ইঙ্গিত রয়েছে।","অশালীন শব্দ ব্যবহার করা হয়েছে।
নারীর প্রতি অসম্মান জানানো হয়েছে।
যৌন হয়রানির ইঙ্গিত রয়েছে।","অশালীন শব্দ ব্যবহার করা হয়েছে।
নারীর প্রতি অসম্মান জানানো হয়েছে।
যৌন হয়রানির ইঙ্গিত রয়েছে।","অশালীন শব্দ ব্যবহার করা হয়েছে।
নারীর প্রতি অসম্মান জানানো হয়েছে।
যৌন হয়রানির ইঙ্গিত রয়েছে।","অশালীন শব্দ ব্যবহার করা হয়েছে।
নারীর প্রতি অসম্মান জানানো হয়েছে।
যৌন হয়রানির ইঙ্গিত রয়েছে।"
খুব তাড়াতাড়ি মিথিলার অনেক বড় রোগ হবে আল্লাহর তরপ থেকে।,Gender,Offensive,"মন্তব্যটি ব্যক্তি বিশেষের প্রতি অভিশাপ দিয়ে নেতিবাচক মনোভাব প্রকাশ করেছে।
বক্তব্যে অবমাননাকর এবং বিদ্বেষমূলক ইঙ্গিত রয়েছে।
অন্যের প্রতি রোগ বা দুর্ভোগ কামনা করায় এটি আপত্তিকর।","অভিশাপ দেওয়া হয়েছে।
রোগ কামনা করা হয়েছে।
বিদ্বেষ প্রকাশ পাচ্ছে।","রোগ কামনা করা হয়েছে।
অভিশাপ দেওয়া হয়েছে।
বিদ্বেষ প্রকাশ পাচ্ছে।","রোগ কামনা করা হয়েছে বলে মনে হয়।
অভিশাপ দেওয়ার স্পষ্ট ইঙ্গিত আছে।
বিদ্বেষ প্রকাশের উদ্দেশ্য রয়েছে।","রোগ কামনা করা হয়েছে।
অভিশাপ দেওয়া হয়েছে।
বিদ্বেষ প্রকাশ পাচ্ছে।","রোগ কামনা করা হয়েছে বলে মনে হয়।
অভিশাপ দেওয়ার শব্দ ব্যবহার করা হয়েছে।
বিদ্বেষপূর্ণ মনোভাব প্রকাশ পাচ্ছে।","অভিশাপ দেওয়ার শব্দ ব্যবহার করা হয়েছে।
রোগ কামনা করা হয়েছে।
বিদ্বেষ প্রকাশ পাচ্ছে।","রোগ কামনা করা হয়েছে।
অভিশাপ দেওয়া হচ্ছে।
বিদ্বেষ প্রকাশ পাচ্ছে।","রোগ কামনা করা হয়েছে বলে মনে হয়।
অভিশাপ দেওয়ার স্পষ্ট ইঙ্গিত আছে।
বিদ্বেষপূর্ণ মনোভাব প্রকাশ পেয়েছে।","অভিশাপ দেওয়া হয়েছে।
আল্লাহর নাম ব্যবহার করা হয়েছে।
রোগ কামনা করা হয়েছে।","অভিশাপ দেওয়া হয়েছে বলে মনে হয়।
আল্লাহর নাম ব্যবহার করা হয়েছে।
রোগ কামনা করা হয়েছে।","আল্লাহর নাম ব্যবহার করা হয়েছে।
রোগ কামনা করা হয়েছে।
অভিশাপ দেওয়া হয়েছে।","অভিশাপ দেওয়া হয়েছে।
রোগ কামনা করা হয়েছে।
আল্লাহর নাম ব্যবহার করা হয়েছে।","অভিশাপ দেওয়া হয়েছে বলে মনে হয়।
রোগ কামনা করা হয়েছে স্পষ্ট।
আল্লাহর নাম ব্যবহার করা হয়েছে।","রোগ কামনা করা হয়েছে।
অভিশাপ দেওয়া হয়েছে।
আল্লাহর নাম ব্যবহার করা হয়েছে।","অভিশাপ দেওয়া হয়েছে।
রোগ কামনা করা হয়েছে।
আল্লাহর নাম ব্যবহার করা হয়েছে।","অভিশাপ দেওয়া হয়েছে বলে মনে হয়।
রোগ কামনা করা হয়েছে স্পষ্ট।
আল্লাহর নাম ব্যবহার করা হয়েছে।","রোগ কামনা করা হয়েছে।
অভিশাপ দেওয়া হয়েছে।
আল্লাহর নাম ব্যবহার করা হয়েছে।","রোগ কামনা করা হয়েছে বলে মনে হয়।
অভিশাপ দেওয়ার স্পষ্ট উদাহরণ।
আল্লাহর নাম ব্যবহার করা হয়েছে অভিশাপের জন্য।","রোগ কামনা করা হয়েছে।
অভিশাপ দেওয়া হয়েছে।
আল্লাহর নাম ব্যবহার করা হয়েছে।","রোগ কামনা করা হয়েছে বলে এটি ঘৃণ্য।
অভিশাপ দেওয়া হয়েছে আল্লাহর নাম দিয়ে।
মিথিলার প্রতি ঘৃণা প্রকাশ করা হয়েছে।","রোগ কামনা করা হয়েছে।
অভিশাপ দেওয়া হয়েছে।
ঘৃণা প্রকাশ করা হয়েছে।"
গনো ধোলাই দাও ছেলেকে,Gender,Offensive,"মন্তব্যটি সরাসরি সহিংস আচরণের উৎসাহ প্রদান করেছে।
বক্তব্যে শারীরিক আঘাতের ইঙ্গিত স্পষ্ট, যা অত্যন্ত আপত্তিকর।
সহিংসতার আহ্বান জানিয়ে নেতিবাচক মনোভাব প্রকাশ করা হয়েছে।","সহিংসতার আহ্বান জানানো হয়েছে।
শারীরিক আঘাতের ইঙ্গিত আছে।
নেতিবাচক মনোভাব প্রকাশ করা হয়েছে।","ধোলাই দাও বললে মারধোর বোঝায়।
ছেলেকে মারতে বলা হচ্ছে।
শারীরিক আঘাতের হুমকি দেওয়া হয়েছে।","মারধোরের হুমকি দেওয়া হয়েছে।
শারীরিক নির্যাতনের ইঙ্গিত আছে।
ছেলেকে মারার নির্দেশ দেওয়া হয়েছে।","মারধোরের হুমকি আছে।
শারীরিক নির্যাতন হচ্ছে।
ছেলেকে মারতে বলা।","ধোলাই দাও মানে মারতে বলা।
ছেলেকে মারতে বলা হচ্ছে।
মারধোরের হুমকি আছে বলেই।","মারতে বলা হচ্ছে।
ধোলাই মানে মার।
হুমকি আছে বলে।","ধোলাই মানে মার।
মারতে বলা হচ্ছে।
হুমকি আছে বলে।","ধোলাই মানে মার।
মারতে বলা হচ্ছে।
হুমকি আছে বলে।","ধোলাই মানে মার।
মারতে বলা হচ্ছে।
হুমকি আছে বলে।","ধোলাই মানে মার।
মারতে বলা হচ্ছে।
হুমকি আছে বলে।","ধোলাই মানে মার।
মারতে বলা হচ্ছে।
হুমকি আছে বলে।","ধোলাই মানে মার।
মারতে বলা হচ্ছে।
হুমকি আছে বলে।","ধোলাই মানে মার।
মারতে বলা হচ্ছে।
হুমকি আছে বলে।","ধোলাই মানে মার।
মারতে বলা হচ্ছে।
হুমকি আছে বলে।","ধোলাই মানে মার।
মারতে বলা হচ্ছে।
হুমকি আছে বলে।","ধোলাই মানে মার।
মারতে বলা হচ্ছে।
হুমকি আছে বলে।","ধোলাই মানে মার।
মারতে বলা হচ্ছে।
হুমকি আছে বলে।","ধোলাই মানে মার।
মারতে বলা হচ্ছে।
হুমকি আছে বলে।","ধোলাই মানে মার।
মারতে বলা হচ্ছে।
হুমকি আছে বলে।","ধোলাই মানে মার।
মারতে বলা হচ্ছে।
হুমকি আছে বলে।","ধোলাই মানে মার।
মারতে বলা হচ্ছে।
হুমকি আছে বলে।"
ঘৃণা করি ওনার মেয়েকে লাথি মারি ওনার মেয়ে র মুখে,Gender,Offensive,"মন্তব্যটি অত্যন্ত অশালীন এবং সরাসরি শারীরিক সহিংসতার ইঙ্গিত দিয়েছে।
নারীর প্রতি অবমাননাকর এবং অসম্মানজনক মনোভাব প্রকাশ করা হয়েছে।
লিঙ্গভিত্তিক হিংসাত্মক ও অপমানজনক বক্তব্য হওয়ায় এটি গুরুতরভাবে আপত্তিকর।","শারীরিক সহিংসতার ইঙ্গিত আছে।
নারীর প্রতি অবমাননা করা হয়েছে।
লিঙ্গভিত্তিক হিংসা প্রকাশ পাচ্ছে।","লাথি মারার কথা বলা হয়েছে।
নারীকে অবমাননা করা হয়েছে।
শারীরিক সহিংসতা প্রকাশ পাচ্ছে।","নারীকে অবমাননা করা হয়েছে।
শারীরিক সহিংসতা প্রকাশ পাচ্ছে।
ঘৃণা প্রকাশ পাচ্ছে।","নারীকে অবমাননা করা হয়েছে।
শারীরিক সহিংসতা প্রকাশ পাচ্ছে।
ঘৃণা প্রকাশ পাচ্ছে।","নারীকে অবমাননা করা হয়েছে।
শারীরিক সহিংসতা প্রকাশ পাচ্ছে।
ঘৃণা প্রকাশ পাচ্ছে।","নারীকে অবমাননা করা হয়েছে।
শারীরিক সহিংসতা প্রকাশ পাচ্ছে।
ঘৃণা প্রকাশ পাচ্ছে।","নারীকে অবমাননা করা হয়েছে।
শারীরিক সহিংসতা প্রকাশ পাচ্ছে।
ঘৃণা প্রকাশ পাচ্ছে।","নারীকে অবমাননা করা হয়েছে।
শারীরিক সহিংসতা প্রকাশ পাচ্ছে।
ঘৃণা প্রকাশ পাচ্ছে।","নারীকে অবমাননা করা হয়েছে।
শারীরিক সহিংসতা প্রকাশ পাচ্ছে।
ঘৃণা প্রকাশ পাচ্ছে।","নারীকে অবমাননা করা হয়েছে।
শারীরিক সহিংসতা প্রকাশ পাচ্ছে।
ঘৃণা প্রকাশ পাচ্ছে।","নারীকে অবমাননা করা হয়েছে।
শারীরিক সহিংসতা প্রকাশ পাচ্ছে।
ঘৃণা প্রকাশ পাচ্ছে।","নারীকে অবমাননা করা হয়েছে।
শারীরিক সহিংসতা প্রকাশ পাচ্ছে।
ঘৃণা প্রকাশ পাচ্ছে।","নারীকে অবমাননা করা হয়েছে।
শারীরিক সহিংসতা প্রকাশ পাচ্ছে।
ঘৃণা প্রকাশ পাচ্ছে।","নারীকে অবমাননা করা হয়েছে।
শারীরিক সহিংসতা প্রকাশ পাচ্ছে।
ঘৃণা প্রকাশ পাচ্ছে।","নারীকে অবমাননা করা হয়েছে।
শারীরিক সহিংসতা প্রকাশ পাচ্ছে।
ঘৃণা প্রকাশ পাচ্ছে।","নারীকে অবমাননা করা হয়েছে।
শারীরিক সহিংসতা প্রকাশ পাচ্ছে।
ঘৃণা প্রকাশ পাচ্ছে।","নারীকে অবমাননা করা হয়েছে।
শারীরিক সহিংসতা প্রকাশ পাচ্ছে।
ঘৃণা প্রকাশ পাচ্ছে।","নারীকে অবমাননা করা হয়েছে।
শারীরিক সহিংসতা প্রকাশ পাচ্ছে।
ঘৃণা প্রকাশ পাচ্ছে।","নারীকে অবমাননা করা হয়েছে।
শারীরিক সহিংসতা প্রকাশ পাচ্ছে।
ঘৃণা প্রকাশ পাচ্ছে।","নারীকে অবমাননা করা হয়েছে।
শারীরিক সহিংসতা প্রকাশ পাচ্ছে।
ঘৃণা প্রকাশ পাচ্ছে।","নারীকে অবমাননা করা হয়েছে।
শারীরিক সহিংসতা প্রকাশ পাচ্ছে।
ঘৃণা প্রকাশ পাচ্ছে।"
চুদা খাওয়া নাইকা,Gender,Offensive,"মন্তব্যটি অত্যন্ত অশালীন এবং নারীর প্রতি সরাসরি অবমাননাকর ইঙ্গিত দিয়েছে।
নারীর সম্মানহানির উদ্দেশ্যে অশোভন এবং যৌন হয়রানিমূলক ভাষা ব্যবহার করা হয়েছে।
অপমানজনক ও অসম্মানজনক মনোভাব প্রকাশ করায় এটি গুরুতরভাবে আপত্তিকর।","নারীর প্রতি অবমাননা।
অশোভন ভাষা ব্যবহার।
যৌন হয়রানি মূলক।","নারীর প্রতি অবমাননা করা হয়েছে।
অশোভন শব্দ ব্যবহার করা হয়েছে।
যৌন হয়রানি মূলক শব্দ রয়েছে।","নারীর প্রতি অবমাননা করা হয়েছে।
অশোভন শব্দ ব্যবহার করা হয়েছে।
যৌন হয়রানি মূলক শব্দ রয়েছে।","নারীর প্রতি অবমাননা করা হয়েছে।
অশোভন শব্দ ব্যবহার করা হয়েছে।
যৌন হয়রানি মূলক শব্দ রয়েছে।","নারীর প্রতি অবমাননা করা হয়েছে।
অশোভন শব্দ ব্যবহার করা হয়েছে।
যৌন হয়রানি মূলক শব্দ রয়েছে।","নারীর প্রতি অবমাননা করা হয়েছে।
অশোভন শব্দ ব্যবহার করা হয়েছে।
যৌন হয়রানি মূলক শব্দ রয়েছে।","নারীর প্রতি অবমাননা করা হয়েছে।
অশোভন শব্দ ব্যবহার করা হয়েছে।
যৌন হয়রানি মূলক শব্দ রয়েছে।","নারীর প্রতি অবমাননা করা হয়েছে।
অশোভন শব্দ ব্যবহার করা হয়েছে।
যৌন হয়রানি মূলক শব্দ রয়েছে।","নারীর প্রতি অবমাননা করা হয়েছে।
অশোভন শব্দ ব্যবহার করা হয়েছে।
যৌন হয়রানি মূলক শব্দ রয়েছে।","নারীর প্রতি অবমাননা করা হয়েছে।
অশোভন শব্দ ব্যবহার করা হয়েছে।
যৌন হয়রানি মূলক শব্দ রয়েছে।","নারীর প্রতি অবমাননা করা হয়েছে।
অশোভন শব্দ ব্যবহার করা হয়েছে।
যৌন হয়রানি মূলক শব্দ রয়েছে।","নারীর প্রতি অবমাননা করা হয়েছে।
অশোভন শব্দ ব্যবহার করা হয়েছে।
যৌন হয়রানি মূলক শব্দ রয়েছে।","নারীর প্রতি অবমাননা করা হয়েছে।
অশোভন শব্দ ব্যবহার করা হয়েছে।
যৌন হয়রানি মূলক শব্দ রয়েছে।","নারীর প্রতি অবমাননা করা হয়েছে।
অশোভন শব্দ ব্যবহার করা হয়েছে।
যৌন হয়রানি মূলক শব্দ রয়েছে।","নারীর প্রতি অবমাননা করা হয়েছে।
অশোভন শব্দ ব্যবহার করা হয়েছে।
যৌন হয়রানি মূলক শব্দ রয়েছে।","নারীর প্রতি অবমাননা করা হয়েছে।
অশোভন শব্দ ব্যবহার করা হয়েছে।
যৌন হয়রানি মূলক শব্দ রয়েছে।","নারীর প্রতি অবমাননা করা হয়েছে।
অশোভন শব্দ ব্যবহার করা হয়েছে।
যৌন হয়রানি মূলক শব্দ রয়েছে।","নারীর প্রতি অবমাননা করা হয়েছে।
অশোভন শব্দ ব্যবহার করা হয়েছে।
যৌন হয়রানি মূলক শব্দ রয়েছে।","নারীর প্রতি অবমাননা করা হয়েছে।
অশোভন শব্দ ব্যবহার করা হয়েছে।
যৌন হয়রানি মূলক শব্দ রয়েছে।","নারীর প্রতি অবমাননা করা হয়েছে।
অশোভন শব্দ ব্যবহার করা হয়েছে।
যৌন হয়রানি মূলক শব্দ রয়েছে।","নারীর প্রতি অবমাননা করা হয়েছে।
অশোভন শব্দ ব্যবহার করা হয়েছে।
যৌন হয়রানি মূলক শব্দ রয়েছে।"
চুদে চুদে ওর গুদের রস সব শুকিয়ে পেলানো উচিত,Gender,Offensive,"মন্তব্যটি অত্যন্ত অশ্লীল এবং সরাসরি যৌন হয়রানিমূলক ভাষা ব্যবহার করেছে।
নারীর প্রতি অবমাননাকর এবং অসম্মানজনক ইঙ্গিত প্রদান করা হয়েছে।
অশালীনতা এবং অপমানজনক বক্তব্য হওয়ায় এটি গুরুতরভাবে আপত্তিকর।","অশ্লীল ভাষা ব্যবহার।
নারীর প্রতি অবমাননা।
যৌন হয়রানি মূলক।","অশ্লীল শব্দ ব্যবহার করা হয়েছে।
নারীর প্রতি অসম্মান দেখা যায়।
যৌন উল্লেখ রয়েছে।","অশ্লীল শব্দ ব্যবহার করা হয়েছে।
নারীর প্রতি অসম্মান জন্মায়।
যৌন উল্লেখ রয়েছে।","অশ্লীল শব্দ ব্যবহার করা হয়েছে।
নারীর প্রতি অসম্মান জন্মায়।
যৌন উল্লেখ রয়েছে।","অশ্লীল শব্দ ব্যবহার করা হয়েছে।
নারীর প্রতি অসম্মান জন্মায়।
যৌন উল্লেখ রয়েছে।","অশ্লীল শব্দ ব্যবহার করা হয়েছে।
নারীর প্রতি অসম্মান জন্মায়।
যৌন উল্লেখ রয়েছে।","অশ্লীল শব্দ ব্যবহার করা হয়েছে।
নারীর প্রতি অসম্মান জন্মায়।
যৌন উল্লেখ রয়েছে।","অশ্লীল শব্দ ব্যবহার করা হয়েছে।
নারীর প্রতি অসম্মান জন্মায়।
যৌন উল্লেখ রয়েছে।","অশ্লীল শব্দ ব্যবহার করা হয়েছে।
নারীর প্রতি অসম্মান জন্মায়।
যৌন উল্লেখ রয়েছে।","অশ্লীল শব্দ ব্যবহার করা হয়েছে।
নারীর প্রতি অসম্মান জন্মায়।
যৌন উল্লেখ রয়েছে।","অশ্লীল শব্দ ব্যবহার করা হয়েছে।
নারীর প্রতি অসম্মান জন্মায়।
যৌন উল্লেখ রয়েছে।","অশ্লীল শব্দ ব্যবহার করা হয়েছে।
নারীর প্রতি অসম্মান জন্মায়।
যৌন উল্লেখ রয়েছে।","অশ্লীল শব্দ ব্যবহার করা হয়েছে।
নারীর প্রতি অসম্মান জন্মায়।
যৌন উল্লেখ রয়েছে।","অশ্লীল শব্দ ব্যবহার করা হয়েছে।
নারীর প্রতি অসম্মান জন্মায়।
যৌন উল্লেখ রয়েছে।","অশ্লীল শব্দ ব্যবহার করা হয়েছে।
নারীর প্রতি অসম্মান জন্মায়।
যৌন উল্লেখ রয়েছে।","অশ্লীল শব্দ ব্যবহার করা হয়েছে।
নারীর প্রতি অসম্মান জন্মায়।
যৌন উল্লেখ রয়েছে।","অশ্লীল শব্দ ব্যবহার করা হয়েছে।
নারীর প্রতি অসম্মান জন্মায়।
যৌন উল্লেখ রয়েছে।","অশ্লীল শব্দ ব্যবহার করা হয়েছে।
নারীর প্রতি অসম্মান জন্মায়।
যৌন উল্লেখ রয়েছে।","অশ্লীল শব্দ ব্যবহার করা হয়েছে।
নারীর প্রতি অসম্মান জন্মায়।
যৌন উল্লেখ রয়েছে।","অশ্লীল শব্দ ব্যবহার করা হয়েছে।
নারীর প্রতি অসম্মান জন্মায়।
যৌন উল্লেখ রয়েছে।","অশ্লীল শব্দ ব্যবহার করা হয়েছে।
নারীর প্রতি অসম্মান জন্মায়।
যৌন উল্লেখ রয়েছে।"
চুদে চুদে বুনি টিপে ভোদা চেটে চেটে ফাটিয়ে ফেলেছে হায় হায় কয় কি,Gender,Offensive,"মন্তব্যটি অত্যন্ত অশালীন এবং যৌন হয়রানিমূলক ভাষা ব্যবহার করেছে।
নারীর প্রতি অবমাননাকর ও অসম্মানজনক ইঙ্গিত প্রদান করা হয়েছে।
অশালীন এবং অপমানজনক বক্তব্য হওয়ায় এটি গুরুতরভাবে আপত্তিকর।","অশালীন ভাষা ব্যবহার করা হয়েছে।
নারীর প্রতি অবমাননা করা হয়েছে।
যৌন হয়রানি করা হয়েছে।","অশ্লীল শব্দ ব্যবহার করা হয়েছে।
নারীর প্রতি অসম্মান দেখা যায়।
যৌন উত্তেজনা সৃষ্টি করা হয়েছে।","অশ্লীল শব্দ ব্যবহার করা হয়েছে।
নারীর প্রতি অসম্মান জন্মে।
যৌন উত্তেজনা সৃষ্টি করা হয়েছে।","অশ্লীল শব্দ ব্যবহার করা হয়েছে।
নারীর প্রতি অসম্মান জন্মে।
যৌন উত্তেজনা সৃষ্টি করা হয়েছে।","অশ্লীল শব্দ ব্যবহার করা হয়েছে।
নারীর প্রতি অসম্মান জন্মে।
যৌন উত্তেজনা সৃষ্টি করা হয়েছে।","অশ্লীল শব্দ ব্যবহার করা হয়েছে।
নারীর প্রতি অসম্মান জন্মে।
যৌন উত্তেজনা সৃষ্টি করা হয়েছে।","অশ্লীল শব্দ ব্যবহার করা হয়েছে।
নারীর প্রতি অসম্মান জন্মে।
যৌন উত্তেজনা সৃষ্টি করা হয়েছে।","অশ্লীল শব্দ ব্যবহার করা হয়েছে।
নারীর প্রতি অসম্মান জন্মে।
যৌন উত্তেজনা সৃষ্টি করা হয়েছে।","অশ্লীল শব্দ ব্যবহার করা হয়েছে।
নারীর প্রতি অসম্মান জন্মে।
যৌন উত্তেজনা সৃষ্টি করা হয়েছে।","অশ্লীল শব্দ ব্যবহার করা হয়েছে।
নারীর প্রতি অসম্মান জন্মে।
যৌন উত্তেজনা সৃষ্টি করা হয়েছে।","অশ্লীল শব্দ ব্যবহার করা হয়েছে।
নারীর প্রতি অসম্মান জন্মে।
যৌন উত্তেজনা সৃষ্টি করা হয়েছে।","অশ্লীল শব্দ ব্যবহার করা হয়েছে।
নারীর প্রতি অসম্মান জন্মে।
যৌন উত্তেজনা সৃষ্টি করা হয়েছে।","অশ্লীল শব্দ ব্যবহার করা হয়েছে।
নারীর প্রতি অসম্মান জন্মে।
যৌন উত্তেজনা সৃষ্টি করা হয়েছে।","অশ্লীল শব্দ ব্যবহার করা হয়েছে।
নারীর প্রতি অসম্মান জন্মে।
যৌন উত্তেজনা সৃষ্টি করা হয়েছে।","অশ্লীল শব্দ ব্যবহার করা হয়েছে।
নারীর প্রতি অসম্মান জন্মে।
যৌন উত্তেজনা সৃষ্টি করা হয়েছে।","অশ্লীল শব্দ ব্যবহার করা হয়েছে।
নারীর প্রতি অসম্মান জন্মে।
যৌন উত্তেজনা সৃষ্টি করা হয়েছে।","অশ্লীল শব্দ ব্যবহার করা হয়েছে।
নারীর প্রতি অসম্মান জন্মে।
যৌন উত্তেজনা সৃষ্টি করা হয়েছে।","অশ্লীল শব্দ ব্যবহার করা হয়েছে।
নারীর প্রতি অসম্মান জন্মে।
যৌন উত্তেজনা সৃষ্টি করা হয়েছে।","অশ্লীল শব্দ ব্যবহার করা হয়েছে।
নারীর প্রতি অসম্মান জন্মে।
যৌন উত্তেজনা সৃষ্টি করা হয়েছে।","অশ্লীল শব্দ ব্যবহার করা হয়েছে।
নারীর প্রতি অসম্মান জন্মে।
যৌন উত্তেজনা সৃষ্টি করা হয়েছে।","অশ্লীল শব্দ ব্যবহার করা হয়েছে।
নারীর প্রতি অসম্মান জন্মে।
যৌন উত্তেজনা সৃষ্টি করা হয়েছে।"
চৈতালি চুদে দিয়ে হাত তালি,Gender,Offensive,"মন্তব্যটি অত্যন্ত অশালীন এবং নারীর প্রতি অবমাননাকর ইঙ্গিত দিয়েছে।
নারীর সম্মানহানির উদ্দেশ্যে যৌন হয়রানিমূলক ভাষা ব্যবহার করা হয়েছে।
অশোভন এবং অপমানজনক মনোভাব প্রকাশ করায় এটি গুরুতরভাবে আপত্তিকর।","অশালীন শব্দ ব্যবহার করা হয়েছে।
নারীর প্রতি অবমাননা করা হয়েছে।
যৌন হয়রানি করা হয়েছে।","অশালীন শব্দ ব্যবহার করা হয়েছে।
নারীর প্রতি অবমাননা করা হয়েছে।
যৌন হয়রানি করা হয়েছে।","অশালীন শব্দ ব্যবহার করা হয়েছে।
নারীর প্রতি অবমাননা করা হয়েছে।
যৌন হয়রানি করা হয়েছে।","অশালীন শব্দ ব্যবহার করা হয়েছে।
নারীর প্রতি অবমাননা করা হয়েছে।
যৌন হয়রানি করা হয়েছে।","অশালীন শব্দ ব্যবহার করা হয়েছে।
নারীর প্রতি অসম্মান দেখা যায়।
যৌন উত্তেজক শব্দ রয়েছে।","অশালীন শব্দ ব্যবহার করা হয়েছে।
নারীর প্রতি অসম্মান দেখা যায়।
যৌন উত্তেজক শব্দ রয়েছে।","অশালীন শব্দ ব্যবহার করা হয়েছে।
নারীর প্রতি অসম্মান জড়িত।
যৌন উত্তেজক শব্দ রয়েছে।","অশালীন শব্দ ব্যবহার করা হয়েছে।
নারীর প্রতি অসম্মান জড়িত।
যৌন উত্তেজক শব্দ রয়েছে।","অশালীন শব্দ ব্যবহার করা হয়েছে।
নারীর প্রতি অসম্মান জড়িত।
যৌন উত্তেজক শব্দ রয়েছে।","অশালীন শব্দ ব্যবহার করা হয়েছে।
নারীর প্রতি অসম্মান জড়িত।
যৌন উত্তেজক শব্দ রয়েছে।","অশালীন শব্দ ব্যবহার করা হয়েছে।
নারীর প্রতি অসম্মান জড়িত।
যৌন উত্তেজক শব্দ রয়েছে।","অশালীন শব্দ ব্যবহার করা হয়েছে।
নারীর প্রতি অসম্মান জড়িত।
যৌন উত্তেজক শব্দ রয়েছে।","অশালীন শব্দ ব্যবহার করা হয়েছে।
নারীর প্রতি অসম্মান জড়িত।
যৌন উত্তেজক শব্দ রয়েছে।","অশালীন শব্দ ব্যবহার করা হয়েছে।
নারীর প্রতি অসম্মান জড়িত।
যৌন উত্তেজক শব্দ রয়েছে।","অশালীন শব্দ ব্যবহার করা হয়েছে।
নারীর প্রতি অসম্মান জড়িত।
যৌন উত্তেজক শব্দ রয়েছে।","অশালীন শব্দ ব্যবহার করা হয়েছে।
নারীর প্রতি অসম্মান জড়িত।
যৌন উত্তেজক শব্দ রয়েছে।","অশালীন শব্দ ব্যবহার করা হয়েছে।
নারীর প্রতি অসম্মান জড়িত।
যৌন উত্তেজক শব্দ রয়েছে।","অশালীন শব্দ ব্যবহার করা হয়েছে।
নারীর প্রতি অসম্মান জড়িত।
যৌন উত্তেজক শব্দ রয়েছে।","অশালীন শব্দ ব্যবহার করা হয়েছে।
নারীর প্রতি অসম্মান জড়িত।
যৌন উত্তেজক শব্দ রয়েছে।","অশালীন শব্দ ব্যবহার করা হয়েছে।
নারীর প্রতি অসম্মান জড়িত।
যৌন উত্তেজক শব্দ রয়েছে।","অশালীন শব্দ ব্যবহার করা হয়েছে।
নারীর প্রতি অসম্মান জড়িত।
যৌন উত্তেজক শব্দ রয়েছে।"
চৈতালি রায় কে চুদার দরকার,Gender,Offensive,"মন্তব্যটি সরাসরি অশালীন এবং নারীর প্রতি অবমাননাকর ইঙ্গিত প্রকাশ করেছে।
নারীর সম্মানহানি এবং যৌন হয়রানিমূলক বক্তব্য হওয়ায় এটি অত্যন্ত আপত্তিকর।
অপমানজনক ও অসম্মানজনক মনোভাব প্রদর্শন করায় এটি গুরুতরভাবে অগ্রহণযোগ্য।","নারীর প্রতি অবমাননা প্রকাশ করে।
অশালীন শব্দ ব্যবহার করা হয়েছে।
যৌন হয়রানির ইঙ্গিত রয়েছে।","অশালীন শব্দ ব্যবহার করা হয়েছে।
নারীর প্রতি অবমাননা করা হয়েছে।
যৌন হয়রানির ইঙ্গিত রয়েছে।","অশালীন শব্দ ব্যবহার করা হয়েছে।
নারীর প্রতি অবমাননা করা হয়েছে।
যৌন হয়রানির ইঙ্গিত রয়েছে।","অশালীন শব্দ ব্যবহার করা হয়েছে।
নারীর প্রতি অবমাননা করা হয়েছে।
যৌন হয়রানির ইঙ্গিত রয়েছে।","অশালীন শব্দ ব্যবহার করা হয়েছে।
নারীর প্রতি অবমাননা করা হয়েছে।
যৌন হয়রানির ইঙ্গিত রয়েছে।","অশালীন শব্দ ব্যবহার করা হয়েছে।
নারীর প্রতি অবমাননা করা হয়েছে।
যৌন হয়রানির ইঙ্গিত রয়েছে।","অশালীন শব্দ ব্যবহার করা হয়েছে।
নারীর প্রতি অবমাননা করা হয়েছে।
যৌন হয়রানির ইঙ্গিত রয়েছে।","অশালীন শব্দ ব্যবহার করা হয়েছে।
নারীর প্রতি অবমাননা করা হয়েছে।
যৌন হয়রানির ইঙ্গিত রয়েছে।","অশালীন শব্দ ব্যবহার করা হয়েছে।
নারীর প্রতি অসম্মান দেখা যায়।
যৌন অবমাননা করা হয়েছে।","অশালীন শব্দ ব্যবহার করা হয়েছে।
নারীর প্রতি অসম্মান দেখা যায়।
যৌন অবমাননা করা হয়েছে।","অশালীন শব্দ ব্যবহার করা হয়েছে।
নারীর প্রতি অসম্মান দেখা যায়।
যৌন অবমাননা করা হয়েছে।","অশালীন শব্দ ব্যবহার করা হয়েছে।
নারীর প্রতি অসম্মান দেখা যায়।
যৌন অবমাননা করা হয়েছে।","অশালীন শব্দ ব্যবহার করা হয়েছে।
নারীর প্রতি অসম্মান দেখা যায়।
যৌন অবমাননা করা হয়েছে।","অশালীন শব্দ ব্যবহার করা হয়েছে।
নারীর প্রতি অসম্মান দেখা যায়।
যৌন অবমাননা করা হয়েছে।","অশালীন শব্দ ব্যবহার করা হয়েছে।
নারীর প্রতি অসম্মান দেখা যায়।
যৌন অবমাননা করা হয়েছে।","অশালীন শব্দ ব্যবহার করা হয়েছে।
নারীর প্রতি অসম্মান জন্মে।
যৌন অবমাননা করা হয়েছে।","অশালীন শব্দ ব্যবহার করা হয়েছে।
নারীর প্রতি অসম্মান জন্মে।
যৌন অবমাননা করা হয়েছে।","অশালীন শব্দ ব্যবহার করা হয়েছে।
নারীর প্রতি অসম্মান জন্মে।
যৌন অবমাননা করা হয়েছে।","অশালীন শব্দ ব্যবহার করা হয়েছে।
নারীর প্রতি অসম্মান জন্মে।
যৌন অবমাননা করা হয়েছে।","অশালীন শব্দ ব্যবহার করা হয়েছে।
নারীর প্রতি অসম্মান জন্মে।
যৌন অবমাননা করা হয়েছে।","অশালীন শব্দ ব্যবহার করা হয়েছে।
নারীর প্রতি অসম্মান জন্মে।
যৌন অবমাননা করা হয়েছে।"
চোদা যাবে রেশমি,Gender,Sexual Harassments,"মন্তব্যটি অত্যন্ত অশালীন এবং নারীর প্রতি সরাসরি যৌন হয়রানিমূলক।
নারীর প্রতি অসম্মানজনক এবং অবমাননাকর মনোভাব প্রকাশ পেয়েছে।
অশোভন ভাষা ব্যবহারের মাধ্যমে এটি গুরুতরভাবে আপত্তিকর হয়েছে।","অশালীন শব্দ ব্যবহার।
নারীর প্রতি অসম্মান।
যৌন হয়রানি প্রকাশ।","অশালীন শব্দ ব্যবহার হয়েছে।
নারীর প্রতি অসম্মান জানানো হয়।
যৌন হয়রানি প্রকাশ পাচ্ছে।","অশালীন শব্দ ব্যবহার করা হয়েছে।
নারীর প্রতি অসম্মান দেখা যায়।
যৌন হয়রানি প্রকাশ পাচ্ছে।","অশালীন শব্দ ব্যবহার করা হয়েছে।
নারীর প্রতি অসম্মান দেখা যায়।
যৌন হয়রানি প্রকাশ পাচ্ছে।","অশালীন শব্দ ব্যবহার করা হয়েছে।
নারীর প্রতি অসম্মান দেখা যায়।
যৌন হয়রানি প্রকাশ পাচ্ছে।","অশালীন শব্দ ব্যবহার করা হয়েছে।
নারীর প্রতি অসম্মান দেখা যায়।
যৌন হয়রানি প্রকাশ পাচ্ছে।","অশালীন শব্দ ব্যবহার করা হয়েছে।
নারীর প্রতি অসম্মান দেখা যায়।
যৌন হয়রানি প্রকাশ পাচ্ছে।","অশালীন শব্দ ব্যবহার করা হয়েছে।
নারীর প্রতি অসম্মান দেখা যায়।
যৌন হয়রানি প্রকাশ পাচ্ছে।","অশালীন শব্দ ব্যবহার করা হয়েছে।
নারীর প্রতি অসম্মান জানানো হয়।
যৌন হয়রানি প্রকাশ পাচ্ছে।","অশালীন শব্দ ব্যবহার করা হয়েছে।
নারীর প্রতি অসম্মান জানানো হয়।
যৌন হয়রানি প্রকাশ পাচ্ছে।","অশালীন শব্দ ব্যবহার করা হয়েছে।
নারীর প্রতি অসম্মান জানানো হয়।
যৌন হয়রানি প্রকাশ পাচ্ছে।","অশালীন শব্দ ব্যবহার করা হয়েছে।
নারীর প্রতি অসম্মান জানানো হয়।
যৌন হয়রানি প্রকাশ পাচ্ছে।","অশালীন শব্দ ব্যবহার করা হয়েছে।
নারীর প্রতি অসম্মান জানানো হয়।
যৌন হয়রানি প্রকাশ পাচ্ছে।","অশালীন শব্দ ব্যবহার করা হয়েছে।
নারীর প্রতি অসম্মান জানানো হয়।
যৌন হয়রানি প্রকাশ পাচ্ছে।","অশালীন শব্দ ব্যবহার করা হয়েছে।
নারীর প্রতি অসম্মান জানানো হয়।
যৌন হয়রানি প্রকাশ পাচ্ছে।","অশালীন শব্দ ব্যবহার করা হয়েছে।
নারীর প্রতি অসম্মান জানানো হয়।
যৌন হয়রানি প্রকাশ পাচ্ছে।","অশালীন শব্দ ব্যবহার করা হয়েছে।
নারীর প্রতি অসম্মান জানানো হয়।
যৌন হয়রানি প্রকাশ পাচ্ছে।","অশালীন শব্দ ব্যবহার করা হয়েছে।
নারীর প্রতি অসম্মান জানানো হয়।
যৌন হয়রানি প্রকাশ পাচ্ছে।","অশালীন শব্দ ব্যবহার করা হয়েছে।
নারীর প্রতি অসম্মান জানানো হয়।
যৌন হয়রানি প্রকাশ পাচ্ছে।","অশালীন শব্দ ব্যবহার করা হয়েছে।
নারীর প্রতি অসম্মান জানানো হয়।
যৌন হয়রানি প্রকাশ পাচ্ছে।","অশালীন শব্দ ব্যবহার করা হয়েছে।
নারীর প্রতি অসম্মান জানানো হয়।
যৌন হয়রানি প্রকাশ পাচ্ছে।"
চ্যানেল এডমিন তোর মা কে কাও চোদে,Gender,Offensive,"মন্তব্যটি অত্যন্ত অশালীন এবং ব্যক্তিগতভাবে অপমানজনক ভাষা ব্যবহার করেছে।
নারীর প্রতি অবমাননাকর এবং অসম্মানজনক ইঙ্গিত প্রদান করা হয়েছে।
অশালীনতা এবং অপমানমূলক বক্তব্য হওয়ায় এটি গুরুতরভাবে আপত্তিকর।","অশালীন ভাষা ব্যবহার করা হয়েছে।
নারীর প্রতি অবমাননা করা হয়েছে।
ব্যক্তিগত অপমান করা হয়েছে।","অশালীন শব্দ ব্যবহার করা হয়েছে।
নারীর প্রতি অসম্মান দেখা যায়।
ব্যক্তিগত আক্রমণ করা হয়েছে।","অশালীন শব্দ ব্যবহার করা হয়েছে।
নারীর প্রতি অসম্মান দেখা যায়।
ব্যক্তিগত আক্রমণ করা হয়েছে।","অশালীন শব্দ ব্যবহার করা হয়েছে।
নারীর প্রতি অসম্মান দেখা যায়।
ব্যক্তিগত আক্রমণ করা হয়েছে।","অশালীন শব্দ ব্যবহার করা হয়েছে।
নারীর প্রতি অসম্মান দেখা যায়।
ব্যক্তিগত আক্রমণ করা হয়েছে।","অশালীন শব্দ ব্যবহার করা হয়েছে।
নারীর প্রতি অসম্মান দেখা যায়।
ব্যক্তিগত আক্রমণ করা হয়েছে।","অশালীন শব্দ ব্যবহার করা হয়েছে।
নারীর প্রতি অসম্মান দেখা যায়।
ব্যক্তিগত আক্রমণ করা হয়েছে।","অশালীন শব্দ ব্যবহার করা হয়েছে।
নারীর প্রতি অসম্মান দেখা যায়।
ব্যক্তিগত আক্রমণ করা হয়েছে।","অশালীন শব্দ ব্যবহার করা হয়েছে।
নারীর প্রতি অসম্মান দেখা যায়।
ব্যক্তিগত আক্রমণ করা হয়েছে।","অশালীন শব্দ ব্যবহার করা হয়েছে।
নারীর প্রতি অসম্মান দেখা যায়।
ব্যক্তিগত আক্রমণ করা হয়েছে।","অশালীন শব্দ ব্যবহার করা হয়েছে।
নারীর প্রতি অসম্মান দেখা যায়।
ব্যক্তিগত আক্রমণ করা হয়েছে।","অশালীন শব্দ ব্যবহার করা হয়েছে।
নারীর প্রতি অসম্মান দেখা যায়।
ব্যক্তিগত আক্রমণ করা হয়েছে।","অশালীন শব্দ ব্যবহার করা হয়েছে।
নারীর প্রতি অসম্মান দেখা যায়।
ব্যক্তিগত আক্রমণ করা হয়েছে।","অশালীন শব্দ ব্যবহার করা হয়েছে।
নারীর প্রতি অসম্মান দেখা যায়।
ব্যক্তিগত আক্রমণ করা হয়েছে।","অশালীন শব্দ ব্যবহার করা হয়েছে।
নারীর প্রতি অসম্মান দেখা যায়।
ব্যক্তিগত আক্রমণ করা হয়েছে।","অশালীন শব্দ ব্যবহার করা হয়েছে।
নারীর প্রতি অসম্মান দেখা যায়।
ব্যক্তিগত আক্রমণ করা হয়েছে।","অশালীন শব্দ ব্যবহার করা হয়েছে।
নারীর প্রতি অসম্মান দেখা যায়।
ব্যক্তিগত আক্রমণ করা হয়েছে।","অশালীন শব্দ ব্যবহার করা হয়েছে।
নারীর প্রতি অসম্মান দেখা যায়।
ব্যক্তিগত আক্রমণ করা হয়েছে।","অশালীন শব্দ ব্যবহার করা হয়েছে।
নারীর প্রতি অসম্মান দেখা যায়।
ব্যক্তিগত আক্রমণ করা হয়েছে।","অশালীন শব্দ ব্যবহার করা হয়েছে।
নারীর প্রতি অসম্মান দেখা যায়।
ব্যক্তিগত আক্রমণ করা হয়েছে।","অশালীন শব্দ ব্যবহার করা হয়েছে।
নারীর প্রতি অসম্মান দেখা যায়।
ব্যক্তিগত আক্রমণ করা হয়েছে।"
ছেলে টাকে জুতো পিটা করা দরকার,Gender,Offensive,"মন্তব্যটি সরাসরি শারীরিক সহিংসতার আহ্বান জানিয়েছে, যা আপত্তিকর।
বক্তব্যে অপমানসূচক এবং হুমকিসূচক ভাষার মাধ্যমে নেতিবাচক মনোভাব প্রকাশ করা হয়েছে।
সহিংস আচরণের উস্কানি দেওয়ায় এটি সামাজিকভাবে অগ্রহণযোগ্য।","শারীরিক সহিংসতার আহ্বান জানানো হয়েছে।
অপমানসূচক ভাষা ব্যবহার করা হয়েছে।
সহিংস আচরণের উস্কানি দেওয়া হয়েছে।","শারীরিক সহিংসতার আহ্বান জানানো হয়েছে।
জুতো পিটা করা বলা হয়েছে।
সহিংসতা উস্কানি দেওয়া হয়েছে।","শারীরিক সহিংসতার আহ্বান জানানো হয়েছে।
সহিংসতা উস্কানি দেওয়া হয়েছে।
জুতো পিটা করা বলা হয়েছে।","শারীরিক সহিংসতার আহ্বান জানানো হয়েছে।
ছেলেকে মারতে বলা হচ্ছে।
সহিংসতা উস্কানি দেওয়া হয়েছে।","ছেলেকে মারার কথা বলা হচ্ছে।
সহিংসতা উস্কানি দেওয়া হয়েছে।
শারীরিক নির্যাতনের আহ্বান।","ছেলেকে মারার কথা বলা হচ্ছে।
শারীরিক নির্যাতনের আহ্বান রয়েছে।
সহিংসতা উস্কানি দেওয়া হয়েছে।","শারীরিক নির্যাতনের কথা বলা হচ্ছে।
মারার কথা বলা হয়েছে।
সহিংসতা উস্কানি দেওয়া হয়েছে।","জুতো পিটা করা মারার কথা।
শারীরিক নির্যাতনের কথা বলা।
সহিংসতা উস্কানি দেওয়া।","শারীরিক নির্যাতনের কথা বলা হয়েছে।
সহিংসতা উস্কানি দেওয়া হচ্ছে।
নির্যাতনের প্রতি উৎসাহ দেওয়া।","শারীরিক নির্যাতনের কথা বলা হয়েছে।
নির্যাতনের প্রতি উৎসাহ দেওয়া হচ্ছে।
সহিংসতা উস্কানি দেওয়া হচ্ছে।","শারীরিক নির্যাতনের কথা বলা হয়েছে।
নির্যাতনের প্রতি উৎসাহ দেওয়া হচ্ছে।
সহিংসতা উস্কানি দেওয়া হচ্ছে।","শারীরিক নির্যাতনের কথা বলা হয়েছে।
নির্যাতনের প্রতি উৎসাহ দেওয়া হচ্ছে।
সহিংসতা উস্কানি দেওয়া হচ্ছে।","শারীরিক নির্যাতনের কথা বলা হয়েছে।
নির্যাতনের প্রতি উৎসাহ দেওয়া হচ্ছে।
সহিংসতা উস্কানি দেওয়া হচ্ছে।","শারীরিক নির্যাতনের কথা বলা হয়েছে।
নির্যাতনের প্রতি উৎসাহ দেওয়া হচ্ছে।
সহিংসতা উস্কানি দেওয়া হচ্ছে।","শারীরিক নির্যাতনের কথা বলা হয়েছে।
নির্যাতনের প্রতি উৎসাহ দেওয়া হচ্ছে।
সহিংসতা উস্কানি দেওয়া হচ্ছে।","শারীরিক নির্যাতনের কথা বলা হয়েছে।
নির্যাতনের প্রতি উৎসাহ দেওয়া হচ্ছে।
সহিংসতা উস্কানি দেওয়া হচ্ছে।","শারীরিক নির্যাতনের কথা বলা হয়েছে।
নির্যাতনের প্রতি উৎসাহ দেওয়া হচ্ছে।
সহিংসতা উস্কানি দেওয়া হচ্ছে।","শারীরিক নির্যাতনের কথা বলা হয়েছে।
নির্যাতনের প্রতি উৎসাহ দেওয়া হচ্ছে।
সহিংসতা উস্কানি দেওয়া হচ্ছে।","শারীরিক নির্যাতনের কথা বলা হয়েছে।
নির্যাতনের প্রতি উৎসাহ দেওয়া হচ্ছে।
সহিংসতা উস্কানি দেওয়া হচ্ছে।","শারীরিক নির্যাতনের কথা বলা হয়েছে।
নির্যাতনের প্রতি উৎসাহ দেওয়া হচ্ছে।
সহিংসতা উস্কানি দেওয়া হচ্ছে।","শারীরিক নির্যাতনের কথা বলা হয়েছে।
নির্যাতনের প্রতি উৎসাহ দেওয়া হচ্ছে।
সহিংসতা উস্কানি দেওয়া হচ্ছে।"
ছেলে টিকে দইরা মাইরা ফালানো উচিত,Gender,Offensive,"মন্তব্যটি সরাসরি হত্যার আহ্বান জানিয়েছে, যা অত্যন্ত আপত্তিকর।
বক্তব্যটি চরম সহিংসতা এবং অবমাননাকর মনোভাব প্রকাশ করেছে।
সহিংসতার ইঙ্গিত ও উস্কানির কারণে এটি গুরুতরভাবে অগ্রহণযোগ্য।","সরাসরি হত্যার আহ্বান জানানো হয়েছে।
চরম সহিংসতা প্রকাশ পাচ্ছে।
অবমাননাকর মনোভাব রয়েছে।","সহিংসতা প্রকাশ পাচ্ছে।
হত্যার আহ্বান জানানো হয়েছে।
অবমাননাকর শব্দ ব্যবহার।","মারধর করার কথা বলা হয়েছে।
সহিংসতার উৎসাহ দেওয়া হয়েছে।
হিংসাত্মক ভাষা ব্যবহার করা হয়েছে।","মারধর করার কথা বলা হয়েছে।
সহিংসতার উৎসাহ দেওয়া হয়েছে।
হিংসাত্মক ভাষা ব্যবহার করা হয়েছে।","মারধর করার কথা বলা হয়েছে।
সহিংসতার উৎসাহ দেওয়া হয়েছে।
হিংসাত্মক ভাষা ব্যবহার করা হয়েছে।","মারধর করার কথা বলা হয়েছে।
সহিংসতার উৎসাহ দেওয়া হয়েছে।
হিংসাত্মক ভাষা ব্যবহার করা হয়েছে।","মারধর করার কথা বলা হয়েছে।
সহিংসতার উৎসাহ দেওয়া হয়েছে।
হিংসাত্মক ভাষা ব্যবহার করা হয়েছে।","মারধর করার কথা বলা হয়েছে।
সহিংসতার উৎসাহ দেওয়া হয়েছে।
হিংসাত্মক ভাষা ব্যবহার করা হয়েছে।","মারধর করার কথা বলা হয়েছে।
সহিংসতার উৎসাহ দেওয়া হয়েছে।
হিংসাত্মক ভাষা ব্যবহার করা হয়েছে।","মারধর করার কথা বলা হয়েছে।
সহিংসতার উৎসাহ দেওয়া হয়েছে।
হিংসাত্মক ভাষা ব্যবহার করা হয়েছে।","মারধর করার কথা বলা হয়েছে।
সহিংসতার উৎসাহ দেওয়া হয়েছে।
হিংসাত্মক ভাষা ব্যবহার করা হয়েছে।","মারধর করার কথা বলা হয়েছে।
সহিংসতার উৎসাহ দেওয়া হয়েছে।
হিংসাত্মক ভাষা ব্যবহার করা হয়েছে।","মারধর করার কথা বলা হয়েছে।
সহিংসতার উৎসাহ দেওয়া হয়েছে।
হিংসাত্মক ভাষা ব্যবহার করা হয়েছে।","মারধর করার কথা বলা হয়েছে।
সহিংসতার উৎসাহ দেওয়া হয়েছে।
হিংসাত্মক ভাষা ব্যবহার করা হয়েছে।","মারধর করার কথা বলা হয়েছে।
সহিংসতার উৎসাহ দেওয়া হয়েছে।
হিংসাত্মক ভাষা ব্যবহার করা হয়েছে।","মারধর করার কথা বলা হয়েছে।
সহিংসতার উৎসাহ দেওয়া হয়েছে।
হিংসাত্মক ভাষা ব্যবহার করা হয়েছে।","মারধর করার কথা বলা হয়েছে।
সহিংসতার উৎসাহ দেওয়া হয়েছে।
হিংসাত্মক ভাষা ব্যবহার করা হয়েছে।","মারধর করার কথা বলা হয়েছে।
সহিংসতার উৎসাহ দেওয়া হয়েছে।
হিংসাত্মক ভাষা ব্যবহার করা হয়েছে।","মারধর করার কথা বলা হয়েছে।
সহিংসতার উৎসাহ দেওয়া হয়েছে।
হিংসাত্মক ভাষা ব্যবহার করা হয়েছে।","মারধর করার কথা বলা হয়েছে।
সহিংসতার উৎসাহ দেওয়া হয়েছে।
হিংসাত্মক ভাষা ব্যবহার করা হয়েছে।","মারধর করার কথা বলা হয়েছে।
সহিংসতার উৎসাহ দেওয়া হয়েছে।
হিংসাত্মক ভাষা ব্যবহার করা হয়েছে।"
ছেলেকে জুতো দিয়ে মার দরকার,Gender,Offensive,"মন্তব্যটি শারীরিক সহিংসতার আহ্বান জানিয়ে নেতিবাচক মনোভাব প্রকাশ করেছে।
বক্তব্যটি অপমানসূচক এবং আক্রমণাত্মক ভাষা ব্যবহার করেছে।
সহিংসতার উস্কানি দেওয়ায় এটি সামাজিকভাবে অগ্রহণযোগ্য।","শারীরিক সহিংসতার আহ্বান জানাচ্ছে।
অপমানসূচক ভাষা ব্যবহার করা হয়েছে।
সামাজিকভাবে অগ্রহণযোগ্য বক্তব্য।","শারীরিক সহিংসতার আহ্বান জানাচ্ছে।
মার দরকার বলা হয়েছে।
জুতো দিয়ে মার বলা হয়েছে।","শারীরিক সহিংসতার আহ্বান জানাচ্ছে।
মারার জন্য বলা হয়েছে।
জুতো দিয়ে মার বলা হয়েছে।","মারার জন্য বলা হয়েছে।
শারীরিক সহিংসতা উল্লেখ আছে।
সহিংসতার আহ্বান জানানো হয়েছে।","শারীরিক সহিংসতা উল্লেখ আছে।
মারার জন্য বলা হয়েছে।
সহিংসতার আহ্বান জানানো হয়েছে।","মারার জন্য বলা হয়েছে।
সহিংসতার আহ্বান জানানো হয়েছে।
শারীরিক সহিংসতা উল্লেখ আছে।","মারার জন্য বলা হয়েছে।
জুতো দিয়ে মার বলা হয়েছে।
সহিংসতা উল্লেখ আছে।","মারার জন্য বলা হয়েছে।
সহিংসতা উল্লেখ আছে।
জুতো দিয়ে মার বলা হয়েছে।","সহিংসতা উল্লেখ আছে।
মারার জন্য বলা হয়েছে।
জুতো দিয়ে মার বলা হয়েছে।","মারার জন্য বলা হয়েছে।
সহিংসতা উল্লেখ আছে।
জুতো দিয়ে মার বলা হয়েছে।","সহিংসতা উল্লেখ আছে।
মারার জন্য বলা হয়েছে।
জুতো দিয়ে মার বলা হয়েছে।","সহিংসতা উল্লেখ আছে।
মারার জন্য বলা হয়েছে।
জুতো দিয়ে মার বলা হয়েছে।","মারার জন্য বলা হয়েছে।
সহিংসতা উল্লেখ আছে।
জুতো দিয়ে মার বলা হয়েছে।","মারার জন্য বলা হয়েছে।
সহিংসতা উল্লেখ আছে।
জুতো দিয়ে মার বলা হয়েছে।","মারার জন্য বলা হয়েছে।
সহিংসতা উল্লেখ আছে।
জুতো দিয়ে মার বলা হয়েছে।","সহিংসতা উল্লেখ আছে।
মারার জন্য বলা হয়েছে।
জুতো দিয়ে মার বলা হয়েছে।","মারার জন্য বলা হয়েছে।
সহিংসতা উল্লেখ আছে।
জুতো দিয়ে মার বলা হয়েছে।","সহিংসতা উল্লেখ আছে।
মারার জন্য বলা হয়েছে।
জুতো দিয়ে মার বলা হয়েছে।","মারার জন্য বলা হয়েছে।
সহিংসতা উল্লেখ আছে।
জুতো দিয়ে মার বলা হয়েছে।","মারার জন্য বলা হয়েছে।
সহিংসতা উল্লেখ আছে।
জুতো দিয়ে মার বলা হয়েছে।","মারার জন্য বলা হয়েছে।
সহিংসতা উল্লেখ আছে।
জুতো দিয়ে মার বলা হয়েছে।"
ছেলেকে পাইলে আমি ওরে মেরে ফেলবো ওকে মেরে কুত্তা দিয়া খাওয়ানো দরকার,Gender,Offensive,"মন্তব্যটি সরাসরি সহিংসতা এবং হত্যার আহ্বান জানিয়েছে, যা অত্যন্ত আপত্তিকর।
বক্তব্যটি চরম অমানবিক এবং হিংস্র মনোভাব প্রকাশ করেছে।
সহিংসতা ও নিষ্ঠুরতার ইঙ্গিত থাকার কারণে এটি গুরুতরভাবে অগ্রহণযোগ্য।","সহিংসতার আহ্বান রয়েছে।
হিংস্র মনোভাব প্রকাশ পাচ্ছে।
নিষ্ঠুরতার ইঙ্গিত আছে।","মেরে ফেলবো বলা হয়েছে।
হিংসাত্মক শব্দ ব্যবহার করা হয়েছে।
নিষ্ঠুরতা প্রকাশ পাচ্ছে।","হিংসাত্মক শব্দ ব্যবহার করা হয়েছে।
নিষ্ঠুরতা প্রকাশ পাচ্ছে।
মেরে ফেলবো বলা হয়েছে।","হিংসাত্মক শব্দ ব্যবহার করা হয়েছে।
নিষ্ঠুরতা প্রকাশ পাচ্ছে।
মেরে ফেলবো বলা হয়েছে।","হিংসাত্মক শব্দ ব্যবহার করা হয়েছে।
নিষ্ঠুরতা প্রকাশ পাচ্ছে।
মেরে ফেলবো বলা হয়েছে।","হিংসাত্মক শব্দ ব্যবহার করা হয়েছে।
নিষ্ঠুরতা প্রকাশ পাচ্ছে।
মেরে ফেলবো বলা হয়েছে।","হিংসাত্মক শব্দ ব্যবহার করা হয়েছে।
নিষ্ঠুরতা প্রকাশ পাচ্ছে।
মেরে ফেলবো বলা হয়েছে।","হিংসাত্মক শব্দ ব্যবহার করা হয়েছে।
নিষ্ঠুরতা প্রকাশ পাচ্ছে।
মেরে ফেলবো বলা হয়েছে।","হিংসাত্মক শব্দ ব্যবহার করা হয়েছে।
নিষ্ঠুরতা প্রকাশ পাচ্ছে।
মেরে ফেলবো বলা হয়েছে।","হিংসাত্মক শব্দ ব্যবহার করা হয়েছে।
নিষ্ঠুরতা প্রকাশ পাচ্ছে।
মেরে ফেলবো বলা হয়েছে।","হিংসাত্মক শব্দ ব্যবহার করা হয়েছে।
নিষ্ঠুরতা প্রকাশ পাচ্ছে।
মেরে ফেলবো বলা হয়েছে।","হিংসাত্মক শব্দ ব্যবহার করা হয়েছে।
নিষ্ঠুরতা প্রকাশ পাচ্ছে।
মেরে ফেলবো বলা হয়েছে।","হিংসাত্মক শব্দ ব্যবহার করা হয়েছে।
নিষ্ঠুরতা প্রকাশ পাচ্ছে।
মেরে ফেলবো বলা হয়েছে।","হিংসাত্মক শব্দ ব্যবহার করা হয়েছে।
নিষ্ঠুরতা প্রকাশ পাচ্ছে।
মেরে ফেলবো বলা হয়েছে।","হিংসাত্মক শব্দ ব্যবহার করা হয়েছে।
নিষ্ঠুরতা প্রকাশ পাচ্ছে।
মেরে ফেলবো বলা হয়েছে।","হিংসাত্মক শব্দ ব্যবহার করা হয়েছে।
নিষ্ঠুরতা প্রকাশ পাচ্ছে।
মেরে ফেলবো বলা হয়েছে।","হিংসাত্মক শব্দ ব্যবহার করা হয়েছে।
নিষ্ঠুরতা প্রকাশ পাচ্ছে।
মেরে ফেলবো বলা হয়েছে।","হিংসাত্মক শব্দ ব্যবহার করা হয়েছে।
নিষ্ঠুরতা প্রকাশ পাচ্ছে।
মেরে ফেলবো বলা হয়েছে।","হিংসাত্মক শব্দ ব্যবহার করা হয়েছে।
নিষ্ঠুরতা প্রকাশ পাচ্ছে।
মেরে ফেলবো বলা হয়েছে।","হিংসাত্মক শব্দ ব্যবহার করা হয়েছে।
নিষ্ঠুরতা প্রকাশ পাচ্ছে।
মেরে ফেলবো বলা হয়েছে।","হিংসাত্মক শব্দ ব্যবহার করা হয়েছে।
নিষ্ঠুরতা প্রকাশ পাচ্ছে।
মেরে ফেলবো বলা হয়েছে।"
ছেলেদের যেভাবে অপমান করছে।।আমি জাজদের চুদি,Gender,Offensive,"মন্তব্যটি অশালীন ভাষা ব্যবহার করে সরাসরি অবমাননাকর বক্তব্য দিয়েছে।
ন্যায়বিচার প্রতিষ্ঠায় থাকা ব্যক্তিদের প্রতি অসম্মান প্রদর্শন করায় এটি আপত্তিকর।
অশালীন ও অবজ্ঞাসূচক মনোভাব প্রকাশ করায় এটি গুরুতরভাবে অগ্রহণযোগ্য।","অশালীন ভাষা ব্যবহার করা হয়েছে।
অবমাননাকর বক্তব্য দেওয়া হয়েছে।
অসম্মান প্রদর্শন করা হয়েছে।","অশালীন শব্দ ব্যবহার করা হয়েছে।
অপমানজনক ভাষা ব্যবহার।
গালি দেওয়া হয়েছে।","অশালীন শব্দ ব্যবহার করা হয়েছে।
গালি দেওয়া হয়েছে।
অপমানজনক ভাষা ব্যবহার।","অশালীন শব্দ ব্যবহার করা হয়েছে।
গালি দেওয়ার প্রমাণ আছে।
অপমানজনক ভাষা ব্যবহার হয়েছে।","অশালীন শব্দ ব্যবহার করা হয়েছে।
গালি দেওয়ার প্রমাণ আছে।
অপমানজনক ভাষা ব্যবহার হয়েছে।","অশালীন শব্দ ব্যবহার করা হয়েছে।
গালি দেওয়ার প্রমাণ আছে।
অপমানজনক ভাষা ব্যবহার হয়েছে।","অশালীন শব্দ ব্যবহার করা হয়েছে।
গালি দেওয়ার প্রমাণ আছে।
অপমানজনক ভাষা ব্যবহার হয়েছে।","অশালীন শব্দ ব্যবহার করা হয়েছে।
গালি দেওয়ার প্রমাণ আছে।
অপমানজনক ভাষা ব্যবহার হয়েছে।","অশালীন শব্দ ব্যবহার করা হয়েছে।
গালি দেওয়ার প্রমাণ আছে।
অপমানজনক ভাষা ব্যবহার হয়েছে।","অশালীন শব্দ ব্যবহার করা হয়েছে।
গালি দেওয়ার প্রমাণ আছে।
অপমানজনক ভাষা ব্যবহার হয়েছে।","অশালীন শব্দ ব্যবহার করা হয়েছে।
গালি দেওয়ার প্রমাণ আছে।
অপমানজনক ভাষা ব্যবহার হয়েছে।","অশালীন শব্দ ব্যবহার করা হয়েছে।
গালি দেওয়ার প্রমাণ আছে।
অপমানজনক ভাষা ব্যবহার হয়েছে।","অশালীন শব্দ ব্যবহার করা হয়েছে।
গালি দেওয়ার প্রমাণ আছে।
অপমানজনক ভাষা ব্যবহার হয়েছে।","অশালীন শব্দ ব্যবহার করা হয়েছে।
গালি দেওয়ার প্রমাণ আছে।
অপমানজনক ভাষা ব্যবহার হয়েছে।","অশালীন শব্দ ব্যবহার করা হয়েছে।
গালি দেওয়ার প্রমাণ আছে।
অপমানজনক ভাষা ব্যবহার হয়েছে।","অশালীন শব্দ ব্যবহার করা হয়েছে।
গালি দেওয়ার প্রমাণ আছে।
অপমানজনক ভাষা ব্যবহার হয়েছে।","অশালীন শব্দ ব্যবহার করা হয়েছে।
গালি দেওয়ার প্রমাণ আছে।
অপমানজনক ভাষা ব্যবহার হয়েছে।","অশালীন শব্দ ব্যবহার করা হয়েছে।
গালি দেওয়ার প্রমাণ আছে।
অপমানজনক ভাষা ব্যবহার হয়েছে।","অশালীন শব্দ ব্যবহার করা হয়েছে।
গালি দেওয়ার প্রমাণ আছে।
অপমানজনক ভাষা ব্যবহার হয়েছে।","অশালীন শব্দ ব্যবহার করা হয়েছে।
গালি দেওয়ার প্রমাণ আছে।
অপমানজনক ভাষা ব্যবহার হয়েছে।","অশালীন শব্দ ব্যবহার করা হয়েছে।
গালি দেওয়ার প্রমাণ আছে।
অপমানজনক ভাষা ব্যবহার হয়েছে।"
জন্ম গত সমস্যার কারনে মিন্নীর এমন অবস্হা মিন্নী কে এন কাউন্টারে ফেলা দরকার।,Gender,Offensive,"মন্তব্যটি ব্যক্তিগত আক্রমণ এবং অপমানজনক ইঙ্গিত প্রদান করেছে।
নারীর প্রতি সহিংস মনোভাব প্রকাশ করে নেতিবাচক বক্তব্য দিয়েছে।
অমানবিক ও হিংসাত্মক ইঙ্গিত থাকার কারণে এটি গুরুতরভাবে আপত্তিকর।","ব্যক্তিগত আক্রমণ করা হয়েছে।
অপমানজনক ইঙ্গিত রয়েছে।
হিংসাত্মক মনোভাব প্রকাশ পাচ্ছে।","ব্যক্তিগত আক্রমণ করা হয়েছে।
অপমানজনক শব্দ ব্যবহার করা।
হিংসাত্মক ভাষা ব্যবহার করা।","ব্যক্তিগত আক্রমণ করা হয়েছে।
অপমানজনক শব্দ ব্যবহার করা।
হিংসাত্মক ভাষা ব্যবহার করা।","ব্যক্তিগত আক্রমণ করা হয়েছে।
অপমানজনক শব্দ ব্যবহার করা।
হিংসাত্মক ভাষা ব্যবহার করা।","ব্যক্তিগত আক্রমণ করা হয়েছে।
অপমানজনক শব্দ ব্যবহার করা।
হিংসাত্মক ভাষা ব্যবহার করা।","ব্যক্তিগত আক্রমণ করা হয়েছে।
অপমানজনক শব্দ ব্যবহার করা।
হিংসাত্মক ভাষা ব্যবহার করা।","ব্যক্তিগত আক্রমণ করা হয়েছে।
অপমানজনক শব্দ ব্যবহার করা।
হিংসাত্মক ভাষা ব্যবহার করা।","ব্যক্তিগত আক্রমণ করা হয়েছে।
অপমানজনক শব্দ ব্যবহার করা।
হিংসাত্মক ভাষা ব্যবহার করা।","ব্যক্তিগত আক্রমণ করা হয়েছে।
অপমানজনক শব্দ ব্যবহার করা।
হিংসাত্মক ভাষা ব্যবহার করা।","ব্যক্তিগত আক্রমণ করা হয়েছে।
অপমানজনক শব্দ ব্যবহার করা।
হিংসাত্মক ভাষা ব্যবহার করা।","ব্যক্তিগত আক্রমণ করা হয়েছে।
অপমানজনক শব্দ ব্যবহার করা।
হিংসাত্মক ভাষা ব্যবহার করা।","ব্যক্তিগত আক্রমণ করা হয়েছে।
অপমানজনক শব্দ ব্যবহার করা।
হিংসাত্মক ভাষা ব্যবহার করা।","ব্যক্তিগত আক্রমণ করা হয়েছে।
অপমানজনক শব্দ ব্যবহার করা।
হিংসাত্মক ভাষা ব্যবহার করা।","ব্যক্তিগত আক্রমণ করা হয়েছে।
অপমানজনক শব্দ ব্যবহার করা।
হিংসাত্মক ভাষা ব্যবহার করা।","ব্যক্তিগত আক্রমণ করা হয়েছে।
অপমানজনক শব্দ ব্যবহার করা।
হিংসাত্মক ভাষা ব্যবহার করা।","ব্যক্তিগত আক্রমণ করা হয়েছে।
অপমানজনক শব্দ ব্যবহার করা।
হিংসাত্মক ভাষা ব্যবহার করা।","ব্যক্তিগত আক্রমণ করা হয়েছে।
অপমানজনক শব্দ ব্যবহার করা।
হিংসাত্মক ভাষা ব্যবহার করা।","ব্যক্তিগত আক্রমণ করা হয়েছে।
অপমানজনক শব্দ ব্যবহার করা।
হিংসাত্মক ভাষা ব্যবহার করা।","ব্যক্তিগত আক্রমণ করা হয়েছে।
অপমানজনক শব্দ ব্যবহার করা।
হিংসাত্মক ভাষা ব্যবহার করা।","ব্যক্তিগত আক্রমণ করা হয়েছে।
অপমানজনক শব্দ ব্যবহার করা।
হিংসাত্মক ভাষা ব্যবহার করা।","ব্যক্তিগত আক্রমণ করা হয়েছে।
অপমানজনক শব্দ ব্যবহার করা।
হিংসাত্মক ভাষা ব্যবহার করা।"
জবাকে আমি চুদব,Gender,Offensive,"মন্তব্যটি সরাসরি যৌন হয়রানির ইঙ্গিত দিয়ে অত্যন্ত অশালীন ভাষা ব্যবহার করেছে।
নারীর প্রতি অবমাননাকর এবং অসম্মানজনক মনোভাব প্রকাশ করা হয়েছে।
অশালীন ও অপমানজনক বক্তব্য হওয়ায় এটি গুরুতরভাবে আপত্তিকর।","অশালীন ভাষা ব্যবহার করা হয়েছে।
নারীর প্রতি অবমাননা করা হয়েছে।
যৌন হয়রানির ইঙ্গিত দেওয়া হয়েছে।","অশ্লীল শব্দ ব্যবহার করা হয়েছে।
নারীর প্রতি অসম্মান দেখা যায়।
যৌন অসভ্যতা প্রকাশ পাচ্ছে।","অশ্লীল শব্দ ব্যবহার করা হয়েছে।
নারীর প্রতি অসম্মান দেখা যায়।
যৌন অসভ্যতা প্রকাশ পাচ্ছে।","অশ্লীল শব্দ ব্যবহার করা হয়েছে।
নারীর প্রতি অসম্মান দেখা যায়।
যৌন অসভ্যতা প্রকাশ পাচ্ছে।","অশ্লীল শব্দ ব্যবহার করা হয়েছে।
নারীর প্রতি অসম্মান দেখা যায়।
যৌন অসভ্যতা প্রকাশ পাচ্ছে।","অশ্লীল শব্দ ব্যবহার করা হয়েছে।
নারীর প্রতি অসম্মান দেখা যায়।
যৌন অসভ্যতা প্রকাশ পাচ্ছে।","অশ্লীল শব্দ ব্যবহার করা হয়েছে।
নারীর প্রতি অসম্মান দেখা যায়।
যৌন অসভ্যতা প্রকাশ পাচ্ছে।","অশ্লীল শব্দ ব্যবহার করা হয়েছে।
নারীর প্রতি অসম্মান দেখা যায়।
যৌন অসভ্যতা প্রকাশ পাচ্ছে।","অশ্লীল শব্দ ব্যবহার করা হয়েছে।
নারীর প্রতি অসম্মান দেখা যায়।
যৌন অসভ্যতা প্রকাশ পাচ্ছে।","অশ্লীল শব্দ ব্যবহার করা হয়েছে।
নারীর প্রতি অসম্মান দেখা যায়।
যৌন অসভ্যতা প্রকাশ পাচ্ছে।","অশ্লীল শব্দ ব্যবহার করা হয়েছে।
নারীর প্রতি অসম্মান দেখা যায়।
যৌন অসভ্যতা প্রকাশ পাচ্ছে।","অশ্লীল শব্দ ব্যবহার করা হয়েছে।
নারীর প্রতি অসম্মান দেখা যায়।
যৌন অসভ্যতা প্রকাশ পাচ্ছে।","অশ্লীল শব্দ ব্যবহার করা হয়েছে।
নারীর প্রতি অসম্মান দেখা যায়।
যৌন অসভ্যতা প্রকাশ পাচ্ছে।","অশ্লীল শব্দ ব্যবহার করা হয়েছে।
নারীর প্রতি অসম্মান দেখা যায়।
যৌন অসভ্যতা প্রকাশ পাচ্ছে।","অশ্লীল শব্দ ব্যবহার করা হয়েছে।
নারীর প্রতি অসম্মান দেখা যায়।
যৌন অসভ্যতা প্রকাশ পাচ্ছে।","অশ্লীল শব্দ ব্যবহার করা হয়েছে।
নারীর প্রতি অসম্মান দেখা যায়।
যৌন অসভ্যতা প্রকাশ পাচ্ছে।","অশ্লীল শব্দ ব্যবহার করা হয়েছে।
নারীর প্রতি অসম্মান দেখা যায়।
যৌন অসভ্যতা প্রকাশ পাচ্ছে।","অশ্লীল শব্দ ব্যবহার করা হয়েছে।
নারীর প্রতি অসম্মান দেখা যায়।
যৌন অসভ্যতা প্রকাশ পাচ্ছে।","অশ্লীল শব্দ ব্যবহার করা হয়েছে।
নারীর প্রতি অসম্মান দেখা যায়।
যৌন অসভ্যতা প্রকাশ পাচ্ছে।","অশ্লীল শব্দ ব্যবহার করা হয়েছে।
নারীর প্রতি অসম্মান দেখা যায়।
যৌন অসভ্যতা প্রকাশ পাচ্ছে।","অশ্লীল শব্দ ব্যবহার করা হয়েছে।
নারীর প্রতি অসম্মান দেখা যায়।
যৌন অসভ্যতা প্রকাশ পাচ্ছে।"
জবাকে গোয়া মারা জাবি,Gender,Offensive,"মন্তব্যটি অত্যন্ত অশালীন এবং নারীর প্রতি সরাসরি অবমাননাকর ইঙ্গিত দিয়েছে।
নারীর প্রতি অপমানসূচক ও অসম্মানজনক মনোভাব প্রকাশ করা হয়েছে।
অশোভন ও অপমানজনক বক্তব্য হওয়ায় এটি গুরুতরভাবে আপত্তিকর।","নারীর প্রতি অবমাননা প্রকাশ পাচ্ছে।
অশালীন শব্দ ব্যবহার করা হয়েছে।
গোয়া মারা অত্যন্ত অশালীন।","অশালীন শব্দ ব্যবহার করা হয়েছে।
নারীর প্রতি অবমাননা পাচ্ছে।
গোয়া মারা অশালীন।","অশালীন শব্দ ব্যবহার করা হয়েছে।
নারীর প্রতি অবমাননা করা হয়েছে।
গোয়া মারা অশালীন।","অশালীন শব্দ ব্যবহার করা হয়েছে।
নারীর প্রতি অবমাননা করা হয়েছে।
গোয়া মারা অশালীন।","অশালীন শব্দ ব্যবহার করা হয়েছে।
নারীর প্রতি অবমাননা করা হয়েছে।
গোয়া মারা অশালীন।","অশালীন শব্দ ব্যবহার করা হয়েছে।
নারীর প্রতি অবমাননা করা হয়েছে।
গোয়া মারা অশালীন।","অশালীন শব্দ ব্যবহার করা হয়েছে।
নারীর প্রতি অবমাননা করা হয়েছে।
গোয়া মারা অশালীন।","অশালীন শব্দ ব্যবহার করা হয়েছে।
নারীর প্রতি অবমাননা করা হয়েছে।
গোয়া মারা অশালীন।","অশালীন শব্দ ব্যবহার করা হয়েছে।
নারীর প্রতি অবমাননা করা হয়েছে।
গোয়া মারা অশালীন।","অশালীন শব্দ ব্যবহার করা হয়েছে।
নারীর প্রতি অবমাননা করা হয়েছে।
গোয়া মারা অশালীন।","অশালীন শব্দ ব্যবহার করা হয়েছে।
নারীর প্রতি অবমাননা করা হয়েছে।
গোয়া মারা অশালীন।","অশালীন শব্দ ব্যবহার করা হয়েছে।
নারীর প্রতি অবমাননা করা হয়েছে।
গোয়া মারা অশালীন।","অশালীন শব্দ ব্যবহার করা হয়েছে।
নারীর প্রতি অবমাননা করা হয়েছে।
গোয়া মারা অশালীন।","অশালীন শব্দ ব্যবহার করা হয়েছে।
নারীর প্রতি অবমাননা করা হয়েছে।
গোয়া মারা অশালীন।","অশালীন শব্দ ব্যবহার করা হয়েছে।
নারীর প্রতি অবমাননা করা হয়েছে।
গোয়া মারা অশালীন।","অশালীন শব্দ ব্যবহার করা হয়েছে।
নারীর প্রতি অবমাননা করা হয়েছে।
গোয়া মারা অশালীন।","অশালীন শব্দ ব্যবহার করা হয়েছে।
নারীর প্রতি অবমাননা করা হয়েছে।
গোয়া মারা অশালীন।","অশালীন শব্দ ব্যবহার করা হয়েছে।
নারীর প্রতি অবমাননা করা হয়েছে।
গোয়া মারা অশালীন।","অশালীন শব্দ ব্যবহার করা হয়েছে।
নারীর প্রতি অবমাননা করা হয়েছে।
গোয়া মারা অশালীন।","অশালীন শব্দ ব্যবহার করা হয়েছে।
নারীর প্রতি অবমাননা করা হয়েছে।
গোয়া মারা অশালীন।","অশালীন শব্দ ব্যবহার করা হয়েছে।
নারীর প্রতি অবমাননা করা হয়েছে।
গোয়া মারা অশালীন।"
জবার আমি চুদতাম,Gender,Offensive,"মন্তব্যটি সরাসরি অশালীন এবং নারীর প্রতি যৌন হয়রানিমূলক ভাষা ব্যবহার করেছে।
নারীর প্রতি অসম্মান এবং অবমাননাকর মনোভাব প্রকাশ পেয়েছে।
অশ্লীল ও অপমানজনক বক্তব্য হওয়ায় এটি গুরুতরভাবে আপত্তিকর।","অশালীন শব্দ ব্যবহার।
নারীর প্রতি অসম্মান।
অপমানজনক বক্তব্য।","অশালীন শব্দ ব্যবহার করা হয়েছে।
নারীর প্রতি অসম্মান প্রকাশ পাচ্ছে।
অপমানজনক বক্তব্য ব্যবহার করা হয়েছে।","অশালীন শব্দ ব্যবহার করা হয়েছে।
নারীর প্রতি অসম্মান প্রকাশ পাচ্ছে।
অপমানজনক বক্তব্য ব্যবহার করা হয়েছে।","অশালীন শব্দ ব্যবহার করা হয়েছে।
নারীর প্রতি অসম্মান প্রকাশ পাচ্ছে।
অপমানজনক বক্তব্য ব্যবহার করা হয়েছে।","অশালীন শব্দ ব্যবহার করা হয়েছে।
নারীর প্রতি অসম্মান প্রকাশ পাচ্ছে।
অপমানজনক বক্তব্য ব্যবহার করা হয়েছে।","অশালীন শব্দ ব্যবহার করা হয়েছে।
নারীর প্রতি অসম্মান দেখা যায়।
অপমানজনক বক্তব্য রয়েছে।","অশালীন শব্দ ব্যবহার করা হয়েছে।
নারীর প্রতি অসম্মান দেখা যায়।
অপমানজনক বক্তব্য রয়েছে।","অশালীন শব্দ ব্যবহার করা হয়েছে।
নারীর প্রতি অসম্মান দেখা যায়।
অপমানজনক বক্তব্য রয়েছে।","অশালীন শব্দ ব্যবহার করা হয়েছে।
নারীর প্রতি অসম্মান দেখা যায়।
অপমানজনক বক্তব্য রয়েছে।","অশালীন শব্দ ব্যবহার করা হয়েছে।
নারীর প্রতি অসম্মান দেখা যায়।
অপমানজনক বক্তব্য রয়েছে।","অশালীন শব্দ ব্যবহার করা হয়েছে।
নারীর প্রতি অসম্মান দেখা যায়।
অপমানজনক বক্তব্য রয়েছে।","অশালীন শব্দ ব্যবহার করা হয়েছে।
নারীর প্রতি অসম্মান দেখা যায়।
অপমানজনক বক্তব্য রয়েছে।","অশালীন শব্দ ব্যবহার করা হয়েছে।
নারীর প্রতি অসম্মান দেখা যায়।
অপমানজনক বক্তব্য রয়েছে।","অশালীন শব্দ ব্যবহার করা হয়েছে।
নারীর প্রতি অসম্মান দেখা যায়।
অপমানজনক বক্তব্য রয়েছে।","অশালীন শব্দ ব্যবহার করা হয়েছে।
নারীর প্রতি অসম্মান দেখা যায়।
অপমানজনক বক্তব্য রয়েছে।","অশালীন শব্দ ব্যবহার করা হয়েছে।
নারীর প্রতি অসম্মান দেখা যায়।
অপমানজনক বক্তব্য রয়েছে।","অশালীন শব্দ ব্যবহার করা হয়েছে।
নারীর প্রতি অসম্মান দেখা যায়।
অপমানজনক বক্তব্য রয়েছে।","অশালীন শব্দ ব্যবহার করা হয়েছে।
নারীর প্রতি অসম্মান দেখা যায়।
অপমানজনক বক্তব্য রয়েছে।","অশালীন শব্দ ব্যবহার করা হয়েছে।
নারীর প্রতি অসম্মান দেখা যায়।
অপমানজনক বক্তব্য রয়েছে।","অশালীন শব্দ ব্যবহার করা হয়েছে।
নারীর প্রতি অসম্মান দেখা যায়।
অপমানজনক বক্তব্য রয়েছে।","অশালীন শব্দ ব্যবহার করা হয়েছে।
নারীর প্রতি অসম্মান দেখা যায়।
অপমানজনক বক্তব্য রয়েছে।"
জবার গুদ মারতে কত রুপী পরের ভিডিওতে জানিয়য়ে দিবেন দাদা,Gender,Offensive,"মন্তব্যটি অত্যন্ত অশালীন এবং নারীর প্রতি অবমাননাকর ইঙ্গিত দিয়েছে।
নারীর সম্মানহানির উদ্দেশ্যে যৌন হয়রানিমূলক ভাষা ব্যবহার করা হয়েছে।
অশালীন ও অসম্মানজনক বক্তব্য হওয়ায় এটি গুরুতরভাবে আপত্তিকর।
","নারীর প্রতি অবমাননা করা হয়েছে।
অশালীন ভাষা ব্যবহার করা হয়েছে।
যৌন হয়রানি করা হয়েছে।","অশ্লীল শব্দ ব্যবহার করা হয়েছে।
নারীর প্রতি অবমাননা করা হয়েছে।
যৌন হয়রানি করা হয়েছে।","অশ্লীল শব্দ ব্যবহার করা হয়েছে।
নারীর প্রতি অসম্মান দেখা যায়।
যৌন উল্লেখ আছে।","অশ্লীল শব্দ ব্যবহার করা হয়েছে।
নারীর প্রতি অসম্মান দেখা যায়।
যৌন উল্লেখ আছে।","অশ্লীল শব্দ ব্যবহার করা হয়েছে।
নারীর প্রতি অসম্মান দেখা যায়।
যৌন উল্লেখ আছে।","অশ্লীল শব্দ ব্যবহার করা হয়েছে।
নারীর প্রতি অসম্মান দেখা যায়।
যৌন উল্লেখ আছে।","অশ্লীল শব্দ ব্যবহার করা হয়েছে।
নারীর প্রতি অসম্মান দেখা যায়।
যৌন উল্লেখ আছে।","অশ্লীল শব্দ ব্যবহার করা হয়েছে।
নারীর প্রতি অসম্মান দেখা যায়।
যৌন উল্লেখ আছে।","অশ্লীল শব্দ ব্যবহার করা হয়েছে।
নারীর প্রতি অসম্মান দেখা যায়।
যৌন উল্লেখ আছে।","অশ্লীল শব্দ ব্যবহার করা হয়েছে।
নারীর প্রতি অসম্মান দেখা যায়।
যৌন উল্লেখ আছে।","অশ্লীল শব্দ ব্যবহার করা হয়েছে।
নারীর প্রতি অসম্মান দেখা যায়।
যৌন উল্লেখ আছে।","অশ্লীল শব্দ ব্যবহার করা হয়েছে।
নারীর প্রতি অসম্মান দেখা যায়।
যৌন উল্লেখ আছে।","অশ্লীল শব্দ ব্যবহার করা হয়েছে।
নারীর প্রতি অসম্মান জড়িত।
যৌন উল্লেখ রয়েছে।","অশ্লীল শব্দ ব্যবহার করা হয়েছে।
নারীর প্রতি অসম্মান জড়িত।
যৌন উল্লেখ রয়েছে।","অশ্লীল শব্দ ব্যবহার করা হয়েছে।
নারীর প্রতি অসম্মান জড়িত।
যৌন উল্লেখ রয়েছে।","অশ্লীল শব্দ ব্যবহার করা হয়েছে।
নারীর প্রতি অসম্মান জড়িত।
যৌন উল্লেখ রয়েছে।","অশ্লীল শব্দ ব্যবহার করা হয়েছে।
নারীর প্রতি অসম্মান জড়িত।
যৌন উল্লেখ রয়েছে।","অশ্লীল শব্দ ব্যবহার করা হয়েছে।
নারীর প্রতি অসম্মান জড়িত।
যৌন উল্লেখ রয়েছে।","অশ্লীল শব্দ ব্যবহার করা হয়েছে।
নারীর প্রতি অসম্মান জড়িত।
যৌন উল্লেখ রয়েছে।","অশ্লীল শব্দ ব্যবহার করা হয়েছে।
নারীর প্রতি অসম্মান জড়িত।
যৌন উল্লেখ রয়েছে।","অশ্লীল শব্দ ব্যবহার করা হয়েছে।
নারীর প্রতি অসম্মান জড়িত।
যৌন উল্লেখ রয়েছে।"
জাজাদের দুধ টিপে মারা উচিৎ,Gender,Offensive,"মন্তব্যটি চরম অশালীন এবং অবমাননাকর বক্তব্য প্রকাশ করেছে।
ন্যায়বিচারের প্রতিনিধি হিসেবে জাজদের প্রতি হুমকিসূচক এবং অবমাননাকর ভাষা ব্যবহার করা হয়েছে।
অশালীন ভাষা এবং শারীরিক সহিংসতার ইঙ্গিতের কারণে এটি আপত্তিকর।","অশালীন ভাষা ব্যবহার করা হয়েছে।
শারীরিক সহিংসতার ইঙ্গিত আছে।
হুমকিসূচক ভাষা ব্যবহার করা হয়েছে।","শারীরিক সহিংসতার ইঙ্গিত আছে।
অশালীন ভাষা ব্যবহার করা হয়েছে।
হুমকি দেওয়া হয়েছে।","শারীরিক সহিংসতার ইঙ্গিত আছে।
অশালীন ভাষা ব্যবহার করা হয়েছে।
হুমকি দেওয়া হয়েছে।","শারীরিক সহিংসতার ইঙ্গিত আছে।
অশালীন ভাষা ব্যবহার করা হয়েছে।
হুমকি দেওয়া হয়েছে।","শারীরিক সহিংসতার ইঙ্গিত আছে।
অশালীন ভাষা ব্যবহার করা হয়েছে।
হুমকি দেওয়া হয়েছে।","শারীরিক সহিংসতার ইঙ্গিত আছে।
অশালীন ভাষা ব্যবহার করা হয়েছে।
হুমকি দেওয়া হয়েছে।","শারীরিক সহিংসতার ইঙ্গিত আছে।
অশালীন ভাষা ব্যবহার করা হয়েছে।
হুমকি দেওয়া হয়েছে।","শারীরিক সহিংসতার ইঙ্গিত আছে।
অশালীন ভাষা ব্যবহার করা হয়েছে।
হুমকি দেওয়া হয়েছে।","শারীরিক সহিংসতার ইঙ্গিত আছে।
অশালীন ভাষা ব্যবহার করা হয়েছে।
হুমকি দেওয়া হয়েছে।","শারীরিক সহিংসতার ইঙ্গিত আছে।
অশালীন ভাষা ব্যবহার করা হয়েছে।
হুমকি দেওয়া হয়েছে।","শারীরিক সহিংসতার ইঙ্গিত আছে।
অশালীন ভাষা ব্যবহার করা হয়েছে।
হুমকি দেওয়া হয়েছে।","শারীরিক সহিংসতার ইঙ্গিত আছে।
অশালীন ভাষা ব্যবহার করা হয়েছে।
হুমকি দেওয়া হয়েছে।","শারীরিক সহিংসতার ইঙ্গিত আছে।
অশালীন ভাষা ব্যবহার করা হয়েছে।
হুমকি দেওয়া হয়েছে।","শারীরিক সহিংসতার ইঙ্গিত আছে।
অশালীন ভাষা ব্যবহার করা হয়েছে।
হুমকি দেওয়া হয়েছে।","শারীরিক সহিংসতার ইঙ্গিত আছে।
অশালীন ভাষা ব্যবহার করা হয়েছে।
হুমকি দেওয়া হয়েছে।","শারীরিক সহিংসতার ইঙ্গিত আছে।
অশালীন ভাষা ব্যবহার করা হয়েছে।
হুমকি দেওয়া হয়েছে।","শারীরিক সহিংসতার ইঙ্গিত আছে।
অশালীন ভাষা ব্যবহার করা হয়েছে।
হুমকি দেওয়া হয়েছে।","শারীরিক সহিংসতার ইঙ্গিত আছে।
অশালীন ভাষা ব্যবহার করা হয়েছে।
হুমকি দেওয়া হয়েছে।","শারীরিক সহিংসতার ইঙ্গিত আছে।
অশালীন ভাষা ব্যবহার করা হয়েছে।
হুমকি দেওয়া হয়েছে।","শারীরিক সহিংসতার ইঙ্গিত আছে।
অশালীন ভাষা ব্যবহার করা হয়েছে।
হুমকি দেওয়া হয়েছে।","শারীরিক সহিংসতার ইঙ্গিত আছে।
অশালীন ভাষা ব্যবহার করা হয়েছে।
হুমকি দেওয়া হয়েছে।"
জারা বাজে কমেন্ট করলে আসলে তদের মাকে জিগাস করিস তদের মাকি চুদা খেয়েচে কত জনের,Gender,Offensive,"মন্তব্যটি অত্যন্ত অশালীন এবং নারীদের প্রতি অবমাননাকর ইঙ্গিত দিয়েছে।
অপমানজনক ভাষা ব্যবহার করে ব্যক্তিগত সম্মানহানির প্রচেষ্টা করা হয়েছে।
অশ্লীল ও অবজ্ঞাসূচক মনোভাব প্রকাশ করায় এটি গুরুতরভাবে আপত্তিকর।","নারীদের প্রতি অবমাননা।
অশ্লীল ভাষা ব্যবহার।
ব্যক্তিগত সম্মানহানি।","অশ্লীল ভাষা ব্যবহার করা হয়েছে।
নারীদের প্রতি অবমাননা করা হয়েছে।
ব্যক্তিগত সম্মানহানি করা হয়েছে।","অশ্লীল শব্দ ব্যবহার করা হয়েছে।
নারীদের প্রতি অবমাননা করা হয়েছে।
ব্যক্তিগত আক্রমণ করা হয়েছে।","অশ্লীল শব্দ ব্যবহার করা হয়েছে।
নারীদের প্রতি অবমাননা করা হয়েছে।
ব্যক্তিগত আক্রমণ করা হয়েছে।","অশ্লীল শব্দ ব্যবহার করা হয়েছে।
নারীদের প্রতি অবমাননা করা হয়েছে।
ব্যক্তিগত আক্রমণ করা হয়েছে।","অশ্লীল শব্দ ব্যবহার করা হয়েছে।
নারীদের প্রতি অবমাননা করা হয়েছে।
ব্যক্তিগত আক্রমণ করা হয়েছে।","অশ্লীল শব্দ ব্যবহার করা হয়েছে।
নারীদের প্রতি অবমাননা করা হয়েছে।
ব্যক্তিগত আক্রমণ করা হয়েছে।","অশ্লীল শব্দ ব্যবহার করা হয়েছে।
নারীদের প্রতি অবমাননা করা হয়েছে।
ব্যক্তিগত আক্রমণ করা হয়েছে।","অশ্লীল শব্দ ব্যবহার করা হয়েছে।
নারীদের প্রতি অবমাননা করা হয়েছে।
ব্যক্তিগত আক্রমণ করা হয়েছে।","অশ্লীল শব্দ ব্যবহার করা হয়েছে।
নারীদের প্রতি অবমাননা করা হয়েছে।
ব্যক্তিগত আক্রমণ করা হয়েছে।","অশ্লীল শব্দ ব্যবহার করা হয়েছে।
নারীদের প্রতি অবমাননা করা হয়েছে।
ব্যক্তিগত আক্রমণ করা হয়েছে।","অশ্লীল শব্দ ব্যবহার করা হয়েছে।
নারীদের প্রতি অবমাননা করা হয়েছে।
ব্যক্তিগত আক্রমণ করা হয়েছে।","অশ্লীল শব্দ ব্যবহার করা হয়েছে।
নারীদের প্রতি অবমাননা করা হয়েছে।
ব্যক্তিগত আক্রমণ করা হয়েছে।","অশ্লীল শব্দ ব্যবহার করা হয়েছে।
নারীদের প্রতি অবমাননা করা হয়েছে।
ব্যক্তিগত আক্রমণ করা হয়েছে।","অশ্লীল শব্দ ব্যবহার করা হয়েছে।
নারীদের প্রতি অবমাননা করা হয়েছে।
ব্যক্তিগত আক্রমণ করা হয়েছে।","অশ্লীল শব্দ ব্যবহার করা হয়েছে।
নারীদের প্রতি অবমাননা করা হয়েছে।
ব্যক্তিগত আক্রমণ করা হয়েছে।","অশ্লীল শব্দ ব্যবহার করা হয়েছে।
নারীদের প্রতি অবমাননা করা হয়েছে।
ব্যক্তিগত আক্রমণ করা হয়েছে।","অশ্লীল শব্দ ব্যবহার করা হয়েছে।
নারীদের প্রতি অবমাননা করা হয়েছে।
ব্যক্তিগত আক্রমণ করা হয়েছে।","অশ্লীল শব্দ ব্যবহার করা হয়েছে।
নারীদের প্রতি অবমাননা করা হয়েছে।
ব্যক্তিগত আক্রমণ করা হয়েছে।","অশ্লীল শব্দ ব্যবহার করা হয়েছে।
নারীদের প্রতি অবমাননা করা হয়েছে।
ব্যক্তিগত আক্রমণ করা হয়েছে।","অশ্লীল শব্দ ব্যবহার করা হয়েছে।
নারীদের প্রতি অবমাননা করা হয়েছে।
ব্যক্তিগত আক্রমণ করা হয়েছে।"
জিবনে প্রথম তর বুদাটাকে দুই ট কাঁচামরিচ দিমু,Gender,Offensive,"মন্তব্যটি অশালীন এবং হুমকিসূচক ভাষার মাধ্যমে অবমাননাকর ইঙ্গিত দিয়েছে।
শারীরিক সহিংসতার ইঙ্গিত থাকায় এটি আপত্তিকর।
ব্যক্তির প্রতি অসম্মান প্রকাশ করায় এটি গুরুতরভাবে অগ্রহণযোগ্য।","অশালীন ভাষা ব্যবহার করা হয়েছে।
শারীরিক সহিংসতার ইঙ্গিত আছে।
ব্যক্তির প্রতি অসম্মান প্রকাশ।","অশালীন শব্দ ব্যবহার করা হয়েছে।
বুদা শব্দটি অসম্মানজনক।
সহিংসতার ইঙ্গিত রয়েছে।","বুদা শব্দটি অসম্মানজনক।
অশালীন শব্দ ব্যবহার করা হয়েছে।
সহিংসতার ইঙ্গিত রয়েছে।","বুদা শব্দটি অসম্মানজনক।
অশালীন শব্দ ব্যবহার করা হয়েছে।
সহিংসতার ইঙ্গিত রয়েছে।","বুদা শব্দটি অসম্মানজনক।
অশালীন শব্দ ব্যবহার করা হয়েছে।
মারপিটের ইঙ্গিত আছে।","বুদা শব্দটি অসম্মানজনক।
অশালীন শব্দ ব্যবহার করা হয়েছে।
মারপিটের ইঙ্গিত আছে।","বুদা শব্দটি অসম্মানজনক।
অশালীন শব্দ ব্যবহার করা হয়েছে।
মারপিটের ইঙ্গিত আছে।","বুদা শব্দটি অসম্মানজনক।
অশালীন শব্দ ব্যবহার করা হয়েছে।
মারপিটের ইঙ্গিত আছে।","বুদা শব্দটি অসম্মানজনক।
অশালীন শব্দ ব্যবহার করা হয়েছে।
মারপিটের ইঙ্গিত আছে।","বুদা শব্দটি অসম্মানজনক।
অশালীন শব্দ ব্যবহার করা হয়েছে।
মারপিটের ইঙ্গিত আছে।","বুদা শব্দটি অসম্মানজনক।
অশালীন শব্দ ব্যবহার করা হয়েছে।
মারপিটের ইঙ্গিত আছে।","বুদা শব্দটি অসম্মানজনক।
অশালীন শব্দ ব্যবহার করা হয়েছে।
মারপিটের ইঙ্গিত আছে।","বুদা শব্দটি অসম্মানজনক।
অশালীন শব্দ ব্যবহার করা হয়েছে।
মারপিটের ইঙ্গিত আছে।","বুদা শব্দটি অসম্মানজনক।
অশালীন শব্দ ব্যবহার করা হয়েছে।
মারপিটের ইঙ্গিত আছে।","বুদা শব্দটি অসম্মানজনক।
অশালীন শব্দ ব্যবহার করা হয়েছে।
মারপিটের ইঙ্গিত আছে।","বুদা শব্দটি অসম্মানজনক।
অশালীন শব্দ ব্যবহার করা হয়েছে।
মারপিটের ইঙ্গিত আছে।","বুদা শব্দটি অসম্মানজনক।
অশালীন শব্দ ব্যবহার করা হয়েছে।
মারপিটের ইঙ্গিত আছে।","বুদা শব্দটি অসম্মানজনক।
অশালীন শব্দ ব্যবহার করা হয়েছে।
মারপিটের ইঙ্গিত আছে।","বুদা শব্দটি অসম্মানজনক।
অশালীন শব্দ ব্যবহার করা হয়েছে।
মারপিটের ইঙ্গিত আছে।","বুদা শব্দটি অসম্মানজনক।
অশালীন শব্দ ব্যবহার করা হয়েছে।
মারপিটের ইঙ্গিত আছে।","বুদা শব্দটি অসম্মানজনক।
অশালীন শব্দ ব্যবহার করা হয়েছে।
মারপিটের ইঙ্গিত আছে।"
জুতা পিটা করো রানুকে,Gender,Violence,"মন্তব্যটি সরাসরি সহিংসতার আহ্বান জানিয়েছে, যা আপত্তিকর।
ব্যক্তিকে অপমান করার উদ্দেশ্যে হুমকিসূচক ভাষা ব্যবহার করা হয়েছে।
সহিংসতার ইঙ্গিত থাকায় এটি সামাজিকভাবে অগ্রহণযোগ্য।","সহিংসতার আহ্বান জানানো হয়েছে।
হুমকিসূচক ভাষা ব্যবহার করা হয়েছে।
অপমানজনক ভাষা ব্যবহার করা হয়েছে।","জুতা পিটা করো বলে হুমকি।
রানুকে পিটা বলে অপমান।
সহিংসতার আহ্বান জানানো হয়।","হুমকি দেওয়া হচ্ছে।
অপমানজনক শব্দ ব্যবহার।
সহিংসতা উস্কানি দেয়।","রানুকে জুতা পিটা বলা হচ্ছে।
সহিংসতা উস্কানি দেয়।
অপমানজনক শব্দ ব্যবহার।","জুতা পিটা করার হুমকি দেওয়া।
সহিংসতা প্রকাশ পাচ্ছে।
অপমানজনক শব্দ ব্যবহার করা।","জুতা পিটা করার হুমকি দেওয়া হচ্ছে।
সহিংসতা প্রকাশ পাচ্ছে।
অপমানজনক শব্দ ব্যবহার করা।","জুতা পিটা করার হুমকি দেওয়া হচ্ছে।
সহিংসতা প্রকাশ পাচ্ছে।
অপমানজনক শব্দ ব্যবহার করা।","জুতা পিটা হুমকি দেওয়া হচ্ছে।
সহিংসতা প্রকাশ পাচ্ছে।
অপমানজনক শব্দ ব্যবহার।","জুতা পিটা হুমকি দেওয়া হচ্ছে।
সহিংসতা প্রকাশ পাচ্ছে।
অপমানজনক শব্দ ব্যবহার।","জুতা পিটা হুমকি দেওয়া হচ্ছে।
সহিংসতা প্রকাশ পাচ্ছে।
অপমানজনক শব্দ ব্যবহার।","জুতা পিটা হুমকি দেওয়া হচ্ছে।
সহিংসতা প্রকাশ পাচ্ছে।
অপমানজনক শব্দ ব্যবহার।","জুতা পিটা হুমকি দেওয়া হচ্ছে।
সহিংসতা প্রকাশ পাচ্ছে।
অপমানজনক শব্দ ব্যবহার।","জুতা পিটা হুমকি দেওয়া হচ্ছে।
সহিংসতা প্রকাশ পাচ্ছে।
অপমানজনক শব্দ ব্যবহার।","জুতা পিটা হুমকি দেওয়া হচ্ছে।
সহিংসতা প্রকাশ পাচ্ছে।
অপমানজনক শব্দ ব্যবহার।","জুতা পিটা হুমকি দেওয়া হচ্ছে।
সহিংসতা প্রকাশ পাচ্ছে।
অপমানজনক শব্দ ব্যবহার।","জুতা পিটা হুমকি দেওয়া হচ্ছে।
সহিংসতা প্রকাশ পাচ্ছে।
অপমানজনক শব্দ ব্যবহার।","জুতা পিটা হুমকি দেওয়া হচ্ছে।
সহিংসতা প্রকাশ পাচ্ছে।
অপমানজনক শব্দ ব্যবহার।","জুতা পিটা হুমকি দেওয়া হচ্ছে।
সহিংসতা প্রকাশ পাচ্ছে।
অপমানজনক শব্দ ব্যবহার।","জুতা পিটা হুমকি দেওয়া হচ্ছে।
সহিংসতা প্রকাশ পাচ্ছে।
অপমানজনক শব্দ ব্যবহার।","জুতা পিটা হুমকি দেওয়া হচ্ছে।
সহিংসতা প্রকাশ পাচ্ছে।
অপমানজনক শব্দ ব্যবহার।","জুতা পিটা হুমকি দেওয়া হচ্ছে।
সহিংসতা প্রকাশ পাচ্ছে।
অপমানজনক শব্দ ব্যবহার।"
জুতা মদির কপালে,Gender,Violence,"মন্তব্যটি ব্যক্তির প্রতি অবমাননাকর এবং শারীরিক হুমকি প্রকাশ করেছে।
সহিংসতার ইঙ্গিত এবং অপমানসূচক বক্তব্য থাকায় এটি আপত্তিকর।
অপমানজনক মনোভাব এবং নেতিবাচক ভাষার কারণে এটি অগ্রহণযোগ্য।","অবমাননাকর শব্দ ব্যবহার।
শারীরিক হুমকি প্রকাশ পায়।
সহিংসতার ইঙ্গিত থাকে।","জুতা মারার ইঙ্গিত আছে।
শারীরিক আঘাত হতে পারে।
অবমাননাকর শব্দ ব্যবহার।","জুতা মারার ইঙ্গিত আছে।
শারীরিক আঘাত হতে পারে।
অবমাননাকর শব্দ ব্যবহার।","জুতা মারার ইঙ্গিত আছে।
শারীরিক আঘাত হতে পারে।
অবমাননাকর শব্দ ব্যবহার।","জুতা মারার ইঙ্গিত আছে।
শারীরিক আঘাত হতে পারে।
অবমাননাকর শব্দ ব্যবহার।","জুতা মারার ইঙ্গিত আছে।
শারীরিক আঘাত হতে পারে।
অবমাননাকর শব্দ ব্যবহার।","জুতা মারার ইঙ্গিত আছে।
শারীরিক আঘাত হতে পারে।
অবমাননাকর শব্দ ব্যবহার।","জুতা মারার ইঙ্গিত আছে।
শারীরিক আঘাত হতে পারে।
অবমাননাকর শব্দ ব্যবহার।","জুতা মারার ইঙ্গিত আছে।
শারীরিক আঘাত হতে পারে।
অবমাননাকর শব্দ ব্যবহার।","জুতা মারার ইচ্ছা প্রকাশ।
শারীরিক আঘাতের হুমকি।
অবমাননাকর শব্দ ব্যবহার।","জুতা মারার ইচ্ছা প্রকাশ।
শারীরিক আঘাতের হুমকি দেওয়া।
অবমাননাকর শব্দ ব্যবহার করা।","জুতা মারার ইচ্ছা প্রকাশ করা হয়েছে।
শারীরিক আঘাতের হুমকি দেওয়া হয়েছে।
অবমাননাকর শব্দ ব্যবহার করা হয়েছে।","জুতা মারার ইচ্ছা প্রকাশ করা হয়েছে।
শারীরিক আঘাতের হুমকি দেওয়া হয়েছে।
অবমাননাকর শব্দ ব্যবহার করা হয়েছে।","জুতা মারার ইচ্ছা প্রকাশ করা হয়েছে।
শারীরিক আঘাতের হুমকি দেওয়া হয়েছে।
অবমাননাকর শব্দ ব্যবহার করা হয়েছে।","জুতা মারার ইচ্ছা প্রকাশ করা হয়েছে।
শারীরিক আঘাতের হুমকি দেওয়া হয়েছে।
অবমাননাকর শব্দ ব্যবহার করা হয়েছে।","জুতা মারার ইচ্ছা প্রকাশ করা হয়েছে।
শারীরিক আঘাতের হুমকি দেওয়া হয়েছে।
অবমাননাকর শব্দ ব্যবহার করা হয়েছে।","জুতা মারার ইচ্ছা প্রকাশ করা হয়েছে।
শারীরিক আঘাতের হুমকি দেওয়া হয়েছে।
অবমাননাকর শব্দ ব্যবহার করা হয়েছে।","জুতা মারার ইচ্ছা প্রকাশ করা হয়েছে।
শারীরিক আঘাতের হুমকি দেওয়া হয়েছে।
অবমাননাকর শব্দ ব্যবহার করা হয়েছে।","জুতা মারার ইচ্ছা প্রকাশ করা হয়েছে।
শারীরিক আঘাতের হুমকি দেওয়া হয়েছে।
অবমাননাকর শব্দ ব্যবহার করা হয়েছে।","জুতা মারার ইচ্ছা প্রকাশ করা হয়েছে।
শারীরিক আঘাতের হুমকি দেওয়া হয়েছে।
অবমাননাকর শব্দ ব্যবহার করা হয়েছে।","জুতা মারার ইচ্ছা প্রকাশ করা হয়েছে।
শারীরিক আঘাতের হুমকি দেওয়া হয়েছে।
অবমাননাকর শব্দ ব্যবহার করা হয়েছে।"
জুতা মার তালে তালে পাপনের গালে,Gender,Offensive,"মন্তব্যটি সরাসরি শারীরিক সহিংসতার আহ্বান জানিয়েছে।
বক্তব্যে অপমানজনক ও হুমকিসূচক মনোভাব প্রকাশ করা হয়েছে।
সহিংসতার উস্কানি দেওয়ায় এটি গুরুতরভাবে আপত্তিকর।","জুতা মারার কথা বলা হয়েছে।
শারীরিক সহিংসতার আহ্বান জানানো হয়েছে।
হুমকিসূচক মনোভাব প্রকাশ করা হয়েছে।","জুতা মারার কথা বলা হয়েছে।
শারীরিক সহিংসতা প্রকাশ পাচ্ছে।
হুমকি দেওয়া হচ্ছে।","জুতা মারার কথা বলা হয়েছে।
শারীরিক সহিংসতা প্রকাশ পাচ্ছে।
হুমকি দেওয়া হচ্ছে।","জুতা মারার কথা বলা হয়েছে।
শারীরিক সহিংসতা প্রকাশ পাচ্ছে।
হুমকি দেওয়া হচ্ছে।","জুতা মারার কথা বলা হয়েছে।
শারীরিক সহিংসতা প্রকাশ পাচ্ছে।
হুমকি দেওয়া হচ্ছে।","জুতা মারার কথা বলা হয়েছে।
শারীরিক সহিংসতা প্রকাশ পাচ্ছে।
হুমকি দেওয়া হচ্ছে।","জুতা মারার কথা বলা হয়েছে।
শারীরিক সহিংসতা প্রকাশ পাচ্ছে।
হুমকি দেওয়া হচ্ছে।","জুতা মারার কথা বলা হয়েছে।
শারীরিক সহিংসতা প্রকাশ পাচ্ছে।
হুমকি দেওয়া হচ্ছে।","জুতা মারার কথা বলা হয়েছে।
শারীরিক সহিংসতা প্রকাশ পাচ্ছে।
হুমকি দেওয়া হচ্ছে।","জুতা মারার কথা বলা হয়েছে।
শারীরিক সহিংসতা প্রকাশ পাচ্ছে।
হুমকি দেওয়া হচ্ছে।","জুতা মারার কথা বলা হয়েছে।
শারীরিক সহিংসতা প্রকাশ পাচ্ছে।
হুমকি দেওয়া হচ্ছে।","জুতা মারার কথা বলা হয়েছে।
শারীরিক সহিংসতা প্রকাশ পাচ্ছে।
হুমকি দেওয়া হচ্ছে।","জুতা মারার কথা বলা হয়েছে।
শারীরিক সহিংসতা প্রকাশ পাচ্ছে।
হুমকি দেওয়া হচ্ছে।","জুতা মারার কথা বলা হয়েছে।
শারীরিক সহিংসতা প্রকাশ পাচ্ছে।
হুমকি দেওয়া হচ্ছে।","জুতা মারার কথা বলা হয়েছে।
শারীরিক সহিংসতা প্রকাশ পাচ্ছে।
হুমকি দেওয়া হচ্ছে।","জুতা মারার কথা বলা হয়েছে।
শারীরিক সহিংসতা প্রকাশ পাচ্ছে।
হুমকি দেওয়া হচ্ছে।","জুতা মারার কথা বলা হয়েছে।
শারীরিক সহিংসতা প্রকাশ পাচ্ছে।
হুমকি দেওয়া হচ্ছে।","জুতা মারার কথা বলা হয়েছে।
শারীরিক সহিংসতা প্রকাশ পাচ্ছে।
হুমকি দেওয়া হচ্ছে।","জুতা মারার কথা বলা হয়েছে।
শারীরিক সহিংসতা প্রকাশ পাচ্ছে।
হুমকি দেওয়া হচ্ছে।","জুতা মারার কথা বলা হয়েছে।
শারীরিক সহিংসতা প্রকাশ পাচ্ছে।
হুমকি দেওয়া হচ্ছে।","জুতা মারার কথা বলা হয়েছে।
শারীরিক সহিংসতা প্রকাশ পাচ্ছে।
হুমকি দেওয়া হচ্ছে।"
জুতা মার সাকিব কে,Gender,Offensive,"মন্তব্যটি সরাসরি হুমকির মাধ্যমে সহিংসতার ইঙ্গিত দিয়েছে।
ব্যক্তির প্রতি অপমানসূচক মনোভাব দেখানো হয়েছে।
অপমানজনক এবং নেতিবাচক বক্তব্য হওয়ায় এটি অগ্রহণযোগ্য।","জুতা মার বলা হয়েছে।
সরাসরি হুমকি দেওয়া হয়েছে।
অপমানজনক শব্দ ব্যবহার করা হয়েছে।","জুতা মার বলা হয়েছে।
সরাসরি হুমকি দেওয়া হয়েছে।
অপমানজনক শব্দ ব্যবহার করা হয়েছে।","জুতা মার বলা হয়েছে।
সরাসরি হুমকি দেওয়া হয়েছে।
অপমানজনক শব্দ ব্যবহার করা হয়েছে।","জুতা মার বলা হয়েছে।
সরাসরি হুমকি দেওয়া হয়েছে।
অপমানজনক শব্দ ব্যবহার করা হয়েছে।","জুতা মার বলা হয়েছে।
সরাসরি হুমকি দেওয়া হয়েছে।
অপমানজনক শব্দ ব্যবহার করা হয়েছে।","জুতা মার বলা হয়েছে।
অপমানজনক শব্দ ব্যবহার।
সরাসরি হুমকি দেওয়া।","জুতা মার বলা অপমানজনক।
সরাসরি হুমকি দেওয়া হয়েছে।
অশ্রদ্ধার চিহ্ন দেখা যায়।","জুতা মার বলা অপমানজনক।
সরাসরি হুমকি দেওয়া হয়েছে।
অশ্রদ্ধার চিহ্ন দেখা যায়।","জুতা মার বলা অপমানজনক।
সরাসরি হুমকি দেওয়া হয়েছে।
অশ্রদ্ধার চিহ্ন দেখা যায়।","জুতা মার বলা অপমানজনক।
সরাসরি হুমকি দেওয়া হয়েছে।
অশ্রদ্ধার চিহ্ন দেখা যায়।","জুতা মার বলা অপমানজনক।
সরাসরি হুমকি দেওয়া হয়েছে।
অশ্রদ্ধার চিহ্ন দেখা যায়।","জুতা মার বলা অপমানজনক।
সরাসরি হুমকি দেওয়া হয়েছে।
অশ্রদ্ধার চিহ্ন দেখা যায়।","জুতা মার বলা অপমানজনক।
সরাসরি হুমকি দেওয়া হয়েছে।
অশ্রদ্ধার চিহ্ন দেখা যায়।","জুতা মার বলা অপমানজনক।
সরাসরি হুমকি দেওয়া হয়েছে।
অশ্রদ্ধার চিহ্ন দেখা যায়।","জুতা মার বলা অপমানজনক।
সরাসরি হুমকি দেওয়া হয়েছে।
অশ্রদ্ধার চিহ্ন দেখা যায়।","জুতা মার বলা অপমানজনক।
সরাসরি হুমকি দেওয়া হয়েছে।
অশ্রদ্ধার চিহ্ন দেখা যায়।","জুতা মার বলা অপমানজনক।
সরাসরি হুমকি দেওয়া হয়েছে।
অশ্রদ্ধার চিহ্ন দেখা যায়।","জুতা মার বলা অপমানজনক।
সরাসরি হুমকি দেওয়া হয়েছে।
অশ্রদ্ধার চিহ্ন দেখা যায়।","জুতা মার বলা অপমানজনক।
সরাসরি হুমকি দেওয়া হয়েছে।
অশ্রদ্ধার চিহ্ন দেখা যায়।","জুতা মার বলা অপমানজনক।
সরাসরি হুমকি দেওয়া হয়েছে।
অশ্রদ্ধার চিহ্ন দেখা যায়।","জুতা মার বলা অপমানজনক।
সরাসরি হুমকি দেওয়া হয়েছে।
অশ্রদ্ধার চিহ্ন দেখা যায়।"
জুতা মারি পাপনের কপাল,Gender,Offensive,"মন্তব্যটি শারীরিক সহিংসতার ইঙ্গিত দিয়ে নেতিবাচক মনোভাব প্রকাশ করেছে।
বক্তব্যটি অপমানসূচক এবং হুমকিসূচক ভাষা ব্যবহার করেছে।
সহিংসতার উস্কানি দেওয়ায় এটি আপত্তিকর।","জুতা মারার কথা বলা হয়েছে।
শারীরিক সহিংসতার ইঙ্গিত আছে।
অপমানসূচক ভাষা ব্যবহার করা হয়েছে।","জুতা মারার কথা বলা হয়েছে।
শারীরিক সহিংসতার ইঙ্গিত আছে।
অপমানসূচক ভাষা ব্যবহার করা হয়েছে।","জুতা মারার কথা বলা হয়েছে।
শারীরিক সহিংসতার ইঙ্গিত আছে।
অপমানসূচক ভাষা ব্যবহার করা হয়েছে।","জুতা মারার কথা বলা হয়েছে।
শারীরিক সহিংসতার ইঙ্গিত আছে।
অপমানসূচক ভাষা ব্যবহার করা হয়েছে।","জুতা মারার কথা বলা হয়েছে।
শারীরিক সহিংসতার ইঙ্গিত আছে।
অপমানসূচক ভাষা ব্যবহার করা হয়েছে।","জুতা মারার কথা বলা হয়েছে।
শারীরিক সহিংসতার ইঙ্গিত আছে।
অপমানসূচক ভাষা ব্যবহার করা হয়েছে।","জুতা মারার কথা বলা হয়েছে।
শারীরিক সহিংসতার ইঙ্গিত আছে।
অপমানসূচক ভাষা ব্যবহার করা হয়েছে।","জুতা মারার কথা বলা হয়েছে।
শারীরিক সহিংসতার ইঙ্গিত আছে।
অপমানসূচক ভাষা ব্যবহার করা হয়েছে।","জুতা মারার কথা বলা হয়েছে।
শারীরিক সহিংসতার ইঙ্গিত আছে।
অপমানসূচক ভাষা ব্যবহার করা হয়েছে।","জুতা মারার কথা বলা হয়েছে।
শারীরিক সহিংসতার ইঙ্গিত আছে।
অপমানসূচক ভাষা ব্যবহার করা হয়েছে।","জুতা মারার কথা বলা হয়েছে।
শারীরিক সহিংসতার ইঙ্গিত আছে।
অপমানসূচক ভাষা ব্যবহার করা হয়েছে।","জুতা মারার কথা বলা হয়েছে।
শারীরিক সহিংসতার ইঙ্গিত আছে।
অপমানসূচক ভাষা ব্যবহার করা হয়েছে।","জুতা মারার কথা বলা হয়েছে।
শারীরিক সহিংসতার ইঙ্গিত আছে।
অপমানসূচক ভাষা ব্যবহার করা হয়েছে।","জুতা মারার কথা বলা হয়েছে।
শারীরিক সহিংসতার ইঙ্গিত আছে।
অপমানসূচক ভাষা ব্যবহার করা হয়েছে।","জুতা মারার কথা বলা হয়েছে।
শারীরিক সহিংসতার ইঙ্গিত আছে।
অপমানসূচক ভাষা ব্যবহার করা হয়েছে।","জুতা মারার কথা বলা হয়েছে।
শারীরিক সহিংসতার ইঙ্গিত আছে।
অপমানসূচক ভাষা ব্যবহার করা হয়েছে।","জুতা মারার কথা বলা হয়েছে।
শারীরিক সহিংসতার ইঙ্গিত আছে।
অপমানসূচক ভাষা ব্যবহার করা হয়েছে।","জুতা মারার কথা বলা হয়েছে।
শারীরিক সহিংসতার ইঙ্গিত আছে।
অপমানসূচক ভাষা ব্যবহার করা হয়েছে।","জুতা মারার কথা বলা হয়েছে।
শারীরিক সহিংসতার ইঙ্গিত আছে।
অপমানসূচক ভাষা ব্যবহার করা হয়েছে।","জুতা মারার কথা বলা হয়েছে।
শারীরিক সহিংসতার ইঙ্গিত আছে।
অপমানসূচক ভাষা ব্যবহার করা হয়েছে।","জুতা মারার কথা বলা হয়েছে।
শারীরিক সহিংসতার ইঙ্গিত আছে।
অপমানসূচক ভাষা ব্যবহার করা হয়েছে।"
জুতাপেটা করা দরকার দেওয়ানবাগীর,Gender,Violence,"মন্তব্যটি সরাসরি শারীরিক সহিংসতার আহ্বান জানিয়েছে।
বক্তব্যে অপমানসূচক এবং হিংস্র মনোভাব প্রকাশ করা হয়েছে।
সহিংস আচরণের উস্কানি থাকার কারণে এটি অগ্রহণযোগ্য।","জুতাপেটা করা হচ্ছে হিংসাত্মক।
শারীরিক সহিংসতার আহ্বান জানাচ্ছে।
অপমানসূচক মনোভাব প্রকাশ করছে।","জুতাপেটা করা হচ্ছে হিংসাত্মক।
শারীরিক সহিংসতার আহ্বান জানাচ্ছে।
অপমানসূচক মনোভাব প্রকাশ করছে।","জুতাপেটা করা হচ্ছে হিংসাত্মক।
শারীরিক সহিংসতার আহ্বান জানাচ্ছে।
অপমানসূচক মনোভাব প্রকাশ করছে।","জুতাপেটা করা হচ্ছে হিংসাত্মক।
শারীরিক সহিংসতার আহ্বান জানাচ্ছে।
অপমানসূচক মনোভাব প্রকাশ করছে।","জুতাপেটা করা হচ্ছে হিংসাত্মক।
শারীরিক সহিংসতার আহ্বান জানাচ্ছে।
অপমানসূচক মনোভাব প্রকাশ করছে।","জুতাপেটা করা হচ্ছে হিংসাত্মক।
শারীরিক সহিংসতার আহ্বান জানাচ্ছে।
অপমানসূচক মনোভাব প্রকাশ করছে।","জুতাপেটা করা হচ্ছে হিংসাত্মক।
শারীরিক সহিংসতার আহ্বান জানাচ্ছে।
অপমানসূচক মনোভাব প্রকাশ করছে।","জুতাপেটা করা হচ্ছে হিংসাত্মক।
শারীরিক সহিংসতার আহ্বান জানাচ্ছে।
অপমানসূচক মনোভাব প্রকাশ করছে।","জুতাপেটা করা হচ্ছে হিংসাত্মক।
শারীরিক সহিংসতার আহ্বান জানাচ্ছে।
অপমানসূচক মনোভাব প্রকাশ করছে।","জুতাপেটা করা হচ্ছে হিংসাত্মক।
শারীরিক সহিংসতার আহ্বান জানাচ্ছে।
অপমানসূচক মনোভাব প্রকাশ করছে।","জুতাপেটা করা হচ্ছে হিংসাত্মক।
শারীরিক সহিংসতার আহ্বান জানাচ্ছে।
অপমানসূচক মনোভাব প্রকাশ করছে।","জুতাপেটা করা হচ্ছে হিংসাত্মক।
শারীরিক সহিংসতার আহ্বান জানাচ্ছে।
অপমানসূচক মনোভাব প্রকাশ করছে।","জুতাপেটা করা হচ্ছে হিংসাত্মক।
শারীরিক সহিংসতার আহ্বান জানাচ্ছে।
অপমানসূচক মনোভাব প্রকাশ করছে।","জুতাপেটা করা হচ্ছে হিংসাত্মক।
শারীরিক সহিংসতার আহ্বান জানাচ্ছে।
অপমানসূচক মনোভাব প্রকাশ করছে।","জুতাপেটা করা হচ্ছে হিংসাত্মক।
শারীরিক সহিংসতার আহ্বান জানাচ্ছে।
অপমানসূচক মনোভাব প্রকাশ করছে।","জুতাপেটা করা হচ্ছে হিংসাত্মক।
শারীরিক সহিংসতার আহ্বান জানাচ্ছে।
অপমানসূচক মনোভাব প্রকাশ করছে।","জুতাপেটা করা হচ্ছে হিংসাত্মক।
শারীরিক সহিংসতার আহ্বান জানাচ্ছে।
অপমানসূচক মনোভাব প্রকাশ করছে।","জুতাপেটা করা হচ্ছে হিংসাত্মক।
শারীরিক সহিংসতার আহ্বান জানাচ্ছে।
অপমানসূচক মনোভাব প্রকাশ করছে।","জুতাপেটা করা হচ্ছে হিংসাত্মক।
শারীরিক সহিংসতার আহ্বান জানাচ্ছে।
অপমানসূচক মনোভাব প্রকাশ করছে।","জুতাপেটা করা হচ্ছে হিংসাত্মক।
শারীরিক সহিংসতার আহ্বান জানাচ্ছে।
অপমানসূচক মনোভাব প্রকাশ করছে।","জুতাপেটা করা হচ্ছে হিংসাত্মক।
শারীরিক সহিংসতার আহ্বান জানাচ্ছে।
অপমানসূচক মনোভাব প্রকাশ করছে।"
ঝমুনার মাকে চুদি চ্যানেল তুর মাকে চুুদি,Gender,Offensive,"মন্তব্যটি অত্যন্ত অশালীন এবং নারীর প্রতি অবমাননাকর ভাষা ব্যবহার করেছে।
নারীর সম্মানহানির উদ্দেশ্যে যৌন হয়রানিমূলক বক্তব্য প্রদান করা হয়েছে।
অশ্লীল এবং অপমানজনক হওয়ায় এটি গুরুতরভাবে আপত্তিকর।","অশালীন ভাষা ব্যবহার।
নারীর প্রতি অবমাননা।
যৌন হয়রানি মূলক।","অশালীন ভাষা ব্যবহার হয়েছে।
নারীর প্রতি অবমাননা করা হয়েছে।
যৌন হয়রানি মূলক শব্দ ব্যবহার।","অশালীন ভাষা ব্যবহার করা হয়েছে।
নারীর প্রতি অবমাননা করা হয়েছে।
যৌন শব্দ ব্যবহার করা হয়েছে।","অশালীন ভাষা ব্যবহার করা হয়েছে।
নারীর প্রতি অবমাননা করা হয়েছে।
যৌন শব্দ ব্যবহার করা হয়েছে।","অশালীন ভাষা ব্যবহার করা হয়েছে।
নারীর প্রতি অবমাননা করা হয়েছে।
যৌন শব্দ ব্যবহার করা হয়েছে।","অশালীন ভাষা ব্যবহার করা হয়েছে।
নারীর প্রতি অবমাননা করা হয়েছে।
যৌন শব্দ ব্যবহার করা হয়েছে।","অশালীন ভাষা ব্যবহার করা হয়েছে।
নারীর প্রতি অবমাননা করা হয়েছে।
যৌন শব্দ ব্যবহার করা হয়েছে।","অশালীন ভাষা ব্যবহার করা হয়েছে।
নারীর প্রতি অবমাননা করা হয়েছে।
যৌন শব্দ ব্যবহার করা হয়েছে।","অশালীন ভাষা ব্যবহার করা হয়েছে।
নারীর প্রতি অবমাননা করা হয়েছে।
যৌন শব্দ ব্যবহার করা হয়েছে।","অশালীন ভাষা ব্যবহার করা হয়েছে।
নারীর প্রতি অবমাননা করা হয়েছে।
যৌন শব্দ ব্যবহার করা হয়েছে।","অশালীন ভাষা ব্যবহার করা হয়েছে।
নারীর প্রতি অবমাননা করা হয়েছে।
যৌন শব্দ ব্যবহার করা হয়েছে।","অশালীন ভাষা ব্যবহার করা হয়েছে।
নারীর প্রতি অবমাননা করা হয়েছে।
যৌন শব্দ ব্যবহার করা হয়েছে।","অশালীন ভাষা ব্যবহার করা হয়েছে।
নারীর প্রতি অবমাননা করা হয়েছে।
যৌন শব্দ ব্যবহার করা হয়েছে।","অশালীন ভাষা ব্যবহার করা হয়েছে।
নারীর প্রতি অবমাননা করা হয়েছে।
যৌন শব্দ ব্যবহার করা হয়েছে।","অশালীন ভাষা ব্যবহার করা হয়েছে।
নারীর প্রতি অবমাননা করা হয়েছে।
যৌন শব্দ ব্যবহার করা হয়েছে।","অশালীন ভাষা ব্যবহার করা হয়েছে।
নারীর প্রতি অবমাননা করা হয়েছে।
যৌন শব্দ ব্যবহার করা হয়েছে।","অশালীন ভাষা ব্যবহার করা হয়েছে।
নারীর প্রতি অবমাননা করা হয়েছে।
যৌন শব্দ ব্যবহার করা হয়েছে।","অশালীন ভাষা ব্যবহার করা হয়েছে।
নারীর প্রতি অবমাননা করা হয়েছে।
যৌন শব্দ ব্যবহার করা হয়েছে।","অশালীন ভাষা ব্যবহার করা হয়েছে।
নারীর প্রতি অবমাননা করা হয়েছে।
যৌন শব্দ ব্যবহার করা হয়েছে।","অশালীন ভাষা ব্যবহার করা হয়েছে।
নারীর প্রতি অবমাননা করা হয়েছে।
যৌন শব্দ ব্যবহার করা হয়েছে।","অশালীন ভাষা ব্যবহার করা হয়েছে।
নারীর প্রতি অবমাননা করা হয়েছে।
যৌন শব্দ ব্যবহার করা হয়েছে।"
টাকা তোর গুদের ভেতর দিব,Gender,Offensive,"মন্তব্যটি অত্যন্ত অশালীন এবং নারীর প্রতি অবমাননাকর ইঙ্গিত দিয়েছে।
অশ্লীল ও অবমাননাকর বক্তব্য ব্যবহার করায় এটি গুরুতরভাবে আপত্তিকর।
নারীর প্রতি অসম্মান প্রদর্শন করায় এটি সামাজিক ও নৈতিকভাবে অগ্রহণযোগ্য।","অশালীন শব্দ ব্যবহার।
নারীর প্রতি অবমাননা।
অসম্মানজনক ভাষা।","অশালীন শব্দ ব্যবহার হয়েছে।
নারীর প্রতি অবমাননা করা হয়েছে।
অসম্মানজনক ভাষা ব্যবহার করা হয়েছে।","অশালীন শব্দ ব্যবহার করা হয়েছে।
নারীর প্রতি অবমাননা করা হয়েছে।
অসম্মানজনক ভাষা ব্যবহার করা হয়েছে।","অশালীন শব্দ ব্যবহার করা হয়েছে।
নারীর প্রতি অবমাননা করা হয়েছে।
অসম্মানজনক ভাষা ব্যবহার করা হয়েছে।","অশালীন শব্দ ব্যবহার করা হয়েছে।
নারীর প্রতি অবমাননা করা হয়েছে।
অসম্মানজনক ভাষা ব্যবহার করা হয়েছে।","অশালীন শব্দ ব্যবহার করা হয়েছে।
নারীর প্রতি অবমাননা করা হয়েছে।
অসম্মানজনক ভাষা ব্যবহার করা হয়েছে।","অশালীন শব্দ ব্যবহার করা হয়েছে।
নারীর প্রতি অবমাননা করা হয়েছে।
অসম্মানজনক ভাষা ব্যবহার করা হয়েছে।","অশালীন শব্দ ব্যবহার করা হয়েছে।
নারীর প্রতি অবমাননা করা হয়েছে।
অসম্মানজনক ভাষা ব্যবহার করা হয়েছে।","অশালীন শব্দ ব্যবহার করা হয়েছে।
নারীর প্রতি অবমাননা করা হয়েছে।
অসম্মানজনক ভাষা ব্যবহার করা হয়েছে।","অশালীন শব্দ ব্যবহার করা হয়েছে।
নারীর প্রতি অবমাননা করা হয়েছে।
অসম্মানজনক ভাষা ব্যবহার করা হয়েছে।","অশালীন শব্দ ব্যবহার করা হয়েছে।
নারীর প্রতি অবমাননা করা হয়েছে।
অসম্মানজনক ভাষা ব্যবহার করা হয়েছে।","অশালীন শব্দ ব্যবহার করা হয়েছে।
নারীর প্রতি অবমাননা করা হয়েছে।
অসম্মানজনক ভাষা ব্যবহার করা হয়েছে।","অশালীন শব্দ ব্যবহার করা হয়েছে।
নারীর প্রতি অবমাননা করা হয়েছে।
অসম্মানজনক ভাষা ব্যবহার করা হয়েছে।","অশালীন শব্দ ব্যবহার করা হয়েছে।
নারীর প্রতি অবমাননা করা হয়েছে।
অসম্মানজনক ভাষা ব্যবহার করা হয়েছে।","অশালীন শব্দ ব্যবহার করা হয়েছে।
নারীর প্রতি অবমাননা করা হয়েছে।
অসম্মানজনক ভাষা ব্যবহার করা হয়েছে।","অশালীন শব্দ ব্যবহার করা হয়েছে।
নারীর প্রতি অবমাননা করা হয়েছে।
অসম্মানজনক ভাষা ব্যবহার করা হয়েছে।","অশালীন শব্দ ব্যবহার করা হয়েছে।
নারীর প্রতি অবমাননা করা হয়েছে।
অসম্মানজনক ভাষা ব্যবহার করা হয়েছে।","অশালীন শব্দ ব্যবহার করা হয়েছে।
নারীর প্রতি অবমাননা করা হয়েছে।
অসম্মানজনক ভাষা ব্যবহার করা হয়েছে।","অশালীন শব্দ ব্যবহার করা হয়েছে।
নারীর প্রতি অবমাননা করা হয়েছে।
অসম্মানজনক ভাষা ব্যবহার করা হয়েছে।","অশালীন শব্দ ব্যবহার করা হয়েছে।
নারীর প্রতি অবমাননা করা হয়েছে।
অসম্মানজনক ভাষা ব্যবহার করা হয়েছে।","অশালীন শব্দ ব্যবহার করা হয়েছে।
নারীর প্রতি অবমাননা করা হয়েছে।
অসম্মানজনক ভাষা ব্যবহার করা হয়েছে।"
টাকা তোর মায়ের ভোদায় দিবো,Gender,Offensive,"মন্তব্যটি নারীর প্রতি সরাসরি যৌন হয়রানিমূলক এবং অবমাননাকর।
অশালীন ভাষা ব্যবহার করে অপমানজনক মনোভাব প্রকাশ করা হয়েছে।
এ ধরনের বক্তব্য নারীর প্রতি চরম অসম্মান প্রদর্শন করে।","নারীর প্রতি অসম্মান প্রকাশ।
অশালীন ভাষা ব্যবহার করা।
যৌন হয়রানি মূলক মন্তব্য।","অশালীন ভাষা ব্যবহার করা হয়েছে।
নারীর প্রতি অসম্মান প্রকাশ পাচ্ছে।
যৌন হয়রানি মূলক মন্তব্য দেওয়া হয়েছে।","অশালীন ভাষা ব্যবহার করা হয়েছে।
নারীর প্রতি অসম্মান দেখা যাচ্ছে।
যৌন হয়রানি মূলক শব্দ রয়েছে।","অশালীন শব্দ ব্যবহার করা হয়েছে।
নারীর প্রতি অসম্মান জানানো হয়েছে।
যৌন হয়রানি মূলক শব্দ রয়েছে।","অশালীন শব্দ ব্যবহার করা হয়েছে।
নারীর প্রতি অসম্মান জানানো হয়েছে।
যৌন হয়রানি মূলক শব্দ রয়েছে।","অশালীন শব্দ ব্যবহার করা হয়েছে।
নারীর প্রতি অসম্মান জানানো হয়েছে।
যৌন হয়রানি মূলক শব্দ রয়েছে।","অশালীন শব্দ ব্যবহার করা হয়েছে।
নারীর প্রতি অসম্মান জানানো হয়েছে।
যৌন হয়রানি মূলক শব্দ রয়েছে।","অশালীন শব্দ ব্যবহার করা হয়েছে।
নারীর প্রতি অসম্মান জানানো হয়েছে।
যৌন হয়রানি মূলক শব্দ রয়েছে।","অশালীন শব্দ ব্যবহার করা হয়েছে।
নারীর প্রতি অসম্মান জানানো হয়েছে।
যৌন হয়রানি মূলক শব্দ রয়েছে।","অশালীন শব্দ ব্যবহার করা হয়েছে।
নারীর প্রতি অসম্মান জানানো হয়েছে।
যৌন হয়রানি মূলক শব্দ রয়েছে।","অশালীন শব্দ ব্যবহার করা হয়েছে।
নারীর প্রতি অসম্মান জানানো হয়েছে।
যৌন হয়রানি মূলক শব্দ রয়েছে।","অশালীন শব্দ ব্যবহার করা হয়েছে।
নারীর প্রতি অসম্মান জানানো হয়েছে।
যৌন হয়রানি মূলক শব্দ রয়েছে।","অশালীন শব্দ ব্যবহার করা হয়েছে।
নারীর প্রতি অসম্মান জানানো হয়েছে।
যৌন হয়রানি মূলক শব্দ রয়েছে।","অশালীন শব্দ ব্যবহার করা হয়েছে।
নারীর প্রতি অসম্মান জানানো হয়েছে।
যৌন হয়রানি মূলক শব্দ রয়েছে।","অশালীন শব্দ ব্যবহার করা হয়েছে।
নারীর প্রতি অসম্মান জানানো হয়েছে।
যৌন হয়রানি মূলক শব্দ রয়েছে।","অশালীন শব্দ ব্যবহার করা হয়েছে।
নারীর প্রতি অসম্মান জানানো হয়েছে।
যৌন হয়রানি মূলক শব্দ রয়েছে।","অশালীন শব্দ ব্যবহার করা হয়েছে।
নারীর প্রতি অসম্মান জানানো হয়েছে।
যৌন হয়রানি মূলক শব্দ রয়েছে।","অশালীন শব্দ ব্যবহার করা হয়েছে।
নারীর প্রতি অসম্মান জানানো হয়েছে।
যৌন হয়রানি মূলক শব্দ রয়েছে।","অশালীন শব্দ ব্যবহার করা হয়েছে।
নারীর প্রতি অসম্মান জানানো হয়েছে।
যৌন হয়রানি মূলক শব্দ রয়েছে।","অশালীন শব্দ ব্যবহার করা হয়েছে।
নারীর প্রতি অসম্মান জানানো হয়েছে।
যৌন হয়রানি মূলক শব্দ রয়েছে।","অশালীন শব্দ ব্যবহার করা হয়েছে।
নারীর প্রতি অসম্মান জানানো হয়েছে।
যৌন হয়রানি মূলক শব্দ রয়েছে।"
ঠাটা পরবে দুধের উপর তোর বেয়াদব মহিলা আগেও খারাপ ছবি করছে আর এখন খারাপ ভাবে সাংবাদিক এর সামনে আসছে,Gender,Offensive,"মন্তব্যটি নারীর প্রতি অশালীন এবং অসম্মানজনক ভাষা ব্যবহার করেছে।
ব্যক্তিগত আক্রমণ এবং যৌন হয়রানিমূলক বক্তব্য থাকার কারণে এটি আপত্তিকর।
নারীর সম্মানহানি ও অবমাননা করার উদ্দেশ্যে অশোভন মনোভাব প্রকাশ করা হয়েছে।","নারীর প্রতি অশালীন ভাষা।
ব্যক্তিগত আক্রমণ করা হয়েছে।
অবমাননা করার উদ্দেশ্যে।","বেয়াদব শব্দ ব্যবহার করা হয়েছে।
নারীকে অশালীন ভাষায় বলা হয়েছে।
অবমাননাকর উদ্দেশ্যে বলা হয়েছে।","বেয়াদব শব্দ ব্যবহার করা হয়েছে।
নারীর প্রতি অশালীন ভাষা।
অবমাননাকর উদ্দেশ্য রয়েছে।","বেয়াদব শব্দ ব্যবহার করা হয়েছে।
নারীর প্রতি অশালীন ভাষা।
অবমাননাকর উদ্দেশ্য রয়েছে।","বেয়াদব শব্দ ব্যবহার করা হয়েছে।
নারীর প্রতি অশালীন ভাষা ব্যবহার।
অবমাননাকর উদ্দেশ্য রয়েছে।","বেয়াদব শব্দ ব্যবহার করা হয়েছে।
নারীর প্রতি অশালীন ভাষা।
অবমাননাকর উদ্দেশ্য রয়েছে।","বেয়াদব শব্দ ব্যবহার করা হয়েছে।
নারীর প্রতি অশালীন ভাষা ব্যবহার।
অবমাননাকর উদ্দেশ্য রয়েছে।","বেয়াদব শব্দ ব্যবহার করা হয়েছে।
নারীর প্রতি অশালীন ভাষা।
অবমাননাকর উদ্দেশ্য রয়েছে।","বেয়াদব শব্দ ব্যবহার করা হয়েছে।
নারীর প্রতি অশালীন ভাষা ব্যবহার।
অবমাননাকর উদ্দেশ্য রয়েছে।","বেয়াদব শব্দ ব্যবহার করা হয়েছে।
নারীর প্রতি অশালীন ভাষা।
অবমাননাকর উদ্দেশ্য রয়েছে।","বেয়াদব শব্দ ব্যবহার করা হয়েছে।
নারীর প্রতি অশালীন ভাষা।
অবমাননাকর উদ্দেশ্য রয়েছে।","বেয়াদব শব্দ ব্যবহার করা হয়েছে।
নারীর প্রতি অশালীন ভাষা।
অবমাননাকর উদ্দেশ্য রয়েছে।","বেয়াদব শব্দ ব্যবহার করা হয়েছে।
নারীর প্রতি অশালীন ভাষা।
অবমাননাকর উদ্দেশ্য রয়েছে।","বেয়াদব শব্দ ব্যবহার করা হয়েছে।
নারীর প্রতি অশালীন ভাষা ব্যবহার।
অবমাননাকর উদ্দেশ্য রয়েছে।","বেয়াদব শব্দ ব্যবহার করা হয়েছে।
নারীর প্রতি অশালীন ভাষা।
অবমাননাকর উদ্দেশ্য রয়েছে।","বেয়াদব শব্দ ব্যবহার করা হয়েছে।
নারীর প্রতি অশালীন ভাষা।
অবমাননাকর উদ্দেশ্য রয়েছে।","বেয়াদব শব্দ ব্যবহার করা হয়েছে।
নারীর প্রতি অশালীন ভাষা ব্যবহার।
অবমাননাকর উদ্দেশ্য রয়েছে।","বেয়াদব শব্দ ব্যবহার করা হয়েছে।
নারীর প্রতি অশালীন ভাষা।
অবমাননাকর উদ্দেশ্য রয়েছে।","বেয়াদব শব্দ ব্যবহার করা হয়েছে।
নারীর প্রতি অশালীন ভাষা ব্যবহার।
অবমাননাকর উদ্দেশ্য রয়েছে।","বেয়াদব শব্দ ব্যবহার করা হয়েছে।
নারীর প্রতি অশালীন ভাষা।
অবমাননাকর উদ্দেশ্য রয়েছে।","বেয়াদব শব্দ ব্যবহার করা হয়েছে।
নারীর প্রতি অশালীন ভাষা।
অবমাননাকর উদ্দেশ্য রয়েছে।"
ডিসির বৌ এখন খুব সুবিধা পাবে পর পুরুষের সাথে চুদাচুদি করতে পারবে,Gender,Offensive,"মন্তব্যটি অত্যন্ত অশালীন এবং নারীর প্রতি অবমাননাকর ইঙ্গিত প্রকাশ করেছে।
ব্যক্তিগত অপমান এবং অসম্মানজনক মনোভাবের কারণে এটি আপত্তিকর।
নারীর চরিত্রের প্রতি নেতিবাচক মনোভাব প্রদর্শন করায় এটি গুরুতরভাবে নিন্দনীয়।","নারীর প্রতি অবমাননা প্রকাশ করে।
অশালীন শব্দ ব্যবহার করা হয়েছে।
নারীর চরিত্র নিন্দনীয়।","নারীর প্রতি অবমাননা প্রকাশ করে।
অশালীন শব্দ ব্যবহার করা হয়েছে।
নারীকে অসম্মান করা হয়েছে","নারীর প্রতি অবমাননা প্রকাশ করে।
অশালীন শব্দ ব্যবহার করা হয়েছে।
নারীকে অসম্মান করা হয়েছে","নারীর প্রতি অবমাননা প্রকাশ করে।
অশালীন শব্দ ব্যবহার করা হয়েছে।
নারীকে অসম্মান করা হয়েছে","নারীর প্রতি অবমাননা প্রকাশ করে।
অশালীন শব্দ ব্যবহার করা হয়েছে।
নারীকে অসম্মান করা হয়েছে","নারীর প্রতি অবমাননা প্রকাশ করে।
অশালীন শব্দ ব্যবহার করা হয়েছে।
নারীকে অসম্মান করা হয়েছে","নারীর প্রতি অবমাননা প্রকাশ করে।
অশালীন শব্দ ব্যবহার করা হয়েছে।
নারীকে অসম্মান করা হয়েছে","নারীর প্রতি অবমাননা প্রকাশ করে।
অশালীন শব্দ ব্যবহার করা হয়েছে।
নারীকে অসম্মান করা হয়েছে","নারীর প্রতি অবমাননা প্রকাশ করে।
অশালীন শব্দ ব্যবহার করা হয়েছে।
নারীকে অসম্মান করা হয়েছে","নারীর প্রতি অবমাননা প্রকাশ করে।
অশালীন শব্দ ব্যবহার করা হয়েছে।
নারীকে অসম্মান করা হয়েছে","নারীর প্রতি অবমাননা প্রকাশ করে।
অশালীন শব্দ ব্যবহার করা হয়েছে।
নারীকে অসম্মান করা হয়েছে","নারীর প্রতি অবমাননা প্রকাশ করে।
অশালীন শব্দ ব্যবহার করা হয়েছে।
নারীকে অসম্মান করা হয়েছে","নারীর প্রতি অবমাননা প্রকাশ করে।
অশালীন শব্দ ব্যবহার করা হয়েছে।
নারীকে অসম্মান করা হয়েছে","নারীর প্রতি অবমাননা প্রকাশ করে।
অশালীন শব্দ ব্যবহার করা হয়েছে।
নারীকে অসম্মান করা হয়েছে","নারীর প্রতি অবমাননা করা হয়েছে।
অশালীন শব্দ ব্যবহার করা হয়েছে।
নারীকে অসম্মান করা হয়েছে।","নারীর প্রতি অবমাননা করা হয়েছে।
অশালীন শব্দ ব্যবহার করা হয়েছে।
নারীকে অসম্মান করা হয়েছে।","নারীর প্রতি অবমাননা করা হয়েছে।
অশালীন শব্দ ব্যবহার করা হয়েছে।
নারীকে অসম্মান করা হয়েছে।","নারীর প্রতি অবমাননা করা হয়েছে।
অশালীন শব্দ ব্যবহার করা হয়েছে।
নারীকে অসম্মান করা হয়েছে।","নারীর প্রতি অবমাননা করা হয়েছে।
অশালীন শব্দ ব্যবহার করা হয়েছে।
নারীকে অসম্মান করা হয়েছে।","নারীর প্রতি অবমাননা করা হয়েছে।
অশালীন শব্দ ব্যবহার করা হয়েছে।
নারীকে অসম্মান করা হয়েছে।","নারীর প্রতি অবমাননা করা হয়েছে।
অশালীন শব্দ ব্যবহার করা হয়েছে।
নারীকে অসম্মান করা হয়েছে।"
তকেচুদে বুদা ফাটিয়ে দেব,Gender,Offensive,"মন্তব্যটি অশালীন ভাষা এবং সরাসরি হিংস্র ইঙ্গিত প্রকাশ করেছে।
নারীর প্রতি অসম্মান এবং যৌন হয়রানির ভাষা ব্যবহার করা হয়েছে।
অশোভন ও অপমানজনক বক্তব্য হওয়ায় এটি অগ্রহণযোগ্য।","হিংস্র ইঙ্গিত প্রকাশ করেছে।
অশালীন ভাষা ব্যবহার করা হয়েছে।
অপমানজনক বক্তব্য হওয়ায়।","হিংসাত্মক শব্দ ব্যবহার করা হয়েছে।
অশালীন ভাষা ব্যবহার করা হয়েছে।
অপমানজনক বক্তব্য প্রকাশ পাচ্ছে।","হিংসাত্মক শব্দ ব্যবহার করা হয়েছে।
অশালীন ভাষা ব্যবহার করা হয়েছে।
অপমানজনক বক্তব্য প্রকাশ পাচ্ছে।","হিংসাত্মক শব্দ ব্যবহার করা হয়েছে।
অশালীন ভাষা ব্যবহার করা হয়েছে।
অপমানজনক বক্তব্য প্রকাশ পাচ্ছে।","হিংসাত্মক শব্দ ব্যবহার করা হয়েছে।
অশালীন ভাষা ব্যবহার করা হয়েছে।
অপমানজনক বক্তব্য প্রকাশ পাচ্ছে।","হিংসাত্মক শব্দ ব্যবহার করা হয়েছে।
অশালীন ভাষা ব্যবহার করা হয়েছে।
অপমানজনক বক্তব্য প্রকাশ পাচ্ছে।","হিংসাত্মক শব্দ ব্যবহার করা হয়েছে।
অশালীন ভাষা ব্যবহার করা হয়েছে।
অপমানজনক বক্তব্য প্রকাশ পাচ্ছে।","হিংসাত্মক শব্দ ব্যবহার করা হয়েছে।
অশালীন ভাষা ব্যবহার করা হয়েছে।
অপমানজনক বক্তব্য প্রকাশ পাচ্ছে।","হিংসাত্মক শব্দ ব্যবহার করা হয়েছে।
অশালীন ভাষা ব্যবহার করা হয়েছে।
অপমানজনক বক্তব্য প্রকাশ পাচ্ছে।","হিংসাত্মক শব্দ ব্যবহার করা হয়েছে।
অশালীন ভাষা ব্যবহার করা হয়েছে।
অপমানজনক বক্তব্য প্রকাশ পাচ্ছে।","হিংসাত্মক শব্দ ব্যবহার করা হয়েছে।
অশালীন ভাষা ব্যবহার করা হয়েছে।
অপমানজনক বক্তব্য প্রকাশ পাচ্ছে।","হিংসাত্মক শব্দ ব্যবহার করা হয়েছে।
অশালীন ভাষা ব্যবহার করা হয়েছে।
অপমানজনক বক্তব্য প্রকাশ পাচ্ছে।","হিংসাত্মক শব্দ ব্যবহার করা হয়েছে।
অশালীন ভাষা ব্যবহার করা হয়েছে।
অপমানজনক বক্তব্য প্রকাশ পাচ্ছে।","হিংসাত্মক শব্দ ব্যবহার করা হয়েছে।
অশালীন ভাষা ব্যবহার করা হয়েছে।
অপমানজনক বক্তব্য প্রকাশ পাচ্ছে।","হিংসাত্মক শব্দ ব্যবহার করা হয়েছে।
অশালীন ভাষা ব্যবহার করা হয়েছে।
অপমানজনক বক্তব্য প্রকাশ পাচ্ছে।","হিংসাত্মক শব্দ ব্যবহার করা হয়েছে।
অশালীন ভাষা ব্যবহার করা হয়েছে।
অপমানজনক বক্তব্য প্রকাশ পাচ্ছে।","হিংসাত্মক শব্দ ব্যবহার করা হয়েছে।
অশালীন ভাষা ব্যবহার করা হয়েছে।
অপমানজনক বক্তব্য প্রকাশ পাচ্ছে।","হিংসাত্মক শব্দ ব্যবহার করা হয়েছে।
অশালীন ভাষা ব্যবহার করা হয়েছে।
অপমানজনক বক্তব্য প্রকাশ পাচ্ছে।","হিংসাত্মক শব্দ ব্যবহার করা হয়েছে।
অশালীন ভাষা ব্যবহার করা হয়েছে।
অপমানজনক বক্তব্য প্রকাশ পাচ্ছে।","হিংসাত্মক শব্দ ব্যবহার করা হয়েছে।
অশালীন ভাষা ব্যবহার করা হয়েছে।
অপমানজনক বক্তব্য প্রকাশ পাচ্ছে।","হিংসাত্মক শব্দ ব্যবহার করা হয়েছে।
অশালীন ভাষা ব্যবহার করা হয়েছে।
অপমানজনক বক্তব্য প্রকাশ পাচ্ছে।"
তর বগবানের ধনটা কাইট্টে তর মার সোনাদে ডুকাইয়া দিমু,Gender,Offensive,"মন্তব্যটি অত্যন্ত অশ্লীল এবং চরম অবমাননাকর ভাষা ব্যবহার করেছে।
নারীর প্রতি অসম্মান এবং সহিংস ইঙ্গিত প্রকাশ করায় এটি গুরুতরভাবে আপত্তিকর।
অশালীন ও হিংস্র বক্তব্য থাকায় এটি সম্পূর্ণভাবে অগ্রহণযোগ্য।","অশ্লীল ভাষা ব্যবহার করা হয়েছে।
নারীর প্রতি অসম্মান প্রকাশ করা হয়েছে।
সহিংস ইঙ্গিত রয়েছে।","অশ্লীল শব্দ ব্যবহার করা হয়েছে।
নারীর প্রতি অসম্মান দেখা যায়।
সহিংসতার ইঙ্গিত রয়েছে।","অশ্লীল শব্দ ব্যবহার করা হয়েছে।
নারীর প্রতি অসম্মান জন্মে।
সহিংসতার ইঙ্গিত প্রকট।","অশ্লীল শব্দ ব্যবহার করা হয়েছে।
নারীর প্রতি অসম্মান জন্মে।
সহিংসতার ইঙ্গিত প্রকট।","অশ্লীল শব্দ ব্যবহার করা হয়েছে।
নারীর প্রতি অসম্মান জন্মে।
সহিংসতার ইঙ্গিত প্রকট।","অশ্লীল শব্দ ব্যবহার করা হয়েছে।
নারীর প্রতি অসম্মান জন্মে।
সহিংসতার ইঙ্গিত প্রকট।","অশ্লীল শব্দ ব্যবহার করা হয়েছে।
নারীর প্রতি অসম্মান জন্মে।
সহিংসতার ইঙ্গিত প্রকট।","অশ্লীল শব্দ ব্যবহার করা হয়েছে।
নারীর প্রতি অসম্মান জন্মে।
সহিংসতার ইঙ্গিত প্রকট।","অশ্লীল শব্দ ব্যবহার করা হয়েছে।
নারীর প্রতি অসম্মান জন্মে।
সহিংসতার ইঙ্গিত প্রকট।","অশ্লীল শব্দ ব্যবহার করা হয়েছে।
নারীর প্রতি অসম্মান জন্মে।
সহিংসতার ইঙ্গিত প্রকট।","অশ্লীল শব্দ ব্যবহার করা হয়েছে।
নারীর প্রতি অসম্মান জন্মে।
সহিংসতার ইঙ্গিত প্রকট।","অশ্লীল শব্দ ব্যবহার করা হয়েছে।
নারীর প্রতি অসম্মান জন্মে।
সহিংসতার ইঙ্গিত প্রকট।","অশ্লীল শব্দ ব্যবহার করা হয়েছে।
নারীর প্রতি অসম্মান জন্মে।
সহিংসতার ইঙ্গিত প্রকট।","অশ্লীল শব্দ ব্যবহার করা হয়েছে।
নারীর প্রতি অসম্মান জন্মে।
সহিংসতার ইঙ্গিত প্রকট।","অশ্লীল শব্দ ব্যবহার করা হয়েছে।
নারীর প্রতি অসম্মান জন্মে।
সহিংসতার ইঙ্গিত প্রকট।","অশ্লীল শব্দ ব্যবহার করা হয়েছে।
নারীর প্রতি অসম্মান জন্মে।
সহিংসতার ইঙ্গিত প্রকট।","অশ্লীল শব্দ ব্যবহার করা হয়েছে।
নারীর প্রতি অসম্মান জন্মে।
সহিংসতার ইঙ্গিত প্রকট।","অশ্লীল শব্দ ব্যবহার করা হয়েছে।
নারীর প্রতি অসম্মান জন্মে।
সহিংসতার ইঙ্গিত প্রকট।","অশ্লীল শব্দ ব্যবহার করা হয়েছে।
নারীর প্রতি অসম্মান জন্মে।
সহিংসতার ইঙ্গিত প্রকট।","অশ্লীল শব্দ ব্যবহার করা হয়েছে।
নারীর প্রতি অসম্মান জন্মে।
সহিংসতার ইঙ্গিত প্রকট।","অশ্লীল শব্দ ব্যবহার করা হয়েছে।
নারীর প্রতি অসম্মান জন্মে।
সহিংসতার ইঙ্গিত প্রকট।"
তর মা রে কুতা দিয় চুদা,Gender,Offensive,"মন্তব্যটি অত্যন্ত অশালীন এবং নারীর প্রতি সরাসরি যৌন হয়রানিমূলক।
ব্যক্তিগত অপমান এবং অবমাননাকর মনোভাব প্রকাশ করা হয়েছে।
অশোভন ভাষা ও হিংস্র ইঙ্গিত থাকার কারণে এটি গুরুতরভাবে আপত্তিকর।","অশালীন ভাষা ব্যবহার।
নারীর প্রতি অবমাননা।
হিংস্র ইঙ্গিত থাকায়।","অশালীন শব্দ ব্যবহার।
নারীর প্রতি অবমাননা করা।
হিংস্র ইঙ্গিত রয়েছে।","অশালীন শব্দ ব্যবহার করা হয়েছে।
নারীর প্রতি অবমাননা করা হয়েছে।
হিংস্র ইঙ্গিত রয়েছে।","অশালীন শব্দ ব্যবহার করা হয়েছে।
নারীর প্রতি অবমাননা করা হয়েছে।
হিংস্র ইঙ্গিত রয়েছে।","অশালীন শব্দ ব্যবহার করা হয়েছে।
নারীর প্রতি অবমাননা করা হয়েছে।
হিংস্র ইঙ্গিত রয়েছে।","অশালীন শব্দ ব্যবহার করা হয়েছে।
নারীর প্রতি অবমাননা করা হয়েছে।
হিংস্র ইঙ্গিত রয়েছে।","অশালীন শব্দ ব্যবহার করা হয়েছে।
নারীর প্রতি অবমাননা করা হয়েছে।
হিংস্র ইঙ্গিত রয়েছে।","অশালীন শব্দ ব্যবহার করা হয়েছে।
নারীর প্রতি অবমাননা করা হয়েছে।
হিংস্র ইঙ্গিত রয়েছে।","অশালীন শব্দ ব্যবহার করা হয়েছে।
নারীর প্রতি অবমাননা করা হয়েছে।
হিংস্র ইঙ্গিত রয়েছে।","অশালীন শব্দ ব্যবহার করা হয়েছে।
নারীর প্রতি অবমাননা করা হয়েছে।
হিংস্র ইঙ্গিত রয়েছে।","অশালীন শব্দ ব্যবহার করা হয়েছে।
নারীর প্রতি অবমাননা করা হয়েছে।
হিংস্র ইঙ্গিত রয়েছে।","অশালীন শব্দ ব্যবহার করা হয়েছে।
নারীর প্রতি অবমাননা করা হয়েছে।
হিংস্র ইঙ্গিত রয়েছে।","অশালীন শব্দ ব্যবহার করা হয়েছে।
নারীর প্রতি অবমাননা করা হয়েছে।
হিংস্র ইঙ্গিত রয়েছে।","অশালীন শব্দ ব্যবহার করা হয়েছে।
নারীর প্রতি অবমাননা করা হয়েছে।
হিংস্র ইঙ্গিত রয়েছে।","অশালীন শব্দ ব্যবহার করা হয়েছে।
নারীর প্রতি অবমাননা করা হয়েছে।
হিংস্র ইঙ্গিত রয়েছে।","অশালীন শব্দ ব্যবহার করা হয়েছে।
নারীর প্রতি অবমাননা করা হয়েছে।
হিংস্র ইঙ্গিত রয়েছে।","অশালীন শব্দ ব্যবহার করা হয়েছে।
নারীর প্রতি অবমাননা করা হয়েছে।
হিংস্র ইঙ্গিত রয়েছে।","অশালীন শব্দ ব্যবহার করা হয়েছে।
নারীর প্রতি অবমাননা করা হয়েছে।
হিংস্র ইঙ্গিত রয়েছে।","অশালীন শব্দ ব্যবহার করা হয়েছে।
নারীর প্রতি অবমাননা করা হয়েছে।
হিংস্র ইঙ্গিত রয়েছে।","অশালীন শব্দ ব্যবহার করা হয়েছে।
নারীর প্রতি অবমাননা করা হয়েছে।
হিংস্র ইঙ্গিত রয়েছে।","অশালীন শব্দ ব্যবহার করা হয়েছে।
নারীর প্রতি অবমাননা করা হয়েছে।
হিংস্র ইঙ্গিত রয়েছে।"
তর মাইরে চুদি,Gender,Offensive,"মন্তব্যটি অত্যন্ত অশালীন এবং নারীর প্রতি সরাসরি অবমাননাকর ইঙ্গিত দিয়েছে।
নারীর সম্মানহানির উদ্দেশ্যে অশালীন ভাষা ব্যবহার করা হয়েছে।
এ ধরনের মন্তব্য চরমভাবে অপমানজনক এবং নৈতিকভাবে অগ্রহণযোগ্য।","অশালীন ভাষা ব্যবহার করা হয়েছে।
নারীর প্রতি অবমাননা করা হয়েছে।
অপমানজনক মন্তব্য করা হয়েছে।","অশালীন শব্দ ব্যবহার করা হয়েছে।
নারীর প্রতি ঘৃণা দেখা যায়।
অপমানজনক ভাষা ব্যবহার করা হয়েছে।","অশালীন শব্দ ব্যবহার করা হয়েছে।
নারীর প্রতি ঘৃণা প্রকাশ।
অপমানজনক ভাষা ব্যবহার।","অশালীন শব্দ ব্যবহার করা হয়েছে।
নারীর প্রতি ঘৃণা প্রকাশ পাচ্ছে।
অপমানজনক ভাষা ব্যবহার করা হয়েছে।","অশালীন শব্দ ব্যবহার করা হয়েছে।
নারীর প্রতি ঘৃণা প্রকাশ পাচ্ছে।
অপমানজনক ভাষা ব্যবহার করা হয়েছে।","অশালীন শব্দ ব্যবহার করা হয়েছে।
নারীর প্রতি ঘৃণা প্রকাশ পাচ্ছে।
অপমানজনক ভাষা ব্যবহার করা হয়েছে।","অশালীন শব্দ ব্যবহার করা হয়েছে।
নারীর প্রতি ঘৃণা প্রকাশ পাচ্ছে।
অপমানজনক ভাষা ব্যবহার করা হয়েছে।","অশালীন শব্দ ব্যবহার করা হয়েছে।
নারীর প্রতি ঘৃণা প্রকাশ পাচ্ছে।
অপমানজনক ভাষা ব্যবহার করা হয়েছে।","অশালীন শব্দ ব্যবহার করা হয়েছে।
নারীর প্রতি ঘৃণা প্রকাশ পাচ্ছে।
অপমানজনক ভাষা ব্যবহার করা হয়েছে।","অশালীন শব্দ ব্যবহার করা হয়েছে।
নারীর প্রতি ঘৃণা প্রকাশ পাচ্ছে।
অপমানজনক ভাষা ব্যবহার করা হয়েছে।","অশালীন শব্দ ব্যবহার করা হয়েছে।
নারীর প্রতি ঘৃণা প্রকাশ পাচ্ছে।
অপমানজনক ভাষা ব্যবহার করা হয়েছে।","অশালীন শব্দ ব্যবহার করা হয়েছে।
নারীর প্রতি ঘৃণা প্রকাশ পাচ্ছে।
অপমানজনক ভাষা ব্যবহার করা হয়েছে।","অশালীন শব্দ ব্যবহার করা হয়েছে।
নারীর প্রতি ঘৃণা প্রকাশ পাচ্ছে।
অপমানজনক ভাষা ব্যবহার করা হয়েছে।","অশালীন শব্দ ব্যবহার করা হয়েছে।
নারীর প্রতি ঘৃণা প্রকাশ পাচ্ছে।
অপমানজনক ভাষা ব্যবহার করা হয়েছে।","অশালীন শব্দ ব্যবহার করা হয়েছে।
নারীর প্রতি ঘৃণা প্রকাশ পাচ্ছে।
অপমানজনক ভাষা ব্যবহার করা হয়েছে।","অশালীন শব্দ ব্যবহার করা হয়েছে।
নারীর প্রতি ঘৃণা প্রকাশ পাচ্ছে।
অপমানজনক ভাষা ব্যবহার করা হয়েছে।","অশালীন শব্দ ব্যবহার করা হয়েছে।
নারীর প্রতি ঘৃণা প্রকাশ পাচ্ছে।
অপমানজনক ভাষা ব্যবহার করা হয়েছে।","অশালীন শব্দ ব্যবহার করা হয়েছে।
নারীর প্রতি ঘৃণা প্রকাশ পাচ্ছে।
অপমানজনক ভাষা ব্যবহার করা হয়েছে।","অশালীন শব্দ ব্যবহার করা হয়েছে।
নারীর প্রতি ঘৃণা প্রকাশ পাচ্ছে।
অপমানজনক ভাষা ব্যবহার করা হয়েছে।","অশালীন শব্দ ব্যবহার করা হয়েছে।
নারীর প্রতি ঘৃণা প্রকাশ পাচ্ছে।
অপমানজনক ভাষা ব্যবহার করা হয়েছে।","অশালীন শব্দ ব্যবহার করা হয়েছে।
নারীর প্রতি ঘৃণা প্রকাশ পাচ্ছে।
অপমানজনক ভাষা ব্যবহার করা হয়েছে।"
তর মার বিতর হানদায়া দিমু,Gender,Offensive,"মন্তব্যটি অশালীন এবং নারীর প্রতি চরম অবমাননাকর ভাষা ব্যবহার করেছে।
অপমানজনক ও হুমকিসূচক ইঙ্গিতের মাধ্যমে এটি গুরুতরভাবে আপত্তিকর।
নারীর সম্মানহানি এবং হেয় প্রতিপন্ন করার উদ্দেশ্যে এটি প্রকাশিত হয়েছে।","অশালীন ভাষা ব্যবহার করা হয়েছে।
নারীর প্রতি অবমাননা করা হয়েছে।
সম্মানহানি করার উদ্দেশ্যে লেখা।","অশালীন শব্দ ব্যবহার করা হয়েছে।
নারীর প্রতি অসম্মান দেখা যায়।
সম্মানহানি করার উদ্দেশ্য রয়েছে।","অশালীন শব্দ ব্যবহার করা হয়েছে।
নারীর প্রতি অসম্মান দেখা যায়।
সম্মানহানি করার উদ্দেশ্য রয়েছে।","অশালীন শব্দ ব্যবহার করা হয়েছে।
নারীর প্রতি অসম্মান দেখা যায়।
সম্মানহানি করার উদ্দেশ্য রয়েছে।","অশালীন শব্দ ব্যবহার করা হয়েছে।
নারীর প্রতি অসম্মান দেখা যায়।
সম্মানহানি করার উদ্দেশ্য রয়েছে।","অশালীন শব্দ ব্যবহার করা হয়েছে।
নারীর প্রতি অসম্মান দেখা যায়।
সম্মানহানি করার উদ্দেশ্য রয়েছে।","অশালীন শব্দ ব্যবহার করা হয়েছে।
নারীর প্রতি অসম্মান দেখা যায়।
সম্মানহানি করার উদ্দেশ্য রয়েছে।","অশালীন শব্দ ব্যবহার করা হয়েছে।
নারীর প্রতি অসম্মান দেখা যায়।
সম্মানহানি করার উদ্দেশ্য রয়েছে।","অশালীন শব্দ ব্যবহার করা হয়েছে।
নারীর প্রতি অসম্মান দেখা যায়।
সম্মানহানি করার উদ্দেশ্য রয়েছে।","অশালীন শব্দ ব্যবহার করা হয়েছে।
নারীর প্রতি অসম্মান জন্মায়।
সম্মানহানি করার উদ্দেশ্য আছে।","অশালীন শব্দ ব্যবহার করা হয়েছে।
নারীর প্রতি অসম্মান জন্মায়।
সম্মানহানি করার উদ্দেশ্য আছে।","অশালীন শব্দ ব্যবহার করা হয়েছে।
নারীর প্রতি অসম্মান জন্মায়।
সম্মানহানি করার উদ্দেশ্য আছে।","অশালীন শব্দ ব্যবহার করা হয়েছে।
নারীর প্রতি অসম্মান জন্মায়।
সম্মানহানি করার উদ্দেশ্য আছে।","অশালীন শব্দ ব্যবহার করা হয়েছে।
নারীর প্রতি অসম্মান জন্মায়।
সম্মানহানি করার উদ্দেশ্য আছে।","অশালীন শব্দ ব্যবহার করা হয়েছে।
নারীর প্রতি অসম্মান জন্মায়।
সম্মানহানি করার উদ্দেশ্য আছে।","অশালীন শব্দ ব্যবহার করা হয়েছে।
নারীর প্রতি অসম্মান জন্মায়।
সম্মানহানি করার উদ্দেশ্য আছে।","অশালীন শব্দ ব্যবহার করা হয়েছে।
নারীর প্রতি অসম্মান জন্মায়।
সম্মানহানি করার উদ্দেশ্য আছে।","অশালীন শব্দ ব্যবহার করা হয়েছে।
নারীর প্রতি অসম্মান জন্মায়।
সম্মানহানি করার উদ্দেশ্য আছে।","অশালীন শব্দ ব্যবহার করা হয়েছে।
নারীর প্রতি অসম্মান জন্মায়।
সম্মানহানি করার উদ্দেশ্য আছে।","অশালীন শব্দ ব্যবহার করা হয়েছে।
নারীর প্রতি অসম্মান জন্মায়।
সম্মানহানি করার উদ্দেশ্য আছে।","অশালীন শব্দ ব্যবহার করা হয়েছে।
নারীর প্রতি অসম্মান জন্মায়।
সম্মানহানি করার উদ্দেশ্য আছে।"
তর মারে খেলছে,Gender,Offensive,"মন্তব্যটি অত্যন্ত অবমাননাকর এবং নারীর প্রতি অসম্মানজনক।
ব্যক্তিগত অপমান এবং অশালীন ইঙ্গিতের কারণে এটি আপত্তিকর।
অপমানসূচক ও হেয়প্রসূত মনোভাব প্রকাশ করায় এটি গুরুতরভাবে অগ্রহণযোগ্য।
","অবমাননাকর শব্দ ব্যবহার।
নারীর প্রতি অসম্মান।
অশালীন ইঙ্গিত রয়েছে।","অবমাননাকর শব্দ ব্যবহার হয়েছে।
নারীর প্রতি অসম্মান দেখা যায়।
অশালীন ইঙ্গিত রয়েছে।","অবমাননাকর শব্দ ব্যবহার হয়েছে।
নারীর প্রতি অসম্মান দেখা যায়।
অশালীন ইঙ্গিত রয়েছে।","অবমাননাকর শব্দ ব্যবহার হয়েছে।
নারীর প্রতি অসম্মান দেখা যায়।
অশালীন ইঙ্গিত রয়েছে।","অবমাননাকর শব্দ ব্যবহার হয়েছে।
নারীর প্রতি অসম্মান দেখা যায়।
অশালীন ইঙ্গিত রয়েছে।","অবমাননাকর শব্দ ব্যবহার হয়েছে।
নারীর প্রতি অসম্মান দেখা যায়।
অশালীন ইঙ্গিত রয়েছে।","অবমাননাকর শব্দ ব্যবহার হয়েছে।
নারীর প্রতি অসম্মান দেখা যায়।
অশালীন ইঙ্গিত রয়েছে।","অবমাননাকর শব্দ ব্যবহার হয়েছে।
নারীর প্রতি অসম্মান দেখা যায়।
অশালীন ইঙ্গিত রয়েছে।","অবমাননাকর শব্দ ব্যবহার হয়েছে।
নারীর প্রতি অসম্মান দেখা যায়।
অশালীন ইঙ্গিত রয়েছে।","অবমাননাকর শব্দ ব্যবহার হয়েছে।
নারীর প্রতি অসম্মান দেখা যায়।
অশালীন ইঙ্গিত রয়েছে।","অবমাননাকর শব্দ ব্যবহার হয়েছে।
নারীর প্রতি অসম্মান দেখা যায়।
অশালীন ইঙ্গিত রয়েছে।","অবমাননাকর শব্দ ব্যবহার হয়েছে।
নারীর প্রতি অসম্মান দেখা যায়।
অশালীন ইঙ্গিত রয়েছে।","অবমাননাকর শব্দ ব্যবহার হয়েছে।
নারীর প্রতি অসম্মান দেখা যায়।
অশালীন ইঙ্গিত রয়েছে।","অবমাননাকর শব্দ ব্যবহার হয়েছে।
নারীর প্রতি অসম্মান দেখা যায়।
অশালীন ইঙ্গিত রয়েছে।","অবমাননাকর শব্দ ব্যবহার হয়েছে।
নারীর প্রতি অসম্মান দেখা যায়।
অশালীন ইঙ্গিত রয়েছে।","অবমাননাকর শব্দ ব্যবহার হয়েছে।
নারীর প্রতি অসম্মান দেখা যায়।
অশালীন ইঙ্গিত রয়েছে।","অবমাননাকর শব্দ ব্যবহার হয়েছে।
নারীর প্রতি অসম্মান দেখা যায়।
অশালীন ইঙ্গিত রয়েছে।","অবমাননাকর শব্দ ব্যবহার হয়েছে।
নারীর প্রতি অসম্মান দেখা যায়।
অশালীন ইঙ্গিত রয়েছে।","অবমাননাকর শব্দ ব্যবহার হয়েছে।
নারীর প্রতি অসম্মান দেখা যায়।
অশালীন ইঙ্গিত রয়েছে।","অবমাননাকর শব্দ ব্যবহার হয়েছে।
নারীর প্রতি অসম্মান দেখা যায়।
অশালীন ইঙ্গিত রয়েছে।","অবমাননাকর শব্দ ব্যবহার হয়েছে।
নারীর প্রতি অসম্মান দেখা যায়।
অশালীন ইঙ্গিত রয়েছে।"
তর মারে চুদার কবর কও,Gender,Offensive,"মন্তব্যটি অশালীন এবং নারীর প্রতি চরম অবমাননাকর ইঙ্গিত দিয়েছে।
অপমানজনক এবং অসম্মানসূচক মনোভাব প্রকাশ করায় এটি গুরুতরভাবে আপত্তিকর।
অশ্লীল ভাষা ব্যবহার করে এটি সম্পূর্ণ অগ্রহণযোগ্য।","অশালীন ভাষা ব্যবহার করা হয়েছে।
নারীর প্রতি অবমাননা করা হয়েছে।
অপমানজনক মনোভাব প্রকাশ করা হয়েছে।","অশালীন শব্দ ব্যবহার করা হয়েছে।
নারীর প্রতি ঘৃণা প্রকাশ করা হয়েছে।
অবমাননাকর ভাষা ব্যবহার করা হয়েছে।","অশালীন শব্দ ব্যবহার করা হয়েছে।
নারীর প্রতি ঘৃণা প্রকাশ করা হয়েছে।
অবমাননাকর ভাষা ব্যবহার করা হয়েছে।","অশালীন শব্দ ব্যবহার করা হয়েছে।
নারীর প্রতি ঘৃণা প্রকাশ করা হয়েছে।
অবমাননাকর ভাষা ব্যবহার করা হয়েছে।","অশালীন শব্দ ব্যবহার করা হয়েছে।
নারীর প্রতি ঘৃণা প্রকাশ করা হয়েছে।
অবমাননাকর ভাষা ব্যবহার করা হয়েছে।","অশালীন শব্দ ব্যবহার করা হয়েছে।
নারীর প্রতি ঘৃণা প্রকাশ করা হয়েছে।
অবমাননাকর ভাষা ব্যবহার করা হয়েছে।","অশালীন শব্দ ব্যবহার করা হয়েছে।
নারীর প্রতি ঘৃণা প্রকাশ করা হয়েছে।
অবমাননাকর ভাষা ব্যবহার করা হয়েছে।","অশালীন শব্দ ব্যবহার করা হয়েছে।
নারীর প্রতি ঘৃণা প্রকাশ করা হয়েছে।
অবমাননাকর ভাষা ব্যবহার করা হয়েছে।","অশালীন শব্দ ব্যবহার করা হয়েছে।
ঘৃণাত্মক ভাষা ব্যবহার।
অবমাননাকর শব্দ রয়েছে।","অশালীন শব্দ ব্যবহার করা হয়েছে।
ঘৃণাত্মক ভাষা ব্যবহার হয়েছে।
অবমাননাকর শব্দ রয়েছে।","অশালীন শব্দ ব্যবহার করা হয়েছে।
ঘৃণাত্মক ভাষা ব্যবহার হয়েছে।
অবমাননাকর শব্দ রয়েছে।","অশালীন শব্দ ব্যবহার করা হয়েছে।
ঘৃণাত্মক ভাষা ব্যবহার হয়েছে।
অবমাননাকর শব্দ রয়েছে।","অশালীন শব্দ ব্যবহার করা হয়েছে।
ঘৃণাত্মক ভাষা ব্যবহার হয়েছে।
অবমাননাকর শব্দ রয়েছে।","অশালীন শব্দ ব্যবহার করা হয়েছে।
ঘৃণাত্মক ভাষা ব্যবহার হয়েছে।
অবমাননাকর শব্দ রয়েছে।","অশালীন শব্দ ব্যবহার করা হয়েছে।
ঘৃণাত্মক ভাষা ব্যবহার হয়েছে।
অবমাননাকর শব্দ রয়েছে।","অশালীন শব্দ ব্যবহার করা হয়েছে।
ঘৃণাত্মক ভাষা ব্যবহার হয়েছে।
অবমাননাকর শব্দ রয়েছে।","অশালীন শব্দ ব্যবহার করা হয়েছে।
ঘৃণাত্মক ভাষা ব্যবহার হয়েছে।
অবমাননাকর শব্দ রয়েছে।","অশালীন শব্দ ব্যবহার করা হয়েছে।
ঘৃণাত্মক ভাষা ব্যবহার হয়েছে।
অবমাননাকর শব্দ রয়েছে।","অশালীন শব্দ ব্যবহার করা হয়েছে।
ঘৃণাত্মক ভাষা ব্যবহার হয়েছে।
অবমাননাকর শব্দ রয়েছে।","অশালীন শব্দ ব্যবহার করা হয়েছে।
ঘৃণাত্মক ভাষা ব্যবহার হয়েছে।
অবমাননাকর শব্দ রয়েছে।","অশালীন শব্দ ব্যবহার করা হয়েছে।
ঘৃণাত্মক ভাষা ব্যবহার হয়েছে।
অবমাননাকর শব্দ রয়েছে।"
তর মারে চুদি,Gender,Offensive,"মন্তব্যটি অত্যন্ত অশালীন এবং নারীর প্রতি সরাসরি অবমাননাকর।
ব্যক্তিগত সম্মানহানির উদ্দেশ্যে অশোভন ভাষা ব্যবহার করা হয়েছে।
এটি নারীর প্রতি অপমানসূচক এবং সামাজিকভাবে অগ্রহণযোগ্য।","অশালীন ভাষা ব্যবহার।
নারীর প্রতি অবমাননা।
সামাজিকভাবে অগ্রহণযোগ্য।","অশালীন শব্দ ব্যবহার।
নারীর প্রতি অসম্মান।
সামাজিক নিয়ম লঙ্ঘন।","অশালীন শব্দ ব্যবহার হয়েছে।
নারীর প্রতি অসম্মান দেখা যায়।
সামাজিক নিয়ম লঙ্ঘন করা হয়েছে।","অশালীন শব্দ ব্যবহার করা হয়েছে।
নারীর প্রতি অসম্মান জানানো হয়।
সামাজিক নিয়ম ভঙ্গ হয়েছে।","অশালীন শব্দ ব্যবহার করা হয়েছে।
নারীর প্রতি অসম্মান জানানো হয়।
সামাজিক নিয়ম ভঙ্গ হয়েছে।","অশালীন শব্দ ব্যবহার করা হয়েছে।
নারীর প্রতি অসম্মান জানানো হয়।
সামাজিক নিয়ম ভঙ্গ হয়েছে।","অশালীন শব্দ ব্যবহার করা হয়েছে।
নারীর প্রতি অসম্মান জানানো হয়।
সামাজিক নিয়ম ভঙ্গ হয়েছে।","অশালীন শব্দ ব্যবহার করা হয়েছে।
নারীর প্রতি অসম্মান জানানো হয়।
সামাজিক নিয়ম ভঙ্গ হয়েছে।","অশালীন শব্দ ব্যবহার করা হয়েছে।
নারীর প্রতি অসম্মান জানানো হয়।
সামাজিক নিয়ম ভঙ্গ করা হয়েছে।","অশালীন শব্দ ব্যবহার করা হয়েছে।
নারীর প্রতি অসম্মান জানানো হয়।
সামাজিক নিয়ম ভঙ্গ করা হয়েছে।","অশালীন শব্দ ব্যবহার করা হয়েছে।
নারীর প্রতি অসম্মান জানানো হয়।
সামাজিক নিয়ম ভঙ্গ করা হয়েছে।","অশালীন শব্দ ব্যবহার করা হয়েছে।
নারীর প্রতি অসম্মান জানানো হয়।
সামাজিক নিয়ম ভঙ্গ করা হয়েছে।","অশালীন শব্দ ব্যবহার করা হয়েছে।
নারীর প্রতি অসম্মান জানানো হয়।
সামাজিক নিয়ম ভঙ্গ করা হয়েছে।","অশালীন শব্দ ব্যবহার করা হয়েছে।
নারীর প্রতি অসম্মান জানানো হয়।
সামাজিক নিয়ম ভঙ্গ করা হয়েছে।","অশালীন শব্দ ব্যবহার করা হয়েছে।
নারীর প্রতি অসম্মান জানানো হয়।
সামাজিক নিয়ম ভঙ্গ করা হয়েছে।","অশালীন শব্দ ব্যবহার করা হয়েছে।
নারীর প্রতি অসম্মান জানানো হয়।
সামাজিক নিয়ম ভঙ্গ করা হয়েছে।","অশালীন শব্দ ব্যবহার করা হয়েছে।
নারীর প্রতি অসম্মান জানানো হয়।
সামাজিক নিয়ম ভঙ্গ করা হয়েছে।","অশালীন শব্দ ব্যবহার করা হয়েছে।
নারীর প্রতি অসম্মান জানানো হয়।
সামাজিক নিয়ম ভঙ্গ করা হয়েছে।","অশালীন শব্দ ব্যবহার করা হয়েছে।
নারীর প্রতি অসম্মান জানানো হয়।
সামাজিক নিয়ম ভঙ্গ করা হয়েছে।","অশালীন শব্দ ব্যবহার করা হয়েছে।
নারীর প্রতি অসম্মান জানানো হয়।
সামাজিক নিয়ম ভঙ্গ করা হয়েছে।","অশালীন শব্দ ব্যবহার করা হয়েছে।
নারীর প্রতি অসম্মান জানানো হয়।
সামাজিক নিয়ম ভঙ্গ করা হয়েছে।"
তর মারে চুদি তই জানস,Gender,Offensive,"মন্তব্যটি অশালীন এবং সরাসরি যৌন হয়রানির ইঙ্গিত দিয়েছে।
অপমানজনক মনোভাব প্রদর্শন করায় এটি গুরুতরভাবে আপত্তিকর।
অশালীন ভাষা ব্যবহার করে নারীর সম্মানহানির প্রচেষ্টা করা হয়েছে।","অশালীন ভাষা ব্যবহার করা হয়েছে।
নারীর প্রতি অপমান করা হয়েছে।
যৌন হয়রানির ইঙ্গিত দেওয়া হয়েছে।","অশালীন শব্দ ব্যবহার করা হয়েছে।
নারীর প্রতি অসম্মান দেখা যায়।
যৌন অশালীনতা প্রকাশ পাচ্ছে।","অশালীন শব্দ ব্যবহার করা হয়েছে।
নারীর প্রতি অসম্মান দেখা যায়।
যৌন অশালীনতা প্রকাশ পাচ্ছে।","অশালীন শব্দ ব্যবহার করা হয়েছে।
নারীর প্রতি অসম্মান দেখা যায়।
যৌন অশালীনতা প্রকাশ পাচ্ছে।","অশালীন শব্দ ব্যবহার করা হয়েছে।
নারীর প্রতি অসম্মান দেখা যায়।
যৌন অশালীনতা প্রকাশ পাচ্ছে।","অশালীন শব্দ ব্যবহার করা হয়েছে।
নারীর প্রতি অসম্মান দেখা যায়।
যৌন অশালীনতা প্রকাশ পাচ্ছে।","অশালীন শব্দ ব্যবহার করা হয়েছে।
নারীর প্রতি অসম্মান দেখা যায়।
যৌন অশালীনতা প্রকাশ পাচ্ছে।","অশালীন শব্দ ব্যবহার করা হয়েছে।
নারীর প্রতি অসম্মান দেখা যায়।
যৌন অশালীনতা প্রকাশ পাচ্ছে।","অশালীন শব্দ ব্যবহার করা হয়েছে।
নারীর প্রতি অসম্মান দেখা যায়।
যৌন অশালীনতা প্রকাশ পাচ্ছে।","অশালীন শব্দ ব্যবহার করা হয়েছে।
নারীর প্রতি অসম্মান দেখা যায়।
যৌন অশালীনতা প্রকাশ পাচ্ছে।","অশালীন শব্দ ব্যবহার করা হয়েছে।
নারীর প্রতি অসম্মান দেখা যায়।
যৌন অশালীনতা প্রকাশ পাচ্ছে।","অশালীন শব্দ ব্যবহার করা হয়েছে।
নারীর প্রতি অসম্মান দেখা যায়।
যৌন অশালীনতা প্রকাশ পাচ্ছে।","অশালীন শব্দ ব্যবহার করা হয়েছে।
নারীর প্রতি অসম্মান দেখা যায়।
যৌন অশালীনতা প্রকাশ পাচ্ছে।","অশালীন শব্দ ব্যবহার করা হয়েছে।
নারীর প্রতি অসম্মান দেখা যায়।
যৌন অশালীনতা প্রকাশ পাচ্ছে।","অশালীন শব্দ ব্যবহার করা হয়েছে।
নারীর প্রতি অসম্মান দেখা যায়।
যৌন অশালীনতা প্রকাশ পাচ্ছে।","অশালীন শব্দ ব্যবহার করা হয়েছে।
নারীর প্রতি অসম্মান দেখা যায়।
যৌন অশালীনতা প্রকাশ পাচ্ছে।","অশালীন শব্দ ব্যবহার করা হয়েছে।
নারীর প্রতি অসম্মান দেখা যায়।
যৌন অশালীনতা প্রকাশ পাচ্ছে।","অশালীন শব্দ ব্যবহার করা হয়েছে।
নারীর প্রতি অসম্মান জন্মে।
যৌন অশালীনতা প্রকাশ পাচ্ছে।","অশালীন শব্দ ব্যবহার করা হয়েছে।
নারীর প্রতি অসম্মান দেখা যায়।
যৌন অশ্লীলতা প্রকাশ পাচ্ছে।","অশালীন শব্দ ব্যবহার করা হয়েছে।
নারীর প্রতি অসম্মান দেখা যায়।
যৌন অশ্লীলতা প্রকাশ পাচ্ছে।","অশালীন শব্দ ব্যবহার করা হয়েছে।
নারীর প্রতি অসম্মান দেখা যায়।
যৌন অশ্লীলতা প্রকাশ পাচ্ছে।"
তর মারে চুদি তরে ও চুদি তর বুনরে চুদি,Gender,Offensive,"মন্তব্যটি অত্যন্ত অশালীন এবং নারীর প্রতি অবমাননাকর ভাষা ব্যবহার করেছে।
অপমানসূচক এবং অসম্মানজনক মনোভাব প্রকাশ করায় এটি গুরুতরভাবে অগ্রহণযোগ্য।
এ ধরনের বক্তব্য নারীর প্রতি চরম অসম্মান প্রদর্শন করে।","নারীর প্রতি অবমাননা করা হয়েছে।
অশালীন ভাষা ব্যবহার করা হয়েছে।
অসম্মানজনক মনোভাব প্রকাশ করা হয়েছে।","অশালীন ভাষা ব্যবহার করা হয়েছে।
নারীর প্রতি অবমাননা করা হয়েছে।
অসম্মানজনক মনোভাব প্রকাশ করা হয়েছে।","অশালীন শব্দ ব্যবহার করা হয়েছে।
নারীর প্রতি ঘৃণা প্রকাশ করা হয়েছে।
অসম্মানজনক ভাষা ব্যবহার করা হয়েছে।","অশালীন শব্দ ব্যবহার করা হয়েছে।
নারীর প্রতি ঘৃণা প্রকাশ করা হয়েছে।
অসম্মানজনক ভাষা ব্যবহার করা হয়েছে।","অশালীন শব্দ ব্যবহার করা হয়েছে।
নারীর প্রতি ঘৃণা প্রকাশ করা হয়েছে।
অসম্মানজনক ভাষা ব্যবহার করা হয়েছে।","অশালীন শব্দ ব্যবহার করা হয়েছে।
নারীর প্রতি ঘৃণা প্রকাশ করা হয়েছে।
অসম্মানজনক ভাষা ব্যবহার করা হয়েছে।","অশালীন শব্দ ব্যবহার করা হয়েছে।
নারীর প্রতি ঘৃণা প্রকাশ করা হয়েছে।
অসম্মানজনক ভাষা ব্যবহার করা হয়েছে।","অশালীন শব্দ ব্যবহার করা হয়েছে।
নারীর প্রতি ঘৃণা প্রকাশ করা হয়েছে।
অসম্মানজনক ভাষা ব্যবহার করা হয়েছে।","অশালীন শব্দ ব্যবহার করা হয়েছে।
নারীর প্রতি ঘৃণা প্রকাশ করা হয়েছে।
অসম্মানজনক ভাষা ব্যবহার করা হয়েছে।","অশালীন শব্দ ব্যবহার করা হয়েছে।
নারীর প্রতি ঘৃণা প্রকাশ করা হয়েছে।
অসম্মানজনক ভাষা ব্যবহার করা হয়েছে।","অশালীন শব্দ ব্যবহার করা হয়েছে।
নারীর প্রতি ঘৃণা প্রকাশ করা হয়েছে।
অসম্মানজনক ভাষা ব্যবহার করা হয়েছে।","অশালীন শব্দ ব্যবহার করা হয়েছে।
নারীর প্রতি ঘৃণা প্রকাশ করা হয়েছে।
অসম্মানজনক ভাষা ব্যবহার করা হয়েছে।","অশালীন শব্দ ব্যবহার করা হয়েছে।
নারীর প্রতি ঘৃণা প্রকাশ করা হয়েছে।
অসম্মানজনক ভাষা ব্যবহার করা হয়েছে।","অশালীন শব্দ ব্যবহার করা হয়েছে।
নারীর প্রতি ঘৃণা প্রকাশ করা হয়েছে।
অসম্মানজনক ভাষা ব্যবহার করা হয়েছে।","অশালীন শব্দ ব্যবহার করা হয়েছে।
নারীর প্রতি ঘৃণা প্রকাশ।
অসম্মানজনক ভাষা ব্যবহার।","অশালীন শব্দ ব্যবহার করা হয়েছে।
নারীর প্রতি ঘৃণা প্রকাশ পাচ্ছে।
অসম্মানজনক ভাষা ব্যবহার করা হয়েছে।","অশালীন শব্দ ব্যবহার করা হয়েছে।
নারীর প্রতি ঘৃণা প্রকাশ পাচ্ছে।
অসম্মানজনক ভাষা ব্যবহার করা হয়েছে।","অশালীন শব্দ ব্যবহার করা হয়েছে।
নারীর প্রতি ঘৃণা প্রকাশ পাচ্ছে।
অসম্মানজনক ভাষা ব্যবহার করা হয়েছে।","অশালীন শব্দ ব্যবহার করা হয়েছে।
নারীর প্রতি ঘৃণা প্রকাশ পাচ্ছে।
অসম্মানজনক ভাষা ব্যবহার করা হয়েছে।","অশালীন শব্দ ব্যবহার করা হয়েছে।
নারীর প্রতি ঘৃণা প্রকাশ পাচ্ছে।
অসম্মানজনক ভাষা ব্যবহার করা হয়েছে।","অশালীন শব্দ ব্যবহার করা হয়েছে।
নারীর প্রতি ঘৃণা প্রকাশ পাচ্ছে।
অসম্মানজনক ভাষা ব্যবহার করা হয়েছে।"
তর মারে চুদি বেশি বেশি ভিউ তর মার মাংগের ভিতরে ডুকা তর মারে চুদি,Gender,Offensive,"মন্তব্যটি চরম অশ্লীল এবং নারীর প্রতি সরাসরি যৌন হয়রানিমূলক।
নারীর প্রতি অসম্মান এবং অপমানজনক মনোভাব প্রকাশ করেছে।
অশালীন ও অবমাননাকর বক্তব্য হওয়ায় এটি গুরুতরভাবে নিন্দনীয়।","অশ্লীল শব্দ ব্যবহার করা হয়েছে।
নারীর প্রতি অসম্মান প্রকাশ করা হয়েছে।
যৌন হয়রানি মূলক বক্তব্য।","অশ্লীল শব্দ ব্যবহার করা হয়েছে।
নারীর প্রতি অসম্মান দেখা যায়।
যৌন হয়রানি মূলক বক্তব্য রয়েছে।","অশ্লীল শব্দ ব্যবহার করা হয়েছে।
নারীর প্রতি অসম্মান দেখা যায়।
যৌন হয়রানি মূলক বক্তব্য রয়েছে।","অশ্লীল শব্দ ব্যবহার করা হয়েছে।
নারীর প্রতি অসম্মান দেখা যায়।
যৌন হয়রানি মূলক বক্তব্য রয়েছে।","অশ্লীল শব্দ ব্যবহার করা হয়েছে।
নারীর প্রতি অসম্মান জন্মে।
যৌন হয়রানি মূলক বক্তব্য আছে।","অশ্লীল শব্দ ব্যবহার করা হয়েছে।
নারীর প্রতি অসম্মান জন্মে।
যৌন হয়রানি মূলক বক্তব্য আছে।","অশ্লীল শব্দ ব্যবহার করা হয়েছে।
নারীর প্রতি অসম্মান জন্মে।
যৌন হয়রানি মূলক বক্তব্য আছে।","অশ্লীল শব্দ ব্যবহার করা হয়েছে।
নারীর প্রতি অসম্মান জন্মে।
যৌন হয়রানি মূলক বক্তব্য আছে।","অশ্লীল শব্দ ব্যবহার করা হয়েছে।
নারীর প্রতি অসম্মান জন্মে।
যৌন হয়রানি মূলক বক্তব্য আছে।","অশ্লীল শব্দ ব্যবহার করা হয়েছে।
নারীর প্রতি অসম্মান জন্মে।
যৌন হয়রানি মূলক বক্তব্য আছে।","অশ্লীল শব্দ ব্যবহার করা হয়েছে।
নারীর প্রতি অসম্মান জন্মে।
যৌন হয়রানি মূলক বক্তব্য আছে।","অশ্লীল শব্দ ব্যবহার করা হয়েছে।
নারীর প্রতি অসম্মান জন্মে।
যৌন হয়রানি মূলক বক্তব্য আছে।","অশ্লীল শব্দ ব্যবহার করা হয়েছে।
নারীর প্রতি অসম্মান জন্মে।
যৌন হয়রানি মূলক বক্তব্য আছে।","অশ্লীল শব্দ ব্যবহার করা হয়েছে।
নারীর প্রতি অসম্মান জন্মে।
যৌন হয়রানি মূলক বক্তব্য আছে।","অশ্লীল শব্দ ব্যবহার করা হয়েছে।
নারীর প্রতি অসম্মান জন্মে।
যৌন হয়রানি মূলক বক্তব্য আছে।","অশ্লীল শব্দ ব্যবহার করা হয়েছে।
নারীর প্রতি অসম্মান জন্মে।
যৌন হয়রানি মূলক বক্তব্য আছে।","অশ্লীল শব্দ ব্যবহার করা হয়েছে।
নারীর প্রতি অসম্মান জন্মে।
যৌন হয়রানি মূলক বক্তব্য আছে।","অশ্লীল শব্দ ব্যবহার করা হয়েছে।
নারীর প্রতি অসম্মান জন্মে।
যৌন হয়রানি মূলক বক্তব্য আছে।","অশ্লীল শব্দ ব্যবহার করা হয়েছে।
নারীর প্রতি অসম্মান জন্মে।
যৌন হয়রানি মূলক বক্তব্য আছে।","অশ্লীল শব্দ ব্যবহার করা হয়েছে।
নারীর প্রতি অসম্মান জন্মে।
যৌন হয়রানি মূলক বক্তব্য আছে।","অশ্লীল শব্দ ব্যবহার করা হয়েছে।
নারীর প্রতি অসম্মান জন্মে।
যৌন হয়রানি মূলক বক্তব্য আছে।"
তর মারে চোদি নাম বলস না কেন,Gender,Offensive,"মন্তব্যটি অশালীন এবং নারীর প্রতি অবমাননাকর ইঙ্গিত দিয়েছে।
ব্যক্তিগত আক্রমণ এবং অশোভন মনোভাব প্রকাশ করায় এটি আপত্তিকর।
নারীর প্রতি অপমানসূচক মনোভাব প্রদর্শন করায় এটি গুরুতরভাবে নিন্দনীয়।","অশালীন শব্দ ব্যবহার করা হয়েছে।
নারীর প্রতি অবমাননা করা হয়েছে।
ব্যক্তিগত আক্রমণ করা হয়েছে।","অশালীন শব্দ ব্যবহার করা হয়েছে।
নারীর প্রতি অবমাননা করা হয়েছে।
ব্যক্তিগত আক্রমণ করা হয়েছে।","অশালীন শব্দ ব্যবহার করা হয়েছে।
নারীর প্রতি অবমাননা করা হয়েছে।
ব্যক্তিগত আক্রমণ করা হয়েছে।","অশালীন শব্দ ব্যবহার করা হয়েছে।
নারীর প্রতি ঘৃণা দেখা যায়।
ব্যক্তিগত আক্রমণ করা হয়েছে।","অশালীন শব্দ ব্যবহার করা হয়েছে।
নারীর প্রতি ঘৃণা প্রকাশ।
ব্যক্তিগত আক্রমণ করা হয়েছে।","অশালীন শব্দ ব্যবহার করা হয়েছে।
নারীর প্রতি ঘৃণা প্রকাশ পাচ্ছে।
ব্যক্তিগত আক্রমণ করা হয়েছে।","অশালীন শব্দ ব্যবহার করা হয়েছে।
নারীর প্রতি ঘৃণা প্রকাশ পাচ্ছে।
ব্যক্তিগত আক্রমণ করা হয়েছে।","অশালীন শব্দ ব্যবহার করা হয়েছে।
নারীর প্রতি ঘৃণা প্রকাশ পাচ্ছে।
ব্যক্তিগত আক্রমণ করা হয়েছে।","অশালীন শব্দ ব্যবহার করা হয়েছে।
নারীর প্রতি ঘৃণা প্রকাশ পাচ্ছে।
ব্যক্তিগত আক্রমণ করা হয়েছে।","অশালীন শব্দ ব্যবহার করা হয়েছে।
নারীর প্রতি ঘৃণা প্রকাশ পাচ্ছে।
ব্যক্তিগত আক্রমণ করা হয়েছে।","অশালীন শব্দ ব্যবহার করা হয়েছে।
নারীর প্রতি ঘৃণা প্রকাশ পাচ্ছে।
ব্যক্তিগত আক্রমণ করা হয়েছে।","অশালীন শব্দ ব্যবহার করা হয়েছে।
নারীর প্রতি ঘৃণা প্রকাশ পাচ্ছে।
ব্যক্তিগত আক্রমণ করা হয়েছে।","অশালীন শব্দ ব্যবহার করা হয়েছে।
নারীর প্রতি ঘৃণা প্রকাশ পাচ্ছে।
ব্যক্তিগত আক্রমণ করা হয়েছে।","অশালীন শব্দ ব্যবহার করা হয়েছে।
নারীর প্রতি ঘৃণা প্রকাশ পাচ্ছে।
ব্যক্তিগত আক্রমণ করা হয়েছে।","অশালীন শব্দ ব্যবহার করা হয়েছে।
নারীর প্রতি ঘৃণা প্রকাশ পাচ্ছে।
ব্যক্তিগত আক্রমণ করা হয়েছে।","অশালীন শব্দ ব্যবহার করা হয়েছে।
নারীর প্রতি ঘৃণা প্রকাশ পাচ্ছে।
ব্যক্তিগত আক্রমণ করা হয়েছে।","অশালীন শব্দ ব্যবহার করা হয়েছে।
নারীর প্রতি ঘৃণা প্রকাশ পাচ্ছে।
ব্যক্তিগত আক্রমণ করা হয়েছে।","অশালীন শব্দ ব্যবহার করা হয়েছে।
নারীর প্রতি ঘৃণা প্রকাশ পাচ্ছে।
ব্যক্তিগত আক্রমণ করা হয়েছে।","অশালীন শব্দ ব্যবহার করা হয়েছে।
নারীর প্রতি ঘৃণা প্রকাশ পাচ্ছে।
ব্যক্তিগত আক্রমণ করা হয়েছে।","অশালীন শব্দ ব্যবহার করা হয়েছে।
নারীর প্রতি ঘৃণা প্রকাশ পাচ্ছে।
ব্যক্তিগত আক্রমণ করা হয়েছে।","অশালীন শব্দ ব্যবহার করা হয়েছে।
নারীর প্রতি ঘৃণা প্রকাশ পাচ্ছে।
ব্যক্তিগত আক্রমণ করা হয়েছে।"
তরমারে চুদছে,Gender,Offensive,"মন্তব্যটি সরাসরি অশালীন এবং নারীর প্রতি অসম্মানজনক ইঙ্গিত প্রকাশ করেছে।
ব্যক্তিগত অপমান এবং অবমাননাকর ভাষা ব্যবহার করায় এটি আপত্তিকর।
নারীর প্রতি অসম্মান প্রদর্শন করায় এটি সামাজিকভাবে অগ্রহণযোগ্য।","অশালীন শব্দ ব্যবহার।
নারীর প্রতি অসম্মান।
আপত্তিকর ভাষা ব্যবহার।","অশালীন শব্দ ব্যবহার হয়েছে।
নারীর প্রতি অসম্মান দেখা যায়।
আপত্তিকর ভাষা ব্যবহার করা হয়েছে।","অশালীন শব্দ ব্যবহার করা হয়েছে।
নারীর প্রতি অসম্মান দেখা যায়।
আপত্তিকর ভাষা ব্যবহার করা হয়েছে।","অশালীন শব্দ ব্যবহার করা হয়েছে।
নারীর প্রতি অসম্মান দেখা যায়।
আপত্তিকর ভাষা ব্যবহার করা হয়েছে।","অশালীন শব্দ ব্যবহার করা হয়েছে।
নারীর প্রতি অসম্মান দেখা যায়।
আপত্তিকর ভাষা ব্যবহার করা হয়েছে।","অশালীন শব্দ ব্যবহার করা হয়েছে।
নারীর প্রতি অসম্মান দেখা যায়।
আপত্তিকর ভাষা ব্যবহার করা হয়েছে।","অশালীন শব্দ ব্যবহার করা হয়েছে।
নারীর প্রতি অসম্মান দেখা যায়।
আপত্তিকর ভাষা ব্যবহার করা হয়েছে।","অশালীন শব্দ ব্যবহার করা হয়েছে।
নারীর প্রতি অসম্মান দেখা যায়।
আপত্তিকর ভাষা ব্যবহার করা হয়েছে।","অশালীন শব্দ ব্যবহার করা হয়েছে।
নারীর প্রতি অসম্মান দেখা যায়।
আপত্তিকর ভাষা ব্যবহার করা হয়েছে।","অশালীন শব্দ ব্যবহার করা হয়েছে।
নারীর প্রতি অসম্মান দেখা যায়।
আপত্তিকর ভাষা ব্যবহার করা হয়েছে।","অশালীন শব্দ ব্যবহার করা হয়েছে।
নারীর প্রতি অসম্মান দেখা যায়।
আপত্তিকর ভাষা ব্যবহার করা হয়েছে।","অশালীন শব্দ ব্যবহার করা হয়েছে।
নারীর প্রতি অসম্মান দেখা যায়।
আপত্তিকর ভাষা ব্যবহার করা হয়েছে।","অশালীন শব্দ ব্যবহার করা হয়েছে।
নারীর প্রতি অসম্মান দেখা যায়।
আপত্তিকর ভাষা ব্যবহার করা হয়েছে।","অশালীন শব্দ ব্যবহার করা হয়েছে।
নারীর প্রতি অসম্মান দেখা যায়।
আপত্তিকর ভাষা ব্যবহার করা হয়েছে।","অশালীন শব্দ ব্যবহার করা হয়েছে।
নারীর প্রতি অসম্মান দেখা যায়।
আপত্তিকর ভাষা ব্যবহার করা হয়েছে।","অশালীন শব্দ ব্যবহার করা হয়েছে।
নারীর প্রতি অসম্মান দেখা যায়।
আপত্তিকর ভাষা ব্যবহার করা হয়েছে।","অশালীন শব্দ ব্যবহার করা হয়েছে।
নারীর প্রতি অসম্মান দেখা যায়।
আপত্তিকর ভাষা ব্যবহার করা হয়েছে।","অশালীন শব্দ ব্যবহার করা হয়েছে।
নারীর প্রতি অসম্মান জন্মায়।
আপত্তিকর ভাষা ব্যবহার করা হয়েছে।","অশালীন শব্দ ব্যবহার করা হয়েছে।
নারীর প্রতি অসম্মান জন্মায়।
আপত্তিকর ভাষা ব্যবহার করা হয়েছে।","অশালীন শব্দ ব্যবহার করা হয়েছে।
নারীর প্রতি অসম্মান জন্মায়।
আপত্তিকর ভাষা ব্যবহার করা হয়েছে।","অশালীন শব্দ ব্যবহার করা হয়েছে।
নারীর প্রতি অসম্মান জন্মায়।
আপত্তিকর ভাষা ব্যবহার করা হয়েছে।"
তরে চুদি তর বোনকেও চুদি,Gender,Offensive,"মন্তব্যটি অশালীন এবং নারীর প্রতি সরাসরি যৌন হয়রানিমূলক ইঙ্গিত দিয়েছে।
নারীর সম্মানহানির উদ্দেশ্যে অপমানজনক ভাষা ব্যবহার করা হয়েছে।
অশ্লীল এবং অবমাননাকর মনোভাব প্রকাশ করায় এটি গুরুতরভাবে আপত্তিকর।","অশালীন ভাষা ব্যবহার করা হয়েছে।
নারীর প্রতি অপমান করা হয়েছে।
যৌন হয়রানির ইঙ্গিত দেওয়া হয়েছে।","অশালীন শব্দ ব্যবহার করা হয়েছে।
নারীর প্রতি অসম্মান দেখা যায়।
যৌন অসভ্যতা প্রকাশ পায়।","অশালীন শব্দ ব্যবহার করা হয়েছে।
নারীর প্রতি অসম্মান দেখা যায়।
যৌন অসভ্যতা প্রকাশ পায়।","অশালীন শব্দ ব্যবহার করা হয়েছে।
নারীর প্রতি অসম্মান দেখা যায়।
যৌন অসভ্যতা প্রকাশ পায়।","অশালীন শব্দ ব্যবহার করা হয়েছে।
নারীর প্রতি অসম্মান দেখা যায়।
যৌন অসভ্যতা প্রকাশ পায়।","অশালীন শব্দ ব্যবহার করা হয়েছে।
নারীর প্রতি অসম্মান দেখা যায়।
যৌন অসভ্যতা প্রকাশ পায়।","অশালীন শব্দ ব্যবহার করা হয়েছে।
নারীর প্রতি অসম্মান দেখা যায়।
যৌন অসভ্যতা প্রকাশ পায়।","অশালীন শব্দ ব্যবহার করা হয়েছে।
নারীর প্রতি অসম্মান দেখা যায়।
যৌন অসভ্যতা প্রকাশ পায়।","অশালীন শব্দ ব্যবহার করা হয়েছে।
নারীর প্রতি অসম্মান দেখা যায়।
যৌন অসভ্যতা প্রকাশ পায়।","অশালীন শব্দ ব্যবহার করা হয়েছে।
নারীর প্রতি অসম্মান দেখা যায়।
যৌন অসভ্যতা প্রকাশ পায়।","অশালীন শব্দ ব্যবহার করা হয়েছে।
নারীর প্রতি অসম্মান দেখা যায়।
যৌন অসভ্যতা প্রকাশ পায়।","অশালীন শব্দ ব্যবহার করা হয়েছে।
নারীর প্রতি অসম্মান দেখা যায়।
যৌন অসভ্যতা প্রকাশ পায়।","অশালীন শব্দ ব্যবহার করা হয়েছে।
নারীর প্রতি অসম্মান দেখা যায়।
যৌন অসভ্যতা প্রকাশ পায়।","অশালীন শব্দ ব্যবহার করা হয়েছে।
নারীর প্রতি অসম্মান দেখা যায়।
যৌন অসভ্যতা প্রকাশ পায়।","অশালীন শব্দ ব্যবহার করা হয়েছে।
নারীর প্রতি অসম্মান দেখা যায়।
যৌন অসভ্যতা প্রকাশ পায়।","অশালীন শব্দ ব্যবহার করা হয়েছে।
নারীর প্রতি অসম্মান দেখা যায়।
যৌন অসভ্যতা প্রকাশ পায়।","অশালীন শব্দ ব্যবহার করা হয়েছে।
নারীর প্রতি অসম্মান দেখা যায়।
যৌন অসভ্যতা প্রকাশ পায়।","অশালীন শব্দ ব্যবহার করা হয়েছে।
নারীর প্রতি অসম্মান দেখা যায়।
যৌন অসভ্যতা প্রকাশ পায়।","অশালীন শব্দ ব্যবহার করা হয়েছে।
নারীর প্রতি অসম্মান দেখা যায়।
যৌন অসভ্যতা প্রকাশ পায়।","অশালীন শব্দ ব্যবহার করা হয়েছে।
নারীর প্রতি অসম্মান দেখা যায়।
যৌন অসভ্যতা প্রকাশ পায়।","অশালীন শব্দ ব্যবহার করা হয়েছে।
নারীর প্রতি অসম্মান দেখা যায়।
যৌন অসভ্যতা প্রকাশ পায়।"
তরে চোদতে কত লাগবে,Gender,Offensive,"মন্তব্যটি চরম অশালীন এবং সরাসরি যৌন হয়রানির ইঙ্গিত দিয়েছে।
ব্যক্তিগত সম্মানহানি এবং অবমাননাকর বক্তব্য প্রকাশ পেয়েছে।
অপমানজনক এবং অসম্মানজনক ভাষার কারণে এটি অগ্রহণযোগ্য।","অশালীন শব্দ ব্যবহার করা হয়েছে।
যৌন হয়রানির ইঙ্গিত দেওয়া হয়েছে।
অপমানজনক ভাষা ব্যবহার করা হয়েছে।","অশালীন শব্দ ব্যবহার করা হয়েছে।
যৌন হয়রানির ইঙ্গিত দেওয়া হয়েছে।
অপমানজনক ভাষা ব্যবহার করা হয়েছে।","অশালীন শব্দ ব্যবহার করা হয়েছে।
যৌন হয়রানির ইঙ্গিত দেওয়া হয়েছে।
অপমানজনক ভাষা ব্যবহার করা হয়েছে।","অশালীন শব্দ ব্যবহার করা হয়েছে।
যৌন হয়রানির ইঙ্গিত দেওয়া হয়েছে।
অপমানজনক ভাষা ব্যবহার করা হয়েছে।","অশালীন শব্দ ব্যবহার করা হয়েছে।
যৌন হয়রানির ইঙ্গিত দেওয়া হয়েছে।
অপমানজনক ভাষা ব্যবহার করা হয়েছে।","অশালীন শব্দ ব্যবহার করা হয়েছে।
যৌন হয়রানির ইঙ্গিত দেওয়া হয়েছে।
অপমানজনক ভাষা ব্যবহার করা হয়েছে।","অশালীন শব্দ ব্যবহার করা হয়েছে।
যৌন হয়রানির ইঙ্গিত দেওয়া হয়েছে।
অপমানজনক ভাষা ব্যবহার করা হয়েছে।","অশালীন শব্দ ব্যবহার করা হয়েছে।
যৌন হয়রানির ইঙ্গিত দেওয়া হয়েছে।
অপমানজনক ভাষা ব্যবহার করা হয়েছে।","অশালীন শব্দ ব্যবহার করা হয়েছে।
যৌন হয়রানির ইঙ্গিত দেওয়া হয়েছে।
অপমানজনক ভাষা ব্যবহার করা হয়েছে।","অশালীন শব্দ ব্যবহার করা হয়েছে।
যৌন হয়রানির ইঙ্গিত দেওয়া হয়েছে।
অপমানজনক ভাষা ব্যবহার করা হয়েছে।","অশালীন শব্দ ব্যবহার করা হয়েছে।
যৌন হয়রানির ইঙ্গিত দেওয়া হয়েছে।
অপমানজনক ভাষা ব্যবহার করা হয়েছে।","অশালীন শব্দ ব্যবহার করা হয়েছে।
যৌন হয়রানির ইঙ্গিত দেওয়া হয়েছে।
অপমানজনক ভাষা ব্যবহার করা হয়েছে।","অশালীন শব্দ ব্যবহার করা হয়েছে।
যৌন হয়রানির ইঙ্গিত দেওয়া হয়েছে।
অপমানজনক ভাষা ব্যবহার করা হয়েছে।","অশালীন শব্দ ব্যবহার করা হয়েছে।
যৌন হয়রানির ইঙ্গিত দেওয়া হয়েছে।
অপমানজনক ভাষা ব্যবহার করা হয়েছে।","অশালীন শব্দ ব্যবহার করা হয়েছে।
যৌন হয়রানির ইঙ্গিত দেওয়া হয়েছে।
অপমানজনক ভাষা ব্যবহার করা হয়েছে।","অশালীন শব্দ ব্যবহার করা হয়েছে।
যৌন হয়রানির ইঙ্গিত দেওয়া হয়েছে।
অপমানজনক ভাষা ব্যবহার করা হয়েছে।","অশালীন শব্দ ব্যবহার করা হয়েছে।
যৌন হয়রানির ইঙ্গিত দেওয়া হয়েছে।
অপমানজনক ভাষা ব্যবহার করা হয়েছে।","অশালীন শব্দ ব্যবহার করা হয়েছে।
যৌন হয়রানির ইঙ্গিত দেওয়া হয়েছে।
অপমানজনক ভাষা ব্যবহার করা হয়েছে।","অশালীন শব্দ ব্যবহার করা হয়েছে।
যৌন হয়রানির ইঙ্গিত দেওয়া হয়েছে।
অপমানজনক ভাষা ব্যবহার করা হয়েছে।","অশালীন শব্দ ব্যবহার করা হয়েছে।
যৌন হয়রানির ইঙ্গিত দেওয়া হয়েছে।
অপমানজনক ভাষা ব্যবহার করা হয়েছে।","অশালীন শব্দ ব্যবহার করা হয়েছে।
যৌন হয়রানির ইঙ্গিত দেওয়া হয়েছে।
অপমানজনক ভাষা ব্যবহার করা হয়েছে।"
তাই বোদাত মরিচের গুড়া দেওয়া দরকার,Gender,Offensive,"মন্তব্যটি অপমানসূচক এবং শারীরিক নির্যাতনের ইঙ্গিত দিয়েছে।
অমানবিক শাস্তির প্রচারণা হওয়ায় এটি অত্যন্ত আপত্তিকর।
অশালীন ভাষা ব্যবহার করে নেতিবাচক মনোভাব প্রকাশ করা হয়েছে।","অশালীন ভাষা ব্যবহার করা হয়েছে।
নির্যাতনের ইঙ্গিত দেওয়া হয়েছে।
অমানবিক শাস্তির প্রচারণা করা হয়েছে।","বোদাত মরিচের গুড়া দেওয়া অশালীন।
নির্যাতনের ইঙ্গিত পাওয়া যাচ্ছে।
অমানবিক শাস্তির প্রচারণা করা হয়েছে।","বোদাত মরিচের গুড়া দেওয়া অশালীন।
নির্যাতনের ইঙ্গিত পাওয়া যাচ্ছে।
অমানবিক শাস্তির প্রচারণা করা হয়েছে।","বোদাত মরিচের গুড়া দেওয়া অশালীন।
নির্যাতনের ইঙ্গিত পাওয়া যাচ্ছে।
অমানবিক শাস্তির প্রচারণা করা হয়েছে।","বোদাত মরিচের গুড়া দেওয়া অশালীন।
নির্যাতনের ইঙ্গিত পাওয়া যাচ্ছে।
অমানবিক শাস্তির প্রচারণা করা হয়েছে।","বোদাত মরিচের গুড়া দেওয়া অশালীন।
নির্যাতনের ইঙ্গিত পাওয়া যাচ্ছে।
অমানবিক শাস্তির প্রচারণা করা হয়েছে।","বোদাত মরিচের গুড়া দেওয়া অশালীন।
নির্যাতনের ইঙ্গিত পাওয়া যাচ্ছে।
অমানবিক শাস্তির প্রচারণা করা হয়েছে।","বোদাত মরিচের গুড়া দেওয়া অশালীন।
নির্যাতনের ইঙ্গিত পাওয়া যাচ্ছে।
অমানবিক শাস্তির প্রচারণা করা হয়েছে।","বোদাত মরিচের গুড়া দেওয়া অশালীন।
নির্যাতনের ইঙ্গিত পাওয়া যাচ্ছে।
অমানবিক শাস্তির প্রচারণা করা হয়েছে।","বোদাত মরিচের গুড়া দেওয়া অশালীন।
নির্যাতনের ইঙ্গিত পাওয়া যাচ্ছে।
অমানবিক শাস্তির প্রচারণা করা হয়েছে।","বোদাত মরিচের গুড়া দেওয়া অশালীন।
নির্যাতনের ইঙ্গিত পাওয়া যাচ্ছে।
অমানবিক শাস্তির প্রচারণা করা হয়েছে।","বোদাত মরিচের গুড়া দেওয়া অশালীন।
নির্যাতনের ইঙ্গিত পাওয়া যাচ্ছে।
অমানবিক শাস্তির প্রচারণা করা হয়েছে।","বোদাত মরিচের গুড়া দেওয়া অশালীন।
নির্যাতনের ইঙ্গিত পাওয়া যাচ্ছে।
অমানবিক শাস্তির প্রচারণা করা হয়েছে।","বোদাত মরিচের গুড়া দেওয়া অশালীন।
নির্যাতনের ইঙ্গিত পাওয়া যাচ্ছে।
অমানবিক শাস্তির প্রচারণা করা হয়েছে।","বোদাত মরিচের গুড়া দেওয়া অশালীন।
নির্যাতনের ইঙ্গিত পাওয়া যাচ্ছে।
অমানবিক শাস্তির প্রচারণা করা হয়েছে।","বোদাত মরিচের গুড়া দেওয়া অশালীন।
নির্যাতনের ইঙ্গিত পাওয়া যাচ্ছে।
অমানবিক শাস্তির প্রচারণা করা হয়েছে।","নির্যাতনের ইঙ্গিত পাওয়া যাচ্ছে।
অমানবিক শাস্তির প্রচারণা করা হয়েছে।
শারীরিক নির্যাতন করা হয়েছে।","নির্যাতনের ইঙ্গিত পাওয়া যাচ্ছে।
শারীরিক নির্যাতন করা হয়েছে।
অমানবিক শাস্তি প্রচার করা হয়েছে।","মরিচের গুড়া দেওয়া ব্যথা দেয়।
নির্যাতনের উপায় হিসেবে ব্যবহার।
শারীরিক ক্ষতি করে।","ব্যথা দেয় বলে।
নির্যাতনের উপায়।
শারীরিক ক্ষতি করে।","বোদাত মরিচের গুড়া ব্যথা দেয়।
শারীরিক ক্ষতি হতে পারে।
নির্যাতনের উপায় হিসেবে ব্যবহার।"
তারে ভাই কেউ আছড়াইয়া মাইরালায় না কেন,Gender,Offensive,"মন্তব্যটি সরাসরি সহিংসতার আহ্বান জানিয়েছে।
শারীরিক হিংসার উস্কানি থাকার কারণে এটি অগ্রহণযোগ্য।
অপমানজনক এবং নেতিবাচক মনোভাবের জন্য এটি আপত্তিকর।","সহিংসতার আহ্বান জানাচ্ছে।
শারীরিক হিংসার উস্কানি আছে।
অপমানজনক শব্দ ব্যবহার করা হয়েছে।","শারীরিক হিংসার উস্কানি আছে।
মারার হুমকি দেওয়া হয়েছে।
অপমানজনক শব্দ ব্যবহার করা হয়েছে।","মারার হুমকি দেওয়া হয়েছে।
শারীরিক হিংসা উস্কানি দেওয়া।
অপমানজনক শব্দ ব্যবহার।","মারার হুমকি দেওয়া হয়েছে।
শারীরিক হিংসা উস্কানি দেওয়া।
অপমানজনক শব্দ ব্যবহার।","মারার হুমকি দেওয়া হয়েছে।
শারীরিক হিংসা উস্কানি দেওয়া।
অপমানজনক শব্দ ব্যবহার।","মারার হুমকি দেওয়া হয়েছে।
শারীরিক হিংসা উস্কানি দেওয়া।
অপমানজনক শব্দ ব্যবহার।","মারার হুমকি দেওয়া হয়েছে।
শারীরিক হিংসা উস্কানি দেওয়া।
অপমানজনক শব্দ ব্যবহার।","মারার হুমকি দেওয়া হয়েছে।
শারীরিক হিংসা উস্কানি দেওয়া।
অপমানজনক শব্দ ব্যবহার।","মারার হুমকি দেওয়া হয়েছে।
শারীরিক হিংসা উস্কানি দেওয়া।
অপমানজনক শব্দ ব্যবহার।","মারার হুমকি দেওয়া হয়েছে।
শারীরিক হিংসা উস্কানি দেওয়া।
অপমানজনক শব্দ ব্যবহার।","মারার হুমকি দেওয়া হয়েছে।
শারীরিক হিংসা উস্কানি দেওয়া।
অপমানজনক শব্দ ব্যবহার।","মারার হুমকি দেওয়া হয়েছে।
শারীরিক হিংসা উস্কানি দেওয়া।
অপমানজনক শব্দ ব্যবহার।","মারার হুমকি দেওয়া হয়েছে।
শারীরিক হিংসা উস্কানি দেওয়া।
অপমানজনক শব্দ ব্যবহার।","মারার হুমকি দেওয়া হয়েছে।
শারীরিক হিংসা উস্কানি দেওয়া।
অপমানজনক শব্দ ব্যবহার।","মারার হুমকি দেওয়া হয়েছে।
শারীরিক হিংসা উস্কানি দেওয়া।
অপমানজনক শব্দ ব্যবহার।","মারার হুমকি দেওয়া হয়েছে।
শারীরিক হিংসা উস্কানি দেওয়া।
অপমানজনক শব্দ ব্যবহার।","মারার হুমকি দেওয়া হয়েছে।
শারীরিক হিংসা উস্কানি দেওয়া।
অপমানজনক শব্দ ব্যবহার।","মারার হুমকি দেওয়া হয়েছে।
শারীরিক হিংসা উস্কানি দেওয়া।
অপমানজনক শব্দ ব্যবহার।","মারার হুমকি দেওয়া হয়েছে।
শারীরিক হিংসা উস্কানি দেওয়া।
অপমানজনক শব্দ ব্যবহার।","মারার হুমকি দেওয়া হয়েছে।
শারীরিক হিংসা উস্কানি দেওয়া।
অপমানজনক শব্দ ব্যবহার।","মারার হুমকি দেওয়া হয়েছে।
শারীরিক হিংসা উস্কানি দেওয়া।
অপমানজনক শব্দ ব্যবহার।"
তারেক জিয়া তুরে চুদেছে,Gender,Offensive,"মন্তব্যটি অত্যন্ত অশালীন এবং সরাসরি অপমানজনক।
নারীর প্রতি অসম্মানজনক এবং অবমাননাকর বক্তব্য প্রকাশ করেছে।
অশোভন এবং অগ্রহণযোগ্য ভাষার কারণে এটি গুরুতরভাবে আপত্তিকর।","অশালীন শব্দ ব্যবহার করা হয়েছে।
অপমানজনক ভাষা ব্যবহার করা হয়েছে।
অবমাননাকর বক্তব্য প্রকাশ করা হয়েছে।","অশালীন শব্দ ব্যবহার করা হয়েছে।
গালি দেওয়া হয়েছে।
অবমাননা করা হয়েছে।","অশালীন শব্দ ব্যবহার করা হয়েছে।
গালি দেওয়া হয়েছে।
অবমাননা করা হয়েছে।","অশালীন শব্দ ব্যবহার করা হয়েছে।
গালি দেওয়ার উদ্দেশ্য ছিল।
অবমাননাকর ভাষা ব্যবহার।","অশালীন শব্দ ব্যবহার করা হয়েছে।
গালি দেওয়ার উদ্দেশ্য ছিল।
অবমাননাকর ভাষা ব্যবহার।","অশালীন শব্দ ব্যবহার করা হয়েছে।
গালি দেওয়ার উদ্দেশ্য ছিল।
অবমাননাকর ভাষা ব্যবহার।","অশালীন শব্দ ব্যবহার করা হয়েছে।
গালি দেওয়ার উদ্দেশ্য ছিল।
অবমাননাকর ভাষা ব্যবহার।","অশালীন শব্দ ব্যবহার করা হয়েছে।
গালি দেওয়ার উদ্দেশ্য ছিল।
অবমাননাকর ভাষা ব্যবহার।","অশালীন শব্দ ব্যবহার করা হয়েছে।
গালি দেওয়ার উদ্দেশ্য ছিল।
অবমাননাকর ভাষা ব্যবহার।","অশালীন শব্দ ব্যবহার করা হয়েছে।
গালি দেওয়ার উদ্দেশ্য ছিল।
অবমাননাকর ভাষা ব্যবহার।","অশালীন শব্দ ব্যবহার করা হয়েছে।
গালি দেওয়ার উদ্দেশ্য ছিল।
অবমাননাকর ভাষা ব্যবহার।","অশালীন শব্দ ব্যবহার করা হয়েছে।
গালি দেওয়ার উদ্দেশ্য ছিল।
অবমাননাকর ভাষা ব্যবহার।","অশালীন শব্দ ব্যবহার করা হয়েছে।
গালি দেওয়ার উদ্দেশ্য ছিল।
অবমাননাকর ভাষা ব্যবহার।","অশালীন শব্দ ব্যবহার করা হয়েছে।
গালি দেওয়ার উদ্দেশ্য ছিল।
অবমাননাকর ভাষা ব্যবহার।","অশালীন শব্দ ব্যবহার করা হয়েছে।
গালি দেওয়ার উদ্দেশ্য ছিল।
অবমাননাকর ভাষা ব্যবহার।","অশালীন শব্দ ব্যবহার করা হয়েছে।
গালি দেওয়ার উদ্দেশ্য ছিল।
অবমাননাকর ভাষা ব্যবহার।","অশালীন শব্দ ব্যবহার করা হয়েছে।
গালি দেওয়ার উদ্দেশ্য ছিল।
অবমাননাকর ভাষা ব্যবহার।","অশালীন শব্দ ব্যবহার করা হয়েছে।
গালি দেওয়ার উদ্দেশ্য ছিল।
অবমাননাকর ভাষা ব্যবহার।","অশালীন শব্দ ব্যবহার করা হয়েছে।
গালি দেওয়ার উদ্দেশ্য ছিল।
অবমাননাকর ভাষা ব্যবহার।","অশালীন শব্দ ব্যবহার করা হয়েছে।
গালি দেওয়ার উদ্দেশ্য ছিল।
অবমাননাকর ভাষা ব্যবহার।","অশালীন শব্দ ব্যবহার করা হয়েছে।
গালি দেওয়ার উদ্দেশ্য ছিল।
অবমাননাকর ভাষা ব্যবহার।"
তাসকিনকে জুতামারা উচিত,Gender,Offensive,"মন্তব্যটি সহিংসতার আহ্বান জানিয়ে নেতিবাচক মনোভাব প্রকাশ করেছে।
অপমানসূচক এবং শারীরিক সহিংসতার ইঙ্গিত থাকার কারণে এটি আপত্তিকর।
ব্যক্তির প্রতি অসম্মান প্রকাশ করায় এটি সামাজিকভাবে অগ্রহণযোগ্য।","জুতামারা শব্দটি অপমানসূচক।
শারীরিক সহিংসতার ইঙ্গিত আছে।
ব্যক্তির প্রতি অসম্মান প্রকাশ।","জুতামারা শব্দটি অপমানসূচক।
শারীরিক সহিংসতার ইঙ্গিত আছে।
ব্যক্তির প্রতি অসম্মান প্রকাশ।","জুতামারা শব্দটি অপমানসূচক।
শারীরিক সহিংসতার ইঙ্গিত আছে।
ব্যক্তির প্রতি অসম্মান প্রকাশ।","জুতামারা শব্দটি অপমানসূচক।
শারীরিক সহিংসতার ইঙ্গিত আছে।
ব্যক্তির প্রতি অসম্মান প্রকাশ।","জুতামারা শব্দটি অপমানসূচক।
শারীরিক সহিংসতার ইঙ্গিত আছে।
ব্যক্তির প্রতি অসম্মান প্রকাশ।","জুতামারা শব্দটি অপমানসূচক।
শারীরিক সহিংসতার ইঙ্গিত আছে।
ব্যক্তির প্রতি অসম্মান প্রকাশ।","জুতামারা শব্দটি অপমানসূচক।
শারীরিক সহিংসতার ইঙ্গিত আছে।
ব্যক্তির প্রতি অসম্মান প্রকাশ।","জুতামারা শব্দটি অপমানসূচক।
শারীরিক সহিংসতার ইঙ্গিত আছে।
ব্যক্তির প্রতি অসম্মান প্রকাশ।","জুতামারা শব্দটি অপমানসূচক।
শারীরিক সহিংসতার ইঙ্গিত আছে।
ব্যক্তির প্রতি অসম্মান প্রকাশ।","জুতামারা শব্দটি অপমানসূচক।
শারীরিক সহিংসতার ইঙ্গিত আছে।
ব্যক্তির প্রতি অসম্মান প্রকাশ।","জুতামারা শব্দটি অপমানসূচক।
শারীরিক সহিংসতার ইঙ্গিত আছে।
ব্যক্তির প্রতি অসম্মান প্রকাশ।","জুতামারা শব্দটি অপমানসূচক।
শারীরিক সহিংসতার ইঙ্গিত আছে।
ব্যক্তির প্রতি অসম্মান প্রকাশ।","জুতামারা শব্দটি অপমানসূচক।
শারীরিক সহিংসতার ইঙ্গিত আছে।
ব্যক্তির প্রতি অসম্মান প্রকাশ।","জুতামারা শব্দটি অপমানসূচক।
শারীরিক সহিংসতার ইঙ্গিত আছে।
ব্যক্তির প্রতি অসম্মান প্রকাশ।","জুতামারা শব্দটি অপমানসূচক।
শারীরিক সহিংসতার ইঙ্গিত আছে।
ব্যক্তির প্রতি অসম্মান প্রকাশ।","জুতামারা শব্দটি অপমানজনক।
শারীরিক সহিংসতার ইঙ্গিত আছে।
ব্যক্তির প্রতি অসম্মান প্রকাশ।","জুতামারা শব্দটি অপমানজনক।
শারীরিক সহিংসতার ইঙ্গিত আছে।
ব্যক্তির প্রতি অসম্মান প্রকাশ।","জুতামারা শব্দটি অপমানজনক।
শারীরিক সহিংসতার ইঙ্গিত আছে।
ব্যক্তির প্রতি অসম্মান প্রকাশ।","জুতামারা শব্দটি অপমানজনক।
শারীরিক সহিংসতার ইঙ্গিত আছে।
ব্যক্তির প্রতি অসম্মান প্রকাশ।","জুতামারা শব্দটি অপমানজনক।
শারীরিক সহিংসতার ইঙ্গিত আছে।
ব্যক্তির প্রতি অসম্মান প্রকাশ।","জুতামারা শব্দটি অপমানজনক।
শারীরিক সহিংসতার ইঙ্গিত আছে।
ব্যক্তির প্রতি অসম্মান প্রকাশ।"
স্টাবস-কোয়েটজিরা যখন জুটি বাঁধেন ২৬ বলে ৩৯ রান দরকার দক্ষিণ আফ্রিকার।,Gender,Not Hateful,"এটি ক্রিকেট সম্পর্কিত নিরপেক্ষ ও তথ্যবহুল একটি মন্তব্য।
এখানে কোনো ধরনের অপমান বা বিদ্বেষ প্রকাশ পায়নি।
এটি তথ্যভিত্তিক এবং গ্রহণযোগ্য।","ক্রিকেট সম্পর্কিত তথ্য দেওয়া হয়েছে।
কোনো অপমান নেই।
তথ্যভিত্তিক মন্তব্য।","ক্রিকেট খেলার উল্লেখ আছে।
কোনো অপমানজনক শব্দ নেই।
তথ্য ভিত্তিক কথা বলা হয়েছে।","ক্রিকেট খেলার উল্লেখ আছে।
কোনো অপমান নেই।
তথ্য ভিত্তিক কথা।","ক্রিকেট খেলার উল্লেখ আছে।
কোনো অপমান নেই।
তথ্য ভিত্তিক কথা।","ক্রিকেটের পরিসংখ্যান উল্লেখ আছে।
খেলার ফলাফল নিয়ে আলোচনা।
অপমানজনক কোনো শব্দ নেই।","ক্রিকেটের পরিসংখ্যান উল্লেখ আছে।
খেলার ফলাফল নিয়ে আলোচনা।
অপমানজনক শব্দ নেই।","ক্রিকেটের পরিসংখ্যান উল্লেখ আছে।
খেলার ফলাফল নিয়ে আলোচনা।
অপমানজনক শব্দ নেই।","ক্রিকেটের পরিসংখ্যান উল্লেখ আছে।
খেলার ফলাফল নিয়ে আলোচনা।
অপমানজনক শব্দ নেই।","ক্রিকেটের পরিসংখ্যান উল্লেখ আছে।
খেলার ফলাফল নিয়ে আলোচনা।
অপমানজনক শব্দ নেই।","ক্রিকেটের পরিসংখ্যান উল্লেখ আছে।
খেলার ফলাফল নিয়ে আলোচনা।
অপমানজনক শব্দ নেই।","ক্রিকেটের পরিসংখ্যান উল্লেখ আছে।
খেলার ফলাফল নিয়ে আলোচনা।
অপমানজনক শব্দ নেই।","ক্রিকেটের পরিসংখ্যান উল্লেখ আছে।
খেলার ফলাফল নিয়ে আলোচনা।
অপমানজনক শব্দ নেই।","ক্রিকেটের পরিসংখ্যান উল্লেখ আছে।
খেলার ফলাফল নিয়ে আলোচনা।
অপমানজনক শব্দ নেই।","ক্রিকেটের পরিসংখ্যান উল্লেখ আছে।
খেলার ফলাফল নিয়ে আলোচনা।
অপমানজনক শব্দ নেই।","ক্রিকেটের পরিসংখ্যান উল্লেখ আছে।
খেলার ফলাফল নিয়ে আলোচনা।
অপমানজনক শব্দ নেই।","ক্রিকেটের পরিসংখ্যান উল্লেখ আছে।
খেলার ফলাফল নিয়ে আলোচনা।
অপমানজনক শব্দ নেই।","ক্রিকেটের পরিসংখ্যান উল্লেখ আছে।
খেলার ফলাফল নিয়ে আলোচনা।
অপমানজনক শব্দ নেই।","ক্রিকেটের পরিসংখ্যান উল্লেখ আছে।
খেলার ফলাফল নিয়ে আলোচনা।
অপমানজনক শব্দ নেই।","ক্রিকেটের পরিসংখ্যান উল্লেখ আছে।
খেলার ফলাফল নিয়ে আলোচনা।
অপমানজনক শব্দ নেই।","ক্রিকেটের পরিসংখ্যান উল্লেখ আছে।
খেলার ফলাফল নিয়ে আলোচনা।
অপমানজনক শব্দ নেই।","ক্রিকেটের পরিসংখ্যান উল্লেখ আছে।
খেলার ফলাফল নিয়ে আলোচনা।
অপমানজনক শব্দ নেই।"
নাজমুল হোসেনকে অধিনায়ক রেখেই আজ ওয়েস্ট ইন্ডিজের বিপক্ষে দুই টেস্টের সিরিজের জন্য ১৫ সদস্যের বাংলাদেশ দল ঘোষণা করেছে বিসিবি।,Gender,Not Hateful,"এটি ক্রীড়া সংক্রান্ত নিরপেক্ষ তথ্য প্রকাশ করে।
মন্তব্যটি অপমানজনক নয় এবং কোনো বিদ্বেষ ছড়ায় না।
এটি সম্পূর্ণ গ্রহণযোগ্য এবং তথ্যসমৃদ্ধ।","ক্রীড়া সংক্রান্ত তথ্য প্রকাশ।
অপমানজনক শব্দ নেই।
নিরপেক্ষ তথ্য প্রদান।","ক্রীড়া সংক্রান্ত তথ্য দেওয়া হয়েছে।
নিরপেক্ষ ভাষা ব্যবহার করা হয়েছে।
অপমানজনক শব্দ নেই।","ক্রীড়া সংক্রান্ত তথ্য দেওয়া হয়েছে।
নিরপেক্ষ ভাষা ব্যবহার করা হয়েছে।
অপমানজনক শব্দ নেই।","ক্রীড়া সংক্রান্ত তথ্য দেওয়া হয়েছে।
নিরপেক্ষ ভাষা ব্যবহার করা হয়েছে।
অপমানজনক শব্দ নেই।","ক্রীড়া সংক্রান্ত তথ্য দেওয়া হয়েছে।
নিরপেক্ষ ভাষা ব্যবহার করা হয়েছে।
অপমানজনক শব্দ নেই।","ক্রীড়া সংক্রান্ত তথ্য দেওয়া হয়েছে।
নিরপেক্ষ ভাষা ব্যবহার করা হয়েছে।
অপমানজনক শব্দ নেই।","ক্রীড়া সংক্রান্ত তথ্য দেওয়া হয়েছে।
নিরপেক্ষ ভাষা ব্যবহার করা হয়েছে।
অপমানজনক শব্দ নেই।","ক্রীড়া সংক্রান্ত তথ্য দেওয়া হয়েছে।
নিরপেক্ষ ভাষা ব্যবহার করা হয়েছে।
অপমানজনক শব্দ নেই।","ক্রীড়া সংক্রান্ত তথ্য দেওয়া হয়েছে।
নিরপেক্ষ ভাষা ব্যবহার করা হয়েছে।
অপমানজনক শব্দ নেই।","ক্রীড়া সংক্রান্ত তথ্য দেওয়া হয়েছে।
নিরপেক্ষ ভাষা ব্যবহার করা হয়েছে।
অপমানজনক শব্দ নেই।","ক্রীড়া সংক্রান্ত তথ্য দেওয়া হয়েছে।
নিরপেক্ষ ভাষা ব্যবহার করা হয়েছে।
অপমানজনক শব্দ নেই।","ক্রীড়া সংক্রান্ত তথ্য দেওয়া হয়েছে।
নিরপেক্ষ ভাষা ব্যবহার করা হয়েছে।
অপমানজনক শব্দ নেই।","ক্রীড়া সংক্রান্ত তথ্য দেওয়া হয়েছে।
নিরপেক্ষ ভাষা ব্যবহার করা হয়েছে।
অপমানজনক শব্দ নেই।","ক্রীড়া সংক্রান্ত তথ্য দেওয়া হয়েছে।
নিরপেক্ষ ভাষা ব্যবহার করা হয়েছে।
অপমানজনক শব্দ নেই।","ক্রীড়া সংক্রান্ত তথ্য দেওয়া হয়েছে।
নিরপেক্ষ ভাষা ব্যবহার করা হয়েছে।
অপমানজনক শব্দ নেই।","ক্রীড়া সংক্রান্ত তথ্য দেওয়া হয়েছে।
নিরপেক্ষ ভাষা ব্যবহার করা হয়েছে।
অপমানজনক শব্দ নেই।","ক্রীড়া সংক্রান্ত তথ্য দেওয়া হয়েছে।
নিরপেক্ষ ভাষা ব্যবহার করা হয়েছে।
অপমানজনক শব্দ নেই।","ক্রীড়া সংক্রান্ত তথ্য দেওয়া হয়েছে।
নিরপেক্ষ ভাষা ব্যবহার করা হয়েছে।
অপমানজনক শব্দ নেই।","ক্রীড়া সংক্রান্ত তথ্য দেওয়া হয়েছে।
নিরপেক্ষ ভাষা ব্যবহার করা হয়েছে।
অপমানজনক শব্দ নেই।","ক্রীড়া সংক্রান্ত তথ্য দেওয়া হয়েছে।
নিরপেক্ষ ভাষা ব্যবহার করা হয়েছে।
অপমানজনক শব্দ নেই।","ক্রীড়া সংক্রান্ত তথ্য দেওয়া হয়েছে।
নিরপেক্ষ ভাষা ব্যবহার করা হয়েছে।
অপমানজনক শব্দ নেই।"
আঙুলের চোটের কারণে দলে নেই মুশফিকুর রহিম।,Gender,Not Hateful,"এটি নিরপেক্ষ এবং ক্রীড়া সংক্রান্ত তথ্য।
মন্তব্যে কোনো ধরনের অশালীনতা বা বিদ্বেষ নেই।
এটি সঠিক এবং তথ্যভিত্তিক।","ক্রীড়া সংক্রান্ত তথ্য দেওয়া হয়েছে।
কোনো অশালীনতা নেই।
নিরপেক্ষ ভাষা ব্যবহার করা হয়েছে।","ক্রীড়া সংক্রান্ত তথ্য দেওয়া হয়েছে।
খেলোয়াড়ের অবস্থা বর্ণনা করা।
নিরপেক্ষ ভাষা ব্যবহার করা।","ক্রীড়া সংক্রান্ত তথ্য দেওয়া হয়েছে।
খেলোয়াড়ের অবস্থা বর্ণনা করা।
নিরপেক্ষ ভাষা ব্যবহার করা।","ক্রীড়া সংক্রান্ত তথ্য দেওয়া হয়েছে।
খেলোয়াড়ের অবস্থা বর্ণনা করা।
নিরপেক্ষ ভাষা ব্যবহার করা।","ক্রীড়া সংক্রান্ত তথ্য দেওয়া হয়েছে।
খেলোয়াড়ের অবস্থা বর্ণনা করা।
নিরপেক্ষ ভাষা ব্যবহার করা।","ক্রীড়া সংক্রান্ত তথ্য দেওয়া হয়েছে।
খেলোয়াড়ের অবস্থা বর্ণনা করা।
নিরপেক্ষ ভাষা ব্যবহার করা।","ক্রীড়া সংক্রান্ত তথ্য দেওয়া হয়েছে।
খেলোয়াড়ের অবস্থা বর্ণনা করা।
নিরপেক্ষ ভাষা ব্যবহার করা।","ক্রীড়া সংক্রান্ত তথ্য দেওয়া হয়েছে।
খেলোয়াড়ের অবস্থা বর্ণনা করা।
নিরপেক্ষ ভাষা ব্যবহার করা।","ক্রীড়া সংক্রান্ত তথ্য দেওয়া হয়েছে।
খেলোয়াড়ের অবস্থা বর্ণনা করা।
নিরপেক্ষ ভাষা ব্যবহার করা।","ক্রীড়া সংক্রান্ত তথ্য দেওয়া হয়েছে।
খেলোয়াড়ের অবস্থা বর্ণনা করা।
নিরপেক্ষ ভাষা ব্যবহার করা।","ক্রীড়া সংক্রান্ত তথ্য দেওয়া হয়েছে।
খেলোয়াড়ের অবস্থা বর্ণনা করা।
নিরপেক্ষ ভাষা ব্যবহার করা।","ক্রীড়া সংক্রান্ত তথ্য দেওয়া হয়েছে।
খেলোয়াড়ের অবস্থা বর্ণনা করা।
নিরপেক্ষ ভাষা ব্যবহার করা।","ক্রীড়া সংক্রান্ত তথ্য দেওয়া হয়েছে।
খেলোয়াড়ের অবস্থা বর্ণনা করা।
নিরপেক্ষ ভাষা ব্যবহার করা।","ক্রীড়া সংক্রান্ত তথ্য দেওয়া হয়েছে।
খেলোয়াড়ের অবস্থা বর্ণনা করা।
নিরপেক্ষ ভাষা ব্যবহার করা।","ক্রীড়া সংক্রান্ত তথ্য দেওয়া হয়েছে।
খেলোয়াড়ের অবস্থা বর্ণনা করা।
নিরপেক্ষ ভাষা ব্যবহার করা।","ক্রীড়া সংক্রান্ত তথ্য দেওয়া হয়েছে।
খেলোয়াড়ের অবস্থা বর্ণনা করা।
নিরপেক্ষ ভাষা ব্যবহার করা।","ক্রীড়া সংক্রান্ত তথ্য দেওয়া হয়েছে।
খেলোয়াড়ের অবস্থা বর্ণনা করা।
নিরপেক্ষ ভাষা ব্যবহার করা।","ক্রীড়া সংক্রান্ত তথ্য দেওয়া হয়েছে।
খেলোয়াড়ের অবস্থা বর্ণনা করা।
নিরপেক্ষ ভাষা ব্যবহার করা।","ক্রীড়া সংক্রান্ত তথ্য দেওয়া হয়েছে।
খেলোয়াড়ের অবস্থা বর্ণনা করা।
নিরপেক্ষ ভাষা ব্যবহার করা।","ক্রীড়া সংক্রান্ত তথ্য দেওয়া হয়েছে।
খেলোয়াড়ের অবস্থা বর্ণনা করা।
নিরপেক্ষ ভাষা ব্যবহার করা।","ক্রীড়া সংক্রান্ত তথ্য দেওয়া হয়েছে।
খেলোয়াড়ের অবস্থা বর্ণনা করা।
নিরপেক্ষ ভাষা ব্যবহার করা।"
সিরিজের সর্বশেষ টেস্টের দলে থাকা হাসান মাহমুদ ও নাহিদ রানার সঙ্গে তাসকিন ও শরীফুলকে ফিরিয়ে চার পেসার নিয়ে দল সাজিয়েছে নির্বাচক কমিটি।,Gender,Not Hateful,"মন্তব্যটি তথ্যসমৃদ্ধ এবং ক্রীড়ামুখী।
এতে কোনো অপমান বা বিদ্বেষের স্থান নেই।
এটি সম্পূর্ণ গ্রহণযোগ্য।","ক্রীড়ামুখী তথ্য দেওয়া হয়েছে।
অপমানজনক কিছু নেই।
তথ্যসমৃদ্ধ মন্তব্য।","ক্রীড়া সংক্রান্ত তথ্য।
কোনো অপমান নেই।
তথ্যপূর্ণ বক্তব্য।","ক্রীড়া সংক্রান্ত তথ্য দেওয়া হয়েছে।
কোনো অপমান নেই এখানে।
তথ্যপূর্ণ বক্তব্য প্রকাশ পাচ্ছে।","ক্রীড়া সংক্রান্ত তথ্য দেওয়া হয়েছে।
কোনো অপমান নেই এখানে।
তথ্যপূর্ণ বক্তব্য প্রকাশ পাচ্ছে।","ক্রীড়া সংক্রান্ত তথ্য দেওয়া হয়েছে।
কোনো অপমান নেই এখানে।
তথ্যপূর্ণ বক্তব্য প্রকাশ পাচ্ছে।","ক্রীড়া সংক্রান্ত তথ্য দেওয়া হয়েছে।
ক্রিকেট খেলার বিষয়ে।
দল সাজানোর কথা।","ক্রিকেট খেলার দল সাজানো।
খেলোয়াড় নির্বাচন করা।
ক্রীড়া সংক্রান্ত তথ্য।","ক্রিকেট দল নির্বাচন করা হয়েছে।
খেলোয়াড়দের নাম উল্লেখ করা হয়েছে।
ক্রীড়া সংক্রান্ত কথা বলা হয়েছে।","ক্রিকেট খেলার কথা বলা হয়েছে।
খেলোয়াড়দের নাম উল্লেখ করা হয়েছে।
দল নির্বাচন সংক্রান্ত কথা বলা হয়েছে।","ক্রিকেট খেলার কথা বলা হয়েছে।
খেলোয়াড়দের নাম উল্লেখ করা।
দল নির্বাচন সংক্রান্ত কথা।","ক্রিকেট খেলার কথা বলা হয়েছে।
খেলোয়াড়দের নাম উল্লেখ করা।
দল নির্বাচন সংক্রান্ত কথা।","ক্রিকেট খেলার প্রসঙ্গ রয়েছে।
খেলোয়াড়দের নাম উল্লেখ আছে।
দল নির্বাচন নিয়ে কথা বলা।","ক্রিকেট খেলার কথা বলা হচ্ছে।
খেলোয়াড়দের নাম উল্লেখ আছে।
দল নির্বাচন নিয়ে আলোচনা।","ক্রিকেট খেলার প্রসঙ্গ আছে।
খেলোয়াড়দের নাম উল্লেখ আছে।
দল নির্বাচন নিয়ে কথা।","ক্রিকেট খেলার কথা বলা হয়েছে।
খেলোয়াড়দের নাম উল্লেখ আছে।
দল নির্বাচন নিয়ে আলোচনা।","ক্রিকেট খেলার কথা বলা হয়েছে।
খেলোয়াড়দের নাম উল্লেখ আছে।
দল নির্বাচন নিয়ে আলোচনা।","ক্রিকেট খেলার কথা বলা হয়েছে।
খেলোয়াড়দের নাম উল্লেখ আছে।
দল নির্বাচন নিয়ে আলোচনা।","ক্রিকেট খেলার কথা বলা হয়েছে।
খেলোয়াড়দের নাম উল্লেখ আছে।
দল নির্বাচন নিয়ে আলোচনা।","ক্রিকেট খেলার প্রসঙ্গ রয়েছে।
খেলোয়াড়দের নাম উল্লেখ আছে।
দল নির্বাচন নিয়ে কথা।","ক্রিকেট খেলার কথা বলা হয়েছে।
খেলোয়াড়দের নাম উল্লেখ আছে।
দল নির্বাচন নিয়ে আলোচনা।","ক্রিকেট খেলার প্রসঙ্গ আছে।
খেলোয়াড়দের নাম উল্লেখ আছে।
দল নির্বাচন নিয়ে কথা বলা।"
এই ছবিতে অজয় দেবগন ও আমির খান প্রথম একসঙ্গে অভিনয় করেন।,Gender,Not Hateful,"এটি একটি চলচ্চিত্র সংক্রান্ত তথ্য।
মন্তব্যটি নিরপেক্ষ এবং কোনো অপমান বা বিদ্বেষ ছড়ায় না।
এটি তথ্যভিত্তিক এবং গ্রহণযোগ্য।","চলচ্চিত্র সংক্রান্ত তথ্য দেওয়া হয়েছে।
অভিনেতাদের নাম উল্লেখ করা হয়েছে।
নিরপেক্ষ ভাষা ব্যবহার করা হয়েছে।","ছবির তথ্য দেওয়া হয়েছে।
অভিনেতাদের নাম আছে।
নিরপেক্ষ ভাষা ব্যবহার।","ছবির তথ্য দেওয়া হয়েছে।
অভিনেতাদের নাম উল্লেখ আছে।
নিরপেক্ষ ভাষা ব্যবহার করা হয়েছে।","ছবির তথ্য দেওয়া হয়েছে।
নাম উল্লেখ আছে।
নিরপেক্ষ ভাষা ব্যবহার।","তথ্য দেওয়া হয়েছে।
নাম উল্লেখ আছে।
নিরপেক্ষ ভাষা ব্যবহার।","তথ্য দেওয়া হয়েছে।
নাম উল্লেখ আছে।
নিরপেক্ষ ভাষা ব্যবহার।","তথ্য দেওয়া হয়েছে।
নাম উল্লেখ আছে।
নিরপেক্ষ ভাষা ব্যবহার।","তথ্য দেওয়া হয়েছে।
নাম উল্লেখ আছে।
নিরপেক্ষ ভাষা ব্যবহার।","তথ্য দেওয়া হয়েছে।
নাম উল্লেখ আছে।
নিরপেক্ষ ভাষা ব্যবহার।","তথ্য দেওয়া হয়েছে।
নাম উল্লেখ আছে।
নিরপেক্ষ ভাষা ব্যবহার।","তথ্য দেওয়া হয়েছে।
নাম উল্লেখ আছে।
নিরপেক্ষ ভাষা ব্যবহার।","তথ্য দেওয়া হয়েছে।
নাম উল্লেখ আছে।
নিরপেক্ষ ভাষা ব্যবহার।","তথ্য দেওয়া হয়েছে।
নাম উল্লেখ আছে।
নিরপেক্ষ ভাষা ব্যবহার।","তথ্য দেওয়া হয়েছে।
নাম উল্লেখ আছে।
নিরপেক্ষ ভাষা ব্যবহার।","তথ্য দেওয়া হয়েছে।
নাম উল্লেখ আছে।
নিরপেক্ষ ভাষা ব্যবহার।","তথ্য দেওয়া হয়েছে।
নাম উল্লেখ আছে।
নিরপেক্ষ ভাষা ব্যবহার।","তথ্য দেওয়া হয়েছে।
নাম উল্লেখ আছে।
নিরপেক্ষ ভাষা ব্যবহার।","তথ্য দেওয়া হয়েছে।
নাম উল্লেখ আছে।
নিরপেক্ষ ভাষা ব্যবহার।","তথ্য দেওয়া হয়েছে।
নাম উল্লেখ আছে।
নিরপেক্ষ ভাষা ব্যবহার।","তথ্য দেওয়া হয়েছে।
নাম উল্লেখ আছে।
নিরপেক্ষ ভাষা ব্যবহার।","তথ্য দেওয়া হয়েছে।
নাম উল্লেখ আছে।
নিরপেক্ষ ভাষা ব্যবহার।"
অন্তর্বর্তী সরকারের উপদেষ্টা হিসেবে শপথ নিলেন নির্মাতা মোস্তফা সরয়ার ফারুকী।,Gender,Not Hateful,"এটি একটি খবর ভিত্তিক তথ্য।
মন্তব্যটি নিরপেক্ষ এবং কোনো অপমানজনক বক্তব্য প্রকাশ করে না।
এটি সঠিক এবং গ্রহণযোগ্য।","খবর ভিত্তিক তথ্য প্রকাশ করে।
নিরপেক্ষ মন্তব্য করা হয়েছে।
অপমানজনক নয়।","খবর প্রকাশ করা হয়েছে।
নিরপেক্ষ তথ্য দেওয়া হয়েছে।
অপমান নেই।","তথ্য দেওয়া হয়েছে।
নিরপেক্ষ ভাষা ব্যবহার।
অপমানজনক নয়।","তথ্য দেওয়া হয়েছে।
নিরপেক্ষ ভাষা ব্যবহার।
অপমানজনক নয়।","তথ্য দেওয়া হয়েছে।
নিরপেক্ষ ভাষা ব্যবহার।
অপমানজনক নয়।","তথ্য দেওয়া হয়েছে।
নিরপেক্ষ ভাষা ব্যবহার।
অপমানজনক নয়।","তথ্য দেওয়া হয়েছে।
নিরপেক্ষ ভাষা ব্যবহার।
অপমানজনক নয়।","তথ্য দেওয়া হয়েছে।
নিরপেক্ষ ভাষা ব্যবহার।
অপমানজনক নয়।","তথ্যমূলক বক্তব্য।
নিরপেক্ষ ভাষা ব্যবহার।
অপমানজনক নয়।","তথ্য প্রদান করা হয়েছে।
কোন আপত্তিজনক শব্দ নেই।
ব্যক্তিগত আক্রমণ নেই।","তথ্য দেওয়া হয়েছে।
কোন আপত্তি নেই।
ব্যক্তিগত আক্রমণ নেই।","তথ্যমূলক বক্তব্য।
কোন আপত্তিজনক শব্দ নেই।
ব্যক্তিগত আক্রমণ নেই।","তথ্য দেওয়া হয়েছে।
কোন আপত্তি নেই।
বক্তব্য নিরপেক্ষ।","তথ্যমূলক বক্তব্য।
কোন আপত্তিজনক শব্দ নেই।
নিরপেক্ষ তথ্য দেওয়া।","তথ্য দেওয়া হয়েছে।
নিরপেক্ষ ভাষা ব্যবহার।
কোন আপত্তি নেই।","তথ্য দেওয়া হয়েছে।
নিরপেক্ষ ভাষা ব্যবহার।
কোন আপত্তি নেই।","তথ্য দেওয়া হয়েছে।
নিরপেক্ষ ভাষা ব্যবহার।
কোন আপত্তি নেই।","তথ্য দেওয়া হয়েছে।
নিরপেক্ষ ভাষা ব্যবহার।
কোন আপত্তি নেই।","তথ্য দেওয়া হয়েছে।
নিরপেক্ষ ভাষা ব্যবহার।
কোন আপত্তি নেই।","তথ্য দেওয়া হয়েছে।
নিরপেক্ষ ভাষা ব্যবহার।
কোন আপত্তি নেই।","তথ্য দেওয়া হয়েছে।
নিরপেক্ষ ভাষা ব্যবহার।
কোন আপত্তি নেই।"
স্পেনের ক্লাবের কোচ হলেন ম্যারাডোনার ছেলে,Gender,Not Hateful,"এটি একটি ক্রীড়াসংক্রান্ত ইতিবাচক তথ্য।
মন্তব্যটি নিরপেক্ষ এবং কোনো বিদ্বেষ ছড়ায় না।
এটি তথ্যভিত্তিক এবং গ্রহণযোগ্য।","ক্রীড়াসংক্রান্ত তথ্য দেওয়া হয়েছে।
ম্যারাডোনার ছেলে সম্পর্কে বলা হয়েছে।
বিদ্বেষমূলক কিছু নেই।","ক্রীড়াসংক্রান্ত তথ্য দেওয়া হয়েছে।
ম্যারাডোনার ছেলে সম্পর্কে বলা হয়েছে।
বিদ্বেষমূলক কিছু নেই।","ক্রীড়াসংক্রান্ত তথ্য দেওয়া হয়েছে।
ম্যারাডোনার ছেলে সম্পর্কে বলা হয়েছে।
বিদ্বেষমূলক কিছু নেই।","ক্রীড়াসংক্রান্ত তথ্য দেওয়া হয়েছে।
ম্যারাডোনার ছেলে সম্পর্কে বলা হয়েছে।
বিদ্বেষমূলক কিছু নেই।","ক্রীড়াসংক্রান্ত তথ্য দেওয়া হয়েছে।
ম্যারাডোনার ছেলে সম্পর্কে বলা হয়েছে।
বিদ্বেষমূলক কিছু নেই।","ক্রীড়াসংক্রান্ত তথ্য দেওয়া হয়েছে।
ম্যারাডোনার ছেলে সম্পর্কে বলা হয়েছে।
বিদ্বেষমূলক কিছু নেই।","ক্রীড়াসংক্রান্ত তথ্য দেওয়া হয়েছে।
ম্যারাডোনার ছেলে সম্পর্কে বলা হয়েছে।
বিদ্বেষমূলক কিছু নেই।","ক্রীড়াসংক্রান্ত তথ্য দেওয়া হয়েছে।
ম্যারাডোনার ছেলে সম্পর্কে বলা হয়েছে।
বিদ্বেষমূলক কিছু নেই।","ক্রীড়াসংক্রান্ত তথ্য দেওয়া হয়েছে।
ম্যারাডোনার ছেলে সম্পর্কে বলা হয়েছে।
বিদ্বেষমূলক কিছু নেই।","ক্রীড়াসংক্রান্ত তথ্য দেওয়া হয়েছে।
ম্যারাডোনার ছেলে সম্পর্কে বলা হয়েছে।
বিদ্বেষমূলক কিছু নেই।","ক্রীড়াসংক্রান্ত তথ্য দেওয়া হয়েছে।
ম্যারাডোনার ছেলে সম্পর্কে বলা হয়েছে।
বিদ্বেষমূলক কিছু নেই।","ক্রীড়াসংক্রান্ত তথ্য দেওয়া হয়েছে।
ম্যারাডোনার ছেলে সম্পর্কে বলা হয়েছে।
বিদ্বেষমূলক কিছু নেই।","ক্রীড়াসংক্রান্ত তথ্য দেওয়া হয়েছে।
ম্যারাডোনার ছেলে সম্পর্কে বলা হয়েছে।
বিদ্বেষমূলক কিছু নেই।","ক্রীড়াসংক্রান্ত তথ্য দেওয়া হয়েছে।
ম্যারাডোনার ছেলে সম্পর্কে বলা হয়েছে।
বিদ্বেষমূলক কিছু নেই।","ক্রীড়াসংক্রান্ত তথ্য দেওয়া হয়েছে।
ম্যারাডোনার ছেলে সম্পর্কে বলা হয়েছে।
বিদ্বেষমূলক কিছু নেই।","ক্রীড়াসংক্রান্ত তথ্য দেওয়া হয়েছে।
ম্যারাডোনার ছেলে সম্পর্কে বলা হয়েছে।
বিদ্বেষমূলক কিছু নেই।","ক্রীড়াসংক্রান্ত তথ্য দেওয়া হয়েছে।
ম্যারাডোনার ছেলে সম্পর্কে বলা হয়েছে।
বিদ্বেষমূলক কিছু নেই।","ক্রীড়াসংক্রান্ত তথ্য দেওয়া হয়েছে।
ম্যারাডোনার ছেলে সম্পর্কে বলা হয়েছে।
বিদ্বেষমূলক কিছু নেই।","ক্রীড়াসংক্রান্ত তথ্য দেওয়া হয়েছে।
ম্যারাডোনার ছেলে সম্পর্কে বলা হয়েছে।
বিদ্বেষমূলক কিছু নেই।","ক্রীড়াসংক্রান্ত তথ্য দেওয়া হয়েছে।
ম্যারাডোনার ছেলে সম্পর্কে বলা হয়েছে।
বিদ্বেষমূলক কিছু নেই।","ক্রীড়াসংক্রান্ত তথ্য দেওয়া হয়েছে।
ম্যারাডোনার ছেলে সম্পর্কে বলা হয়েছে।
বিদ্বেষমূলক কিছু নেই।"
প্রথমবারের মতো মহাকাশ ঘুরে এলেন সেই মা ও মেয়ে,Gender,Not Hateful,"এটি একটি ইতিবাচক এবং অনুপ্রেরণামূলক মন্তব্য।
মন্তব্যে কোনো অপমান বা বিদ্বেষ নেই।
এটি সম্পূর্ণ গ্রহণযোগ্য।","মন্তব্যটি ইতিবাচক।
কোনো অপমান নেই।
সম্পূর্ণ গ্রহণযোগ্য।","মন্তব্যটি প্রশংসনীয়।
কোনো অপমানজনক শব্দ নেই।
সম্পূর্ণ সম্মানজনক।","মন্তব্যটি সম্মানজনক।
কোনো অপমান নেই।
শব্দগুলো প্রশংসনীয়।","মন্তব্যটি সম্মানজনক।
কোনো অপমান নেই।
শব্দগুলো প্রশংসনীয়।","মন্তব্যটি সম্মানজনক।
কোনো অপমান নেই।
শব্দগুলো প্রশংসনীয়।","মন্তব্যটি সম্মানজনক।
কোনো অপমান নেই।
শব্দগুলো প্রশংসনীয়।","মন্তব্যটি সম্মানজনক।
কোনো অপমান নেই।
শব্দগুলো প্রশংসনীয়।","মন্তব্যটি সম্মানজনক।
কোনো অপমান নেই।
শব্দগুলো প্রশংসনীয়।","মন্তব্যটি সম্মানজনক।
কোনো অপমান নেই।
শব্দগুলো প্রশংসনীয়।","মন্তব্যটি সম্মানজনক।
কোনো অপমান নেই।
শব্দগুলো প্রশংসনীয়।","মন্তব্যটি সম্মানজনক।
কোনো অপমান নেই।
শব্দগুলো প্রশংসনীয়।","মন্তব্যটি সম্মানজনক।
কোনো অপমান নেই।
শব্দগুলো প্রশংসনীয়।","মন্তব্যটি সম্মানজনক।
কোনো অপমান নেই।
শব্দগুলো প্রশংসনীয়।","মন্তব্যটি সম্মানজনক।
কোনো অপমান নেই।
শব্দগুলো প্রশংসনীয়।","মন্তব্যটি সম্মানজনক।
কোনো অপমান নেই।
শব্দগুলো প্রশংসনীয়।","মন্তব্যটি সম্মানজনক।
কোনো অপমান নেই।
শব্দগুলো প্রশংসনীয়।","মন্তব্যটি সম্মানজনক।
কোনো অপমান নেই।
শব্দগুলো প্রশংসনীয়।","মন্তব্যটি সম্মানজনক।
কোনো অপমান নেই।
শব্দগুলো প্রশংসনীয়।","মন্তব্যটি সম্মানজনক।
কোনো অপমান নেই।
শব্দগুলো প্রশংসনীয়।","মন্তব্যটি সম্মানজনক।
কোনো অপমান নেই।
শব্দগুলো প্রশংসনীয়।","মন্তব্যটি সম্মানজনক।
কোনো অপমান নেই।
শব্দগুলো প্রশংসনীয়।"
ছেলেকে নিয়ে সিডনি ক্রিকেট গ্রাউন্ডে শাবনুর,Gender,Not Hateful,"এটি একটি নিরপেক্ষ ও তথ্যবহুল মন্তব্য।
মন্তব্যে কোনো ধরনের অশালীনতা বা বিদ্বেষ প্রকাশ পায়নি।
এটি গ্রহণযোগ্য এবং তথ্যভিত্তিক।","কোনো অশালীনতা নেই।
তথ্যবহুল মন্তব্য।
নিরপেক্ষ মন্তব্য।","কোনো অশ্লীলতা নেই।
শুধু তথ্য দেওয়া।
নিরপেক্ষ ভাষা।","কোনো অশ্লীলতা নেই।
শুধু তথ্য দেওয়া।
নিরপেক্ষ ভাষা।","কোনো অশ্লীলতা নেই।
শুধু তথ্য দেওয়া।
নিরপেক্ষ ভাষা।","কোনো অশ্লীলতা নেই।
শুধু তথ্য দেওয়া।
নিরপেক্ষ ভাষা।","কোনো অশ্লীলতা নেই।
শুধু তথ্য দেওয়া।
নিরপেক্ষ ভাষা।","কোনো অশ্লীলতা নেই।
শুধু তথ্য দেওয়া।
নিরপেক্ষ ভাষা।","কোনো অশ্লীলতা নেই।
শুধু তথ্য দেওয়া।
নিরপেক্ষ ভাষা।","কোনো ঘৃণ্য ভাষা নেই।
শুধু তথ্য দেওয়া হয়েছে।
নিরপেক্ষ ভাষা ব্যবহার করা।","কোনো ঘৃণ্য ভাষা নেই।
শুধু তথ্য দেওয়া হয়েছে।
নিরপেক্ষ ভাষা ব্যবহার করা।","কোনো ঘৃণ্য ভাষা নেই।
নিরপেক্ষ ভাষা ব্যবহার।
তথ্য দেওয়া হয়েছে।","কোনো অশ্লীল শব্দ নেই।
শুধু তথ্য দেওয়া হয়েছে।
কোনো ঘৃণ্য ভাষা নেই।","কোনো অশ্লীলতা নেই।
তথ্যমূলক বক্তব্য।
ঘৃণ্য ভাষা নেই।","কোনো অশ্লীলতা নেই।
শুধু তথ্য দেওয়া।
ঘৃণ্য ভাষা নেই।","কোনো অশ্লীলতা নেই।
শুধু তথ্য দেওয়া।
ঘৃণ্য ভাষা নেই।","কোনো অশ্লীলতা নেই।
শুধু তথ্য দেওয়া।
ঘৃণ্য ভাষা নেই।","কোনো অশ্লীলতা নেই।
শুধু তথ্য দেওয়া।
ঘৃণ্য ভাষা নেই।","কোনো অশ্লীলতা নেই।
শুধু তথ্য দেওয়া।
ঘৃণ্য ভাষা নেই।","কোনো ঘৃণ্য শব্দ নেই।
শুধু তথ্য দেওয়া হয়েছে।
অশ্লীলতা নেই।","কোনো ঘৃণ্য শব্দ নেই।
শুধু তথ্য দেওয়া হয়েছে।
অশ্লীলতা নেই।","কোনো ঘৃণ্য শব্দ নেই।
শুধু তথ্য দেওয়া হয়েছে।
অশ্লীলতা নেই।"
আমার ছেলে ক্রিকেট খেলা খুব পছন্দ করে। তাই সকাল সকাল বেরিয়ে পড়েছি খেলা দেখতে।,Gender,Not Hateful,"মন্তব্যটি একদম নিরপেক্ষ এবং ব্যক্তিগত অভিজ্ঞতা শেয়ার করা হয়েছে।
এটি ইতিবাচক এবং কোনো বিদ্বেষপূর্ণ উপাদান নেই।
খেলাধুলার প্রতি ভালোবাসা এবং সন্তানকে সময় দেওয়ার গুরুত্ব ফুটে উঠেছে।","কোনো বিদ্বেষ নেই।
খেলার প্রতি ভালোবাসা।
সন্তানের প্রতি স্নেহ।","কোনো বিদ্বেষ নেই।
ভালো মনোভাব প্রকাশ।
স্নেহ প্রকাশ পাচ্ছে।","কোনো অশ্লীল শব্দ নেই।
পরিবারের প্রতি স্নেহ।
খেলার প্রতি আগ্রহ।","পরিবারের প্রতি স্নেহ প্রকাশ পাচ্ছে।
খেলার প্রতি আগ্রহ দেখা যাচ্ছে।
কোনো অশ্লীলতা নেই।","ছেলের প্রতি স্নেহ দেখা যাচ্ছে।
ক্রিকেট খেলার প্রতি আগ্রহ আছে।
পরিবারের প্রতি ভালোবাসা আছে।","ছেলের প্রতি স্নেহ প্রকাশ পাচ্ছে।
খেলার প্রতি আগ্রহ দেখা যাচ্ছে।
পিতার ভালোবাসা ফুটে উঠেছে।","ছেলের প্রতি স্নেহ প্রকাশ পাওয়া যাচ্ছে।
খেলার প্রতি আগ্রহ দেখা যাচ্ছে।
পিতার ভালোবাসা ফুটে উঠেছে।","ছেলের প্রতি স্নেহ প্রকাশ পাওয়া যাচ্ছে।
খেলার প্রতি আগ্রহ দেখা যাচ্ছে।
পিতার ভালোবাসা ফুটে উঠেছে।","ছেলের প্রতি স্নেহ প্রকাশ পাওয়া যাচ্ছে।
খেলার প্রতি আগ্রহ দেখা যাচ্ছে।
পিতার ভালোবাসা ফুটে উঠেছে।","ছেলের প্রতি স্নেহ প্রকাশ পাওয়া যাচ্ছে।
খেলার প্রতি আগ্রহ দেখা যাচ্ছে।
পিতার ভালোবাসা ফুটে উঠেছে।","ছেলের প্রতি স্নেহ প্রকাশ পাওয়া যাচ্ছে।
পিতার ভালোবাসা ফুটে উঠেছে।
খেলার প্রতি আগ্রহ দেখা যাচ্ছে।","ছেলের প্রতি স্নেহ প্রকাশ পাওয়া যাচ্ছে।
পিতার ভালোবাসা ফুটে উঠেছে।
খেলার প্রতি আগ্রহ দেখা যাচ্ছে।","ছেলের প্রতি স্নেহ প্রকাশ পাওয়া যাচ্ছে।
পিতার ভালোবাসা ফুটে উঠেছে।
খেলার প্রতি আগ্রহ দেখা যাচ্ছে।","ছেলের প্রতি স্নেহ প্রকাশ পাওয়া যাচ্ছে।
পিতার ভালোবাসা ফুটে উঠেছে।
খেলার প্রতি আগ্রহ দেখা যাচ্ছে।","ছেলের প্রতি ভালোবাসা ফুটে উঠেছে।
পিতার স্নেহ প্রকাশ পাচ্ছে।
খেলার প্রতি আগ্রহ দেখা যায়।","ছেলের প্রতি ভালোবাসা প্রকাশ পাচ্ছে।
পিতার স্নেহ ফুটে উঠেছে।
খেলার প্রতি আগ্রহ দেখা যায়।","ছেলের প্রতি ভালোবাসা প্রকাশ পাচ্ছে।
পিতার স্নেহ ফুটে উঠেছে।
খেলার প্রতি আগ্রহ দেখা যায়।","ছেলের প্রতি ভালোবাসা প্রকাশ পাচ্ছে।
পিতার স্নেহ ফুটে উঠেছে।
খেলার প্রতি আগ্রহ দেখা যায়।","ছেলের প্রতি ভালোবাসা প্রকাশ পাচ্ছে।
পিতার স্নেহ ফুটে উঠেছে।
খেলার প্রতি আগ্রহ দেখা যায়।","ছেলের প্রতি ভালোবাসা প্রকাশ পাচ্ছে।
পিতার স্নেহ ফুটে উঠেছে।
খেলার প্রতি আগ্রহ দেখা যায়।","ছেলের প্রতি ভালোবাসা প্রকাশ পাচ্ছে।
পিতার স্নেহ ফুটে উঠেছে।
খেলার প্রতি আগ্রহ দেখা যায়।"
২০১৭ থেকে ২০২১ সাল পর্যন্ত ট্রাম্পের প্রথমবার প্রেসিডেন্ট হওয়ার স্মৃতি এখনো বার্লিনের কাছে খুব স্পষ্ট।,Gender,Not Hateful,"এটি ঐতিহাসিক স্মৃতিচারণ এবং তথ্যভিত্তিক মন্তব্য।
মন্তব্যে কোনো অশালীনতা বা বিদ্বেষ নেই।
এটি নিরপেক্ষ এবং গ্রহণযোগ্য।","ঐতিহাসিক তথ্য উল্লেখ করা হয়েছে।
কোনো বিদ্বেষপূর্ণ শব্দ নেই।
নিরপেক্ষ ভাষা ব্যবহার করা হয়েছে।","ঐতিহাসিক তথ্য উল্লেখ করা হয়েছে।
বিদ্বেষপূর্ণ শব্দ নেই।
নিরপেক্ষ ভাষা ব্যবহার করা হয়েছে।","ঐতিহাসিক তথ্য উল্লেখ করা হয়েছে।
বিদ্বেষপূর্ণ শব্দ নেই।
নিরপেক্ষ ভাষা ব্যবহার করা হয়েছে।","ঐতিহাসিক তথ্য উল্লেখ করা হয়েছে।
বিদ্বেষপূর্ণ শব্দ নেই।
নিরপেক্ষ ভাষা ব্যবহার করা হয়েছে।","ঐতিহাসিক তথ্য উল্লেখ করা হয়েছে।
বিদ্বেষপূর্ণ শব্দ নেই।
নিরপেক্ষ ভাষা ব্যবহার করা হয়েছে।","ঐতিহাসিক তথ্য উল্লেখ করা হয়েছে।
বিদ্বেষপূর্ণ শব্দ নেই।
নিরপেক্ষ ভাষা ব্যবহার করা হয়েছে।","ঐতিহাসিক তথ্য উল্লেখ করা হয়েছে।
বিদ্বেষপূর্ণ শব্দ নেই।
নিরপেক্ষ ভাষা ব্যবহার করা হয়েছে।","ঐতিহাসিক তথ্য উল্লেখ করা হয়েছে।
বিদ্বেষপূর্ণ শব্দ নেই।
নিরপেক্ষ ভাষা ব্যবহার করা হয়েছে।","ঐতিহাসিক তথ্য উল্লেখ করা হয়েছে।
বিদ্বেষপূর্ণ শব্দ নেই।
নিরপেক্ষ ভাষা ব্যবহার করা হয়েছে।","ঐতিহাসিক তথ্য উল্লেখ করা হয়েছে।
বিদ্বেষপূর্ণ শব্দ নেই।
নিরপেক্ষ ভাষা ব্যবহার করা হয়েছে।","ঐতিহাসিক তথ্য উল্লেখ করা হয়েছে।
বিদ্বেষপূর্ণ শব্দ নেই।
নিরপেক্ষ ভাষা ব্যবহার করা হয়েছে।","ঐতিহাসিক তথ্য উল্লেখ করা হয়েছে।
বিদ্বেষপূর্ণ শব্দ নেই।
নিরপেক্ষ ভাষা ব্যবহার করা হয়েছে।","ঐতিহাসিক তথ্য উল্লেখ করা হয়েছে।
বিদ্বেষপূর্ণ শব্দ নেই।
নিরপেক্ষ ভাষা ব্যবহার করা হয়েছে।","ঐতিহাসিক তথ্য উল্লেখ করা হয়েছে।
বিদ্বেষপূর্ণ শব্দ নেই।
নিরপেক্ষ ভাষা ব্যবহার করা হয়েছে।","ঐতিহাসিক তথ্য উল্লেখ করা হয়েছে।
বিদ্বেষপূর্ণ শব্দ নেই।
নিরপেক্ষ ভাষা ব্যবহার করা হয়েছে।","ঐতিহাসিক তথ্য উল্লেখ করা হয়েছে।
বিদ্বেষপূর্ণ শব্দ নেই।
নিরপেক্ষ ভাষা ব্যবহার করা হয়েছে।","ঐতিহাসিক তথ্য উল্লেখ করা হয়েছে।
বিদ্বেষপূর্ণ শব্দ নেই।
নিরপেক্ষ ভাষা ব্যবহার করা হয়েছে।","ঐতিহাসিক তথ্য উল্লেখ করা হয়েছে।
বিদ্বেষপূর্ণ শব্দ নেই।
নিরপেক্ষ ভাষা ব্যবহার করা হয়েছে।","ঐতিহাসিক তথ্য উল্লেখ করা হয়েছে।
বিদ্বেষপূর্ণ শব্দ নেই।
নিরপেক্ষ ভাষা ব্যবহার করা হয়েছে।","ঐতিহাসিক তথ্য উল্লেখ করা হয়েছে।
বিদ্বেষপূর্ণ শব্দ নেই।
নিরপেক্ষ ভাষা ব্যবহার করা হয়েছে।","ঐতিহাসিক তথ্য উল্লেখ করা হয়েছে।
বিদ্বেষপূর্ণ শব্দ নেই।
নিরপেক্ষ ভাষা ব্যবহার করা হয়েছে।"
এনিলা তানজুম। অভিনেত্রী ও মডেল। এনটিভিতে প্রচার শুরু হয়েছে তাঁর অভিনীত নাটক ‘ঘরের শত্রু বিভীষণ’।,Gender,Not Hateful,"এটি নিরপেক্ষ তথ্য এবং কোনো অপমানজনক মন্তব্য নেই।
মন্তব্যটি একজন অভিনেত্রীর কাজকে তুলে ধরেছে।
এটি তথ্যবহুল এবং ইতিবাচক।","তথ্য দেওয়া হয়েছে।
অভিনেত্রীর কাজ আলোচনা।
নেতিবাচক কিছু নেই।","তথ্য দেওয়া হয়েছে।
নেতিবাচক নয়।
অভিনেত্রীর কাজ।","তথ্য দেওয়া হয়েছে।
নেতিবাচক নয়।
অভিনেত্রীর কাজ।","তথ্য দেওয়া হয়েছে।
নেতিবাচক নয়।
অভিনেত্রীর কাজ।","তথ্য দেওয়া হয়েছে।
নেতিবাচক নয়।
অভিনেত্রীর কাজ।","তথ্য দেওয়া হয়েছে।
নেতিবাচক নয়।
অভিনেত্রীর কাজ।","তথ্য দেওয়া হয়েছে।
নেতিবাচক নয়।
অভিনেত্রীর কাজ।","তথ্য দেওয়া হয়েছে।
নেতিবাচক নয়।
অভিনেত্রীর কাজ।","তথ্য দেওয়া হয়েছে।
নেতিবাচক নয়।
অভিনেত্রীর কাজ।","তথ্য দেওয়া হয়েছে।
নেতিবাচক নয়।
অভিনেত্রীর কাজ।","তথ্য দেওয়া হয়েছে।
নেতিবাচক নয়।
অভিনেত্রীর কাজ।","তথ্য দেওয়া হয়েছে।
নেতিবাচক নয়।
অভিনেত্রীর কাজ।","তথ্য দেওয়া হয়েছে।
নেতিবাচক নয়।
অভিনেত্রীর কাজ।","তথ্য দেওয়া হয়েছে।
নেতিবাচক নয়।
অভিনেত্রীর কাজ।","তথ্য দেওয়া হয়েছে।
নেতিবাচক নয়।
অভিনেত্রীর কাজ।","তথ্য দেওয়া হয়েছে।
নেতিবাচক নয়।
অভিনেত্রীর কাজ।","তথ্য দেওয়া হয়েছে।
নেতিবাচক নয়।
অভিনেত্রীর কাজ।","তথ্য দেওয়া হয়েছে।
নেতিবাচক নয়।
অভিনেত্রীর কাজ।","তথ্য দেওয়া হয়েছে।
নেতিবাচক নয়।
অভিনেত্রীর কাজ।","তথ্য দেওয়া হয়েছে।
নেতিবাচক নয়।
অভিনেত্রীর কাজ।","তথ্য দেওয়া হয়েছে।
নেতিবাচক নয়।
অভিনেত্রীর কাজ।"
আফরান নিশো ভাইয়া আপনিই বেস্ট,Gender,Not Hateful,"এটি একজন প্রিয় অভিনেতার প্রশংসা এবং ইতিবাচক মনোভাব প্রকাশ করে।
মন্তব্যটি কোনো বিদ্বেষ বা অপমান ছাড়াই প্রশংসামূলক।
এটি সম্পূর্ণ গ্রহণযোগ্য।","প্রশংসামূলক শব্দ ব্যবহার।
ইতিবাচক মনোভাব প্রকাশ।
বিদ্বেষহীন মন্তব্য।","প্রশংসামূলক শব্দ ব্যবহার করা হয়েছে।
ইতিবাচক মনোভাব প্রকাশ পাচ্ছে।
বিদ্বেষহীন মন্তব্য দেওয়া হয়েছে।","প্রশংসামূলক শব্দ ব্যবহার করা হয়েছে।
ইতিবাচক মনোভাব প্রকাশ পাচ্ছে।
বিদ্বেষহীন মন্তব্য দেওয়া হয়েছে।","প্রশংসামূলক শব্দ ব্যবহার করা হয়েছে।
ইতিবাচক মনোভাব প্রকাশ পাচ্ছে।
বিদ্বেষহীন মন্তব্য দেওয়া হয়েছে।","প্রশংসামূলক শব্দ ব্যবহার করা হয়েছে।
ইতিবাচক মনোভাব প্রকাশ পাচ্ছে।
বিদ্বেষহীন মন্তব্য দেওয়া হয়েছে।","প্রশংসা স্পষ্ট।
ইতিবাচক শব্দ ব্যবহার।
বিদ্বেষ নেই।","প্রশংসা স্পষ্ট কারণ ভালো শব্দ।
ইতিবাচক শব্দ ব্যবহার করা হয়েছে।
বিদ্বেষ নেই এখানে।","ভালো শব্দ ব্যবহার করা হয়েছে।
ইতিবাচক মনোভাব প্রকাশ পাচ্ছে।
প্রশংসা স্পষ্ট এখানে।","ভালো শব্দ ব্যবহার করা হয়েছে।
ইতিবাচক মনোভাব প্রকাশ পাচ্ছে।
প্রশংসা স্পষ্ট এখানে।","ভালো শব্দ ব্যবহার করা হয়েছে।
ইতিবাচক মনোভাব প্রকাশ পাচ্ছে।
প্রশংসা স্পষ্ট এখানে।","ভালো শব্দ ব্যবহার করা হয়েছে।
ইতিবাচক মনোভাব প্রকাশ পাচ্ছে।
প্রশংসা স্পষ্ট এখানে।","ভালো শব্দ ব্যবহার করা হয়েছে।
ইতিবাচক মনোভাব প্রকাশ পাচ্ছে।
প্রশংসা স্পষ্ট এখানে।","প্রশংসা স্পষ্ট এখানে।
ইতিবাচক মনোভাব প্রকাশ।
ভালো শব্দ ব্যবহার করা।","প্রশংসা স্পষ্ট এখানে।
ইতিবাচক মনোভাব প্রকাশ।
ভালো শব্দ ব্যবহার করা।","প্রশংসা স্পষ্ট এখানে।
ইতিবাচক মনোভাব প্রকাশ।
ভালো শব্দ ব্যবহার করা।","প্রশংসা স্পষ্ট এখানে।
ইতিবাচক মনোভাব প্রকাশ।
ভালো শব্দ ব্যবহার করা।","প্রশংসা স্পষ্ট এখানে।
ইতিবাচক মনোভাব প্রকাশ।
ভালো শব্দ ব্যবহার করা।","প্রশংসা স্পষ্ট এখানে।
ইতিবাচক মনোভাব প্রকাশ।
ভালো শব্দ ব্যবহার করা।","প্রশংসা স্পষ্ট এখানে।
ইতিবাচক মনোভাব প্রকাশ।
ভালো শব্দ ব্যবহার করা।","প্রশংসা স্পষ্ট এখানে।
ইতিবাচক মনোভাব প্রকাশ।
ভালো শব্দ ব্যবহার করা।","প্রশংসা স্পষ্ট এখানে।
ইতিবাচক মনোভাব প্রকাশ।
ভালো শব্দ ব্যবহার করা।"
ভাইয়া তোমাদের আমার খুব ভালো লাগছে,Gender,Not Hateful,"এটি ইতিবাচক এবং প্রশংসাসূচক মন্তব্য।
মন্তব্যটি কোনো অশালীন বা বিদ্বেষপূর্ণ বিষয় প্রকাশ করে না।
এটি গ্রহণযোগ্য এবং বন্ধুত্বপূর্ণ।","ভালো লাগছে বলায় ইতিবাচক।
প্রশংসা প্রকাশ করছে।
বন্ধুত্বপূর্ণ শব্দ ব্যবহার।","ভালো লাগছে বলায় ইতিবাচক।
প্রশংসা প্রকাশ করছে।
বন্ধুত্বপূর্ণ শব্দ ব্যবহার।","ভালো লাগছে বলায় ইতিবাচক।
প্রশংসা প্রকাশ করছে।
বন্ধুত্বপূর্ণ শব্দ ব্যবহার।","ভালো লাগছে বলায় ইতিবাচক।
প্রশংসা প্রকাশ করছে।
বন্ধুত্বপূর্ণ শব্দ ব্যবহার।","ভালো লাগছে বলায় ইতিবাচক।
প্রশংসা প্রকাশ করছে।
বন্ধুত্বপূর্ণ শব্দ ব্যবহার।","ভালো লাগছে বলায় ইতিবাচক।
প্রশংসা প্রকাশ করছে।
বন্ধুত্বপূর্ণ শব্দ ব্যবহার।","ভালো লাগছে বলায় ইতিবাচক।
প্রশংসা প্রকাশ করছে।
বন্ধুত্বপূর্ণ শব্দ ব্যবহার।","ভালো লাগছে বলায় ইতিবাচক।
প্রশংসা প্রকাশ করছে।
বন্ধুত্বপূর্ণ শব্দ ব্যবহার।","ভালো লাগছে বলায় ইতিবাচক।
প্রশংসা প্রকাশ করছে।
বন্ধুত্বপূর্ণ শব্দ ব্যবহার।","ভালো লাগছে বলায় ইতিবাচক।
প্রশংসা প্রকাশ করছে।
বন্ধুত্বপূর্ণ শব্দ ব্যবহার।","ভালো লাগছে বলায় ইতিবাচক।
প্রশংসা প্রকাশ করছে।
বন্ধুত্বপূর্ণ শব্দ ব্যবহার।","ভালো লাগছে বলায় ইতিবাচক।
প্রশংসা প্রকাশ করছে।
বন্ধুত্বপূর্ণ শব্দ ব্যবহার।","ভালো লাগছে বলায় ইতিবাচক।
প্রশংসা প্রকাশ করছে।
বন্ধুত্বপূর্ণ শব্দ ব্যবহার।","ভালো লাগছে বলায় ইতিবাচক।
প্রশংসা প্রকাশ করছে।
বন্ধুত্বপূর্ণ শব্দ ব্যবহার।","ভালো লাগছে বলায় ইতিবাচক।
প্রশংসা প্রকাশ করছে।
বন্ধুত্বপূর্ণ শব্দ ব্যবহার।","ভালো লাগছে বলায় ইতিবাচক।
প্রশংসা প্রকাশ করছে।
বন্ধুত্বপূর্ণ শব্দ ব্যবহার।","ভালো লাগছে বলায় ইতিবাচক।
প্রশংসা প্রকাশ করছে।
বন্ধুত্বপূর্ণ শব্দ ব্যবহার।","ভালো লাগছে বলায় ইতিবাচক।
প্রশংসা প্রকাশ করছে।
বন্ধুত্বপূর্ণ শব্দ ব্যবহার।","ভালো লাগছে বলায় ইতিবাচক।
প্রশংসা প্রকাশ করছে।
বন্ধুত্বপূর্ণ শব্দ ব্যবহার।","ভালো লাগছে বলায় ইতিবাচক।
প্রশংসা প্রকাশ করছে।
বন্ধুত্বপূর্ণ শব্দ ব্যবহার।","ভালো লাগছে বলায় ইতিবাচক।
প্রশংসা প্রকাশ করছে।
বন্ধুত্বপূর্ণ শব্দ ব্যবহার।"
নিশু ভাই ত আমার পছন্দের একটি অসাধারন মানুষ,Gender,Not Hateful,"এটি একজন প্রিয় ব্যক্তির প্রতি প্রশংসা প্রকাশ করে।
মন্তব্যে কোনো অশালীনতা বা নেতিবাচকতা নেই।
এটি সম্পূর্ণ গ্রহণযোগ্য এবং উৎসাহমূলক।","প্রশংসা প্রকাশ করে।
অশালীনতা নেই।
ইতিবাচক শব্দ ব্যবহার।","প্রশংসা শব্দ ব্যবহার করা হয়েছে।
ইতিবাচক মনোভাব প্রকাশ পাচ্ছে।
অসাধারণ বলে উল্লেখ করা হয়েছে।","প্রশংসা শব্দ ব্যবহার করা হয়েছে।
ইতিবাচক মনোভাব প্রকাশ পাচ্ছে।
অসাধারণ বলে উল্লেখ করা হয়েছে।","প্রশংসা শব্দ ব্যবহার করা হয়েছে।
ইতিবাচক মনোভাব প্রকাশ পাচ্ছে।
অসাধারণ বলে উল্লেখ করা হয়েছে।","প্রশংসা শব্দ ব্যবহার করা হয়েছে।
ইতিবাচক মনোভাব প্রকাশ পাচ্ছে।
অসাধারণ বলে উল্লেখ করা হয়েছে।","প্রশংসা শব্দ ব্যবহার করা হয়েছে।
ইতিবাচক মনোভাব প্রকাশ পাচ্ছে।
অসাধারণ বলে উল্লেখ করা হয়েছে।","প্রশংসা শব্দ ব্যবহার করা হয়েছে।
ইতিবাচক মনোভাব প্রকাশ পাচ্ছে।
অসাধারণ বলে উল্লেখ করা হয়েছে।","প্রশংসা শব্দ ব্যবহার করা হয়েছে।
ইতিবাচক মনোভাব প্রকাশ পাচ্ছে।
অসাধারণ বলে উল্লেখ করা হয়েছে।","প্রশংসা শব্দ ব্যবহার করা হয়েছে।
ইতিবাচক মনোভাব প্রকাশ পাচ্ছে।
অসাধারণ বলে উল্লেখ করা হয়েছে।","প্রশংসা শব্দ ব্যবহার করা হয়েছে।
ইতিবাচক মনোভাব প্রকাশ পাচ্ছে।
অসাধারণ বলে উল্লেখ করা হয়েছে।","প্রশংসা শব্দ ব্যবহার করা হয়েছে।
ইতিবাচক মনোভাব প্রকাশ পাচ্ছে।
অসাধারণ বলে উল্লেখ করা হয়েছে।","প্রশংসা শব্দ ব্যবহার করা হয়েছে।
ইতিবাচক মনোভাব প্রকাশ পাচ্ছে।
অসাধারণ বলে উল্লেখ করা হয়েছে।","প্রশংসা শব্দ ব্যবহার করা হয়েছে।
ইতিবাচক মনোভাব প্রকাশ পাচ্ছে।
অসাধারণ বলে উল্লেখ করা হয়েছে।","প্রশংসা শব্দ ব্যবহার করা হয়েছে।
ইতিবাচক মনোভাব প্রকাশ পাচ্ছে।
অসাধারণ বলে উল্লেখ করা হয়েছে।","প্রশংসা শব্দ ব্যবহার করা হয়েছে।
ইতিবাচক মনোভাব প্রকাশ পাচ্ছে।
অসাধারণ বলে উল্লেখ করা হয়েছে।","প্রশংসা শব্দ ব্যবহার করা হয়েছে।
ইতিবাচক মনোভাব প্রকাশ পাচ্ছে।
অসাধারণ বলে উল্লেখ করা হয়েছে।","প্রশংসা শব্দ ব্যবহার করা হয়েছে।
ইতিবাচক মনোভাব প্রকাশ পাচ্ছে।
অসাধারণ বলে উল্লেখ করা হয়েছে।","প্রশংসা শব্দ ব্যবহার করা হয়েছে।
ইতিবাচক মনোভাব প্রকাশ পাচ্ছে।
অসাধারণ বলে উল্লেখ করা হয়েছে।","প্রশংসা শব্দ ব্যবহার করা হয়েছে।
ইতিবাচক মনোভাব প্রকাশ পাচ্ছে।
অসাধারণ বলে উল্লেখ করা হয়েছে।","প্রশংসা শব্দ ব্যবহার করা হয়েছে।
ইতিবাচক মনোভাব প্রকাশ পাচ্ছে।
অসাধারণ বলে উল্লেখ করা হয়েছে।","প্রশংসা শব্দ ব্যবহার করা হয়েছে।
ইতিবাচক মনোভাব প্রকাশ পাচ্ছে।
অসাধারণ বলে উল্লেখ করা হয়েছে।"
ভালো লাগছে অসাধারণ হয়েছে নিসো ভাই,Gender,Not Hateful,"এটি ইতিবাচক এবং একজন অভিনেতার কাজের প্রশংসা প্রকাশ করে।
মন্তব্যটি সম্পূর্ণ শালীন এবং কোনো বিদ্বেষ নেই।
এটি গ্রহণযোগ্য এবং প্রশংসামূলক।","ইতিবাচক শব্দ ব্যবহার করা হয়েছে।
প্রশংসামূলক অভিব্যক্তি রয়েছে।
শালীন ভাষা ব্যবহার করা হয়েছে।","ভালো লাগছে বলা হয়েছে।
প্রশংসা করা হয়েছে।
শালীন ভাষা ব্যবহার করা হয়েছে।","প্রশংসা করা হয়েছে।
ভালো লাগছে বলা।
শালীন ভাষা ব্যবহার।","প্রশংসা শব্দ ব্যবহার করা।
ভালো লাগছে বলা হয়েছে।
শালীন ভাষা ব্যবহার করা।","প্রশংসা শব্দ ব্যবহার করা হয়েছে।
ভালো লাগছে বলা হয়েছে।
শালীন ভাষা ব্যবহার করা।","প্রশংসা শব্দ ব্যবহার করা হয়েছে।
ভালো লাগছে বলা হয়েছে।
শালীন ভাষা ব্যবহার করা।","প্রশংসা শব্দ ব্যবহার করা হয়েছে।
ভালো লাগছে বলা হয়েছে।
শালীন ভাষা ব্যবহার করা।","প্রশংসা শব্দ ব্যবহার করা হয়েছে।
ভালো লাগছে বলা হয়েছে।
শালীন ভাষা ব্যবহার করা।","প্রশংসা শব্দ ব্যবহার করা হয়েছে।
ভালো লাগছে বলা হয়েছে।
শালীন ভাষা ব্যবহার করা।","প্রশংসা শব্দ ব্যবহার করা হয়েছে।
ভালো লাগছে বলা হয়েছে।
শালীন ভাষা ব্যবহার করা।","ভালো লাগছে বলা হয়েছে।
প্রশংসা শব্দ ব্যবহার করা।
শালীন ভাষা ব্যবহার করা।","প্রশংসা শব্দ ব্যবহার করা হয়েছে।
শালীন ভাষা ব্যবহার করা হয়েছে।
ভালো লাগছে বলা হয়েছে।","প্রশংসা শব্দ ব্যবহার করা হয়েছে।
ভালো লাগছে বলা হয়েছে।
শালীন ভাষা ব্যবহার করা হয়েছে।","প্রশংসা শব্দ ব্যবহার করা হয়েছে।
ভালো লাগছে বলা হয়েছে।
শালীন ভাষা ব্যবহার করা হয়েছে।","প্রশংসা শব্দ ব্যবহার করা হয়েছে।
ভালো লাগছে বলা হয়েছে।
শালীন ভাষা ব্যবহার করা হয়েছে।","প্রশংসা শব্দ ব্যবহার করা হয়েছে।
ভালো লাগছে বলা হয়েছে।
শালীন ভাষা ব্যবহার করা হয়েছে।","প্রশংসা শব্দ ব্যবহার করা হয়েছে।
ভালো লাগছে বলা হয়েছে।
শালীন ভাষা ব্যবহার করা হয়েছে।","ভালো লাগছে বলা হয়েছে।
প্রশংসা শব্দ ব্যবহার করা হয়েছে।
শালীন ভাষা ব্যবহার করা হয়েছে।","প্রশংসা শব্দ ব্যবহার করা হয়েছে।
শালীন ভাষা ব্যবহার করা হয়েছে।
ভালো লাগছে বলা হয়েছে।","প্রশংসা শব্দ ব্যবহার করা হয়েছে।
ভালো লাগছে বলা হয়েছে।
শালীন ভাষা ব্যবহার করা হয়েছে।","ভালো লাগছে বলা হয়েছে।
প্রশংসা শব্দ ব্যবহার করা হয়েছে।
শালীন ভাষা ব্যবহার করা হয়েছে।"
"অনিক ভাই সময়কে সঠিক কাজে লাগাতে হয়,সুযোগ নয়!",Gender,Not Hateful,"এটি শিক্ষামূলক এবং অনুপ্রেরণামূলক মন্তব্য।
মন্তব্যে কোনো অপমানজনক বা অশালীন কিছু নেই।
এটি ইতিবাচক এবং গ্রহণযোগ্য।","সময়কে সঠিক কাজে ব্যবহার করতে হয়।
অনুপ্রেরণামূলক শব্দ ব্যবহার করা হয়েছে।
ইতিবাচক মন্তব্য করা হয়েছে।","অনুপ্রেরণা দেওয়া হয়েছে।
ইতিবাচক শব্দ ব্যবহার।
সময়ের মূল্য বোঝানো।","সময়ের মূল্য বোঝানো।
ইতিবাচক শব্দ ব্যবহার।
অনুপ্রেরণা দেওয়া হয়েছে।","সময়ের মূল্য বোঝানো হয়েছে।
ইতিবাচক শব্দ ব্যবহার করা।
অনুপ্রেরণা দেওয়া হয়েছে।","সময়ের মূল্য বোঝানো হয়েছে।
ইতিবাচক শব্দ ব্যবহার করা।
অনুপ্রেরণা দেওয়া হয়েছে।","সময়ের মূল্য বোঝানো হয়েছে।
ইতিবাচক শব্দ ব্যবহার করা।
অনুপ্রেরণা দেওয়া হয়েছে।","সময়ের মূল্য বোঝানো হয়েছে।
ইতিবাচক শব্দ ব্যবহার করা।
অনুপ্রেরণা দেওয়া হয়েছে।","সময়ের মূল্য বোঝানো হয়েছে।
ইতিবাচক শব্দ ব্যবহার করা।
অনুপ্রেরণা দেওয়া হয়েছে।","সময়ের মূল্য বোঝানো হয়েছে।
ইতিবাচক শব্দ ব্যবহার করা।
অনুপ্রেরণা দেওয়া হয়েছে।","সময়ের মূল্য বোঝানো হয়েছে।
ইতিবাচক শব্দ ব্যবহার করা।
অনুপ্রেরণা দেওয়া হয়েছে।","সময়ের মূল্য বোঝানো হয়েছে।
ইতিবাচক শব্দ ব্যবহার করা।
অনুপ্রেরণা দেওয়া হয়েছে।","সময়ের মূল্য বোঝানো হয়েছে।
ইতিবাচক শব্দ ব্যবহার করা।
অনুপ্রেরণা দেওয়া হয়েছে।","সময়ের মূল্য বোঝানো হয়েছে।
ইতিবাচক শব্দ ব্যবহার করা।
অনুপ্রেরণা দেওয়া হয়েছে।","সময়ের মূল্য বোঝানো হয়েছে।
ইতিবাচক শব্দ ব্যবহার করা।
অনুপ্রেরণা দেওয়া হয়েছে।","সময়ের মূল্য বোঝানো হয়েছে।
ইতিবাচক শব্দ ব্যবহার করা।
অনুপ্রেরণা দেওয়া হয়েছে।","সময়ের মূল্য বোঝানো হয়েছে।
ইতিবাচক শব্দ ব্যবহার করা।
অনুপ্রেরণা দেওয়া হয়েছে।","সময়ের মূল্য বোঝানো হয়েছে।
ইতিবাচক শব্দ ব্যবহার করা।
অনুপ্রেরণা দেওয়া হয়েছে।","সময়ের মূল্য বোঝানো হয়েছে।
ইতিবাচক শব্দ ব্যবহার করা।
অনুপ্রেরণা দেওয়া হয়েছে।","সময়ের মূল্য বোঝানো হয়েছে।
ইতিবাচক শব্দ ব্যবহার করা।
অনুপ্রেরণা দেওয়া হয়েছে।","সময়ের মূল্য বোঝানো হয়েছে।
ইতিবাচক শব্দ ব্যবহার করা।
অনুপ্রেরণা দেওয়া হয়েছে।","সময়ের মূল্য বোঝানো হয়েছে।
ইতিবাচক শব্দ ব্যবহার করা।
অনুপ্রেরণা দেওয়া হয়েছে।"
ভাই কেরেকটারটা এমন-ই ছিলো গল্পটা খুব ভালো লাগছে,Gender,Not Hateful,"এটি গল্প এবং চরিত্রের প্রশংসা প্রকাশ করে।
মন্তব্যে কোনো অশালীনতা বা বিদ্বেষ নেই।
এটি সম্পূর্ণ গ্রহণযোগ্য।","গল্পটা ভালো লাগছে।
প্রশংসা প্রকাশ করে।
অশালীনতা নেই।","ভালো লাগছে বলা হয়েছে।
প্রশংসা প্রকাশ করা হয়েছে।
অশালীনতা নেই।","ভালো লাগছে বলা হয়েছে।
প্রশংসা প্রকাশ করা হয়েছে।
অশালীনতা নেই।","ভালো লাগছে বলা হয়েছে।
প্রশংসা প্রকাশ করা হয়েছে।
অশালীনতা নেই।","ভালো লাগছে বলা হয়েছে।
প্রশংসা প্রকাশ করা হয়েছে।
অশালীনতা নেই।","ভালো লাগছে বলা হয়েছে।
প্রশংসা প্রকাশ করা হয়েছে।
অশালীনতা নেই।","ভালো লাগছে বলা হয়েছে।
প্রশংসা প্রকাশ করা হয়েছে।
অশালীনতা নেই।","ভালো লাগছে বলা হয়েছে।
প্রশংসা প্রকাশ করা হয়েছে।
অশালীনতা নেই।","ভালো লাগছে বলা হয়েছে।
প্রশংসা প্রকাশ করা হয়েছে।
অশালীনতা নেই।","ভালো লাগছে বলা হয়েছে।
প্রশংসা পাওয়া যাচ্ছে।
অশালীনতা নেই।","ভালো লাগছে বলা হয়েছে।
প্রশংসা পাওয়া যাচ্ছে।
অশালীনতা নেই।","ভালো লাগছে বলা হয়েছে।
প্রশংসা পাওয়া যাচ্ছে।
অশালীনতা নেই।","ভালো লাগছে বলা হয়েছে।
প্রশংসা পাওয়া যাচ্ছে।
অশালীনতা নেই।","ভালো লাগছে বলা হয়েছে।
প্রশংসা পাওয়া যাচ্ছে।
অশালীনতা নেই।","ভালো লাগছে বলা হয়েছে।
প্রশংসা পাওয়া যাচ্ছে।
অশালীনতা নেই।","ভালো লাগছে বলা হয়েছে।
প্রশংসা পাওয়া যাচ্ছে।
অশালীনতা নেই।","ভালো লাগছে বলা হয়েছে।
প্রশংসা পাওয়া যাচ্ছে।
অশালীনতা নেই।","ভালো লাগছে বলা হয়েছে।
প্রশংসা পাওয়া যাচ্ছে।
অশালীনতা নেই।","ভালো লাগছে বলা হয়েছে।
প্রশংসা পাওয়া যাচ্ছে।
অশালীনতা নেই।","ভালো লাগছে বলা হয়েছে।
প্রশংসা পাওয়া যাচ্ছে।
অশালীনতা নেই।","ভালো লাগছে বলা হয়েছে।
প্রশংসা পাওয়া যাচ্ছে।
অশালীনতা নেই।"
তিশার অভিনয় অনেক সুন্দর হইছে।,Gender,Not Hateful,"এটি একজন অভিনেত্রীর কাজের প্রশংসা প্রকাশ করে।
মন্তব্যটি ইতিবাচক এবং কোনো অপমান বা বিদ্বেষ নেই।
এটি শালীন এবং সম্পূর্ণ গ্রহণযোগ্য।","অভিনয় প্রশংসা করা হইছে।
কোনো অপমান নেই।
শালীন মন্তব্য করা হইছে।","অভিনয় প্রশংসা করা হইছে।
শালীন মন্তব্য করা হইছে।
কোনো অপমান নেই।","তিশার অভিনয় প্রশংসা করা হইছে।
অভিনয়ের প্রতি ইতিবাচক মন্তব্য।
শালীন ভাষা ব্যবহার করা হইছে।","অভিনয় প্রশংসা করা হয়েছে।
ইতিবাচক মন্তব্য রয়েছে।
শালীন ভাষা ব্যবহার করা হয়েছে।","তিশার অভিনয় সুন্দর।
ইতিবাচক মন্তব্য আছে।
শালীন ভাষা ব্যবহার করা।","ইতিবাচক মন্তব্য আছে।
শালীন ভাষা ব্যবহার করা।
প্রশংসামূলক কথা বলা।","তিশার প্রশংসা করা হয়েছে।
ইতিবাচক শব্দ ব্যবহার করা।
সুন্দর অভিনয়ের প্রশংসা।","তিশার প্রশংসা করা হয়েছে।
ইতিবাচক শব্দ ব্যবহার করা।
সুন্দর অভিনয়ের প্রশংসা।","তিশার প্রশংসা করা হয়েছে।
ইতিবাচক শব্দ ব্যবহার করা।
সুন্দর অভিনয়ের প্রশংসা।","তিশার প্রশংসা করা হয়েছে।
ইতিবাচক শব্দ ব্যবহার।
সুন্দর অভিনয়ের প্রশংসা।","তিশার প্রশংসা করা হয়েছে।
ইতিবাচক শব্দ ব্যবহার।
সুন্দর অভিনয়ের প্রশংসা।","তিশার প্রশংসা করা হয়েছে।
ইতিবাচক শব্দ ব্যবহার।
সুন্দর অভিনয়ের প্রশংসা।","ইতিবাচক শব্দ ব্যবহার করা হয়েছে।
প্রশংসা করা হয়েছে তিশাকে।
সুন্দর অভিনয়ের প্রশংসা।","প্রশংসা করা হয়েছে।
ইতিবাচক শব্দ ব্যবহার।
সুন্দর অভিনয়ের প্রশংসা।","সুন্দর বলা হয়েছে।
প্রশংসা করা হয়েছে।
ইতিবাচক মন্তব্য।","তিশার অভিনয় সুন্দর।
প্রশংসা করা হয়েছে।
ইতিবাচক মন্তব্য দেওয়া।","প্রশংসা করা হয়েছে।
ইতিবাচক মন্তব্য দেওয়া।
সুন্দর অভিনয় প্রশংসিত।","তিশার অভিনয় সুন্দর।
প্রশংসা করা হয়েছে।
ইতিবাচক মন্তব্য দেওয়া।","প্রশংসা করা হয়েছে।
ইতিবাচক মন্তব্য দেওয়া।
সুন্দর অভিনয় প্রশংসিত।","তিশার অভিনয় সুন্দর বলা হয়েছে।
প্রশংসা শব্দ ব্যবহার করা হয়েছে।
ইতিবাচক শব্দ ব্যবহার করা হয়েছে।","প্রশংসা শব্দ ব্যবহার করা হয়েছে।
ইতিবাচক শব্দ ব্যবহার করা হয়েছে।
সুন্দর বলা হয়েছে।"
তানজিলা আপুকে অনেক অনেক ধন্যবাদ,Gender,Not Hateful,"ধন্যবাদ দেওয়া শুভেচারমূলক একটি মন্তব্য।
এখানে কোনো নেতিবাচকতা নেই, কৃতজ্ঞতা প্রকাশ করা হয়েছে।
প্রশংসা এবং শুভ কামনার উদাহরণ।","ধন্যবাদ শব্দটি ইতিবাচক।
কৃতজ্ঞতা প্রকাশ করা হয়েছে।
শুভেচ্ছা প্রকাশ করা হয়েছে।","ধন্যবাদ শব্দটি ইতিবাচক।
কৃতজ্ঞতা প্রকাশ করা হয়েছে।
শুভেচ্ছা প্রকাশ করা হয়েছে।","ধন্যবাদ শব্দটি ইতিবাচক।
কৃতজ্ঞতা প্রকাশ করা হয়েছে।
শুভেচ্ছা প্রকাশ করা হয়েছে।","ধন্যবাদ শব্দটি ইতিবাচক।
কৃতজ্ঞতা প্রকাশ করা হয়েছে।
শুভেচ্ছা প্রকাশ করা হয়েছে।","ধন্যবাদ শব্দটি ইতিবাচক।
কৃতজ্ঞতা প্রকাশ করা হয়েছে।
শুভেচ্ছা প্রকাশ করা হয়েছে।","ধন্যবাদ শব্দটি ইতিবাচক।
কৃতজ্ঞতা প্রকাশ করা হয়েছে।
শুভেচ্ছা প্রকাশ করা হয়েছে।","ধন্যবাদ শব্দটি ইতিবাচক।
কৃতজ্ঞতা প্রকাশ করা হয়েছে।
শুভেচ্ছা প্রকাশ করা হয়েছে।","ধন্যবাদ শব্দটি ইতিবাচক।
কৃতজ্ঞতা প্রকাশ করা হয়েছে।
শুভেচ্ছা প্রকাশ করা হয়েছে।","ধন্যবাদ শব্দটি ইতিবাচক।
কৃতজ্ঞতা প্রকাশ করা হয়েছে।
শুভেচ্ছা প্রকাশ করা হয়েছে।","ধন্যবাদ শব্দটি ইতিবাচক।
কৃতজ্ঞতা প্রকাশ করা হয়েছে।
শুভেচ্ছা প্রকাশ করা হয়েছে।","ধন্যবাদ শব্দটি ইতিবাচক।
কৃতজ্ঞতা প্রকাশ করা হয়েছে।
শুভেচ্ছা প্রকাশ করা হয়েছে।","ধন্যবাদ শব্দটি ইতিবাচক।
কৃতজ্ঞতা প্রকাশ করা হয়েছে।
শুভেচ্ছা প্রকাশ করা হয়েছে।","ধন্যবাদ শব্দটি ইতিবাচক।
কৃতজ্ঞতা প্রকাশ করা হয়েছে।
শুভেচ্ছা প্রকাশ করা হয়েছে।","ধন্যবাদ শব্দটি ইতিবাচক।
কৃতজ্ঞতা প্রকাশ করা হয়েছে।
শুভেচ্ছা প্রকাশ করা হয়েছে।","ধন্যবাদ শব্দটি ইতিবাচক।
কৃতজ্ঞতা প্রকাশ করা হয়েছে।
শুভেচ্ছা প্রকাশ করা হয়েছে।","ধন্যবাদ শব্দটি ইতিবাচক।
কৃতজ্ঞতা প্রকাশ করা হয়েছে।
শুভেচ্ছা প্রকাশ করা হয়েছে।","ধন্যবাদ শব্দটি ইতিবাচক।
কৃতজ্ঞতা প্রকাশ করা হয়েছে।
শুভেচ্ছা প্রকাশ করা হয়েছে।","ধন্যবাদ শব্দটি ইতিবাচক।
কৃতজ্ঞতা প্রকাশ করা হয়েছে।
শুভেচ্ছা প্রকাশ করা হয়েছে।","ধন্যবাদ শব্দটি ইতিবাচক।
কৃতজ্ঞতা প্রকাশ করা হয়েছে।
শুভেচ্ছা প্রকাশ করা হয়েছে।","ধন্যবাদ শব্দটি ইতিবাচক।
কৃতজ্ঞতা প্রকাশ করা হয়েছে।
শুভেচ্ছা প্রকাশ করা হয়েছে।","ধন্যবাদ শব্দটি ব্যবহার করা হয়েছে।
কৃতজ্ঞতা প্রকাশের উপায়।
ইতিবাচক শব্দ ব্যবহার করা হয়েছে।"
কেমন হইছে নাটকটা বন্ধুরা?,Gender,Not Hateful,"কৌতূহল প্রকাশ করা হয়েছে, কোনো বিদ্বেষ নেই।
বন্ধুত্বপূর্ণ এবং বিনোদনমূলক আলোচনার উদাহরণ।
সাধারণ মতামত জানতে চাওয়া হয়েছে।","প্রশ্ন করা হয়েছে।
বন্ধুত্বপূর্ণ আচরণ।
কৌতূহল দেখা যাচ্ছে।","প্রশ্ন করা হয়েছে বলেই সঠিক।
বন্ধুত্বপূর্ণ আচরণ দেখা যায়।
কৌতূহল প্রকাশ পাচ্ছে।","প্রশ্ন করা হয়েছে বলেই সঠিক।
বন্ধুত্বপূর্ণ আচরণ দেখা যায়।
কৌতূহল প্রকাশ পাচ্ছে।","প্রশ্ন করা হয়েছে।
বন্ধুত্ব প্রকাশ পাচ্ছে।
কৌতূহল দেখা যাচ্ছে।","বন্ধুত্ব প্রকাশ পাচ্ছে।
কৌতূহল দেখা যাচ্ছে।
প্রশ্ন করা হয়েছে।","বন্ধুত্ব প্রকাশ পাচ্ছে কারণ বন্ধুদের সম্বোধন।
কৌতূহল দেখা যাচ্ছে কারণ জিজ্ঞাসা করা।
প্রশ্ন করা হয়েছে কারণ নাটকটা জিজ্ঞাসা।","বন্ধুদের সম্বোধন করা হয়েছে।
নাটক নিয়ে জিজ্ঞাসা করা হয়েছে।
কৌতূহল প্রকাশ পাচ্ছে।","বন্ধুদের সম্বোধন করা হয়েছে।
নাটক নিয়ে জিজ্ঞাসা করা।
কৌতূহল প্রকাশ পাচ্ছে।","বন্ধুদের সম্বোধন করা হয়েছে।
নাটক নিয়ে জিজ্ঞাসা করা।
কৌতূহল প্রকাশ পাচ্ছে।","বন্ধুদের সম্বোধন করা হয়েছে।
নাটক নিয়ে জিজ্ঞাসা করা।
কৌতূহল প্রকাশ পাচ্ছে।","বন্ধুদের সম্বোধন করা হয়েছে।
নাটক নিয়ে জিজ্ঞাসা করা।
কৌতূহল প্রকাশ পাচ্ছে।","বন্ধুদের সম্বোধন করা হয়েছে।
নাটক নিয়ে জিজ্ঞাসা করা।
কৌতূহল প্রকাশ পাচ্ছে।","বন্ধুদের সম্বোধন করা হয়েছে।
নাটক নিয়ে জিজ্ঞাসা করা।
কৌতূহল প্রকাশ পাচ্ছে।","বন্ধুদের সম্বোধন করা হয়েছে।
নাটক নিয়ে জিজ্ঞাসা করা।
কৌতূহল প্রকাশ পাচ্ছে।","বন্ধুদের সম্বোধন করা হয়েছে।
নাটক নিয়ে জিজ্ঞাসা করা।
কৌতূহল প্রকাশ পাচ্ছে।","বন্ধুদের সম্বোধন করা হয়েছে।
নাটক নিয়ে জিজ্ঞাসা করা।
কৌতূহল প্রকাশ পাচ্ছে।","বন্ধুদের সম্বোধন করা হয়েছে।
নাটক নিয়ে জিজ্ঞাসা করা।
কৌতূহল প্রকাশ পাচ্ছে।","বন্ধুদের সম্বোধন করা হয়েছে।
নাটক নিয়ে জিজ্ঞাসা করা।
কৌতূহল প্রকাশ পাচ্ছে।","বন্ধুদের সম্বোধন করা হয়েছে।
নাটক নিয়ে জিজ্ঞাসা করা।
কৌতূহল প্রকাশ পাচ্ছে।","বন্ধুদের সম্বোধন করা হয়েছে।
নাটক নিয়ে জিজ্ঞাসা করা।
কৌতূহল প্রকাশ পাচ্ছে।","বন্ধুদের সম্বোধন করা হয়েছে।
নাটক নিয়ে জিজ্ঞাসা করা।
কৌতূহল প্রকাশ পাচ্ছে।"
সেরা ভাই সেরা অনেক ভালো একটা নাটক।,Gender,Not Hateful,"নাটকের গুণমানের প্রশংসা করা হয়েছে।
মন্তব্যটি ইতিবাচক এবং সৃজনশীলতার প্রশংসা করে।
সম্পূর্ণ শুভেচ্ছাসূচক একটি মন্তব্য।","নাটকটি ভালো বলা হয়েছে।
ইতিবাচক শব্দ ব্যবহার করা হয়েছে।
প্রশংসামূলক মন্তব্য করা হয়েছে।","ভালো বলা হয়েছে।
ইতিবাচক শব্দ আছে।
প্রশংসা করা হয়েছে।","ভালো শব্দ ব্যবহার করা হয়েছে।
প্রশংসা করা হয়েছে নাটকটির।
ইতিবাচক মন্তব্য করা হয়েছে।","ভালো শব্দ ব্যবহার করা হয়েছে।
প্রশংসা করা হয়েছে নাটকটির।
ইতিবাচক মন্তব্য করা হয়েছে।","ভালো শব্দ ব্যবহার করা হয়েছে।
প্রশংসা করা হয়েছে নাটকটির।
ইতিবাচক মন্তব্য করা হয়েছে।","ভালো শব্দ ব্যবহার করা হয়েছে।
নাটকটির প্রশংসা করা হয়েছে।
ইতিবাচক মন্তব্য করা হয়েছে।","নাটকটি প্রশংসিত হয়েছে।
ভালো শব্দ ব্যবহার করা হয়েছে।
ইতিবাচক মন্তব্য করা হয়েছে।","ভালো শব্দ ব্যবহার করা হয়েছে।
নাটকটি প্রশংসিত হয়েছে।
ইতিবাচক মন্তব্য করা হয়েছে।","ভালো শব্দ ব্যবহার করা হয়েছে।
নাটকটি প্রশংসিত হয়েছে।
ইতিবাচক মন্তব্য করা হয়েছে।","নাটকটি প্রশংসিত হয়েছে।
ভালো শব্দ ব্যবহার করা হয়েছে।
ইতিবাচক মন্তব্য করা হয়েছে।","ভালো শব্দ ব্যবহার করা হয়েছে।
নাটকটি প্রশংসিত হয়েছে।
ইতিবাচক মন্তব্য করা হয়েছে।","ভালো শব্দ ব্যবহার করা হয়েছে।
নাটকটি প্রশংসিত হয়েছে।
ইতিবাচক মন্তব্য করা হয়েছে।","ভালো শব্দ ব্যবহার করা হয়েছে।
নাটকটি প্রশংসিত হয়েছে।
ইতিবাচক মন্তব্য করা হয়েছে।","নাটকটি প্রশংসা পেয়েছে।
ভালো শব্দ ব্যবহার করা হয়েছে।
ইতিবাচক মন্তব্য করা হয়েছে।","ভালো শব্দ ব্যবহার করা হয়েছে।
ইতিবাচক মন্তব্য করা হয়েছে।
নাটকটি প্রশংসা পেয়েছে।","ভালো শব্দ ব্যবহার করা হয়েছে।
নাটকটি প্রশংসা পেয়েছে।
ইতিবাচক মন্তব্য করা হয়েছে।","নাটকটি প্রশংসা পেয়েছে।
ইতিবাচক মন্তব্য করা হয়েছে।
ভালো শব্দ ব্যবহার করা হয়েছে।","ভালো শব্দ ব্যবহার করা হয়েছে।
ইতিবাচক মন্তব্য করা হয়েছে।
নাটকটি প্রশংসা পেয়েছে।","ভালো শব্দ ব্যবহার করা হয়েছে।
নাটকটি প্রশংসা পেয়েছে।
ইতিবাচক মন্তব্য করা হয়েছে।","নাটকটি প্রশংসা পেয়েছে।
ইতিবাচক মন্তব্য করা হয়েছে।
ভালো শব্দ ব্যবহার করা হয়েছে।","ভালো শব্দ ব্যবহার করা হয়েছে।
নাটকটি প্রশংসা পেয়েছে।
ইতিবাচক মন্তব্য করা হয়েছে।"
ভাইয়া এবং আপুর অভিনয় অনেক বাস্তবিক।,Gender,Not Hateful,"অভিনয়ের বাস্তবতার প্রতি ইতিবাচক প্রতিক্রিয়া।
কোনো নেতিবাচকতা নেই, প্রশংসা প্রকাশিত।
অভিনয় দক্ষতার সরল স্বীকৃতি।","অভিনয় প্রশংসা করা হয়েছে।
ইতিবাচক প্রতিক্রিয়া রয়েছে।
বাস্তবিকতা স্বীকার করা হয়েছে।","অভিনয় প্রশংসা করা হয়েছে।
ইতিবাচক প্রতিক্রিয়া রয়েছে।
বাস্তবিকতা স্বীকার করা হয়েছে।","অভিনয় প্রশংসা করা হয়েছে।
ইতিবাচক প্রতিক্রিয়া রয়েছে।
বাস্তবিকতা স্বীকার করা হয়েছে।","অভিনয় প্রশংসা করা হয়েছে।
ইতিবাচক প্রতিক্রিয়া রয়েছে।
বাস্তবিকতা স্বীকার করা হয়েছে।","অভিনয় প্রশংসা করা হয়েছে।
ইতিবাচক প্রতিক্রিয়া রয়েছে।
বাস্তবিকতা স্বীকার করা হয়েছে।","অভিনয় প্রশংসা করা হয়েছে।
ইতিবাচক প্রতিক্রিয়া রয়েছে।
বাস্তবিকতা স্বীকার করা হয়েছে।","অভিনয় প্রশংসা করা হয়েছে।
ইতিবাচক প্রতিক্রিয়া রয়েছে।
বাস্তবিকতা স্বীকার করা হয়েছে।","অভিনয় প্রশংসা করা হয়েছে।
ইতিবাচক প্রতিক্রিয়া রয়েছে।
বাস্তবিকতা স্বীকার করা হয়েছে।","অভিনয় প্রশংসা করা হয়েছে।
ইতিবাচক প্রতিক্রিয়া রয়েছে।
বাস্তবিকতা স্বীকার করা হয়েছে।","অভিনয় প্রশংসা করা হয়েছে।
ইতিবাচক প্রতিক্রিয়া রয়েছে।
বাস্তবিকতা স্বীকার করা হয়েছে।","অভিনয় প্রশংসা করা হয়েছে।
ইতিবাচক প্রতিক্রিয়া রয়েছে।
বাস্তবিকতা স্বীকার করা হয়েছে।","অভিনয় প্রশংসা করা হয়েছে।
ইতিবাচক প্রতিক্রিয়া রয়েছে।
বাস্তবিকতা স্বীকার করা হয়েছে।","অভিনয় প্রশংসা করা হয়েছে।
ইতিবাচক প্রতিক্রিয়া রয়েছে।
বাস্তবিকতা স্বীকার করা হয়েছে।","অভিনয় প্রশংসা করা হয়েছে।
ইতিবাচক প্রতিক্রিয়া রয়েছে।
বাস্তবিকতা স্বীকার করা হয়েছে।","অভিনয় প্রশংসা করা হয়েছে।
ইতিবাচক প্রতিক্রিয়া রয়েছে।
বাস্তবিকতা স্বীকার করা হয়েছে।","অভিনয় প্রশংসা করা হয়েছে।
ইতিবাচক প্রতিক্রিয়া রয়েছে।
বাস্তবিকতা স্বীকার করা হয়েছে।","অভিনয় প্রশংসা করা হয়েছে।
ইতিবাচক প্রতিক্রিয়া রয়েছে।
বাস্তবিকতা স্বীকার করা হয়েছে।","অভিনয় প্রশংসা করা হয়েছে।
ইতিবাচক প্রতিক্রিয়া রয়েছে।
বাস্তবিকতা স্বীকার করা হয়েছে।","অভিনয় প্রশংসা করা হয়েছে।
ইতিবাচক প্রতিক্রিয়া রয়েছে।
বাস্তবিকতা স্বীকার করা হয়েছে।","অভিনয় প্রশংসা করা হয়েছে।
ইতিবাচক প্রতিক্রিয়া রয়েছে।
বাস্তবিকতা স্বীকার করা হয়েছে।","অভিনয় প্রশংসা করা হয়েছে।
ইতিবাচক প্রতিক্রিয়া রয়েছে।
বাস্তবিকতা স্বীকার করা হয়েছে।"
ভাই আপনার নাটক আমি দেখিনাই আমার জানা মতে আর নাই ইউটুবে বেস্ট জুটি,Gender,Not Hateful,"নাটকের জুটির প্রতি শ্রদ্ধা প্রকাশ।
এটি ইতিবাচক এবং অনুপ্রেরণামূলক মন্তব্য।
সরাসরি কোনো নেতিবাচক ইঙ্গিত নেই।","নাটক পছন্দ করা হয়েছে।
ইউটুবে প্রশংসা করা হয়েছে।
শ্রদ্ধা প্রকাশ করা হয়েছে।","নাটক পছন্দ করা হয়েছে বলে মনে হয়।
ইউটুবে প্রশংসা করা হয়েছে দেখা যাচ্ছে।
শ্রদ্ধা প্রকাশ করা হয়েছে বলে মনে হয়।","নাটক পছন্দ করা হয়েছে।
ইউটুবে প্রশংসা করা হয়েছে।
শ্রদ্ধা প্রকাশ করা হয়েছে।","নাটক পছন্দ করা হয়েছে বলে মনে হয়।
ইউটুবে প্রশংসা করা হয়েছে দেখা যাচ্ছে।
শ্রদ্ধা প্রকাশ করা হয়েছে বলে মনে হয়।","ইউটুবে প্রশংসা করা হয়েছে।
নাটক পছন্দ করা হয়েছে।
শ্রদ্ধা প্রকাশ করা হয়েছে।","নাটক পছন্দ করা হয়েছে।
ইউটুবে প্রশংসা করা হয়েছে।
শ্রদ্ধা প্রকাশ করা হয়েছে।","নাটক পছন্দ করা হয়েছে বলে মনে হয়।
ইউটুবে প্রশংসা করা হয়েছে বলে মনে হয়।
শ্রদ্ধা প্রকাশ করা হয়েছে বলে মনে হয়।","নাটক পছন্দ করা হয়েছে।
ইউটুবে প্রশংসা করা হয়েছে।
শ্রদ্ধা প্রকাশ করা হয়েছে।","নাটক পছন্দ করা হয়েছে।
ইউটুবে প্রশংসা করা হয়েছে।
শ্রদ্ধা প্রকাশ করা হয়েছে।","নাটক পছন্দ করা হয়েছে বলে মনে হয়।
ইউটুবে প্রশংসা করা হয়েছে দেখা যাচ্ছে।
শ্রদ্ধা প্রকাশ করা হয়েছে বলে মনে হয়।","নাটক পছন্দ করা হয়েছে।
ইউটুবে প্রশংসা করা হয়েছে।
শ্রদ্ধা প্রকাশ করা হয়েছে।","নাটক পছন্দ করা হয়েছে বলে মনে হয়।
ইউটুবে প্রশংসা করা হয়েছে বলে মনে হয়।
শ্রদ্ধা প্রকাশ করা হয়েছে বলে মনে হয়।","নাটক পছন্দ করা হয়েছে।
ইউটুবে প্রশংসা করা হয়েছে।
শ্রদ্ধা প্রকাশ করা হয়েছে।","নাটক পছন্দ করা হয়েছে বলে মনে হয়।
ইউটুবে প্রশংসা করা হয়েছে বলে মনে হয়।
শ্রদ্ধা প্রকাশ করা হয়েছে বলে মনে হয়।","নাটক পছন্দ করা হয়েছে।
ইউটুবে প্রশংসা করা হয়েছে।
শ্রদ্ধা প্রকাশ করা হয়েছে।","নাটক পছন্দ করা হয়েছে বলে মনে হয়।
ইউটুবে প্রশংসা করা হয়েছে বলে মনে হয়।
শ্রদ্ধা প্রকাশ করা হয়েছে বলে মনে হয়।","নাটক পছন্দ করা হয়েছে।
ইউটুবে প্রশংসা করা হয়েছে।
শ্রদ্ধা প্রকাশ করা হয়েছে।","নাটক পছন্দ করা হয়েছে বলে মনে হয়।
ইউটুবে প্রশংসা করা হয়েছে বলে মনে হয়।
শ্রদ্ধা প্রকাশ করা হয়েছে বলে মনে হয়।","নাটক পছন্দ করা হয়েছে।
ইউটুবে প্রশংসা করা হয়েছে।
শ্রদ্ধা প্রকাশ করা হয়েছে।","নাটক পছন্দ করা হয়েছে বলে মনে হয়।
ইউটুবে প্রশংসা করা হয়েছে বলে মনে হয়।
শ্রদ্ধা প্রকাশ করা হয়েছে বলে মনে হয়।","নাটক পছন্দ করা হয়েছে।
ইউটুবে প্রশংসা করা হয়েছে।
শ্রদ্ধা প্রকাশ করা হয়েছে।"
ভাই অভিনেতা হিসাবে সেরা আবারও প্রমান হয়ে গেল,Gender,Not Hateful,"অভিনয় দক্ষতার পুনঃপ্রমাণ হিসেবে মন্তব্য করা হয়েছে।
ইতিবাচক এবং শ্রদ্ধাসূচক একটি মন্তব্য।
নেতিবাচকতার কোনো উপাদান নেই।","ইতিবাচক শব্দ ব্যবহার করা হয়েছে।
শ্রদ্ধাসূচক মন্তব্য করা হয়েছে।
নেতিবাচকতা নেই।","ইতিবাচক শব্দ ব্যবহার করা হয়েছে।
শ্রদ্ধাসূচক মন্তব্য করা হয়েছে।
নেতিবাচকতা নেই।","ইতিবাচক শব্দ ব্যবহার করা হয়েছে।
শ্রদ্ধাসূচক মন্তব্য করা হয়েছে।
নেতিবাচকতা নেই।","ইতিবাচক শব্দ ব্যবহার করা হয়েছে।
শ্রদ্ধাসূচক মন্তব্য করা হয়েছে।
নেতিবাচকতা নেই।","ইতিবাচক শব্দ ব্যবহার করা হয়েছে।
শ্রদ্ধাসূচক মন্তব্য করা হয়েছে।
নেতিবাচকতা নেই।","ইতিবাচক শব্দ ব্যবহার করা হয়েছে।
শ্রদ্ধাসূচক মন্তব্য করা হয়েছে।
নেতিবাচকতা নেই।","ইতিবাচক শব্দ ব্যবহার করা হয়েছে।
শ্রদ্ধাসূচক মন্তব্য করা হয়েছে।
নেতিবাচকতা নেই।","ইতিবাচক শব্দ ব্যবহার করা হয়েছে।
শ্রদ্ধাসূচক মন্তব্য করা হয়েছে।
নেতিবাচকতা নেই।","ইতিবাচক শব্দ ব্যবহার করা হয়েছে।
শ্রদ্ধাসূচক মন্তব্য করা হয়েছে।
নেতিবাচকতা নেই।","ইতিবাচক শব্দ ব্যবহার করা হয়েছে।
শ্রদ্ধাসূচক মন্তব্য করা হয়েছে।
নেতিবাচকতা নেই।","ইতিবাচক শব্দ ব্যবহার করা হয়েছে।
শ্রদ্ধাসূচক মন্তব্য করা হয়েছে।
নেতিবাচকতা নেই।","ইতিবাচক শব্দ ব্যবহার করা হয়েছে।
শ্রদ্ধাসূচক মন্তব্য করা হয়েছে।
নেতিবাচকতা নেই।","ইতিবাচক শব্দ ব্যবহার করা হয়েছে।
শ্রদ্ধাসূচক মন্তব্য করা হয়েছে।
নেতিবাচকতা নেই।","ইতিবাচক শব্দ ব্যবহার করা হয়েছে।
শ্রদ্ধাসূচক মন্তব্য করা হয়েছে।
নেতিবাচকতা নেই।","ইতিবাচক শব্দ ব্যবহার করা হয়েছে।
শ্রদ্ধাসূচক মন্তব্য করা হয়েছে।
নেতিবাচকতা নেই।","ইতিবাচক শব্দ ব্যবহার করা হয়েছে।
শ্রদ্ধাসূচক মন্তব্য করা হয়েছে।
নেতিবাচকতা নেই।","ইতিবাচক শব্দ ব্যবহার করা হয়েছে।
শ্রদ্ধাসূচক মন্তব্য করা হয়েছে।
নেতিবাচকতা নেই।","প্রশংসামূলক শব্দ ব্যবহার করা হয়েছে।
ইতিবাচক মনোভাব প্রকাশ পাচ্ছে।
সম্মান প্রকাশ করা হয়েছে।","প্রশংসামূলক শব্দ ব্যবহার করা হয়েছে।
ইতিবাচক মনোভাব প্রকাশ পাচ্ছে।
সম্মান প্রকাশ করা হয়েছে।","প্রশংসামূলক শব্দ ব্যবহার করা হয়েছে।
ইতিবাচক মনোভাব প্রকাশ পাচ্ছে।
সম্মান প্রকাশ করা হয়েছে।","প্রশংসামূলক শব্দ ব্যবহার করা হয়েছে।
ইতিবাচক মনোভাব প্রকাশ পাচ্ছে।
সম্মান প্রকাশ করা হয়েছে।"
নাটকের পরিচালক ভাইদের কে অনেক অনেক ধন্যবাদ এত সুন্দর করে বাংলা নাটক গুলো উপহার দেওয়ার জন্য,Gender,Not Hateful,"পরিচালকের প্রতি কৃতজ্ঞতা প্রকাশ করা হয়েছে।
শুভেচ্ছাসূচক এবং প্রশংসাসূচক একটি মন্তব্য।
সৃজনশীল কাজের প্রতি শ্রদ্ধা।","ধন্যবাদ শব্দটি ব্যবহার করা হয়েছে।
পরিচালকের প্রতি শ্রদ্ধা দেখা যায়।
সুন্দর করে বলা হয়েছে।","ধন্যবাদ শব্দটি ব্যবহার করা হয়েছে।
পরিচালকের প্রতি শ্রদ্ধা দেখা যায়।
সুন্দর করে বলা হয়েছে।","ধন্যবাদ শব্দটি ব্যবহার করা হয়েছে।
পরিচালকের প্রতি শ্রদ্ধা দেখা যায়।
সুন্দর করে বলা হয়েছে।","ধন্যবাদ শব্দটি ব্যবহার করা হয়েছে।
পরিচালকের প্রতি শ্রদ্ধা দেখা যায়।
সুন্দর করে বলা হয়েছে।","ধন্যবাদ শব্দটি ব্যবহার করা হয়েছে।
পরিচালকের প্রতি শ্রদ্ধা দেখা যায়।
সুন্দর করে বলা হয়েছে।","ধন্যবাদ শব্দটি ব্যবহার করা হয়েছে।
পরিচালকের প্রতি শ্রদ্ধা দেখা যায়।
সুন্দর করে বলা হয়েছে।","ধন্যবাদ শব্দটি ব্যবহার করা হয়েছে।
পরিচালকের প্রতি শ্রদ্ধা দেখা যায়।
সুন্দর করে বলা হয়েছে।","ধন্যবাদ শব্দটি ব্যবহার করা হয়েছে।
পরিচালকের প্রতি শ্রদ্ধা দেখা যায়।
সুন্দর করে বলা হয়েছে।","ধন্যবাদ শব্দটি ব্যবহার করা হয়েছে।
পরিচালকের প্রতি শ্রদ্ধা দেখা যায়।
সুন্দর করে বলা হয়েছে।","ধন্যবাদ শব্দটি ব্যবহার করা হয়েছে।
পরিচালকের প্রতি শ্রদ্ধা দেখা যায়।
সুন্দর করে বলা হয়েছে।","ধন্যবাদ শব্দটি ব্যবহার করা হয়েছে।
পরিচালকের প্রতি শ্রদ্ধা দেখা যায়।
সুন্দর করে বলা হয়েছে।","ধন্যবাদ শব্দটি ব্যবহার করা হয়েছে।
পরিচালকের প্রতি শ্রদ্ধা দেখা যায়।
সুন্দর করে বলা হয়েছে।","ধন্যবাদ শব্দটি ব্যবহার করা হয়েছে।
পরিচালকের প্রতি শ্রদ্ধা দেখা যায়।
সুন্দর করে বলা হয়েছে।","ধন্যবাদ শব্দটি ব্যবহার করা হয়েছে।
পরিচালকের প্রতি শ্রদ্ধা দেখা যায়।
সুন্দর করে বলা হয়েছে।","ধন্যবাদ শব্দটি ব্যবহার করা হয়েছে।
পরিচালকের প্রতি শ্রদ্ধা দেখা যায়।
সুন্দর করে বলা হয়েছে।","ধন্যবাদ শব্দটি ব্যবহার করা হয়েছে।
পরিচালকের প্রতি শ্রদ্ধা দেখা যায়।
সুন্দর করে বলা হয়েছে।","ধন্যবাদ শব্দ ব্যবহার করা হয়েছে।
পরিচালকের প্রতি শ্রদ্ধা দেখা যায়।
সুন্দর কথা বলা হয়েছে।","ধন্যবাদ শব্দ ব্যবহার করা হয়েছে।
পরিচালকের প্রতি শ্রদ্ধা দেখা যায়।
সুন্দর কথা বলা হয়েছে।","ধন্যবাদ শব্দ ব্যবহার করা হয়েছে।
পরিচালকের প্রতি শ্রদ্ধা দেখা যায়।
সুন্দর কথা বলা হয়েছে।","ধন্যবাদ শব্দ ব্যবহার করা হয়েছে।
পরিচালকের প্রতি শ্রদ্ধা দেখা যায়।
সুন্দর কথা বলা হয়েছে।","ধন্যবাদ শব্দ ব্যবহার করা হয়েছে।
পরিচালকের প্রতি শ্রদ্ধা দেখা যায়।
সুন্দর কথা বলা হয়েছে।"
দাদার নাটক গুলো খুবই ভালো লাগে,Gender,Not Hateful,"দাদার কাজের প্রতি সমর্থন ও ভালোবাসা প্রকাশ।
নাটকের প্রতি ইতিবাচক মনোভাব রয়েছে।
সাধারণ প্রশংসাসূচক মন্তব্য।","ভালো লাগে বলায় ইতিবাচক।
সমর্থন প্রকাশ পাচ্ছে।
প্রশংসা প্রকাশ হচ্ছে।","ভালো লাগে বলায় ইতিবাচক।
প্রশংসা প্রকাশ হচ্ছে।
সমর্থন দেওয়া হচ্ছে","ভালো লাগে বলায় ইতিবাচক।
প্রশংসা প্রকাশ হচ্ছে।
সমর্থন দেওয়া হচ্ছে।","ভালো লাগে বলায় ইতিবাচক।
প্রশংসা প্রকাশ হচ্ছে।
সমর্থন দেওয়া হচ্ছে।","ভালো লাগে বলায় ইতিবাচক।
প্রশংসা প্রকাশ হচ্ছে।
সমর্থন দেওয়া হচ্ছে।","ভালো লাগে বলায় ইতিবাচক।
প্রশংসা প্রকাশ হচ্ছে।
সমর্থন দেওয়া হচ্ছে।","ভালো লাগে বলায় ইতিবাচক।
প্রশংসা প্রকাশ হচ্ছে।
সমর্থন দেওয়া হচ্ছে।","ভালো লাগে বলায় ইতিবাচক।
প্রশংসা প্রকাশ হচ্ছে।
সমর্থন দেওয়া হচ্ছে।","ভালো লাগে বলায় ইতিবাচক।
নাটক প্রশংসা পাচ্ছে।
ইতিবাচক মন্তব্য রয়েছে।","নাটক প্রশংসা পাচ্ছে।
ইতিবাচক মন্তব্য রয়েছে।
ভালো লাগে বলা হয়েছে","নাটক প্রশংসা পাচ্ছে।
ইতিবাচক মন্তব্য রয়েছে।
ভালো লাগে বলা হয়েছে।","নাটক প্রশংসা পাচ্ছে।
ইতিবাচক মন্তব্য রয়েছে।
ভালো লাগে বলা হয়েছে।","নাটক প্রশংসা পাচ্ছে।
ইতিবাচক মন্তব্য রয়েছে।
ভালো লাগে বলা হয়েছে।","নাটক প্রশংসা পাচ্ছে।
ইতিবাচক মন্তব্য রয়েছে।
ভালো লাগে বলা হয়েছে।","নাটক প্রশংসা পাচ্ছে।
ইতিবাচক মন্তব্য রয়েছে।
ভালো লাগে বলা হয়েছে।","নাটক প্রশংসা পাচ্ছে।
ইতিবাচক মন্তব্য রয়েছে।
ভালো লাগে বলা হয়েছে।","নাটক প্রশংসা পাচ্ছে।
ইতিবাচক মন্তব্য রয়েছে।
ভালো লাগে বলা হয়েছে।","নাটক প্রশংসা পাচ্ছে।
ইতিবাচক মন্তব্য রয়েছে।
ভালো লাগে বলা হয়েছে।","নাটক প্রশংসা পাচ্ছে।
ইতিবাচক মন্তব্য রয়েছে।
ভালো লাগে বলা হয়েছে।","নাটক প্রশংসা পাচ্ছে।
ইতিবাচক মন্তব্য রয়েছে।
ভালো লাগে বলা হয়েছে।","নাটক প্রশংসা পাচ্ছে।
ইতিবাচক মন্তব্য রয়েছে।
ভালো লাগে বলা হয়েছে।"
তিশার অভিনয় অনেক ভালো হয়েছে,Gender,Not Hateful,"অভিনয়ের মানের প্রতি প্রশংসা।
সরাসরি প্রশংসাসূচক একটি মন্তব্য।
নেতিবাচক উপাদান নেই।","প্রশংসামূলক শব্দ ব্যবহার করা হয়েছে।
অভিনয়ের প্রতি ইতিবাচক মন্তব্য।
নেতিবাচকতা নেই।","ইতিবাচক মন্তব্য করা হয়েছে।
প্রশংসা প্রকাশ করা হয়েছে।
নেতিবাচকতা নেই।","তিশার অভিনয় ভালো বলা হয়েছে।
প্রশংসা প্রকাশ করা হয়েছে।
নেতিবাচকতা নেই।","তিশার প্রশংসা করা হয়েছে।
অভিনয় ভালো বলা হয়েছে।
নেতিবাচকতা নেই।","তিশার প্রশংসা করা হয়েছে।
অভিনয় ভালো বলা হয়েছে।
নেতিবাচকতা নেই।","তিশার প্রশংসা করা হয়েছে।
অভিনয় ভালো বলা হয়েছে।
নেতিবাচকতা নেই।","তিশার প্রশংসা করা হয়েছে।
অভিনয় ভালো বলা হয়েছে।
নেতিবাচকতা নেই।","তিশার প্রশংসা করা হয়েছে।
অভিনয় ভালো বলা হয়েছে।
নেতিবাচকতা নেই।","তিশার প্রশংসা করা হয়েছে।
অভিনয় ভালো বলা হয়েছে।
নেতিবাচকতা নেই।","তিশার প্রশংসা করা হয়েছে।
অভিনয় ভালো বলা হয়েছে।
নেতিবাচকতা নেই।","তিশার প্রশংসা করা হয়েছে।
অভিনয় ভালো বলা হয়েছে।
নেতিবাচকতা নেই।","তিশার প্রশংসা করা হয়েছে।
অভিনয় ভালো বলা হয়েছে।
নেতিবাচকতা নেই।","তিশার প্রশংসা করা হয়েছে।
অভিনয় ভালো বলা হয়েছে।
নেতিবাচকতা নেই।","তিশার প্রশংসা করা হয়েছে।
অভিনয় ভালো বলা হয়েছে।
নেতিবাচকতা নেই।","তিশার প্রশংসা করা হয়েছে।
অভিনয় ভালো বলা হয়েছে।
নেতিবাচকতা নেই।","তিশার প্রশংসা করা হয়েছে।
অভিনয় ভালো বলা হয়েছে।
নেতিবাচকতা নেই।","তিশার প্রশংসা করা হয়েছে।
অভিনয় ভালো বলা হয়েছে।
নেতিবাচকতা নেই।","তিশার প্রশংসা করা হয়েছে।
অভিনয় ভালো বলা হয়েছে।
নেতিবাচকতা নেই।","তিশার প্রশংসা করা হয়েছে।
অভিনয় ভালো বলা হয়েছে।
নেতিবাচকতা নেই।","তিশার প্রশংসা করা হয়েছে।
অভিনয় ভালো বলা হয়েছে।
নেতিবাচকতা নেই।","তিশার প্রশংসা করা হয়েছে।
অভিনয় ভালো বলা হয়েছে।
নেতিবাচকতা নেই।"
আপু খুব ভালো অভিনয় করেছে,Gender,Not Hateful,"অভিনয়ের দক্ষতা ও মানের প্রতি স্বীকৃতি।
প্রশংসাসূচক এবং ইতিবাচক প্রতিক্রিয়া।
শুভেচ্ছা এবং কৃতজ্ঞতা প্রকাশিত।","প্রশংসা প্রকাশ করা হয়েছে।
ইতিবাচক মন্তব্য রয়েছে।
শুভেচ্ছা প্রকাশ করা হয়েছে।","ভালো অভিনয় বলা হয়েছে।
প্রশংসা প্রকাশ করা হয়েছে।
ইতিবাচক মন্তব্য রয়েছে।","অভিনয়ের প্রশংসা করা হয়েছে।
ইতিবাচক শব্দ ব্যবহার করা হয়েছে।
ভালো মন্তব্য রয়েছে।","ভালো অভিনয় প্রশংসা করা হয়েছে।
ইতিবাচক শব্দ ব্যবহার করা হয়েছে।
প্রশংসামূলক মন্তব্য রয়েছে।","ভালো শব্দ ব্যবহার করা হয়েছে।
প্রশংসা প্রকাশ করা হয়েছে।
ইতিবাচক মন্তব্য রয়েছে।","প্রশংসা স্পষ্ট।
ইতিবাচক শব্দ ব্যবহার।
ভালো অভিব্যক্তি রয়েছে।","ভালো অভিনয় প্রশংসা পায়।
ইতিবাচক শব্দ ব্যবহার করা।
প্রশংসামূলক অভিব্যক্তি রয়েছে।","ভালো শব্দ ব্যবহার করা হয়েছে।
প্রশংসা প্রকাশ করা হয়েছে।
ইতিবাচক অভিব্যক্তি রয়েছে।","প্রশংসা প্রকাশ করা হয়েছে।
ইতিবাচক শব্দ ব্যবহার।
ভালো অভিব্যক্তি রয়েছে।","ভালো অভিনয় প্রশংসা পায়।
ইতিবাচক শব্দ ব্যবহার করা।
প্রশংসা প্রকাশ করা হয়েছে।","ভালো অভিনয় প্রশংসা পায়।
ইতিবাচক শব্দ ব্যবহার করা।
প্রশংসা প্রকাশ করা হয়েছে।","ভালো শব্দ ব্যবহার করা হয়েছে।
প্রশংসা প্রকাশ করা হয়েছে।
ইতিবাচক মনোভাব প্রকাশ পায়।","প্রশংসা প্রকাশ করা হয়েছে।
ইতিবাচক মনোভাব প্রকাশ পায়।
ভালো শব্দ ব্যবহার করা হয়েছে।","ভালো শব্দ ব্যবহার করা হয়েছে।
ইতিবাচক মনোভাব প্রকাশ পায়।
প্রশংসা প্রকাশ করা হয়েছে।","ভালো শব্দ ব্যবহার করা হয়েছে।
ইতিবাচক মনোভাব প্রকাশ পায়।
প্রশংসা প্রকাশ করা হয়েছে।","প্রশংসা প্রকাশ করা হয়েছে।
ইতিবাচক মনোভাব রয়েছে।
ভালো শব্দ ব্যবহার করা হয়েছে।","ভালো শব্দ ব্যবহার করা হয়েছে।
ইতিবাচক মনোভাব রয়েছে।
প্রশংসা প্রকাশ করা হয়েছে।","ভালো শব্দ ব্যবহার করা হয়েছে।
ইতিবাচক মনোভাব প্রকাশ পাচ্ছে।
প্রশংসা করা হয়েছে।","ভালো শব্দ ব্যবহার করা হয়েছে।
ইতিবাচক মনোভাব প্রকাশ পাচ্ছে।
প্রশংসা করা হয়েছে।","ভালো শব্দ ব্যবহার করা হয়েছে।
ইতিবাচক মনোভাব প্রকাশ পাচ্ছে।
প্রশংসা করা হয়েছে।","ভালো শব্দ ব্যবহার করা হয়েছে।
ইতিবাচক মনোভাব প্রকাশ পাচ্ছে।
প্রশংসা করা হয়েছে।"
অসাধারণ ছিল ভাই,Gender,Not Hateful,"মন্তব্যটি প্রশংসাসূচক এবং কোনো নেতিবাচক উপাদান নেই।
নাটকের মান ও কাজের প্রতি সম্মান প্রকাশ।
ইতিবাচক ও শুভকামনাসূচক প্রতিক্রিয়া।","প্রশংসাসূচক শব্দ ব্যবহার।
ইতিবাচক অভিব্যক্তি রয়েছে।
শুভকামনা প্রকাশ পাচ্ছে।","ভাই শব্দটি সম্মান প্রকাশ করে।
অসাধারণ শব্দটি প্রশংসা করে।
ইতিবাচক মনোভাব প্রকাশ পায়।","সম্মান প্রকাশ করে ভাই।
ইতিবাচক মনোভাব প্রকাশ।
প্রশংসা করে অসাধারণ।","ভাই শব্দটি সম্মান প্রকাশ করে।
অসাধারণ শব্দটি প্রশংসা করে।
ইতিবাচক মনোভাব প্রকাশ করে।","ভাই শব্দটি সম্মান দেয়।
অসাধারণ শব্দটি প্রশংসা করে।
ইতিবাচক মনোভাব প্রকাশ করে।","ভাই শব্দটি সম্মান দেয়।
অসাধারণ শব্দটি প্রশংসা করে।
ইতিবাচক মনোভাব প্রকাশ করে।","ভাই শব্দটি সম্মান দেয়।
অসাধারণ শব্দটি প্রশংসা করে।
ইতিবাচক মনোভাব প্রকাশ করে।","ভাই শব্দটি সম্মান দেয়।
অসাধারণ শব্দটি প্রশংসা করে।
ইতিবাচক মনোভাব প্রকাশ করে।","ভাই শব্দটি সম্মান দেয়।
অসাধারণ শব্দটি প্রশংসা করে।
ইতিবাচক মনোভাব প্রকাশ করে।","ভাই শব্দটি সম্মান দেয়।
অসাধারণ শব্দটি প্রশংসা করে।
ইতিবাচক মনোভাব প্রকাশ করে।","ভাই শব্দটি সম্মান দেয়।
অসাধারণ শব্দটি প্রশংসা করে।
ইতিবাচক মনোভাব প্রকাশ করে।","সম্মান প্রকাশ করে।
ইতিবাচক শব্দ ব্যবহার।
প্রশংসা করে বলা।","সম্মান প্রকাশ করে বলা।
ইতিবাচক শব্দ ব্যবহার।
প্রশংসা করে বলা।","সম্মান প্রকাশ করে বলা।
ইতিবাচক শব্দ ব্যবহার।
প্রশংসা করে বলা।","ভাই বলে সম্মান দেখাচ্ছে
অসাধারণ শব্দ ইতিবাচক
প্রশংসা করে বলা হয়েছে","সম্মান দেখাচ্ছে ভাই বলে
ইতিবাচক শব্দ ব্যবহার
প্রশংসা করা হয়েছে","ইতিবাচক শব্দ ব্যবহার করা হয়েছে
প্রশংসা করা হয়েছে এখানে
সম্মান প্রকাশ করা হয়েছে","প্রশংসা করা হয়েছে।
সম্মান প্রকাশ করা।
ইতিবাচক শব্দ ব্যবহার।","ভাই শব্দটি সম্মান প্রকাশ করে।
অসাধারণ শব্দটি ইতিবাচক।
প্রশংসা করা হয়েছে বলে মনে হয়।","সম্মান প্রকাশ করে ভাই।
ইতিবাচক শব্দ ব্যবহার।
প্রশংসা করা হয়েছে।","সম্মান প্রকাশ করে।
ইতিবাচক শব্দ ব্যবহার।
প্রশংসা করা হয়েছে।"
ভাই ভালোবাসা নিরন্তর আপনার মত গুনি অভিনেতা খুব কম।,Gender,Not Hateful,"অভিনেতার গুণ ও দক্ষতার প্রতি শ্রদ্ধা প্রকাশ।
ইতিবাচক ভালোবাসার বার্তা।
অভিনয়ের মানের প্রতি উচ্চ প্রশংসা।","ভালোবাসা প্রকাশ করা হয়েছে।
অভিনেতার প্রতি শ্রদ্ধা।
ইতিবাচক মন্তব্য করা হয়েছে।","ভালোবাসা প্রকাশ করা হয়েছে।
অভিনেতার প্রতি শ্রদ্ধা দেখা যায়।
ইতিবাচক শব্দ ব্যবহার করা হয়েছে।","ভালোবাসা প্রকাশ করা হয়েছে।
শ্রদ্ধা দেখা যায়।
ইতিবাচক শব্দ ব্যবহার করা হয়েছে।","ভালোবাসা প্রকাশ করা হয়েছে।
শ্রদ্ধা দেখা যায়।
ইতিবাচক শব্দ ব্যবহার করা হয়েছে।","ভালোবাসা প্রকাশ করা হয়েছে।
শ্রদ্ধা দেখা যায়।
ইতিবাচক শব্দ ব্যবহার করা হয়েছে।","ভালোবাসা প্রকাশ করা হয়েছে।
শ্রদ্ধা দেখা যায়।
ইতিবাচক শব্দ ব্যবহার করা হয়েছে।","ভালোবাসা প্রকাশ করা হয়েছে।
শ্রদ্ধা দেখা যায়।
ইতিবাচক শব্দ ব্যবহার করা হয়েছে।","ভালোবাসা প্রকাশ করা হয়েছে।
শ্রদ্ধা দেখা যায়।
ইতিবাচক শব্দ ব্যবহার করা হয়েছে।","ভালোবাসা প্রকাশ করা হয়েছে।
শ্রদ্ধা দেখা যায়।
ইতিবাচক শব্দ ব্যবহার করা হয়েছে।","ভালোবাসা প্রকাশ করা হয়েছে।
শ্রদ্ধা দেখা যায়।
ইতিবাচক শব্দ ব্যবহার করা হয়েছে।","ভালোবাসা প্রকাশ করা হয়েছে।
শ্রদ্ধা দেখা যায়।
ইতিবাচক শব্দ ব্যবহার করা হয়েছে।","ভালোবাসা প্রকাশ করা হয়েছে।
শ্রদ্ধা দেখা যায়।
ইতিবাচক শব্দ ব্যবহার করা হয়েছে।","ভালোবাসা প্রকাশ করা হয়েছে।
শ্রদ্ধা দেখা যায়।
ইতিবাচক শব্দ ব্যবহার করা হয়েছে।","ভালোবাসা প্রকাশ করা হয়েছে।
শ্রদ্ধা দেখা যায়।
ইতিবাচক শব্দ ব্যবহার করা হয়েছে।","ভালোবাসা প্রকাশ করা হয়েছে।
শ্রদ্ধা দেখা যায়।
ইতিবাচক শব্দ ব্যবহার করা হয়েছে।","ভালোবাসা প্রকাশ করা হয়েছে।
শ্রদ্ধা দেখা যায়।
ইতিবাচক শব্দ ব্যবহার করা হয়েছে।","ভালোবাসা প্রকাশ করা হয়েছে।
শ্রদ্ধা দেখা যায়।
ইতিবাচক শব্দ ব্যবহার করা হয়েছে।","ভালোবাসা প্রকাশ করা হয়েছে।
শ্রদ্ধা দেখা যায়।
ইতিবাচক শব্দ ব্যবহার করা হয়েছে।","ভালোবাসা প্রকাশ করা হয়েছে।
শ্রদ্ধা দেখা যায়।
ইতিবাচক শব্দ ব্যবহার করা হয়েছে।","ভালোবাসা প্রকাশ করা হয়েছে।
শ্রদ্ধা দেখা যায়।
ইতিবাচক শব্দ ব্যবহার করা হয়েছে।","ভালোবাসা প্রকাশ করা হয়েছে।
শ্রদ্ধা দেখা যায়।
ইতিবাচক শব্দ ব্যবহার করা হয়েছে।"
ভাইকে অনেক ধন্যবাদ,Gender,Not Hateful,"কৃতজ্ঞতা প্রকাশ এবং নেতিবাচকতা মুক্ত।
সাধারণ ধন্যবাদসূচক মন্তব্য।
শুভেচ্ছা জানিয়ে সমর্থন প্রকাশ।","ধন্যবাদ শব্দটি ব্যবহার করা হয়েছে।
কোনো নেতিবাচকতা নেই।
ভাইকে সম্মান দেখানো হয়েছে।","ধন্যবাদ শব্দটি ইতিবাচক।
ভাইকে সম্মান দেখানো হয়েছে।
নেতিবাচকতা নেই।","ধন্যবাদ শব্দটি ইতিবাচক।
সম্মান দেখানো হয়েছে।
নেতিবাচকতা নেই।","ধন্যবাদ শব্দটি ইতিবাচক।
সম্মান দেখানো হয়েছে।
নেতিবাচকতা নেই।","ধন্যবাদ শব্দটি ইতিবাচক।
সম্মান দেখানো হয়েছে।
নেতিবাচকতা নেই।","ধন্যবাদ শব্দটি ইতিবাচক।
সম্মান দেখানো হয়েছে।
নেতিবাচকতা নেই।","ধন্যবাদ শব্দটি ইতিবাচক।
সম্মান দেখানো হয়েছে।
নেতিবাচকতা নেই।","ধন্যবাদ শব্দটি ইতিবাচক।
সম্মান দেখানো হয়েছে।
নেতিবাচকতা নেই।","ধন্যবাদ শব্দটি ইতিবাচক।
সম্মান দেখানো হয়েছে।
নেতিবাচকতা নেই।","ধন্যবাদ শব্দটি ইতিবাচক।
সম্মান দেখানো হয়েছে।
নেতিবাচকতা নেই।","ধন্যবাদ শব্দটি ইতিবাচক।
সম্মান দেখানো হয়েছে।
নেতিবাচকতা নেই।","ধন্যবাদ শব্দটি ইতিবাচক।
সম্মান দেখানো হয়েছে।
নেতিবাচকতা নেই।","ধন্যবাদ শব্দটি ইতিবাচক।
সম্মান দেখানো হয়েছে।
নেতিবাচকতা নেই।","ধন্যবাদ শব্দটি ইতিবাচক।
সম্মান দেখানো হয়েছে।
নেতিবাচকতা নেই।","ধন্যবাদ শব্দটি ইতিবাচক।
সম্মান দেখানো হয়েছে।
নেতিবাচকতা নেই।","ধন্যবাদ শব্দটি ইতিবাচক।
সম্মান দেখানো হয়েছে।
নেতিবাচকতা নেই।","ধন্যবাদ শব্দটি ইতিবাচক।
সম্মান দেখানো হয়েছে।
নেতিবাচকতা নেই।","ধন্যবাদ শব্দটি ইতিবাচক।
সম্মান দেখানো হয়েছে।
নেতিবাচকতা নেই।","ধন্যবাদ শব্দটি ইতিবাচক।
সম্মান দেখানো হয়েছে।
নেতিবাচকতা নেই।","ধন্যবাদ শব্দটি ইতিবাচক।
সম্মান দেখানো হয়েছে।
নেতিবাচকতা নেই।","ধন্যবাদ শব্দটি ইতিবাচক।
সম্মান দেখানো হয়েছে।
নেতিবাচকতা নেই।"
ভাইয়া তুমিতো পুরা ফাটাইয়া দিছো...দারুণ অভিনয় করছো,Gender,Not Hateful,"অভিনয়ের প্রতি উচ্ছ্বাস প্রকাশ।
ইতিবাচক এবং মুগ্ধতার বার্তা।
কোনো নেতিবাচকতা নেই, সম্পূর্ণ প্রশংসাসূচক।","প্রশংসাসূচক শব্দ ব্যবহার।
অভিনয়ের প্রতি প্রশংসা।
ইতিবাচক অভিব্যক্তি রয়েছে।","প্রশংসামূলক শব্দ ব্যবহার।
ইতিবাচক মনোভাব প্রকাশ।
অভিনয়ের প্রশংসা করা।","প্রশংসামূলক শব্দ ব্যবহার হয়েছে।
ইতিবাচক মনোভাব প্রকাশ পাচ্ছে।
অভিনয়ের প্রশংসা করা হয়েছে।","প্রশংসামূলক শব্দ ব্যবহার হয়েছে।
ইতিবাচক মনোভাব প্রকাশ পাচ্ছে।
অভিনয়ের প্রশংসা করা হয়েছে।","প্রশংসামূলক শব্দ ব্যবহার হয়েছে।
ইতিবাচক মনোভাব প্রকাশ পাচ্ছে।
অভিনয়ের প্রশংসা করা হয়েছে।","প্রশংসামূলক শব্দ ব্যবহার হয়েছে।
ইতিবাচক মনোভাব প্রকাশ পাচ্ছে।
অভিনয়ের প্রশংসা করা হয়েছে।","প্রশংসামূলক শব্দ ব্যবহার হয়েছে।
ইতিবাচক মনোভাব প্রকাশ পাচ্ছে।
অভিনয়ের প্রশংসা করা হয়েছে।","প্রশংসামূলক শব্দ ব্যবহার হয়েছে।
ইতিবাচক মনোভাব প্রকাশ পাচ্ছে।
অভিনয়ের প্রশংসা করা হয়েছে।","প্রশংসামূলক শব্দ ব্যবহার হয়েছে।
ইতিবাচক মনোভাব প্রকাশ পাচ্ছে।
অভিনয়ের প্রশংসা করা হয়েছে।","প্রশংসামূলক শব্দ ব্যবহার হয়েছে।
ইতিবাচক মনোভাব প্রকাশ পাচ্ছে।
অভিনয়ের প্রশংসা করা হয়েছে।","প্রশংসামূলক শব্দ ব্যবহার হয়েছে।
ইতিবাচক মনোভাব প্রকাশ পাচ্ছে।
অভিনয়ের প্রশংসা করা হয়েছে।","প্রশংসামূলক শব্দ ব্যবহার।
ইতিবাচক মনোভাব প্রকাশ।
অভিনয়ের প্রশংসা করা।","প্রশংসামূলক শব্দ ব্যবহার হয়েছে।
ইতিবাচক মনোভাব প্রকাশ পাচ্ছে।
অভিনয়ের প্রশংসা করা হয়েছে।","প্রশংসামূলক শব্দ ব্যবহার হয়েছে।
ইতিবাচক মনোভাব প্রকাশ পাচ্ছে।
অভিনয়ের প্রশংসা করা হয়েছে।","প্রশংসামূলক শব্দ ব্যবহার হয়েছে।
ইতিবাচক মনোভাব প্রকাশ পাচ্ছে।
অভিনয়ের প্রশংসা করা হয়েছে।","প্রশংসামূলক শব্দ ব্যবহার হয়েছে।
ইতিবাচক মনোভাব প্রকাশ পাচ্ছে।
অভিনয়ের প্রশংসা করা হয়েছে।","প্রশংসামূলক শব্দ ব্যবহার হয়েছে।
ইতিবাচক মনোভাব প্রকাশ পাচ্ছে।
অভিনয়ের প্রশংসা করা হয়েছে।","প্রশংসামূলক শব্দ ব্যবহার হয়েছে।
ইতিবাচক মনোভাব প্রকাশ পাচ্ছে।
অভিনয়ের প্রশংসা করা হয়েছে।","প্রশংসামূলক শব্দ ব্যবহার হয়েছে।
ইতিবাচক মনোভাব প্রকাশ পাচ্ছে।
অভিনয়ের প্রশংসা করা হয়েছে।","প্রশংসামূলক শব্দ ব্যবহার হয়েছে।
ইতিবাচক মনোভাব প্রকাশ পাচ্ছে।
অভিনয়ের প্রশংসা করা হয়েছে।","প্রশংসামূলক শব্দ ব্যবহার হয়েছে।
ইতিবাচক মনোভাব প্রকাশ পাচ্ছে।
অভিনয়ের প্রশংসা করা হয়েছে।"
ভাইয়ের নাটকে নতুন চমক থাকবেই ... অসাধারণ গল্প,Gender,Not Hateful,"নাটকের গল্প এবং অভিনয়ের মানের প্রতি প্রশংসা।
নতুনত্ব এবং সৃজনশীলতার প্রতি স্বীকৃতি।
ইতিবাচক মনোভাব প্রকাশ।","নাটকের প্রতি প্রশংসা প্রকাশ।
ইতিবাচক মনোভাব রয়েছে।
সৃজনশীলতার প্রশংসা করা।","নাটকের প্রতি প্রশংসা প্রকাশ।
ইতিবাচক মনোভাব রয়েছে।
সৃজনশীলতার প্রশংসা করা।","নাটকের প্রতি প্রশংসা প্রকাশ।
ইতিবাচক মনোভাব রয়েছে।
সৃজনশীলতার প্রশংসা করা।","নাটকের প্রতি প্রশংসা প্রকাশ।
ইতিবাচক মনোভাব রয়েছে।
সৃজনশীলতার প্রশংসা করা।","নাটকের প্রতি ভালো মনোভাব।
সৃজনশীলতা প্রশংসনীয়।
ইতিবাচক শব্দ ব্যবহার।","ভালো মনোভাব প্রকাশ পাচ্ছে।
ইতিবাচক শব্দ ব্যবহার হয়েছে।
প্রশংসনীয় ভাষা ব্যবহার।","ভালো মনোভাব প্রকাশ পাচ্ছে।
ইতিবাচক শব্দ ব্যবহার হয়েছে।
প্রশংসনীয় ভাষা ব্যবহার।","ভালো মনোভাব প্রকাশ পাচ্ছে।
ইতিবাচক শব্দ ব্যবহার হয়েছে।
প্রশংসনীয় ভাষা ব্যবহার।","ভালো শব্দ ব্যবহার করা হয়েছে।
ইতিবাচক মনোভাব প্রকাশ পাচ্ছে।
প্রশংসনীয় ভাষা ব্যবহার।","ভালো শব্দ ব্যবহার করা হয়েছে।
ইতিবাচক মনোভাব প্রকাশ পাচ্ছে।
প্রশংসনীয় ভাষা ব্যবহার।","ভালো শব্দ ব্যবহার করা হয়েছে।
ইতিবাচক মনোভাব প্রকাশ পাচ্ছে।
প্রশংসনীয় ভাষা ব্যবহার।","ভালো শব্দ ব্যবহার করা হয়েছে।
ইতিবাচক মনোভাব প্রকাশ পাচ্ছে।
প্রশংসনীয় ভাষা ব্যবহার।","ভালো শব্দ ব্যবহার করা হয়েছে।
ইতিবাচক মনোভাব প্রকাশ পাচ্ছে।
প্রশংসনীয় ভাষা ব্যবহার।","ভালো শব্দ ব্যবহার করা হয়েছে।
ইতিবাচক মনোভাব প্রকাশ পাচ্ছে।
প্রশংসনীয় ভাষা ব্যবহার।","ভালো শব্দ ব্যবহার করা হয়েছে।
ইতিবাচক মনোভাব প্রকাশ পাচ্ছে।
প্রশংসনীয় ভাষা ব্যবহার।","ভালো শব্দ ব্যবহার করা হয়েছে।
ইতিবাচক মনোভাব প্রকাশ পাচ্ছে।
প্রশংসনীয় ভাষা ব্যবহার।","ভালো শব্দ ব্যবহার করা হয়েছে।
ইতিবাচক মনোভাব প্রকাশ পাচ্ছে।
প্রশংসনীয় ভাষা ব্যবহার।","ভালো শব্দ ব্যবহার করা হয়েছে।
ইতিবাচক মনোভাব প্রকাশ পাচ্ছে।
প্রশংসনীয় ভাষা ব্যবহার।","ভালো শব্দ ব্যবহার করা হয়েছে।
ইতিবাচক মনোভাব প্রকাশ পাচ্ছে।
প্রশংসনীয় ভাষা ব্যবহার।","ভালো শব্দ ব্যবহার করা হয়েছে।
ইতিবাচক মনোভাব প্রকাশ পাচ্ছে।
প্রশংসনীয় ভাষা ব্যবহার।","ভালো শব্দ ব্যবহার করা হয়েছে।
ইতিবাচক মনোভাব প্রকাশ পাচ্ছে।
প্রশংসনীয় ভাষা ব্যবহার।"
ভাই সুপার নাটক করেন আপনি।,Gender,Not Hateful,"নাটকের মান এবং কাজের প্রতি উচ্চ প্রশংসা।
অভিনেতার প্রতি ইতিবাচক প্রতিক্রিয়া।
নেতিবাচক কোনো উপাদান নেই।","প্রশংসামূলক শব্দ ব্যবহার।
ইতিবাচক প্রতিক্রিয়া প্রকাশ।
নেতিবাচকতা নেই।","প্রশংসা স্পষ্ট।
ইতিবাচক শব্দ ব্যবহার।
নেতিবাচকতা নেই।","সুপার শব্দ ইতিবাচক।
প্রশংসা স্পষ্ট বলা হয়েছে।
নেতিবাচকতা নেই এখানে।","সুপার শব্দ ইতিবাচক।
প্রশংসা স্পষ্ট বলা।
নেতিবাচকতা নেই।","সুপার শব্দ ইতিবাচক।
প্রশংসা স্পষ্ট বলা।
নেতিবাচকতা নেই।","সুপার শব্দ ইতিবাচক।
প্রশংসা স্পষ্ট বলা।
নেতিবাচকতা নেই।","সুপার শব্দ ইতিবাচক।
প্রশংসা স্পষ্ট বলা।
নেতিবাচকতা নেই।","সুপার শব্দ ইতিবাচক।
প্রশংসা স্পষ্ট বলা।
নেতিবাচকতা নেই।","সুপার শব্দ ইতিবাচক।
প্রশংসা স্পষ্ট বলা।
নেতিবাচকতা নেই।","সুপার শব্দ ইতিবাচক।
প্রশংসা স্পষ্ট বলা।
নেতিবাচকতা নেই।","সুপার শব্দ ইতিবাচক।
প্রশংসা স্পষ্ট বলা।
নেতিবাচকতা নেই।","সুপার শব্দ ইতিবাচক।
প্রশংসা স্পষ্ট বলা।
নেতিবাচকতা নেই।","সুপার শব্দ ইতিবাচক।
প্রশংসা স্পষ্ট বলা।
নেতিবাচকতা নেই।","সুপার শব্দ ইতিবাচক।
প্রশংসা স্পষ্ট বলা।
নেতিবাচকতা নেই।","সুপার শব্দ ইতিবাচক।
প্রশংসা স্পষ্ট বলা।
নেতিবাচকতা নেই।","সুপার শব্দ ইতিবাচক।
প্রশংসা স্পষ্ট বলা।
নেতিবাচকতা নেই।","সুপার শব্দ ইতিবাচক।
প্রশংসা স্পষ্ট বলা।
নেতিবাচকতা নেই।","সুপার শব্দ ইতিবাচক।
প্রশংসা স্পষ্ট বলা।
নেতিবাচকতা নেই।","সুপার শব্দ ইতিবাচক।
প্রশংসা স্পষ্ট বলা।
নেতিবাচকতা নেই।","সুপার শব্দ ইতিবাচক।
প্রশংসা স্পষ্ট বলা।
নেতিবাচকতা নেই।","সুপার শব্দ ইতিবাচক।
প্রশংসা স্পষ্ট বলা।
নেতিবাচকতা নেই।"
নাটক টা খুব ভালো লাগলো মিথিলাকে,Gender,Not Hateful,"মিথিলার অভিনয়ের প্রতি প্রশংসা প্রকাশ।
নাটকের প্রতি ইতিবাচক অভিমত।
কোনো নেতিবাচক বা বিদ্বেষপূর্ণ উপাদান নেই।","নাটকটি ভালো লেগেছে।
মিথিলার অভিনয় প্রশংসনীয়।
ইতিবাচক মন্তব্য করা হয়েছে।","নাটকটি ভালো লেগেছে।
ইতিবাচক মন্তব্য করা হয়েছে।
প্রশংসনীয় অভিনয়।","নাটকটি ভালো লেগেছে বলে জানানো হয়েছে।
ইতিবাচক মন্তব্য করা হয়েছে।
প্রশংসনীয় অভিনয় হয়েছে।","নাটকটি ভালো লেগেছে।
ইতিবাচক মন্তব্য করা হয়েছে।
প্রশংসা করা হয়েছে।","নাটকটি ভালো লেগেছে বলা হয়েছে।
ইতিবাচক মন্তব্য করা হয়েছে।
প্রশংসা করা হয়েছে।","নাটকটি ভালো লেগেছে বলা হয়েছে।
ইতিবাচক মন্তব্য করা হয়েছে।
প্রশংসা করা হয়েছে।","নাটকটি ভালো লেগেছে বলা হয়েছে।
ইতিবাচক মন্তব্য করা হয়েছে।
প্রশংসা করা হয়েছে।","নাটকটি ভালো লেগেছে বলা হয়েছে।
ইতিবাচক মন্তব্য করা হয়েছে।
প্রশংসা করা হয়েছে।","নাটকটি ভালো লেগেছে বলা হয়েছে।
ইতিবাচক মন্তব্য করা হয়েছে।
প্রশংসা করা হয়েছে।","নাটকটি ভালো লেগেছে বলা হয়েছে।
ইতিবাচক মন্তব্য করা হয়েছে।
প্রশংসা করা হয়েছে।","নাটকটি ভালো লেগেছে বলা হয়েছে।
ইতিবাচক মন্তব্য করা হয়েছে।
প্রশংসা করা হয়েছে।","নাটকটি ভালো লেগেছে বলা হয়েছে।
ইতিবাচক মন্তব্য করা হয়েছে।
প্রশংসা করা হয়েছে।","নাটকটি ভালো লেগেছে বলা হয়েছে।
ইতিবাচক মন্তব্য করা হয়েছে।
প্রশংসা করা হয়েছে।","নাটকটি ভালো লেগেছে বলা হয়েছে।
ইতিবাচক মন্তব্য করা হয়েছে।
প্রশংসা করা হয়েছে।","নাটকটি ভালো লেগেছে বলা হয়েছে।
ইতিবাচক মন্তব্য করা হয়েছে।
প্রশংসা করা হয়েছে।","নাটকটি ভালো লেগেছে বলা হয়েছে।
ইতিবাচক মন্তব্য করা হয়েছে।
প্রশংসা করা হয়েছে।","নাটকটি ভালো লেগেছে বলা হয়েছে।
ইতিবাচক মন্তব্য করা হয়েছে।
প্রশংসা করা হয়েছে।","নাটকটি ভালো লেগেছে বলা হয়েছে।
ইতিবাচক মন্তব্য করা হয়েছে।
প্রশংসা করা হয়েছে।","নাটকটি ভালো লেগেছে বলা হয়েছে।
ইতিবাচক মন্তব্য করা হয়েছে।
প্রশংসা করা হয়েছে।","নাটকটি ভালো লেগেছে বলা হয়েছে।
ইতিবাচক মন্তব্য করা হয়েছে।
প্রশংসা করা হয়েছে।","নাটকটি ভালো লেগেছে বলা হয়েছে।
ইতিবাচক মন্তব্য করা হয়েছে।
প্রশংসা করা হয়েছে।"
আরিয়ান ভাইয়ার প্রত্যেকটা নাটকই একটা থেকে অন্যটা আলাদা। উনার প্রতিটা নাটকই অসাধারন।,Gender,Not Hateful,"পরিচালকের সৃজনশীলতার প্রতি প্রশংসা।
নাটকের বৈচিত্র্যের প্রতি ইতিবাচক মন্তব্য।
কোনো নেতিবাচকতা নেই, কেবল প্রশংসাসূচক।","নাটকের প্রতি ইতিবাচক মন্তব্য।
পরিচালকের প্রশংসা করা হয়েছে।
প্রশংসাসূচক শব্দ ব্যবহার করা হয়েছে।","প্রশংসামূলক শব্দ ব্যবহার করা হয়েছে।
ইতিবাচক মন্তব্য করা হয়েছে।
পরিচালকের প্রশংসা করা হয়েছে।","প্রশংসামূলক শব্দ ব্যবহার করা হয়েছে।
ইতিবাচক মন্তব্য করা হয়েছে।
পরিচালকের প্রশংসা করা হয়েছে।","প্রশংসামূলক শব্দ ব্যবহার করা হয়েছে।
ইতিবাচক মন্তব্য করা হয়েছে।
পরিচালকের প্রশংসা করা হয়েছে।","প্রশংসামূলক শব্দ ব্যবহার করা হয়েছে।
ইতিবাচক মন্তব্য করা হয়েছে।
পরিচালকের প্রশংসা করা হয়েছে।","প্রশংসামূলক শব্দ ব্যবহার করা হয়েছে।
ইতিবাচক মন্তব্য করা হয়েছে।
পরিচালকের প্রশংসা করা হয়েছে।","প্রশংসামূলক শব্দ ব্যবহার করা হয়েছে।
ইতিবাচক মন্তব্য করা হয়েছে।
পরিচালকের প্রশংসা করা হয়েছে।","প্রশংসামূলক শব্দ ব্যবহার করা হয়েছে।
ইতিবাচক মন্তব্য করা হয়েছে।
পরিচালকের প্রশংসা করা হয়েছে।","প্রশংসামূলক শব্দ ব্যবহার করা হয়েছে।
ইতিবাচক মন্তব্য করা হয়েছে।
পরিচালকের প্রশংসা করা হয়েছে।","প্রশংসামূলক শব্দ ব্যবহার করা হয়েছে।
ইতিবাচক মন্তব্য করা হয়েছে।
পরিচালকের প্রশংসা করা হয়েছে।","প্রশংসামূলক শব্দ ব্যবহার করা হয়েছে।
ইতিবাচক মন্তব্য করা হয়েছে।
পরিচালকের প্রশংসা করা হয়েছে।","প্রশংসামূলক শব্দ ব্যবহার করা হয়েছে।
ইতিবাচক মন্তব্য করা হয়েছে।
পরিচালকের প্রশংসা করা হয়েছে।","প্রশংসামূলক শব্দ ব্যবহার করা হয়েছে।
ইতিবাচক মন্তব্য করা হয়েছে।
পরিচালকের প্রশংসা করা হয়েছে।","প্রশংসামূলক শব্দ ব্যবহার করা হয়েছে।
ইতিবাচক মন্তব্য করা হয়েছে।
পরিচালকের প্রশংসা করা হয়েছে।","প্রশংসামূলক শব্দ ব্যবহার করা হয়েছে।
ইতিবাচক মন্তব্য করা হয়েছে।
পরিচালকের প্রশংসা করা হয়েছে।","প্রশংসামূলক শব্দ ব্যবহার করা হয়েছে।
ইতিবাচক মন্তব্য করা হয়েছে।
পরিচালকের প্রশংসা করা হয়েছে।","প্রশংসামূলক শব্দ ব্যবহার করা হয়েছে।
ইতিবাচক মন্তব্য করা হয়েছে।
পরিচালকের প্রশংসা করা হয়েছে।","প্রশংসামূলক শব্দ ব্যবহার করা হয়েছে।
ইতিবাচক মন্তব্য করা হয়েছে।
পরিচালকের প্রশংসা করা হয়েছে।","প্রশংসামূলক শব্দ ব্যবহার করা হয়েছে।
ইতিবাচক মন্তব্য করা হয়েছে।
পরিচালকের প্রশংসা করা হয়েছে।","প্রশংসামূলক শব্দ ব্যবহার করা হয়েছে।
ইতিবাচক মন্তব্য করা হয়েছে।
পরিচালকের প্রশংসা করা হয়েছে।","প্রশংসামূলক শব্দ ব্যবহার করা হয়েছে।
ইতিবাচক মন্তব্য করা হয়েছে।
পরিচালকের প্রশংসা করা হয়েছে।"
অপূর্ব মানে আসাধারন কিছু একটা,Gender,Not Hateful,"অপূর্বের কাজের প্রতি গভীর প্রশংসা।
ইতিবাচক এবং অনুপ্রেরণামূলক প্রতিক্রিয়া।
নেতিবাচক কোনো ইঙ্গিত নেই।","অপূর্ব শব্দটি ইতিবাচক।
প্রশংসামূলক শব্দ ব্যবহার।
নেতিবাচক অর্থ নেই।","অপূর্ব শব্দটি ইতিবাচক।
প্রশংসামূলক শব্দ ব্যবহার।
নেতিবাচক অর্থ নেই।","অপূর্ব শব্দটি ইতিবাচক।
প্রশংসামূলক শব্দ ব্যবহার।
নেতিবাচক অর্থ নেই।","অপূর্ব শব্দটি ইতিবাচক।
প্রশংসামূলক শব্দ ব্যবহার।
নেতিবাচক অর্থ নেই।","অপূর্ব শব্দটি ইতিবাচক।
প্রশংসামূলক শব্দ ব্যবহার।
নেতিবাচক অর্থ নেই।","অপূর্ব শব্দটি ইতিবাচক।
প্রশংসামূলক শব্দ ব্যবহার।
নেতিবাচক অর্থ নেই।","অপূর্ব শব্দটি ইতিবাচক।
প্রশংসামূলক শব্দ ব্যবহার।
নেতিবাচক অর্থ নেই।","অপূর্ব শব্দটি ইতিবাচক।
প্রশংসামূলক শব্দ ব্যবহার।
নেতিবাচক অর্থ নেই।","ইতিবাচক শব্দ ব্যবহার।
অর্থপূর্ণ শব্দ।
নেতিবাচক নয়।","ইতিবাচক শব্দ ব্যবহার হয়েছে।
অর্থপূর্ণ শব্দ বলা হয়েছে।
নেতিবাচক শব্দ নেই।","শব্দটি ইতিবাচক।
অর্থপূর্ণ অভিব্যক্তি।
নেতিবাচকতা নেই।","শব্দটি ইতিবাচক ব্যবহার।
অর্থপূর্ণ অভিব্যক্তি ব্যবহার।
নেতিবাচকতা নেই এখানে।","ইতিবাচক শব্দ ব্যবহার।
নেতিবাচকতা নেই।
অর্থপূর্ণ অভিব্যক্তি।","ইতিবাচক শব্দ ব্যবহার হয়েছে।
অর্থপূর্ণ অভিব্যক্তি দেখা যাচ্ছে।
নেতিবাচকতা নেই বলেই সঠিক।","ইতিবাচক শব্দ ব্যবহার হয়েছে।
অর্থপূর্ণ অভিব্যক্তি দেখা যাচ্ছে।
নেতিবাচকতা নেই বলেই সঠিক।","ইতিবাচক শব্দ ব্যবহার হয়েছে।
অর্থপূর্ণ অভিব্যক্তি দেখা যাচ্ছে।
নেতিবাচকতা নেই বলেই সঠিক।","ইতিবাচক শব্দ ব্যবহার হয়েছে।
অর্থপূর্ণ অভিব্যক্তি দেখা যাচ্ছে।
নেতিবাচকতা নেই বলেই সঠিক।","ইতিবাচক শব্দ ব্যবহার হয়েছে।
অর্থপূর্ণ অভিব্যক্তি দেখা যাচ্ছে।
নেতিবাচকতা নেই বলেই সঠিক।","ইতিবাচক শব্দ ব্যবহার হয়েছে।
নেতিবাচকতা নেই।
অর্থপূর্ণ অভিব্যক্তি।","ইতিবাচক শব্দ ব্যবহার হয়েছে।
অর্থপূর্ণ অভিব্যক্তি রয়েছে।
নেতিবাচকতা নেই।","ইতিবাচক শব্দ ব্যবহার হয়েছে।
অর্থপূর্ণ অভিব্যক্তি রয়েছে।
নেতিবাচকতা নেই।"
আরিয়ান কে স্যালুট এত সুন্দর টেলিফিল্ম উপহার দেয়ার জন্য ।,Gender,Not Hateful,"পরিচালকের প্রতি গভীর শ্রদ্ধা ও কৃতজ্ঞতা।
টেলিফিল্মের গুণমানের প্রশংসা।
সম্পূর্ণ ইতিবাচক মনোভাব।","স্যালুট শব্দটি শ্রদ্ধা প্রকাশ করে।
টেলিফিল্মটি সুন্দর বলে মন্তব্য।
ইতিবাচক মনোভাব প্রকাশ পাচ্ছে।","স্যালুট শব্দটি শ্রদ্ধা প্রকাশ করে।
ইতিবাচক মনোভাব প্রকাশ পাচ্ছে।
টেলিফিল্মটি সুন্দর বলে মন্তব্য।","স্যালুট শব্দটি শ্রদ্ধা প্রকাশ করে।
ইতিবাচক মনোভাব প্রকাশ পাচ্ছে।
টেলিফিল্মটি সুন্দর বলে মন্তব্য।","স্যালুট শব্দটি শ্রদ্ধা প্রকাশ করে।
ইতিবাচক মনোভাব প্রকাশ পাচ্ছে।
টেলিফিল্মটি সুন্দর বলে মন্তব্য।","স্যালুট শব্দটি শ্রদ্ধা প্রকাশ করে।
ইতিবাচক মনোভাব প্রকাশ পাচ্ছে।
টেলিফিল্মটি সুন্দর বলে মন্তব্য।","স্যালুট শব্দটি শ্রদ্ধা প্রকাশ করে।
ইতিবাচক মনোভাব প্রকাশ পাচ্ছে।
টেলিফিল্মটি সুন্দর বলে মন্তব্য।","স্যালুট শব্দটি শ্রদ্ধা প্রকাশ করে।
ইতিবাচক মনোভাব প্রকাশ পাচ্ছে।
টেলিফিল্মটি সুন্দর বলে মন্তব্য।","স্যালুট শব্দটি শ্রদ্ধা প্রকাশ করে।
ইতিবাচক মনোভাব প্রকাশ পাচ্ছে।
টেলিফিল্মটি সুন্দর বলে মন্তব্য।","স্যালুট শব্দটি শ্রদ্ধা প্রকাশ করে।
ইতিবাচক মনোভাব প্রকাশ পাচ্ছে।
টেলিফিল্মটি সুন্দর বলে মন্তব্য।","স্যালুট শব্দটি শ্রদ্ধা প্রকাশ করে।
ইতিবাচক মনোভাব প্রকাশ পাচ্ছে।
টেলিফিল্মটি সুন্দর বলে মন্তব্য।","স্যালুট শব্দটি শ্রদ্ধা প্রকাশ করে।
ইতিবাচক মনোভাব প্রকাশ পাচ্ছে।
টেলিফিল্মটি সুন্দর বলে মন্তব্য।","স্যালুট শব্দটি শ্রদ্ধা প্রকাশ করে।
ইতিবাচক মনোভাব প্রকাশ পাচ্ছে।
টেলিফিল্মটি সুন্দর বলে মন্তব্য।","স্যালুট শব্দটি শ্রদ্ধা প্রকাশ করে।
ইতিবাচক মনোভাব প্রকাশ পাচ্ছে।
টেলিফিল্মটি সুন্দর বলে মন্তব্য।","স্যালুট শব্দটি শ্রদ্ধা প্রকাশ করে।
ইতিবাচক মনোভাব প্রকাশ পাচ্ছে।
টেলিফিল্মটি সুন্দর বলে মন্তব্য।","স্যালুট শব্দটি শ্রদ্ধা প্রকাশ করে।
ইতিবাচক মনোভাব প্রকাশ পাচ্ছে।
টেলিফিল্মটি সুন্দর বলে মন্তব্য।","স্যালুট শব্দটি শ্রদ্ধা প্রকাশ করে।
ইতিবাচক মনোভাব প্রকাশ পাচ্ছে।
টেলিফিল্মটি সুন্দর বলে মন্তব্য।","স্যালুট শব্দটি শ্রদ্ধা প্রকাশ করে।
ইতিবাচক মনোভাব প্রকাশ পাচ্ছে।
টেলিফিল্মটি সুন্দর বলে মন্তব্য।","স্যালুট শব্দটি শ্রদ্ধা প্রকাশ করে।
ইতিবাচক মনোভাব প্রকাশ পাচ্ছে।
টেলিফিল্মটি সুন্দর বলে মন্তব্য।","স্যালুট শব্দটি শ্রদ্ধা প্রকাশ করে।
ইতিবাচক মনোভাব প্রকাশ পাচ্ছে।
টেলিফিল্মটি সুন্দর বলে মন্তব্য।","স্যালুট শব্দটি শ্রদ্ধা প্রকাশ করে।
ইতিবাচক মনোভাব প্রকাশ পাচ্ছে।
টেলিফিল্মটি সুন্দর বলে মন্তব্য।","স্যালুট শব্দটি শ্রদ্ধা প্রকাশ করে।
ইতিবাচক মনোভাব প্রকাশ পাচ্ছে।
টেলিফিল্মটি সুন্দর বলে মন্তব্য।"
ভাইয়া আপনাকে অনেক ধন্যবাদ এতো সুন্দর একটা নাটক উপহার দেওয়ার জন্য,Gender,Not Hateful,"নাটকের মানের প্রতি কৃতজ্ঞতা প্রকাশ।
ইতিবাচক এবং শুভকামনা প্রকাশ।
নেতিবাচক কোনো ইঙ্গিত নেই।","ধন্যবাদ শব্দটি ইতিবাচক।
কৃতজ্ঞতা প্রকাশ হচ্ছে।
নেতিবাচক শব্দ নেই।","ধন্যবাদ শব্দটি ইতিবাচক।
কৃতজ্ঞতা প্রকাশ হচ্ছে।
নেতিবাচক শব্দ নেই।","ধন্যবাদ শব্দটি ইতিবাচক।
কৃতজ্ঞতা প্রকাশ হচ্ছে।
নেতিবাচক শব্দ নেই।","ধন্যবাদ শব্দটি ইতিবাচক।
কৃতজ্ঞতা প্রকাশ হচ্ছে।
নেতিবাচক শব্দ নেই।","ধন্যবাদ শব্দটি ইতিবাচক।
কৃতজ্ঞতা প্রকাশ হচ্ছে।
নেতিবাচক শব্দ নেই।","ধন্যবাদ শব্দটি ইতিবাচক।
কৃতজ্ঞতা প্রকাশ হচ্ছে।
নেতিবাচক শব্দ নেই।","ধন্যবাদ শব্দটি ইতিবাচক।
কৃতজ্ঞতা প্রকাশ হচ্ছে।
নেতিবাচক শব্দ নেই।","ধন্যবাদ শব্দটি ইতিবাচক।
কৃতজ্ঞতা প্রকাশ হচ্ছে।
নেতিবাচক শব্দ নেই।","ধন্যবাদ শব্দটি ইতিবাচক।
কৃতজ্ঞতা প্রকাশ হচ্ছে।
নেতিবাচক শব্দ নেই।","ধন্যবাদ শব্দটি ইতিবাচক।
কৃতজ্ঞতা প্রকাশ হচ্ছে।
নেতিবাচক শব্দ নেই।","ধন্যবাদ শব্দটি ইতিবাচক।
কৃতজ্ঞতা প্রকাশ হচ্ছে।
নেতিবাচক শব্দ নেই।","ধন্যবাদ শব্দটি ইতিবাচক।
কৃতজ্ঞতা প্রকাশ হচ্ছে।
নেতিবাচক শব্দ নেই।","ধন্যবাদ শব্দটি ইতিবাচক।
কৃতজ্ঞতা প্রকাশ হচ্ছে।
নেতিবাচক শব্দ নেই।","ধন্যবাদ শব্দটি ইতিবাচক।
কৃতজ্ঞতা প্রকাশ হচ্ছে।
নেতিবাচক শব্দ নেই।","ধন্যবাদ শব্দটি ইতিবাচক।
কৃতজ্ঞতা প্রকাশ হচ্ছে।
নেতিবাচক শব্দ নেই।","ধন্যবাদ শব্দটি ইতিবাচক।
কৃতজ্ঞতা প্রকাশ হচ্ছে।
নেতিবাচক শব্দ নেই।","ধন্যবাদ শব্দটি ইতিবাচক।
কৃতজ্ঞতা প্রকাশ হচ্ছে।
নেতিবাচক শব্দ নেই।","ধন্যবাদ শব্দটি ইতিবাচক।
কৃতজ্ঞতা প্রকাশ হচ্ছে।
নেতিবাচক শব্দ নেই।","ধন্যবাদ শব্দটি ইতিবাচক।
কৃতজ্ঞতা প্রকাশ হচ্ছে।
নেতিবাচক শব্দ নেই।","ধন্যবাদ শব্দটি ইতিবাচক।
কৃতজ্ঞতা প্রকাশ হচ্ছে।
নেতিবাচক শব্দ নেই।","ধন্যবাদ শব্দটি ইতিবাচক।
কৃতজ্ঞতা প্রকাশ হচ্ছে।
নেতিবাচক শব্দ নেই।"
"ভাই তুমি কোন দিন ফিল্ম করো না কারন তুমি নাটক থেকে চলে গেলে আমার নাটক দেখা বন্দ হয়ে যাবে তোমার কারনেই নাটক দেখি,আর কারও নাটক দেখি না.",Gender,Not Hateful,"অভিনেতার প্রতি গভীর ভালোবাসা ও সমর্থন।
অভিনয় চালিয়ে যাওয়ার অনুরোধ।
ইতিবাচক ও উচ্ছ্বাসপূর্ণ মন্তব্য।","ভালোবাসা প্রকাশ করা হয়েছে।
অনুরোধ করা হয়েছে অভিনয় চালিয়ে।
ইতিবাচক শব্দ ব্যবহার করা হয়েছে।","ভালোবাসা প্রকাশ করা হয়েছে।
অনুরোধ করা হয়েছে অভিনয় চালিয়ে।
ইতিবাচক শব্দ ব্যবহার করা হয়েছে।","ভালোবাসা প্রকাশ করা হয়েছে।
অনুরোধ করা হয়েছে অভিনয় চালিয়ে।
ইতিবাচক শব্দ ব্যবহার করা হয়েছে।","ভালোবাসা প্রকাশ করা হয়েছে।
অনুরোধ করা হয়েছে অভিনয় চালিয়ে।
ইতিবাচক শব্দ ব্যবহার করা হয়েছে।","ভালোবাসা প্রকাশ করা হয়েছে।
অনুরোধ করা হয়েছে অভিনয় চালিয়ে।
ইতিবাচক শব্দ ব্যবহার করা হয়েছে।","ভালোবাসা প্রকাশ করা হয়েছে।
অনুরোধ করা হয়েছে অভিনয় চালিয়ে।
ইতিবাচক শব্দ ব্যবহার করা হয়েছে।","ভালোবাসা প্রকাশ করা হয়েছে।
অনুরোধ করা হয়েছে অভিনয় চালিয়ে।
ইতিবাচক শব্দ ব্যবহার করা হয়েছে।","ভালোবাসা প্রকাশ করা হয়েছে।
অনুরোধ করা হয়েছে অভিনয় চালিয়ে।
ইতিবাচক শব্দ ব্যবহার করা হয়েছে।","ভালোবাসা প্রকাশ করা হয়েছে।
অনুরোধ করা হয়েছে অভিনয় চালিয়ে।
ইতিবাচক শব্দ ব্যবহার করা হয়েছে।","ভালোবাসা প্রকাশ করা হয়েছে।
অনুরোধ করা হয়েছে অভিনয় চালিয়ে।
ইতিবাচক শব্দ ব্যবহার করা হয়েছে।","ভালোবাসা প্রকাশ করা হয়েছে।
অনুরোধ করা হয়েছে অভিনয় চালিয়ে।
ইতিবাচক শব্দ ব্যবহার করা হয়েছে।","ভালোবাসা প্রকাশ করা হয়েছে।
অনুরোধ করা হয়েছে অভিনয় চালিয়ে।
ইতিবাচক শব্দ ব্যবহার করা হয়েছে।","ভালোবাসা প্রকাশ করা হয়েছে।
অনুরোধ করা হয়েছে অভিনয় চালিয়ে।
ইতিবাচক শব্দ ব্যবহার করা হয়েছে।","ভালোবাসা প্রকাশ করা হয়েছে।
অনুরোধ করা হয়েছে অভিনয় চালিয়ে।
ইতিবাচক শব্দ ব্যবহার করা হয়েছে।","ভালোবাসা প্রকাশ করা হয়েছে।
অনুরোধ করা হয়েছে অভিনয় চালিয়ে।
ইতিবাচক শব্দ ব্যবহার করা হয়েছে।","ভালোবাসা প্রকাশ করা হয়েছে।
অনুরোধ করা হয়েছে অভিনয় চালিয়ে।
ইতিবাচক শব্দ ব্যবহার করা হয়েছে।","ভালোবাসা প্রকাশ করা হয়েছে।
অনুরোধ করা হয়েছে অভিনয় চালিয়ে।
ইতিবাচক শব্দ ব্যবহার করা হয়েছে।","ভালোবাসা প্রকাশ করা হয়েছে।
অনুরোধ করা হয়েছে অভিনয় চালিয়ে।
ইতিবাচক শব্দ ব্যবহার করা হয়েছে।","ভালোবাসা প্রকাশ করা হয়েছে।
অনুরোধ করা হয়েছে অভিনয় চালিয়ে।
ইতিবাচক শব্দ ব্যবহার করা হয়েছে।","ভালোবাসা প্রকাশ করা হয়েছে।
অনুরোধ করা হয়েছে অভিনয় চালিয়ে।
ইতিবাচক শব্দ ব্যবহার করা হয়েছে।","ভালোবাসা প্রকাশ করা হয়েছে।
অনুরোধ করা হয়েছে অভিনয় চালিয়ে।
ইতিবাচক শব্দ ব্যবহার করা হয়েছে।"
আপুর অভিনয় খুভি সুনদর,Gender,Not Hateful,"অভিনয়ের দক্ষতার প্রতি প্রশংসা।
ইতিবাচক মনোভাব এবং শুভকামনা।
নেতিবাচক কোনো উপাদান নেই।","অভিনয় প্রশংসনীয়।
ইতিবাচক শব্দ ব্যবহার।
নেতিবাচকতা নেই।","সুন্দর শব্দ ব্যবহার করা হয়েছে।
ইতিবাচক মনোভাব প্রকাশ পাচ্ছে।
প্রশংসনীয় অভিব্যক্তি রয়েছে।","সুন্দর শব্দ ব্যবহার করা হয়েছে।
ইতিবাচক মনোভাব প্রকাশ পাচ্ছে।
প্রশংসনীয় অভিব্যক্তি রয়েছে।","সুন্দর শব্দ ব্যবহার করা হয়েছে।
ইতিবাচক মনোভাব প্রকাশ পাচ্ছে।
প্রশংসনীয় অভিব্যক্তি রয়েছে।","সুন্দর শব্দ ব্যবহার করা হয়েছে।
ইতিবাচক মনোভাব প্রকাশ পাচ্ছে।
প্রশংসনীয় অভিব্যক্তি রয়েছে।","সুন্দর শব্দ ব্যবহার করা হয়েছে।
ইতিবাচক মনোভাব প্রকাশ পাচ্ছে।
প্রশংসনীয় অভিব্যক্তি রয়েছে।","সুন্দর শব্দ ব্যবহার করা হয়েছে।
ইতিবাচক মনোভাব প্রকাশ পাচ্ছে।
প্রশংসনীয় অভিব্যক্তি রয়েছে।","সুন্দর শব্দ ব্যবহার করা হয়েছে।
ইতিবাচক মনোভাব প্রকাশ পাচ্ছে।
প্রশংসনীয় অভিব্যক্তি রয়েছে।","সুন্দর শব্দ ব্যবহার করা হয়েছে।
ইতিবাচক মনোভাব প্রকাশ পাচ্ছে।
প্রশংসনীয় অভিব্যক্তি রয়েছে।","সুন্দর শব্দ ব্যবহার করা হয়েছে।
ইতিবাচক মনোভাব প্রকাশ পাচ্ছে।
প্রশংসনীয় অভিব্যক্তি রয়েছে।","সুন্দর শব্দ ব্যবহার করা হয়েছে।
ইতিবাচক মনোভাব প্রকাশ পাচ্ছে।
প্রশংসনীয় অভিব্যক্তি রয়েছে।","সুন্দর শব্দ ব্যবহার করা হয়েছে।
ইতিবাচক মনোভাব প্রকাশ পাচ্ছে।
প্রশংসনীয় অভিব্যক্তি রয়েছে।","সুন্দর শব্দ ব্যবহার করা হয়েছে।
ইতিবাচক মনোভাব প্রকাশ পাচ্ছে।
প্রশংসনীয় অভিব্যক্তি রয়েছে।","সুন্দর শব্দ ব্যবহার করা হয়েছে।
ইতিবাচক মনোভাব প্রকাশ পাচ্ছে।
প্রশংসনীয় অভিব্যক্তি রয়েছে।","সুন্দর শব্দ ব্যবহার করা হয়েছে।
ইতিবাচক মনোভাব প্রকাশ পাচ্ছে।
প্রশংসনীয় অভিব্যক্তি রয়েছে।","সুন্দর শব্দ ব্যবহার করা হয়েছে।
ইতিবাচক মনোভাব প্রকাশ পাচ্ছে।
প্রশংসনীয় অভিব্যক্তি রয়েছে।","সুন্দর শব্দ ব্যবহার করা হয়েছে।
ইতিবাচক মনোভাব প্রকাশ পাচ্ছে।
প্রশংসনীয় অভিব্যক্তি রয়েছে।","সুন্দর শব্দ ব্যবহার করা হয়েছে।
ইতিবাচক মনোভাব প্রকাশ পাচ্ছে।
প্রশংসনীয় অভিব্যক্তি রয়েছে।","সুন্দর শব্দ ব্যবহার করা হয়েছে।
ইতিবাচক মনোভাব প্রকাশ পাচ্ছে।
প্রশংসনীয় অভিব্যক্তি রয়েছে।","সুন্দর শব্দ ব্যবহার করা হয়েছে।
ইতিবাচক মনোভাব প্রকাশ পাচ্ছে।
প্রশংসনীয় অভিব্যক্তি রয়েছে।","সুন্দর শব্দ ব্যবহার করা হয়েছে।
ইতিবাচক মনোভাব প্রকাশ পাচ্ছে।
প্রশংসনীয় অভিব্যক্তি রয়েছে।"
ভাইয়ের অভিনয় টা অসাধারন হইছে,Gender,Not Hateful,"অভিনয়ের মান এবং দক্ষতার প্রতি প্রশংসা।
সাধারণ শুভেচ্ছা ও প্রশংসাসূচক মন্তব্য।
নেতিবাচক কোনো ইঙ্গিত নেই।","প্রশংসাসূচক মন্তব্য হিসেবে ব্যবহার করা হয়েছে।
অভিনয়ের প্রতি প্রশংসা প্রকাশ করা হয়েছে।
ইতিবাচক শব্দ ব্যবহার করা হয়েছে।","প্রশংসাসূচক শব্দ ব্যবহার করা হয়েছে।
ইতিবাচক মনোভাব প্রকাশ পাচ্ছে।
অসাধারন শব্দটি প্রশংসা প্রকাশ করে।","প্রশংসাসূচক শব্দ ব্যবহার করা হয়েছে।
ইতিবাচক মনোভাব প্রকাশ পাচ্ছে।
অসাধারন শব্দটি প্রশংসা প্রকাশ করে।","প্রশংসাসূচক শব্দ ব্যবহার করা হয়েছে।
ইতিবাচক মনোভাব প্রকাশ পাচ্ছে।
অসাধারন শব্দটি প্রশংসা প্রকাশ করে।","প্রশংসাসূচক শব্দ ব্যবহার করা হয়েছে।
ইতিবাচক মনোভাব প্রকাশ পাচ্ছে।
অসাধারন শব্দটি প্রশংসা প্রকাশ করে।","প্রশংসাসূচক শব্দ ব্যবহার করা হয়েছে।
ইতিবাচক মনোভাব প্রকাশ পাচ্ছে।
অসাধারন শব্দটি প্রশংসা প্রকাশ করে।","প্রশংসাসূচক শব্দ ব্যবহার করা হয়েছে।
ইতিবাচক মনোভাব প্রকাশ পাচ্ছে।
অসাধারন শব্দটি প্রশংসা প্রকাশ করে।","প্রশংসাসূচক শব্দ ব্যবহার করা হয়েছে।
ইতিবাচক মনোভাব প্রকাশ পাচ্ছে।
অসাধারন শব্দটি প্রশংসা প্রকাশ করে।","প্রশংসাসূচক শব্দ ব্যবহার করা হয়েছে।
ইতিবাচক মনোভাব প্রকাশ পাচ্ছে।
অসাধারন শব্দটি প্রশংসা প্রকাশ করে।","প্রশংসাসূচক শব্দ ব্যবহার করা হয়েছে।
ইতিবাচক মনোভাব প্রকাশ পাচ্ছে।
অসাধারন শব্দটি প্রশংসা প্রকাশ করে।","প্রশংসাসূচক শব্দ ব্যবহার করা হয়েছে।
ইতিবাচক মনোভাব প্রকাশ পাচ্ছে।
অসাধারন শব্দটি প্রশংসা প্রকাশ করে।","প্রশংসাসূচক শব্দ ব্যবহার করা হয়েছে।
ইতিবাচক মনোভাব প্রকাশ পাচ্ছে।
অসাধারন শব্দটি প্রশংসা প্রকাশ করে।","প্রশংসাসূচক শব্দ ব্যবহার করা হয়েছে।
ইতিবাচক মনোভাব প্রকাশ পাচ্ছে।
অসাধারন শব্দটি প্রশংসা প্রকাশ করে।","প্রশংসাসূচক শব্দ ব্যবহার করা হয়েছে।
ইতিবাচক মনোভাব প্রকাশ পাচ্ছে।
অসাধারন শব্দটি প্রশংসা প্রকাশ করে।","প্রশংসাসূচক শব্দ ব্যবহার করা হয়েছে।
ইতিবাচক মনোভাব প্রকাশ পাচ্ছে।
অসাধারন শব্দটি প্রশংসা প্রকাশ করে।","প্রশংসাসূচক শব্দ ব্যবহার করা হয়েছে।
ইতিবাচক মনোভাব প্রকাশ পাচ্ছে।
অসাধারন শব্দটি প্রশংসা প্রকাশ করে।","প্রশংসাসূচক শব্দ ব্যবহার করা হয়েছে।
ইতিবাচক মনোভাব প্রকাশ পাচ্ছে।
অসাধারন শব্দটি প্রশংসা প্রকাশ করে।","প্রশংসাসূচক শব্দ ব্যবহার করা হয়েছে।
ইতিবাচক মনোভাব প্রকাশ পাচ্ছে।
অসাধারন শব্দটি প্রশংসা প্রকাশ করে।","প্রশংসাসূচক শব্দ ব্যবহার করা হয়েছে।
ইতিবাচক মনোভাব প্রকাশ পাচ্ছে।
অসাধারন শব্দটি প্রশংসা প্রকাশ করে।","প্রশংসাসূচক শব্দ ব্যবহার করা হয়েছে।
ইতিবাচক মনোভাব প্রকাশ পাচ্ছে।
অসাধারন শব্দটি প্রশংসা প্রকাশ করে।","প্রশংসাসূচক শব্দ ব্যবহার করা হয়েছে।
ইতিবাচক মনোভাব প্রকাশ পাচ্ছে।
অসাধারন শব্দটি প্রশংসা প্রকাশ করে।"
তিশা ও ইরফান দুইজন অসাধারণ অভিনয় করছে ।,Gender,Not Hateful,"দুইজন অভিনেতার কাজের প্রতি সমান প্রশংসা।
অভিনয়ের দক্ষতার স্বীকৃতি।
সম্পূর্ণ ইতিবাচক মনোভাব।","অভিনয় প্রশংসা করা হচ্ছে।
ইতিবাচক মনোভাব প্রকাশ পাচ্ছে।
সমান প্রশংসা দেওয়া হচ্ছে।","অভিনয় প্রশংসা করা হচ্ছে।
ইতিবাচক মনোভাব প্রকাশ পাচ্ছে।
সমান প্রশংসা দেওয়া হচ্ছে।","অভিনয় প্রশংসা করা হচ্ছে।
ইতিবাচক মনোভাব প্রকাশ পাচ্ছে।
সমান প্রশংসা দেওয়া হচ্ছে।","অভিনয় প্রশংসা করা হচ্ছে।
ইতিবাচক মনোভাব প্রকাশ পাচ্ছে।
সমান প্রশংসা দেওয়া হচ্ছে।","অভিনয় প্রশংসা করা হচ্ছে।
ইতিবাচক মনোভাব প্রকাশ পাচ্ছে।
সমান প্রশংসা দেওয়া হচ্ছে।","অভিনয় প্রশংসা করা হচ্ছে।
ইতিবাচক মনোভাব প্রকাশ পাচ্ছে।
সমান প্রশংসা দেওয়া হচ্ছে।","অভিনয় প্রশংসা করা হচ্ছে।
ইতিবাচক মনোভাব প্রকাশ পাচ্ছে।
সমান প্রশংসা দেওয়া হচ্ছে।","অভিনয় প্রশংসা করা হচ্ছে।
ইতিবাচক মনোভাব প্রকাশ পাচ্ছে।
সমান প্রশংসা দেওয়া হচ্ছে।","অভিনয় প্রশংসা করা হচ্ছে।
ইতিবাচক মনোভাব প্রকাশ পাচ্ছে।
সমান প্রশংসা দেওয়া হচ্ছে।","অভিনয় প্রশংসা করা হচ্ছে।
ইতিবাচক মনোভাব প্রকাশ পাচ্ছে।
সমান প্রশংসা দেওয়া হচ্ছে।","অভিনয় প্রশংসা করা হচ্ছে।
ইতিবাচক মনোভাব প্রকাশ পাচ্ছে।
সমান প্রশংসা দেওয়া হচ্ছে।","অভিনয় প্রশংসা করা হচ্ছে।
ইতিবাচক মনোভাব প্রকাশ পাচ্ছে।
সমান প্রশংসা দেওয়া হচ্ছে।","অভিনয় প্রশংসা করা হচ্ছে।
ইতিবাচক মনোভাব প্রকাশ পাচ্ছে।
সমান প্রশংসা দেওয়া হচ্ছে।","অভিনয় প্রশংসা করা হচ্ছে।
ইতিবাচক মনোভাব প্রকাশ পাচ্ছে।
সমান প্রশংসা দেওয়া হচ্ছে।","অভিনয় প্রশংসা করা হচ্ছে।
ইতিবাচক মনোভাব প্রকাশ পাচ্ছে।
সমান প্রশংসা দেওয়া হচ্ছে।","অভিনয় প্রশংসা করা হচ্ছে।
ইতিবাচক মনোভাব প্রকাশ পাচ্ছে।
সমান প্রশংসা দেওয়া হচ্ছে।","অভিনয় প্রশংসা করা হচ্ছে।
ইতিবাচক মনোভাব প্রকাশ পাচ্ছে।
সমান প্রশংসা দেওয়া হচ্ছে।","অভিনয় প্রশংসা করা হচ্ছে।
ইতিবাচক মনোভাব প্রকাশ পাচ্ছে।
সমান প্রশংসা দেওয়া হচ্ছে।","অভিনয় প্রশংসা করা হচ্ছে।
ইতিবাচক মনোভাব প্রকাশ পাচ্ছে।
সমান প্রশংসা দেওয়া হচ্ছে।","অভিনয় প্রশংসা করা হচ্ছে।
ইতিবাচক মনোভাব প্রকাশ পাচ্ছে।
সমান প্রশংসা দেওয়া হচ্ছে।","অভিনয় প্রশংসা করা হচ্ছে।
ইতিবাচক মনোভাব প্রকাশ পাচ্ছে।
সমান প্রশংসা দেওয়া হচ্ছে।"
ভাই এর দেখা সেরা নাটক!,Gender,Not Hateful,"নাটকের মানের প্রতি গভীর প্রশংসা।
ইতিবাচক মন্তব্য এবং সমর্থন।
নেতিবাচক কোনো উপাদান নেই।","সেরা শব্দটি ইতিবাচক।
নাটকের প্রতি প্রশংসা রয়েছে।
কোনো নেতিবাচকতা নেই।","সেরা শব্দটি ইতিবাচক।
নাটকের প্রশংসা রয়েছে।
কোনো নেতিবাচকতা নেই।","সেরা শব্দটি ইতিবাচক।
নাটকের প্রশংসা রয়েছে।
কোনো নেতিবাচকতা নেই।","সেরা শব্দটি ইতিবাচক।
নাটকের প্রশংসা রয়েছে।
কোনো নেতিবাচকতা নেই।","সেরা শব্দটি ইতিবাচক।
নাটকের প্রশংসা রয়েছে।
কোনো নেতিবাচকতা নেই।","সেরা শব্দটি ইতিবাচক।
নাটকের প্রশংসা রয়েছে।
কোনো নেতিবাচকতা নেই।","সেরা শব্দটি ইতিবাচক।
নাটকের প্রশংসা রয়েছে।
কোনো নেতিবাচকতা নেই।","সেরা শব্দটি ইতিবাচক।
নাটকের প্রশংসা রয়েছে।
কোনো নেতিবাচকতা নেই।","সেরা শব্দটি ইতিবাচক।
নাটকের প্রশংসা রয়েছে।
কোনো নেতিবাচকতা নেই।","সেরা শব্দটি ইতিবাচক।
নাটকের প্রশংসা রয়েছে।
কোনো নেতিবাচকতা নেই।","সেরা শব্দটি ইতিবাচক।
নাটকের প্রশংসা রয়েছে।
কোনো নেতিবাচকতা নেই।","সেরা শব্দটি ইতিবাচক।
নাটকের প্রশংসা রয়েছে।
কোনো নেতিবাচকতা নেই।","সেরা শব্দটি ইতিবাচক।
নাটকের প্রশংসা রয়েছে।
কোনো নেতিবাচকতা নেই।","সেরা শব্দটি ইতিবাচক।
নাটকের প্রশংসা রয়েছে।
কোনো নেতিবাচকতা নেই।","সেরা শব্দটি ইতিবাচক।
নাটকের প্রশংসা রয়েছে।
কোনো নেতিবাচকতা নেই।","সেরা শব্দটি ইতিবাচক।
নাটকের প্রশংসা রয়েছে।
কোনো নেতিবাচকতা নেই।","সেরা শব্দটি ইতিবাচক।
নাটকের প্রশংসা রয়েছে।
কোনো নেতিবাচকতা নেই।","সেরা শব্দটি ইতিবাচক।
নাটকের প্রশংসা রয়েছে।
কোনো নেতিবাচকতা নেই।","সেরা শব্দটি ইতিবাচক।
নাটকের প্রশংসা রয়েছে।
কোনো নেতিবাচকতা নেই।","সেরা শব্দটি ইতিবাচক।
নাটকের প্রশংসা রয়েছে।
কোনো নেতিবাচকতা নেই।","সেরা শব্দটি ইতিবাচক।
নাটকের প্রশংসা রয়েছে।
কোনো নেতিবাচকতা নেই।"
এমন মিষ্টি বউ থাকলে জীবনে আর কি লাগে!,Gender,Not Hateful,"চরিত্রের প্রতি ইতিবাচক প্রতিক্রিয়া।
সম্পূর্ণ প্রশংসাসূচক মনোভাব।
নেতিবাচক কোনো ইঙ্গিত নেই।","মিষ্টি বউ বলে প্রশংসা করা।
ইতিবাচক প্রতিক্রিয়া প্রকাশ করা।
নেতিবাচক শব্দ নেই।","প্রশংসা করা হচ্ছে।
ইতিবাচক অভিব্যক্তি।
নেতিবাচক শব্দ নেই।","মিষ্টি বউ বলে প্রশংসা।
ইতিবাচক শব্দ ব্যবহার।
নেতিবাচক শব্দ নেই।","প্রশংসা প্রকাশ করা হয়েছে।
ইতিবাচক শব্দ ব্যবহার করা।
নেতিবাচক শব্দ নেই।","মিষ্টি বউ বলা হয়েছে।
প্রশংসা প্রকাশ করা হয়েছে।
ইতিবাচক শব্দ ব্যবহার।","প্রশংসা প্রকাশ করা হয়েছে।
ইতিবাচক শব্দ ব্যবহার।
মিষ্টি বলা হয়েছে।","প্রশংসা প্রকাশ করা হয়েছে।
ইতিবাচক শব্দ ব্যবহার।
মিষ্টি বলা হয়েছে।","প্রশংসা প্রকাশ করা হয়েছে।
ইতিবাচক শব্দ ব্যবহার।
মিষ্টি বলা হয়েছে।","প্রশংসা প্রকাশ করা হয়েছে।
ইতিবাচক শব্দ ব্যবহার।
মিষ্টি বলা হয়েছে।","প্রশংসা প্রকাশ করা হয়েছে।
ইতিবাচক শব্দ ব্যবহার।
মিষ্টি বলা হয়েছে।","প্রশংসা প্রকাশ করা হয়েছে।
ইতিবাচক শব্দ ব্যবহার।
মিষ্টি বলা হয়েছে।","প্রশংসা প্রকাশ করা হয়েছে।
ইতিবাচক শব্দ ব্যবহার।
মিষ্টি বলা হয়েছে।","প্রশংসা প্রকাশ করা হয়েছে।
ইতিবাচক শব্দ ব্যবহার।
মিষ্টি বলা হয়েছে।","প্রশংসা প্রকাশ করা হয়েছে।
ইতিবাচক শব্দ ব্যবহার।
মিষ্টি বলা হয়েছে।","প্রশংসা প্রকাশ করা হয়েছে।
ইতিবাচক শব্দ ব্যবহার।
মিষ্টি বলা হয়েছে।","প্রশংসা প্রকাশ করা হয়েছে।
ইতিবাচক শব্দ ব্যবহার।
মিষ্টি বলা হয়েছে।","প্রশংসা প্রকাশ করা হয়েছে।
ইতিবাচক শব্দ ব্যবহার।
মিষ্টি বলা হয়েছে।","প্রশংসা প্রকাশ করা হয়েছে।
ইতিবাচক শব্দ ব্যবহার।
মিষ্টি বলা হয়েছে।","প্রশংসা প্রকাশ করা হয়েছে।
ইতিবাচক শব্দ ব্যবহার।
মিষ্টি বলা হয়েছে।","প্রশংসা প্রকাশ করা হয়েছে।
ইতিবাচক শব্দ ব্যবহার।
মিষ্টি বলা হয়েছে।","প্রশংসা প্রকাশ করা হয়েছে।
ইতিবাচক শব্দ ব্যবহার।
মিষ্টি বলা হয়েছে।"
ভাই এর এই ঈদে সেরা নাটকের একটি,Gender,Not Hateful,"ঈদের নাটকের মানের প্রতি প্রশংসা।
ইতিবাচক অভিমত প্রকাশ।
নেতিবাচক কোনো উপাদান নেই।","ভাই এর নাটক প্রশংসা করা হয়েছে।
ইতিবাচক শব্দ ব্যবহার করা হয়েছে।
নেতিবাচক শব্দ নেই।","ভাই এর প্রশংসা করা হয়েছে।
ইতিবাচক শব্দ ব্যবহার করা হয়েছে।
নেতিবাচক শব্দ নেই।","ভাই এর প্রশংসা করা হয়েছে।
ইতিবাচক শব্দ ব্যবহার করা হয়েছে।
সেরা নাটক বলা হয়েছে।","ভাই এর প্রশংসা করা হয়েছে।
ইতিবাচক শব্দ ব্যবহার করা হয়েছে।
সেরা নাটক বলা হয়েছে।","ভাই এর প্রশংসা করা হয়েছে।
ইতিবাচক শব্দ ব্যবহার করা হয়েছে।
সেরা নাটক বলা হয়েছে।","ভাই এর প্রশংসা করা হয়েছে।
ইতিবাচক শব্দ ব্যবহার করা হয়েছে।
সেরা নাটক বলা হয়েছে।","ভাই এর প্রশংসা করা হয়েছে।
ইতিবাচক শব্দ ব্যবহার করা হয়েছে।
সেরা নাটক বলা হয়েছে।","ভাই এর প্রশংসা করা হয়েছে।
ইতিবাচক শব্দ ব্যবহার করা হয়েছে।
সেরা নাটক বলা হয়েছে।","ভাই এর প্রশংসা করা হয়েছে।
ইতিবাচক শব্দ ব্যবহার করা হয়েছে।
সেরা নাটক বলা হয়েছে।","ভাই এর প্রশংসা করা হয়েছে।
ইতিবাচক শব্দ ব্যবহার করা হয়েছে।
সেরা নাটক বলা হয়েছে।","ইতিবাচক শব্দ ব্যবহার করা হয়েছে।
সেরা নাটক বলা হয়েছে।
প্রশংসা করা হয়েছে।","ইতিবাচক শব্দ ব্যবহার করা হয়েছে।
প্রশংসা করা হয়েছে।
সেরা বলা হয়েছে।","ইতিবাচক শব্দ ব্যবহার করা হয়েছে।
প্রশংসা করা হয়েছে।
সেরা বলা হয়েছে।","ইতিবাচক শব্দ ব্যবহার করা হয়েছে।
প্রশংসা করা হয়েছে।
সেরা বলা হয়েছে।","ইতিবাচক শব্দ ব্যবহার করা হয়েছে।
প্রশংসা করা হয়েছে।
সেরা বলা হয়েছে।","ইতিবাচক শব্দ ব্যবহার করা হয়েছে।
প্রশংসা করা হয়েছে।
সেরা বলা হয়েছে।","ইতিবাচক শব্দ ব্যবহার করা হয়েছে।
প্রশংসা করা হয়েছে।
সেরা বলা হয়েছে।","ইতিবাচক শব্দ ব্যবহার করা হয়েছে।
প্রশংসা করা হয়েছে।
সেরা বলা হয়েছে।","ইতিবাচক শব্দ ব্যবহার করা হয়েছে।
প্রশংসা করা হয়েছে।
সেরা বলা হয়েছে।","ইতিবাচক শব্দ ব্যবহার করা হয়েছে।
প্রশংসা করা হয়েছে।
সেরা বলা হয়েছে।","ইতিবাচক শব্দ ব্যবহার করা হয়েছে।
প্রশংসা করা হয়েছে।
সেরা বলা হয়েছে।"
ছেলে দুটো তো জিনিয়াস।,Gender,Not Hateful,"ছেলেদের প্রতিভার প্রতি প্রশংসা।
ইতিবাচক এবং মুগ্ধতাসূচক মন্তব্য।
নেতিবাচক কিছু নেই।","প্রশংসামূলক শব্দ ব্যবহার।
ছেলেদের প্রতি সম্মান।
ইতিবাচক মনোভাব প্রকাশ।","ছেলেদের প্রতি সম্মান দেখা যাচ্ছে।
ইতিবাচক শব্দ ব্যবহার করা হয়েছে।
প্রশংসা প্রকাশ করা হয়েছে।","ছেলেদের প্রতি সম্মান দেখা যাচ্ছে।
ইতিবাচক শব্দ ব্যবহার করা হয়েছে।
প্রশংসা প্রকাশ করা হয়েছে।","ছেলেদের প্রতি সম্মান দেখা যাচ্ছে।
ইতিবাচক শব্দ ব্যবহার করা হয়েছে।
প্রশংসা প্রকাশ করা হয়েছে।","জিনিয়াস শব্দটি প্রশংসা বহন করে।
ছেলেদের প্রতি ইতিবাচক মনোভাব।
প্রশংসামূলক অভিব্যক্তি ব্যবহার করা হয়েছে।","প্রশংসামূলক শব্দ ব্যবহার।
ইতিবাচক মনোভাব প্রকাশ।
জিনিয়াস শব্দটি প্রশংসা বহন করে।","জিনিয়াস শব্দটি প্রশংসা বহন করে।
ছেলে দুটো প্রশংসিত হচ্ছে।
ইতিবাচক মনোভাব প্রকাশ পাচ্ছে।","জিনিয়াস শব্দটি প্রশংসা বহন করে।
ছেলে দুটো প্রশংসিত হচ্ছে।
ইতিবাচক মনোভাব প্রকাশ পাচ্ছে।","জিনিয়াস শব্দটি প্রশংসা বহন করে।
ছেলে দুটো প্রশংসিত হচ্ছে।
ইতিবাচক মনোভাব প্রকাশ পাচ্ছে।","জিনিয়াস শব্দটি প্রশংসা বহন করে।
ছেলে দুটো প্রশংসিত হচ্ছে।
ইতিবাচক মনোভাব প্রকাশ পাচ্ছে।","জিনিয়াস শব্দটি প্রশংসা বহন করে।
ছেলে দুটো প্রশংসিত হচ্ছে।
ইতিবাচক মনোভাব প্রকাশ পাচ্ছে।","জিনিয়াস শব্দটি প্রশংসা বহন করে।
ছেলে দুটো প্রশংসিত হচ্ছে।
ইতিবাচক মনোভাব প্রকাশ পাচ্ছে।","জিনিয়াস শব্দটি প্রশংসা বহন করে।
ছেলে দুটো প্রশংসিত হচ্ছে।
ইতিবাচক মনোভাব প্রকাশ পাচ্ছে।","জিনিয়াস শব্দটি প্রশংসা বহন করে।
ছেলে দুটো প্রশংসিত হচ্ছে।
ইতিবাচক মনোভাব প্রকাশ পাচ্ছে।","জিনিয়াস শব্দটি প্রশংসা বহন করে।
ছেলে দুটো প্রশংসিত হচ্ছে।
ইতিবাচক মনোভাব প্রকাশ পাচ্ছে।","জিনিয়াস শব্দটি প্রশংসা বহন করে।
ছেলে দুটো প্রশংসিত হচ্ছে।
ইতিবাচক মনোভাব প্রকাশ পাচ্ছে।","জিনিয়াস শব্দটি প্রশংসা বহন করে।
ছেলে দুটো প্রশংসিত হচ্ছে।
ইতিবাচক মনোভাব প্রকাশ পাচ্ছে।","জিনিয়াস শব্দটি প্রশংসা বহন করে।
ছেলে দুটো প্রশংসিত হচ্ছে।
ইতিবাচক মনোভাব প্রকাশ পাচ্ছে।","জিনিয়াস শব্দটি প্রশংসা বহন করে।
ছেলে দুটো প্রশংসিত হচ্ছে।
ইতিবাচক মনোভাব প্রকাশ পাচ্ছে।","জিনিয়াস শব্দটি প্রশংসা বহন করে।
ছেলে দুটো প্রশংসিত হচ্ছে।
ইতিবাচক মনোভাব প্রকাশ পাচ্ছে।","জিনিয়াস শব্দটি প্রশংসা বহন করে।
ছেলে দুটো প্রশংসিত হচ্ছে।
ইতিবাচক মনোভাব প্রকাশ পাচ্ছে।"
"ছেলে দুইটা শাহানাজ খুশির যমজ ছেলে,",Gender,Not Hateful,"তথ্যভিত্তিক মন্তব্য এবং ইতিবাচক প্রতিক্রিয়া।
কোনো নেতিবাচকতা নেই।
সাধারণ বর্ণনামূলক মন্তব্য।","এটি একটি তথ্যভিত্তিক মন্তব্য।
কোনো আপত্তিকর শব্দ নেই।
একটি সাধারণ বর্ণনা।","তথ্য দেওয়া হয়েছে।
কোনো আপত্তি নেই।
সাধারণ বর্ণনা।","কোনো ঘৃণ্য ভাষা নেই।
শুধু তথ্য দেওয়া।
সাধারণ কথা বলা।","তথ্য দেওয়া হয়েছে।
কোনো আপত্তিকর শব্দ নেই।
সাধারণ কথোপকথন।","কোনো আপত্তিকর শব্দ নেই।
শুধু তথ্য দেওয়া হয়েছে।
সাধারণ কথোপকথন।","তথ্য দেওয়া হয়েছে।
কোনো আপত্তি নেই।
সাধারণ কথা।","কোনো অশ্লীলতা নেই।
শুধু তথ্য দেওয়া।
কোনো ঘৃণ্য কথা নেই।","তথ্য দেওয়া হয়েছে।
কোনো অশ্লীলতা নেই।
ঘৃণ্য কথা নেই।","শাহানাজ খুশির সন্তান সম্পর্কে তথ্য।
কোনো ঘৃণ্য শব্দ নেই।
অশ্লীলতা মুক্ত বক্তব্য।","শাহানাজ খুশির সন্তান সম্পর্কে তথ্য দেওয়া হয়েছে।
কোনো ঘৃণ্য শব্দ নেই।
অশ্লীলতা মুক্ত বক্তব্য।","শাহানাজ খুশির সন্তান উল্লেখ আছে।
কোনো ঘৃণ্য শব্দ নেই।
অশ্লীলতা মুক্ত বক্তব্য।","শাহানাজ খুশির নাম উল্লেখ আছে।
যমজ ছেলে উল্লেখ করা হয়েছে।
ঘৃণ্য শব্দ নেই বলে সঠিক।","শাহানাজ খুশির নাম উল্লেখ আছে।
যমজ ছেলে উল্লেখ করা হয়েছে।
ঘৃণ্য শব্দ নেই।","নাম উল্লেখ আছে।
যমজ ছেলে উল্লেখ করা।
ঘৃণ্য শব্দ নেই।","নাম উল্লেখ আছে।
যমজ ছেলে উল্লেখ করা।
ঘৃণ্য শব্দ নেই।","নাম উল্লেখ আছে।
যমজ ছেলে উল্লেখ করা।
ঘৃণ্য শব্দ নেই।","নাম উল্লেখ আছে।
যমজ ছেলে উল্লেখ করা।
ঘৃণ্য শব্দ নেই।","নাম উল্লেখ আছে।
যমজ ছেলে উল্লেখ।
ঘৃণ্য শব্দ নেই।","নাম উল্লেখ আছে।
যমজ ছেলে উল্লেখ।
ঘৃণ্য শব্দ নেই।","নাম উল্লেখ আছে।
যমজ ছেলে উল্লেখ।
ঘৃণ্য শব্দ নেই।","নাম উল্লেখ আছে।
যমজ ছেলে উল্লেখ।
ঘৃণ্য শব্দ নেই।"
খুশি ম্যাডাম ইজ বেস্ট।,Gender,Not Hateful,"খুশি ম্যাডামের কাজের প্রতি শ্রদ্ধা ও প্রশংসা।
ইতিবাচক এবং প্রশংসাসূচক মন্তব্য।
কোনো নেতিবাচকতা নেই।","ইতিবাচক শব্দ ব্যবহার করা হয়েছে।
প্রশংসাসূচক মন্তব্য করা হয়েছে।
নেতিবাচকতা নেই।","ইতিবাচক শব্দ ব্যবহার করা হয়েছে।
প্রশংসা করা হয়েছে।
নেতিবাচকতা নেই।","ইতিবাচক শব্দ ব্যবহার করা হয়েছে।
প্রশংসা করা হয়েছে।
নেতিবাচকতা নেই।","ইতিবাচক শব্দ ব্যবহার করা হয়েছে।
প্রশংসা করা হয়েছে।
নেতিবাচকতা নেই।","ইতিবাচক শব্দ ব্যবহার করা হয়েছে।
প্রশংসা করা হয়েছে।
নেতিবাচকতা নেই।","ইতিবাচক শব্দ ব্যবহার করা হয়েছে।
প্রশংসা করা হয়েছে।
নেতিবাচকতা নেই।","ইতিবাচক শব্দ ব্যবহার করা হয়েছে।
প্রশংসা করা হয়েছে।
নেতিবাচকতা নেই।","ইতিবাচক শব্দ ব্যবহার করা হয়েছে।
প্রশংসা করা হয়েছে।
নেতিবাচকতা নেই।","ইতিবাচক শব্দ ব্যবহার করা হয়েছে।
প্রশংসা করা হয়েছে।
নেতিবাচকতা নেই।","ইতিবাচক শব্দ ব্যবহার করা হয়েছে।
প্রশংসা করা হয়েছে।
নেতিবাচকতা নেই।","ইতিবাচক শব্দ ব্যবহার করা হয়েছে।
প্রশংসা করা হয়েছে।
নেতিবাচকতা নেই।","ইতিবাচক শব্দ ব্যবহার করা হয়েছে।
প্রশংসা করা হয়েছে।
নেতিবাচকতা নেই।","ইতিবাচক শব্দ ব্যবহার করা হয়েছে।
প্রশংসা করা হয়েছে।
নেতিবাচকতা নেই।","ইতিবাচক শব্দ ব্যবহার করা হয়েছে।
প্রশংসা করা হয়েছে।
নেতিবাচকতা নেই।","ইতিবাচক শব্দ ব্যবহার করা হয়েছে।
প্রশংসা করা হয়েছে।
নেতিবাচকতা নেই।","ইতিবাচক শব্দ ব্যবহার করা হয়েছে।
প্রশংসা করা হয়েছে।
নেতিবাচকতা নেই।","ইতিবাচক শব্দ ব্যবহার করা হয়েছে।
প্রশংসা করা হয়েছে।
নেতিবাচকতা নেই।","ইতিবাচক শব্দ ব্যবহার করা হয়েছে।
প্রশংসা করা হয়েছে।
নেতিবাচকতা নেই।","ইতিবাচক শব্দ ব্যবহার করা হয়েছে।
প্রশংসা করা হয়েছে।
নেতিবাচকতা নেই।","ইতিবাচক শব্দ ব্যবহার করা হয়েছে।
প্রশংসা করা হয়েছে।
নেতিবাচকতা নেই।","ইতিবাচক শব্দ ব্যবহার করা হয়েছে।
প্রশংসা করা হয়েছে।
নেতিবাচকতা নেই।"
দাদা আপনি অসাধারণ একটি জিনিস,Gender,Not Hateful,"দাদার কাজের প্রতি ভালোবাসা ও প্রশংসা প্রকাশ।
এটি ইতিবাচক মন্তব্য এবং কৃতজ্ঞতা।
নেতিবাচক কোনো উপাদান নেই।","ভালোবাসা প্রকাশ করা হয়েছে।
প্রশংসা প্রকাশ করা হয়েছে।
ইতিবাচক মন্তব্য করা হয়েছে।","প্রশংসা শব্দ ব্যবহার করা হয়েছে।
ইতিবাচক শব্দ রয়েছে।
ভালোবাসা প্রকাশ করে।","প্রশংসা শব্দ ব্যবহার করা হয়েছে।
ইতিবাচক শব্দ রয়েছে।
ভালোবাসা প্রকাশ করে।","প্রশংসা শব্দ ব্যবহার করা হয়েছে।
ইতিবাচক শব্দ রয়েছে।
ভালোবাসা প্রকাশ করে।","প্রশংসা শব্দ ব্যবহার করা হয়েছে।
ইতিবাচক শব্দ রয়েছে।
ভালোবাসা প্রকাশ করে।","প্রশংসা শব্দ ব্যবহার করা হয়েছে।
ইতিবাচক শব্দ রয়েছে।
ভালোবাসা প্রকাশ করে।","প্রশংসা শব্দ ব্যবহার করা হয়েছে।
ইতিবাচক শব্দ রয়েছে।
ভালোবাসা প্রকাশ করে।","প্রশংসা শব্দ ব্যবহার করা হয়েছে।
ইতিবাচক শব্দ রয়েছে।
ভালোবাসা প্রকাশ করে।","প্রশংসা শব্দ ব্যবহার করা হয়েছে।
ইতিবাচক শব্দ রয়েছে।
ভালোবাসা প্রকাশ করে।","প্রশংসা শব্দ ব্যবহার করা হয়েছে।
ইতিবাচক শব্দ রয়েছে।
ভালোবাসা প্রকাশ করে।","প্রশংসা শব্দ ব্যবহার করা হয়েছে।
ইতিবাচক শব্দ রয়েছে।
ভালোবাসা প্রকাশ করে।","প্রশংসা শব্দ ব্যবহার করা হয়েছে।
ইতিবাচক শব্দ রয়েছে।
ভালোবাসা প্রকাশ করে।","প্রশংসা শব্দ ব্যবহার করা হয়েছে।
ইতিবাচক শব্দ রয়েছে।
ভালোবাসা প্রকাশ করে।","প্রশংসা শব্দ ব্যবহার করা হয়েছে।
ইতিবাচক শব্দ রয়েছে।
ভালোবাসা প্রকাশ করে।","প্রশংসা শব্দ ব্যবহার করা হয়েছে।
ইতিবাচক শব্দ রয়েছে।
ভালোবাসা প্রকাশ করে।","প্রশংসা শব্দ ব্যবহার করা হয়েছে।
ইতিবাচক শব্দ রয়েছে।
ভালোবাসা প্রকাশ করে।","প্রশংসা শব্দ ব্যবহার করা হয়েছে।
ইতিবাচক শব্দ রয়েছে।
ভালোবাসা প্রকাশ করে।","প্রশংসা শব্দ ব্যবহার করা হয়েছে।
ইতিবাচক শব্দ রয়েছে।
ভালোবাসা প্রকাশ করে।","প্রশংসা শব্দ ব্যবহার করা হয়েছে।
ইতিবাচক শব্দ রয়েছে।
ভালোবাসা প্রকাশ করে।","প্রশংসা শব্দ ব্যবহার করা হয়েছে।
ইতিবাচক শব্দ রয়েছে।
ভালোবাসা প্রকাশ করে।","প্রশংসা শব্দ ব্যবহার করা হয়েছে।
ইতিবাচক শব্দ রয়েছে।
ভালোবাসা প্রকাশ করে।"
দিপু হাজরা আর বৃন্দাবন দাস জুটি অসাধারণ কাজ।,Gender,Not Hateful,"জুটির সৃজনশীল কাজের প্রশংসা।
ইতিবাচক এবং কৃতজ্ঞতাসূচক মন্তব্য।
নেতিবাচক কোনো ইঙ্গিত নেই।","জুটির কাজ প্রশংসনীয়।
ইতিবাচক শব্দ ব্যবহার করা হয়েছে।
নেতিবাচকতা নেই।","অসাধারণ শব্দ ব্যবহার করা হয়েছে।
প্রশংসনীয় শব্দ দেওয়া হয়েছে।
ইতিবাচক মনোভাব প্রকাশ করা হয়েছে।","প্রশংসা করা হয়েছে।
ইতিবাচক শব্দ ব্যবহার।
অসাধারণ বলা হয়েছে।","প্রশংসা শব্দ ব্যবহার করা হয়েছে।
ইতিবাচক মন্তব্য করা হয়েছে।
অসাধারণ বলে উল্লেখ করা হয়েছে।","প্রশংসা শব্দ ব্যবহার করা হয়েছে।
ইতিবাচক মন্তব্য করা হয়েছে।
অসাধারণ বলে উল্লেখ করা হয়েছে।","প্রশংসা শব্দ ব্যবহার করা হয়েছে।
ইতিবাচক মন্তব্য করা হয়েছে।
অসাধারণ বলে উল্লেখ করা হয়েছে।","প্রশংসা শব্দ ব্যবহার করা হয়েছে।
ইতিবাচক মন্তব্য করা হয়েছে।
অসাধারণ বলে উল্লেখ করা হয়েছে।","প্রশংসা শব্দ ব্যবহার করা হয়েছে।
ইতিবাচক মন্তব্য করা হয়েছে।
অসাধারণ বলে উল্লেখ করা হয়েছে।","প্রশংসা শব্দ ব্যবহার করা হয়েছে।
ইতিবাচক মন্তব্য করা হয়েছে।
অসাধারণ বলে উল্লেখ করা হয়েছে।","প্রশংসা শব্দ ব্যবহার করা হয়েছে।
ইতিবাচক মন্তব্য করা হয়েছে।
অসাধারণ বলে উল্লেখ করা হয়েছে।","প্রশংসা শব্দ ব্যবহার করা হয়েছে।
ইতিবাচক মন্তব্য করা হয়েছে।
অসাধারণ বলে উল্লেখ করা হয়েছে।","প্রশংসা শব্দ ব্যবহার করা হয়েছে।
ইতিবাচক মন্তব্য করা হয়েছে।
অসাধারণ বলে উল্লেখ করা হয়েছে।","প্রশংসা শব্দ ব্যবহার করা হয়েছে।
ইতিবাচক মন্তব্য করা হয়েছে।
অসাধারণ বলে উল্লেখ করা হয়েছে।","প্রশংসা শব্দ ব্যবহার করা হয়েছে।
ইতিবাচক মন্তব্য করা হয়েছে।
অসাধারণ বলে উল্লেখ করা হয়েছে।","প্রশংসা শব্দ ব্যবহার করা হয়েছে।
ইতিবাচক মন্তব্য করা হয়েছে।
অসাধারণ বলে উল্লেখ করা হয়েছে।","প্রশংসা শব্দ ব্যবহার করা হয়েছে।
ইতিবাচক মন্তব্য করা হয়েছে।
অসাধারণ বলে উল্লেখ করা হয়েছে।","প্রশংসা শব্দ ব্যবহার করা হয়েছে।
ইতিবাচক মন্তব্য করা হয়েছে।
অসাধারণ বলে উল্লেখ করা হয়েছে।","প্রশংসা শব্দ ব্যবহার করা হয়েছে।
ইতিবাচক মন্তব্য করা হয়েছে।
অসাধারণ বলে উল্লেখ করা হয়েছে।","প্রশংসা শব্দ ব্যবহার করা হয়েছে।
ইতিবাচক মন্তব্য করা হয়েছে।
অসাধারণ বলে উল্লেখ করা হয়েছে।","প্রশংসা শব্দ ব্যবহার করা হয়েছে।
ইতিবাচক মন্তব্য করা হয়েছে।
অসাধারণ বলে উল্লেখ করা হয়েছে।","প্রশংসা শব্দ ব্যবহার করা হয়েছে।
ইতিবাচক মন্তব্য করা হয়েছে।
অসাধারণ বলে উল্লেখ করা হয়েছে।"
ছেলে দুইটা দারুন অভিনয়,Gender,Not Hateful,"অভিনয়ের দক্ষতার প্রতি প্রশংসা।
ইতিবাচক মন্তব্য এবং মুগ্ধতা প্রকাশ।
নেতিবাচক কিছু নেই।","দারুন শব্দটি প্রশংসা প্রকাশ করে।
অভিনয়ের প্রতি ইতিবাচক মন্তব্য।
মুগ্ধতা প্রকাশ করা হয়েছে।","দারুন শব্দটি প্রশংসা প্রকাশ করে।
ইতিবাচক মন্তব্য করা হয়েছে।
মুগ্ধতা প্রকাশ করা হয়েছে।","দারুন শব্দটি প্রশংসা প্রকাশ করে।
ইতিবাচক মন্তব্য করা হয়েছে।
মুগ্ধতা প্রকাশ করা হয়েছে।","দারুন শব্দটি প্রশংসা প্রকাশ করে।
ইতিবাচক মন্তব্য করা হয়েছে।
মুগ্ধতা প্রকাশ করা হয়েছে।","দারুন শব্দটি প্রশংসা প্রকাশ করে।
ইতিবাচক মন্তব্য করা হয়েছে।
মুগ্ধতা প্রকাশ করা হয়েছে।","দারুন শব্দটি প্রশংসা প্রকাশ করে।
ইতিবাচক মন্তব্য করা হয়েছে।
মুগ্ধতা প্রকাশ করা হয়েছে।","দারুন শব্দটি প্রশংসা প্রকাশ করে।
ইতিবাচক মন্তব্য করা হয়েছে।
মুগ্ধতা প্রকাশ করা হয়েছে।","দারুন শব্দটি প্রশংসা প্রকাশ করে।
ইতিবাচক মন্তব্য করা হয়েছে।
মুগ্ধতা প্রকাশ করা হয়েছে।","দারুন শব্দটি প্রশংসা প্রকাশ করে।
ইতিবাচক মন্তব্য করা হয়েছে।
মুগ্ধতা প্রকাশ করা হয়েছে।","দারুন শব্দটি প্রশংসা প্রকাশ করে।
ইতিবাচক মন্তব্য করা হয়েছে।
মুগ্ধতা প্রকাশ করা হয়েছে।","দারুন শব্দটি প্রশংসা প্রকাশ করে।
ইতিবাচক মন্তব্য করা হয়েছে।
মুগ্ধতা প্রকাশ করা হয়েছে।","দারুন শব্দটি প্রশংসা প্রকাশ করে।
ইতিবাচক মন্তব্য করা হয়েছে।
মুগ্ধতা প্রকাশ করা হয়েছে।","দারুন শব্দটি প্রশংসা প্রকাশ করে।
ইতিবাচক মন্তব্য করা হয়েছে।
মুগ্ধতা প্রকাশ করা হয়েছে।","দারুন শব্দটি প্রশংসা প্রকাশ করে।
ইতিবাচক মন্তব্য করা হয়েছে।
মুগ্ধতা প্রকাশ করা হয়েছে।","দারুন শব্দটি প্রশংসা প্রকাশ করে।
ইতিবাচক মন্তব্য করা হয়েছে।
মুগ্ধতা প্রকাশ করা হয়েছে।","দারুন শব্দটি প্রশংসা প্রকাশ করে।
ইতিবাচক মন্তব্য করা হয়েছে।
মুগ্ধতা প্রকাশ করা হয়েছে।","দারুন শব্দটি প্রশংসা প্রকাশ করে।
ইতিবাচক মন্তব্য করা হয়েছে।
মুগ্ধতা প্রকাশ করা হয়েছে।","দারুন শব্দটি প্রশংসা প্রকাশ করে।
ইতিবাচক মন্তব্য করা হয়েছে।
মুগ্ধতা প্রকাশ করা হয়েছে।","দারুন শব্দটি প্রশংসা প্রকাশ করে।
ইতিবাচক মন্তব্য করা হয়েছে।
মুগ্ধতা প্রকাশ করা হয়েছে।","দারুন শব্দটি প্রশংসা প্রকাশ করে।
ইতিবাচক মন্তব্য করা হয়েছে।
মুগ্ধতা প্রকাশ করা হয়েছে।","দারুন শব্দটি প্রশংসা প্রকাশ করে।
ইতিবাচক মন্তব্য করা হয়েছে।
মুগ্ধতা প্রকাশ করা হয়েছে।"
তরপরো বলছি দাদা আপনাকে ধন্যবাদ।,Gender,Not Hateful,"দাদার কাজের প্রতি কৃতজ্ঞতা প্রকাশ।
সাধারণ ধন্যবাদসূচক মন্তব্য।
সম্পূর্ণ শুভেচ্ছাসূচক।","ধন্যবাদ শব্দটি ব্যবহার করা হয়েছে।
কৃতজ্ঞতা প্রকাশ করা হয়েছে।
শুভেচ্ছা প্রকাশ পাচ্ছে।","ধন্যবাদ শব্দটি ব্যবহার করা হয়েছে।
কৃতজ্ঞতা প্রকাশ করা হয়েছে।
শুভেচ্ছা প্রকাশ পাচ্ছে।","ধন্যবাদ শব্দটি ব্যবহার করা হয়েছে।
কৃতজ্ঞতা প্রকাশ করা হয়েছে।
শুভেচ্ছা জানানো হয়েছে।","ধন্যবাদ শব্দটি ব্যবহার করা হয়েছে।
কৃতজ্ঞতা প্রকাশ করা হয়েছে।
শুভেচ্ছা জানানো হয়েছে।","ধন্যবাদ শব্দটি ব্যবহার করা হয়েছে।
কৃতজ্ঞতা প্রকাশ করা হয়েছে।
শুভেচ্ছা জানানো হয়েছে।","ধন্যবাদ শব্দটি ব্যবহার করা হয়েছে।
কৃতজ্ঞতা প্রকাশ করা হয়েছে।
শুভেচ্ছা জানানো হয়েছে।","ধন্যবাদ শব্দটি ব্যবহার করা হয়েছে।
কৃতজ্ঞতা প্রকাশ করা হয়েছে।
শুভেচ্ছা জানানো হয়েছে।","ধন্যবাদ শব্দটি ব্যবহার করা হয়েছে।
কৃতজ্ঞতা প্রকাশের উপায়।
শুভেচ্ছা জানানো হয়েছে।","ধন্যবাদ শব্দটি ব্যবহার করা হয়েছে।
কৃতজ্ঞতা প্রকাশ করা হয়েছে।
শুভেচ্ছা জানানো হয়েছে।","ধন্যবাদ শব্দটি ব্যবহার করা হয়েছে।
কৃতজ্ঞতা প্রকাশ করা হয়েছে।
শুভেচ্ছা জানানো হয়েছে।","ধন্যবাদ শব্দটি ব্যবহার করা হয়েছে।
কৃতজ্ঞতা প্রকাশ করা হয়েছে।
শুভেচ্ছা জানানো হয়েছে।","ধন্যবাদ শব্দটি ব্যবহার করা হয়েছে।
কৃতজ্ঞতা প্রকাশ করা হয়েছে।
শুভেচ্ছা জানানো হয়েছে।","ধন্যবাদ শব্দটি ব্যবহার করা হয়েছে।
কৃতজ্ঞতা প্রকাশ করা হয়েছে।
শুভেচ্ছা জানানো হয়েছে।","ধন্যবাদ শব্দটি ব্যবহার করা হয়েছে।
কৃতজ্ঞতা প্রকাশ করা হয়েছে।
শুভেচ্ছা জানানো হয়েছে।","ধন্যবাদ শব্দটি ব্যবহার করা হয়েছে।
কৃতজ্ঞতা প্রকাশ করা হয়েছে।
শুভেচ্ছা জানানো হয়েছে।","ধন্যবাদ শব্দটি ব্যবহার করা হয়েছে।
কৃতজ্ঞতা প্রকাশ করা হয়েছে।
শুভেচ্ছা জানানো হয়েছে।","ধন্যবাদ শব্দটি ব্যবহার করা হয়েছে।
কৃতজ্ঞতা প্রকাশ করা হয়েছে।
শুভেচ্ছা জানানো হয়েছে।","ধন্যবাদ শব্দটি ব্যবহার করা হয়েছে।
কৃতজ্ঞতা প্রকাশের উপায়।
শুভেচ্ছা জানানো হয়েছে।","ধন্যবাদ শব্দটি ব্যবহার করা হয়েছে।
কৃতজ্ঞতা প্রকাশ করা হয়েছে।
শুভেচ্ছা জানানো হয়েছে।","ধন্যবাদ শব্দটি ব্যবহার করা হয়েছে।
কৃতজ্ঞতা প্রকাশ করা হয়েছে।
শুভেচ্ছা জানানো হয়েছে।","ধন্যবাদ শব্দটি ব্যবহার করা হয়েছে।
কৃতজ্ঞতা প্রকাশ করা হয়েছে।
শুভেচ্ছা জানানো হয়েছে।"
অনেক অনেক ধন্যবাদ আপনাকে হাসান ভাই আমাদেরকে এমন সুন্দর নাটক উপহার দেয়ার জন্য,Gender,Not Hateful,"হাসান ভাইয়ের কাজের প্রতি কৃতজ্ঞতা ও শ্রদ্ধা।
ইতিবাচক এবং প্রশংসাসূচক মন্তব্য।
নেতিবাচক কোনো উপাদান নেই।","ধন্যবাদ শব্দটি ইতিবাচক।
প্রশংসাসূচক মন্তব্য রয়েছে।
নেতিবাচক শব্দ নেই।","ধন্যবাদ শব্দটি ইতিবাচক।
প্রশংসাসূচক মন্তব্য রয়েছে।
নেতিবাচক শব্দ নেই।","ধন্যবাদ শব্দটি ইতিবাচক।
প্রশংসা প্রকাশ করা হয়েছে।
অভিনন্দন জানানো হয়েছে।","ধন্যবাদ শব্দটি ব্যবহার করা হয়েছে।
প্রশংসা প্রকাশ করা হয়েছে।
ইতিবাচক শব্দ ব্যবহার করা হয়েছে।","ধন্যবাদ শব্দটি ব্যবহার করা হয়েছে।
প্রশংসা প্রকাশ করা হয়েছে।
ইতিবাচক শব্দ ব্যবহার করা হয়েছে।","ধন্যবাদ শব্দটি ব্যবহার করা হয়েছে।
প্রশংসা প্রকাশ করা হয়েছে।
ইতিবাচক শব্দ ব্যবহার করা হয়েছে।","ধন্যবাদ শব্দটি ব্যবহার করা হয়েছে।
প্রশংসা প্রকাশ করা হয়েছে।
ইতিবাচক শব্দ ব্যবহার করা হয়েছে।","ধন্যবাদ শব্দটি ব্যবহার করা হয়েছে।
প্রশংসা প্রকাশ করা হয়েছে।
ইতিবাচক শব্দ ব্যবহার করা হয়েছে।","ধন্যবাদ শব্দটি ব্যবহার করা হয়েছে।
প্রশংসা প্রকাশ করা হয়েছে।
ইতিবাচক শব্দ ব্যবহার করা হয়েছে।","ধন্যবাদ শব্দটি ব্যবহার করা হয়েছে।
প্রশংসা প্রকাশ করা হয়েছে।
ইতিবাচক শব্দ ব্যবহার করা হয়েছে।","ধন্যবাদ শব্দটি ব্যবহার করা হয়েছে।
প্রশংসা প্রকাশ করা হয়েছে।
ইতিবাচক শব্দ ব্যবহার করা হয়েছে।","ধন্যবাদ শব্দটি ব্যবহার করা হয়েছে।
প্রশংসা প্রকাশ করা হয়েছে।
ইতিবাচক শব্দ ব্যবহার করা হয়েছে।","ধন্যবাদ শব্দটি ব্যবহার করা হয়েছে।
প্রশংসা প্রকাশ করা হয়েছে।
ইতিবাচক শব্দ ব্যবহার করা হয়েছে।","ধন্যবাদ শব্দটি ব্যবহার করা হয়েছে।
প্রশংসা প্রকাশ করা হয়েছে।
ইতিবাচক শব্দ ব্যবহার করা হয়েছে।","ধন্যবাদ শব্দটি ব্যবহার করা হয়েছে।
প্রশংসা প্রকাশ করা হয়েছে।
ইতিবাচক শব্দ ব্যবহার করা হয়েছে।","ধন্যবাদ শব্দটি ব্যবহার করা হয়েছে।
প্রশংসা প্রকাশ করা হয়েছে।
ইতিবাচক শব্দ ব্যবহার করা হয়েছে।","ধন্যবাদ শব্দটি ব্যবহার করা হয়েছে।
প্রশংসা প্রকাশ করা হয়েছে।
ইতিবাচক শব্দ ব্যবহার করা হয়েছে।","ধন্যবাদ শব্দটি ব্যবহার করা হয়েছে।
প্রশংসা প্রকাশ করা হয়েছে।
ইতিবাচক শব্দ ব্যবহার করা হয়েছে।","ধন্যবাদ শব্দটি ব্যবহার করা হয়েছে।
প্রশংসা প্রকাশ করা হয়েছে।
ইতিবাচক শব্দ ব্যবহার করা হয়েছে।","ধন্যবাদ শব্দটি ব্যবহার করা হয়েছে।
প্রশংসা প্রকাশ করা হয়েছে।
ইতিবাচক শব্দ ব্যবহার করা হয়েছে।","ধন্যবাদ শব্দটি ব্যবহার করা হয়েছে।
প্রশংসা প্রকাশ করা হয়েছে।
ইতিবাচক শব্দ ব্যবহার করা হয়েছে।"
অসাধারন নাটক রিয়াজ ভাইের দেখার মতো,Gender,Not Hateful,"রিয়াজ ভাইয়ের কাজের প্রশংসা প্রকাশ।
নাটকের মানের প্রতি মুগ্ধতা।
নেতিবাচক কিছু নেই।","নাটকটি ভালো বলে মনে হয়।
রিয়াজ ভাইকে প্রশংসা করা হচ্ছে।
নেতিবাচক শব্দ নেই।","নাটকটি প্রশংসা করা হচ্ছে।
রিয়াজ ভাইকে ভালো বলা হচ্ছে।
নেতিবাচক শব্দ নেই।","নাটকটি প্রশংসা করা হচ্ছে।
রিয়াজ ভাইকে ভালো বলা হচ্ছে।
নেতিবাচক শব্দ নেই।","নাটকটি প্রশংসা করা হচ্ছে।
রিয়াজ ভাইকে ভালো বলা হচ্ছে।
নেতিবাচক শব্দ নেই।","নাটকটি প্রশংসা করা হচ্ছে।
রিয়াজ ভাইকে ভালো বলা হচ্ছে।
নেতিবাচক শব্দ নেই।","নাটকটি প্রশংসা করা হচ্ছে।
রিয়াজ ভাইকে ভালো বলা হচ্ছে।
নেতিবাচক শব্দ নেই।","নাটকটি প্রশংসা করা হচ্ছে।
রিয়াজ ভাইকে ভালো বলা হচ্ছে।
নেতিবাচক শব্দ নেই।","নাটকটি প্রশংসা করা হচ্ছে।
রিয়াজ ভাইকে ভালো বলা হচ্ছে।
নেতিবাচক শব্দ নেই।","নাটকটি প্রশংসা করা হচ্ছে।
রিয়াজ ভাইকে ভালো বলা হচ্ছে।
নেতিবাচক শব্দ নেই।","নাটকটি প্রশংসা করা হচ্ছে।
রিয়াজ ভাইকে ভালো বলা হচ্ছে।
নেতিবাচক শব্দ নেই।","নাটকটি প্রশংসা করা হচ্ছে।
রিয়াজ ভাইকে ভালো বলা হচ্ছে।
নেতিবাচক শব্দ নেই।","নাটকটি প্রশংসা করা হচ্ছে।
রিয়াজ ভাইকে ভালো বলা হচ্ছে।
নেতিবাচক শব্দ নেই।","নাটকটি প্রশংসা করা হচ্ছে।
রিয়াজ ভাইকে ভালো বলা হচ্ছে।
নেতিবাচক শব্দ নেই।","নাটকটি প্রশংসা করা হচ্ছে।
রিয়াজ ভাইকে ভালো বলা হচ্ছে।
নেতিবাচক শব্দ নেই।","নাটকটি প্রশংসা করা হচ্ছে।
রিয়াজ ভাইকে ভালো বলা হচ্ছে।
নেতিবাচক শব্দ নেই।","নাটকটি প্রশংসা করা হচ্ছে।
রিয়াজ ভাইকে ভালো বলা হচ্ছে।
নেতিবাচক শব্দ নেই।","নাটকটি প্রশংসা করা হচ্ছে।
রিয়াজ ভাইকে ভালো বলা হচ্ছে।
নেতিবাচক শব্দ নেই।","নাটকটি প্রশংসা করা হচ্ছে।
রিয়াজ ভাইকে ভালো বলা হচ্ছে।
নেতিবাচক শব্দ নেই।","নাটকটি প্রশংসা করা হচ্ছে।
রিয়াজ ভাইকে ভালো বলা হচ্ছে।
নেতিবাচক শব্দ নেই।","নাটকটি প্রশংসা করা হচ্ছে।
রিয়াজ ভাইকে ভালো বলা হচ্ছে।
নেতিবাচক শব্দ নেই।","নাটকটি প্রশংসা করা হচ্ছে।
রিয়াজ ভাইকে ভালো বলা হচ্ছে।
নেতিবাচক শব্দ নেই।"
রিয়াজ আর সালমান শাহ ছাড়া আর একটা নায়কও ভাল লাগে না,Gender,Not Hateful,"প্রিয় অভিনেতাদের প্রতি ভালোবাসা প্রকাশ।
ইতিবাচক মন্তব্য এবং সমর্থন।
নেতিবাচক কোনো ইঙ্গিত নেই।","নায়ক প্রতি ভালোবাসা প্রকাশ।
ইতিবাচক মন্তব্য দেওয়া হয়েছে।
নেতিবাচক ইঙ্গিত নেই।","নায়ক প্রতি ভালোবাসা প্রকাশ।
ইতিবাচক মন্তব্য দেওয়া হয়েছে।
নেতিবাচক ইঙ্গিত নেই।","নায়ক প্রতি ভালোবাসা প্রকাশ।
ইতিবাচক মন্তব্য দেওয়া হয়েছে।
নেতিবাচক ইঙ্গিত নেই।","নায়ক প্রতি ভালোবাসা প্রকাশ।
ইতিবাচক মন্তব্য দেওয়া হয়েছে।
নেতিবাচক ইঙ্গিত নেই।","নায়ক প্রতি ভালোবাসা প্রকাশ।
ইতিবাচক মন্তব্য দেওয়া হয়েছে।
নেতিবাচক ইঙ্গিত নেই।","নায়ক প্রতি ভালোবাসা প্রকাশ।
ইতিবাচক মন্তব্য দেওয়া হয়েছে।
নেতিবাচক ইঙ্গিত নেই।","নায়ক প্রতি ভালোবাসা প্রকাশ।
ইতিবাচক মন্তব্য দেওয়া হয়েছে।
নেতিবাচক ইঙ্গিত নেই।","নায়ক প্রতি ভালোবাসা প্রকাশ।
ইতিবাচক মন্তব্য দেওয়া হয়েছে।
নেতিবাচক ইঙ্গিত নেই।","নায়ক প্রতি ভালোবাসা প্রকাশ।
ইতিবাচক মন্তব্য দেওয়া হয়েছে।
নেতিবাচক ইঙ্গিত নেই।","নায়ক প্রতি ভালোবাসা প্রকাশ।
ইতিবাচক মন্তব্য দেওয়া হয়েছে।
নেতিবাচক ইঙ্গিত নেই।","নায়ক প্রতি ভালোবাসা প্রকাশ।
ইতিবাচক মন্তব্য দেওয়া হয়েছে।
নেতিবাচক ইঙ্গিত নেই।","নায়ক প্রতি ভালোবাসা প্রকাশ।
ইতিবাচক মন্তব্য দেওয়া হয়েছে।
নেতিবাচক ইঙ্গিত নেই।","নায়ক প্রতি ভালোবাসা প্রকাশ।
ইতিবাচক মন্তব্য দেওয়া হয়েছে।
নেতিবাচক ইঙ্গিত নেই।","নায়ক প্রতি ভালোবাসা প্রকাশ।
ইতিবাচক মন্তব্য দেওয়া হয়েছে।
নেতিবাচক ইঙ্গিত নেই।","নায়ক প্রতি ভালোবাসা প্রকাশ।
ইতিবাচক মন্তব্য দেওয়া হয়েছে।
নেতিবাচক ইঙ্গিত নেই।","নায়ক প্রতি ভালোবাসা প্রকাশ।
ইতিবাচক মন্তব্য দেওয়া হয়েছে।
নেতিবাচক ইঙ্গিত নেই।","নায়ক প্রতি ভালোবাসা প্রকাশ।
ইতিবাচক মন্তব্য দেওয়া হয়েছে।
নেতিবাচক ইঙ্গিত নেই।","নায়ক প্রতি ভালোবাসা প্রকাশ।
ইতিবাচক মন্তব্য দেওয়া হয়েছে।
নেতিবাচক ইঙ্গিত নেই।","নায়ক প্রতি ভালোবাসা প্রকাশ।
ইতিবাচক মন্তব্য দেওয়া হয়েছে।
নেতিবাচক ইঙ্গিত নেই।","নায়ক প্রতি ভালোবাসা প্রকাশ।
ইতিবাচক মন্তব্য দেওয়া হয়েছে।
নেতিবাচক ইঙ্গিত নেই।","নায়ক প্রতি ভালোবাসা প্রকাশ।
ইতিবাচক মন্তব্য দেওয়া হয়েছে।
নেতিবাচক ইঙ্গিত নেই।"
"অসাধারণ টেলিফিল্ম, অসাধারণ রিয়াজ ভাই",Gender,Not Hateful,"রিয়াজ ভাইয়ের কাজের প্রশংসা প্রকাশ।
টেলিফিল্মের গুণমানের প্রতি মুগ্ধতা।
সম্পূর্ণ ইতিবাচক মন্তব্য।","অসাধারণ শব্দটি ব্যবহার।
রিয়াজ ভাইকে প্রশংসা করা।
ইতিবাচক মন্তব্য হিসেবে দেখা।","অসাধারণ শব্দটি ব্যবহার করা হয়েছে।
রিয়াজ ভাইকে প্রশংসা করা হয়েছে।
ইতিবাচক মন্তব্য দেওয়া হয়েছে।","প্রশংসা করা হয়েছে।
ইতিবাচক শব্দ ব্যবহার।
রিয়াজ ভাইকে ভালো বলা।","অসাধারণ শব্দ ব্যবহার করা।
রিয়াজ ভাইকে প্রশংসা করা।
ইতিবাচক মন্তব্য করা।","প্রশংসা করা হয়েছে।
ইতিবাচক শব্দ ব্যবহার।
রিয়াজ ভাইকে ভালো বলা।","টেলিফিল্ম অসাধারণ বলা।
রিয়াজ ভাইকে প্রশংসা করা।
ইতিবাচক শব্দ ব্যবহার করা।","টেলিফিল্ম প্রশংসা করা হয়েছে।
রিয়াজ ভাইকে সম্মান দেওয়া হয়েছে।
ইতিবাচক শব্দ ব্যবহার করা হয়েছে।","টেলিফিল্ম ভালো বলা হয়েছে।
রিয়াজ ভাইকে প্রশংসা করা হয়েছে।
ইতিবাচক মন্তব্য করা হয়েছে।","টেলিফিল্ম প্রশংসা করা হয়েছে।
রিয়াজ ভাইকে ভালো বলা হয়েছে।
ইতিবাচক মন্তব্য দেওয়া হয়েছে।","টেলিফিল্ম ভালো বলা হয়েছে।
রিয়াজ ভাইকে প্রশংসা করা হয়েছে।
ইতিবাচক শব্দ ব্যবহার করা হয়েছে।","টেলিফিল্ম প্রশংসা করা হয়েছে।
রিয়াজ ভাইকে ভালো বলা হয়েছে।
ইতিবাচক মন্তব্য করা হয়েছে।","টেলিফিল্ম প্রশংসা করা হয়েছে।
রিয়াজ ভাইকে ভালো বলা হয়েছে।
ইতিবাচক মন্তব্য করা হয়েছে।","টেলিফিল্ম প্রশংসা করা হয়েছে।
রিয়াজ ভাইকে প্রশংসা করা হয়েছে।
ইতিবাচক শব্দ ব্যবহার করা হয়েছে।","টেলিফিল্ম প্রশংসা করা হয়েছে।
রিয়াজ ভাইকে প্রশংসা করা হয়েছে।
ইতিবাচক শব্দ ব্যবহার করা হয়েছে।","টেলিফিল্ম ভালো বলা হয়েছে।
রিয়াজ ভাইকে প্রশংসা করা হয়েছে।
ইতিবাচক শব্দ ব্যবহার করা হয়েছে।","টেলিফিল্ম অসাধারণ বলা হয়েছে।
রিয়াজ ভাইকে প্রশংসা করা হয়েছে।
ইতিবাচক শব্দ ব্যবহার করা হয়েছে।","টেলিফিল্ম প্রশংসা করা হয়েছে।
রিয়াজ ভাইকে ভালো বলা হয়েছে।
ইতিবাচক মন্তব্য রয়েছে।","টেলিফিল্ম প্রশংসা করা হয়েছে।
রিয়াজ ভাইকে ভালো বলা হয়েছে।
ইতিবাচক মন্তব্য রয়েছে।","টেলিফিল্ম প্রশংসা করা হয়েছে।
রিয়াজ ভাইকে প্রশংসা করা হয়েছে।
ইতিবাচক শব্দ ব্যবহার করা হয়েছে।","টেলিফিল্ম প্রশংসা করা হয়েছে।
রিয়াজ ভাইকে প্রশংসা করা হয়েছে।
ইতিবাচক শব্দ ব্যবহার করা হয়েছে।","টেলিফিল্ম প্রশংসা করা হয়েছে।
রিয়াজ ভাইকে ভালো বলা হয়েছে।
ইতিবাচক শব্দ ব্যবহার করা হয়েছে।"
বড় ছেলে দেখার পর থেকে আমি বাংলাদেশী নাটকের প্রেমে পড়ে গেছি।,Gender,Not Hateful,"নাটকের মান এবং সৃজনশীলতার প্রতি ভালোবাসা।
ইতিবাচক এবং কৃতজ্ঞতাসূচক মন্তব্য।
নেতিবাচক কিছু নেই।","নাটকের প্রতি ভালোবাসা প্রকাশ করা হয়েছে।
ইতিবাচক মন্তব্য করা হয়েছে।
নেতিবাচকতা নেই।","নাটকের প্রতি ভালোবাসা প্রকাশ।
ইতিবাচক শব্দ ব্যবহার করা হয়েছে।
নেতিবাচকতা নেই এখানে।","প্রেমে পড়ে গেছি বলা হয়েছে।
ইতিবাচক শব্দ ব্যবহার করা হয়েছে।
নেতিবাচকতা নেই এখানে।","প্রেমে পড়ে গেছি বলা হয়েছে।
ইতিবাচক শব্দ ব্যবহার করা হয়েছে।
নেতিবাচকতা নেই এখানে।","প্রেমে পড়ে গেছি বলা হয়েছে।
ইতিবাচক শব্দ ব্যবহার করা হয়েছে।
নেতিবাচকতা নেই এখানে।","ইতিবাচক শব্দ ব্যবহার করা হয়েছে।
নেতিবাচকতা নেই এখানে।
প্রেমে পড়ে গেছি বলা হয়েছে।","ইতিবাচক শব্দ ব্যবহার করা হয়েছে।
নেতিবাচকতা নেই এখানে।
প্রেমে পড়ে গেছি বলা হয়েছে।","ইতিবাচক শব্দ ব্যবহার করা হয়েছে।
নেতিবাচকতা নেই এখানে।
প্রেমে পড়ে গেছি বলা হয়েছে।","ইতিবাচক শব্দ ব্যবহার করা হয়েছে।
নেতিবাচকতা নেই এখানে।
প্রেমে পড়ে গেছি বলা হয়েছে।","প্রেমে পড়ে গেছি বলা হয়েছে।
নেতিবাচকতা নেই এখানে।
ইতিবাচক শব্দ ব্যবহার করা হয়েছে।","প্রেমে পড়ে গেছি বলা হয়েছে।
নেতিবাচকতা নেই এখানে।
ইতিবাচক শব্দ ব্যবহার করা হয়েছে।","প্রেমে পড়ে গেছি বলা হয়েছে।
নেতিবাচকতা নেই এখানে।
ইতিবাচক শব্দ ব্যবহার করা হয়েছে।","প্রেমে পড়ে গেছি বলা হয়েছে।
নেতিবাচকতা নেই এখানে।
ইতিবাচক শব্দ ব্যবহার করা হয়েছে।","প্রেমে পড়ে গেছি বলা হয়েছে।
নেতিবাচকতা নেই এখানে।
ইতিবাচক শব্দ ব্যবহার করা হয়েছে।","প্রেমে পড়ে গেছি বলা হয়েছে।
নেতিবাচকতা নেই এখানে।
ইতিবাচক শব্দ ব্যবহার করা হয়েছে।","প্রেমে পড়ে গেছি বলা হয়েছে।
নেতিবাচকতা নেই এখানে।
ইতিবাচক শব্দ ব্যবহার করা হয়েছে।","প্রেমে পড়ে গেছি বলা হয়েছে।
নেতিবাচকতা নেই এখানে।
ইতিবাচক শব্দ ব্যবহার করা হয়েছে।","প্রেমে পড়ে গেছি বলা হয়েছে।
নেতিবাচকতা নেই এখানে।
ইতিবাচক শব্দ ব্যবহার করা হয়েছে।","প্রেমে পড়ে গেছি বলা হয়েছে।
নেতিবাচকতা নেই এখানে।
ইতিবাচক শব্দ ব্যবহার করা হয়েছে।","প্রেমে পড়ে গেছি বলা হয়েছে।
নেতিবাচকতা নেই এখানে।
ইতিবাচক শব্দ ব্যবহার করা হয়েছে।","প্রেমে পড়ে গেছি বলা হয়েছে।
নেতিবাচকতা নেই এখানে।
ইতিবাচক শব্দ ব্যবহার করা হয়েছে।"
তিশার চোখে চমক আছে,Gender,Not Hateful,"তিশার অভিনয়ের প্রতি মুগ্ধতা প্রকাশ।
প্রশংসাসূচক এবং ইতিবাচক মনোভাব।
নেতিবাচক কোনো উপাদান নেই।","চোখে চমক ভালো।
প্রশংসাসূচক শব্দ ব্যবহার।
ইতিবাচক মনোভাব প্রকাশ।","চোখে চমক ভালো বলে।
ইতিবাচক মনোভাব প্রকাশ হয়।
প্রশংসাসূচক শব্দ ব্যবহার করা।","চমক শব্দটি ভালো।
ইতিবাচক মনোভাব প্রকাশ।
প্রশংসা প্রকাশ করা হয়েছে।","চমক শব্দটি ভালো।
ইতিবাচক মনোভাব প্রকাশ।
প্রশংসা প্রকাশ করা হয়েছে।","চমক শব্দটি ভালো।
ইতিবাচক মনোভাব প্রকাশ।
প্রশংসা প্রকাশ করা হয়েছে।","চমক শব্দটি ভালো।
ইতিবাচক মনোভাব প্রকাশ।
প্রশংসা প্রকাশ করা হয়েছে।","চমক শব্দটি ভালো।
ইতিবাচক মনোভাব প্রকাশ।
প্রশংসা প্রকাশ করা হয়েছে।","চমক শব্দটি ভালো।
ইতিবাচক মনোভাব প্রকাশ।
প্রশংসা প্রকাশ করা হয়েছে।","চমক শব্দটি ভালো।
ইতিবাচক মনোভাব প্রকাশ।
প্রশংসা প্রকাশ করা হয়েছে।","চমক শব্দটি ভালো।
ইতিবাচক মনোভাব প্রকাশ।
প্রশংসা প্রকাশ করা হয়েছে।","চমক শব্দটি ভালো।
ইতিবাচক মনোভাব প্রকাশ।
প্রশংসা প্রকাশ করা হয়েছে।","চমক শব্দটি ভালো।
ইতিবাচক মনোভাব প্রকাশ।
প্রশংসা প্রকাশ করা হয়েছে।","চমক শব্দটি ভালো।
ইতিবাচক মনোভাব প্রকাশ।
প্রশংসা প্রকাশ করা হয়েছে।","চমক শব্দটি ভালো।
ইতিবাচক মনোভাব প্রকাশ।
প্রশংসা প্রকাশ করা হয়েছে।","চমক শব্দটি ভালো।
ইতিবাচক মনোভাব প্রকাশ।
প্রশংসা প্রকাশ করা হয়েছে।","চমক শব্দটি ভালো।
ইতিবাচক মনোভাব প্রকাশ।
প্রশংসা প্রকাশ করা হয়েছে।","চমক শব্দটি ভালো।
ইতিবাচক মনোভাব প্রকাশ।
প্রশংসা প্রকাশ করা হয়েছে।","চমক শব্দটি ভালো।
ইতিবাচক মনোভাব প্রকাশ।
প্রশংসা প্রকাশ করা হয়েছে।","চমক শব্দটি ভালো।
ইতিবাচক মনোভাব প্রকাশ।
প্রশংসা প্রকাশ করা হয়েছে।","চমক শব্দটি ভালো।
ইতিবাচক মনোভাব প্রকাশ।
প্রশংসা প্রকাশ করা হয়েছে।","চমক শব্দটি ভালো।
ইতিবাচক মনোভাব প্রকাশ।
প্রশংসা প্রকাশ করা হয়েছে।"
অন্যরকম .. ভালো লাগলো ..❤️,Gender,Not Hateful,"নাটকের ব্যতিক্রমী এবং ভালো লাগার প্রতিক্রিয়া।
ইতিবাচক এবং শুভকামনা।
সম্পূর্ণ প্রশংসাসূচক।","ভালো লাগলো বলায় ইতিবাচক।
অন্যরকম বলায় প্রশংসা।
শুভকামনা প্রকাশ পাচ্ছে।","ইতিবাচক শব্দ রয়েছে।
প্রশংসা প্রকাশ হচ্ছে।
শুভকামনা পাচ্ছে।","ভালো লাগলো বলছে।
ইতিবাচক শব্দ ব্যবহার।
প্রশংসা প্রকাশ হচ্ছে।","ভালো লাগলো বলছে।
ইতিবাচক শব্দ ব্যবহার।
প্রশংসা প্রকাশ হচ্ছে।","ভালো লাগলো বলছে।
ইতিবাচক শব্দ ব্যবহার।
প্রশংসা প্রকাশ হচ্ছে।","ভালো লাগলো বলছে।
ইতিবাচক শব্দ ব্যবহার।
প্রশংসা প্রকাশ হচ্ছে।","ভালো লাগলো বলছে।
ইতিবাচক শব্দ ব্যবহার।
প্রশংসা প্রকাশ হচ্ছে।","ভালো লাগলো বলছে।
ইতিবাচক শব্দ ব্যবহার।
প্রশংসা প্রকাশ হচ্ছে।","ভালো লাগলো বলছে।
ইতিবাচক শব্দ ব্যবহার।
প্রশংসা প্রকাশ হচ্ছে।","ভালো লাগলো বলছে।
ইতিবাচক শব্দ ব্যবহার।
প্রশংসা প্রকাশ হচ্ছে।","ভালো লাগলো বলছে।
ইতিবাচক শব্দ ব্যবহার।
প্রশংসা প্রকাশ হচ্ছে।","ভালো লাগলো বলছে।
ইতিবাচক শব্দ ব্যবহার।
প্রশংসা প্রকাশ হচ্ছে।","ভালো লাগলো বলছে।
ইতিবাচক শব্দ ব্যবহার।
প্রশংসা প্রকাশ হচ্ছে।","ভালো লাগলো বলছে।
ইতিবাচক শব্দ ব্যবহার।
প্রশংসা প্রকাশ হচ্ছে।","ভালো লাগলো বলছে।
ইতিবাচক শব্দ ব্যবহার।
প্রশংসা প্রকাশ হচ্ছে।","ভালো লাগলো বলছে।
ইতিবাচক শব্দ ব্যবহার।
প্রশংসা প্রকাশ হচ্ছে।","ভালো লাগলো বলছে।
ইতিবাচক শব্দ ব্যবহার।
প্রশংসা প্রকাশ হচ্ছে।","ভালো লাগলো বলছে।
ইতিবাচক শব্দ ব্যবহার।
প্রশংসা প্রকাশ হচ্ছে।","ভালো লাগলো বলছে।
ইতিবাচক শব্দ ব্যবহার।
প্রশংসা প্রকাশ হচ্ছে।","ভালো লাগলো বলছে।
ইতিবাচক শব্দ ব্যবহার।
প্রশংসা প্রকাশ হচ্ছে।","ভালো লাগলো বলছে।
ইতিবাচক শব্দ ব্যবহার।
প্রশংসা প্রকাশ হচ্ছে।"
"হিরো আলম তুমি এগিয়ে চলো, আমরা আছি তোমার সাথে।",Gender,Not Hateful,"হিরো আলমের প্রতি সমর্থন এবং উৎসাহ প্রকাশ।
ইতিবাচক মনোভাব এবং অনুপ্রেরণা।
নেতিবাচক কোনো ইঙ্গিত নেই।","সমর্থন প্রকাশ করা হয়েছে।
ইতিবাচক মনোভাব রয়েছে।
উৎসাহ দেখা যায়।","সমর্থন প্রকাশ করা হয়েছে।
ইতিবাচক মনোভাব রয়েছে।
উৎসাহ দেখা যায়।","সমর্থন করা হয়েছে।
ইতিবাচক শব্দ ব্যবহার।
উৎসাহজনক বার্তা।","সমর্থন করা হয়েছে।
ইতিবাচক শব্দ ব্যবহার।
উৎসাহজনক বার্তা।","সমর্থন করা হয়েছে।
ইতিবাচক শব্দ ব্যবহার।
উৎসাহজনক বার্তা।","সমর্থন করা হয়েছে।
ইতিবাচক শব্দ ব্যবহার।
উৎসাহজনক বার্তা।","সমর্থন করা হয়েছে।
ইতিবাচক শব্দ ব্যবহার।
উৎসাহজনক বার্তা।","সমর্থন করা হয়েছে।
ইতিবাচক শব্দ ব্যবহার।
উৎসাহজনক বার্তা।","সমর্থন করা হয়েছে।
ইতিবাচক শব্দ ব্যবহার।
উৎসাহজনক বার্তা।","সমর্থন করা হয়েছে।
ইতিবাচক শব্দ ব্যবহার।
উৎসাহজনক বার্তা।","সমর্থন করা হয়েছে।
ইতিবাচক শব্দ ব্যবহার।
উৎসাহজনক বার্তা।","সমর্থন করা হয়েছে।
ইতিবাচক শব্দ ব্যবহার।
উৎসাহজনক বার্তা।","ইতিবাচক শব্দ ব্যবহার করা হয়েছে।
উৎসাহ জনক বার্তা দেওয়া হয়েছে।
সমর্থনমূলক বার্তা রয়েছে।","ইতিবাচক শব্দ ব্যবহার করা হয়েছে।
উৎসাহ জনক বার্তা দেওয়া হয়েছে।
সমর্থন প্রকাশ করা হয়েছে।","ইতিবাচক শব্দ ব্যবহার করা হয়েছে।
উৎসাহ জনক বার্তা দেওয়া হয়েছে।
সমর্থন প্রকাশ করা হয়েছে।","ইতিবাচক শব্দ ব্যবহার করা হয়েছে।
উৎসাহ জনক বার্তা দেওয়া হয়েছে।
সমর্থন প্রকাশ করা হয়েছে।","ইতিবাচক শব্দ ব্যবহার করা হয়েছে।
উৎসাহ জনক বার্তা দেওয়া হয়েছে।
সমর্থন প্রকাশ করা হয়েছে।","সমর্থন প্রকাশ করা হয়েছে।
উৎসাহ জনক বার্তা দেওয়া।
ইতিবাচক শব্দ ব্যবহার করা।","সমর্থন প্রকাশ করা হয়েছে।
উৎসাহ জনক বার্তা দেওয়া।
ইতিবাচক শব্দ ব্যবহার করা।","সমর্থন প্রকাশ করা হয়েছে।
উৎসাহ জনক বার্তা দেওয়া।
ইতিবাচক শব্দ ব্যবহার করা।","সমর্থন প্রকাশ করা হয়েছে।
উৎসাহ জনক বার্তা দেওয়া।
ইতিবাচক শব্দ ব্যবহার করা।"
ঐ মহিলা খুবই চালাক,Gender,Not Hateful,"মহিলার দক্ষতার প্রতি স্বীকৃতি।
সাধারণ এবং ইতিবাচক মন্তব্য।
নেতিবাচকতা নেই।","চালাক শব্দটি ইতিবাচক।
মহিলার দক্ষতা ফুটে উঠে।
স্বীকৃতি প্রকাশ পায়।","চালাক শব্দটি ইতিবাচক ব্যবহার।
মহিলার প্রশংসা করা হয়েছে।
দক্ষতা প্রকাশ পেয়েছে।","চালাক শব্দটি ইতিবাচক।
মহিলার প্রশংসা করা হয়েছে।
দক্ষতা প্রকাশ পেয়েছে।","চালাক শব্দটি ইতিবাচক।
মহিলার প্রশংসা করা হয়েছে।
দক্ষতা প্রকাশ পেয়েছে।","চালাক শব্দটি ইতিবাচক।
মহিলার প্রশংসা করা হয়েছে।
দক্ষতা প্রকাশ পেয়েছে।","চালাক শব্দটি ইতিবাচক অর্থ বহন করে।
মহিলার প্রশংসা করা হয়েছে।
দক্ষতা প্রকাশ পেয়েছে।","চালাক শব্দটি ইতিবাচক।
মহিলার প্রশংসা করা হয়েছে।
দক্ষতা প্রকাশ পেয়েছে।","চালাক শব্দটি ইতিবাচক অর্থ বহন করে।
মহিলার প্রশংসা করা হয়েছে সত্যি।
দক্ষতা প্রকাশ পেয়েছে এখানে।","চালাক শব্দটি ইতিবাচক।
মহিলার প্রশংসা করা হয়েছে।
দক্ষতা প্রকাশ পেয়েছে।","চালাক শব্দটি ইতিবাচক।
মহিলার প্রশংসা করা হয়েছে।
দক্ষতা প্রকাশ পেয়েছে।","চালাক শব্দটি ইতিবাচক।
মহিলার প্রশংসা করা হয়েছে।
দক্ষতা প্রকাশ পেয়েছে।","চালাক শব্দটি ইতিবাচক।
মহিলার প্রশংসা করা হয়েছে।
দক্ষতা প্রকাশ পেয়েছে।","চালাক শব্দটি ইতিবাচক।
মহিলার প্রশংসা করা হয়েছে।
দক্ষতা প্রকাশ পেয়েছে।","চালাক শব্দটি ইতিবাচক।
মহিলার প্রশংসা করা হয়েছে।
দক্ষতা প্রকাশ পেয়েছে।","চালাক শব্দটি ইতিবাচক।
মহিলার প্রশংসা করা হয়েছে।
দক্ষতা প্রকাশ পেয়েছে।","চালাক শব্দটি ইতিবাচক।
মহিলার প্রশংসা করা হয়েছে।
দক্ষতা প্রকাশ পেয়েছে।","চালাক শব্দটি ইতিবাচক।
মহিলার প্রশংসা করা হয়েছে।
দক্ষতা প্রকাশ পেয়েছে।","চালাক শব্দটি ইতিবাচক।
মহিলার প্রশংসা করা হয়েছে।
দক্ষতা প্রকাশ পেয়েছে।","চালাক শব্দটি ইতিবাচক।
মহিলার প্রশংসা করা হয়েছে।
দক্ষতা প্রকাশ পেয়েছে।","চালাক শব্দটি ইতিবাচক অর্থ বহন করে।
মহিলার প্রশংসা করা হয়েছে।
দক্ষতা প্রকাশ পেয়েছে।","চালাক শব্দটি ইতিবাচক।
মহিলার প্রশংসা করা হয়েছে।
দক্ষতা প্রকাশ পেয়েছে।"
রিয়েল হিরো,Gender,Not Hateful,"প্রশংসা এবং মুগ্ধতা প্রকাশ।
ইতিবাচক এবং সমর্থনমূলক মন্তব্য।
নেতিবাচক কিছু নেই।","প্রশংসা শব্দ ব্যবহার করা হয়েছে।
ইতিবাচক শব্দ রয়েছে।
সমর্থন প্রকাশ পাচ্ছে।","প্রশংসা শব্দ ব্যবহার করা হয়েছে।
ইতিবাচক শব্দ রয়েছে।
সমর্থন প্রকাশ পাচ্ছে।","প্রশংসা শব্দ ব্যবহার করা হয়েছে।
ইতিবাচক শব্দ রয়েছে।
সমর্থন প্রকাশ পাচ্ছে।","প্রশংসা শব্দ ব্যবহার করা হয়েছে।
ইতিবাচক শব্দ রয়েছে।
সমর্থন প্রকাশ পাচ্ছে।","প্রশংসা শব্দ ব্যবহার করা হয়েছে।
ইতিবাচক শব্দ রয়েছে।
সমর্থন প্রকাশ পাচ্ছে।","প্রশংসা শব্দ ব্যবহার করা হয়েছে।
ইতিবাচক শব্দ রয়েছে।
সমর্থন প্রকাশ পাচ্ছে।","প্রশংসা শব্দ ব্যবহার করা হয়েছে।
ইতিবাচক শব্দ রয়েছে।
সমর্থন প্রকাশ পাচ্ছে।","প্রশংসা শব্দ ব্যবহার করা হয়েছে।
ইতিবাচক শব্দ রয়েছে।
সমর্থন প্রকাশ পাচ্ছে।","প্রশংসা শব্দ ব্যবহার করা হয়েছে।
ইতিবাচক শব্দ রয়েছে।
সমর্থন প্রকাশ পাচ্ছে।","প্রশংসা শব্দ ব্যবহার করা হয়েছে।
ইতিবাচক শব্দ রয়েছে।
সমর্থন প্রকাশ পাচ্ছে।","প্রশংসা শব্দ ব্যবহার করা হয়েছে।
ইতিবাচক শব্দ রয়েছে।
সমর্থন প্রকাশ পাচ্ছে।","প্রশংসা শব্দ ব্যবহার করা হয়েছে।
ইতিবাচক শব্দ রয়েছে।
সমর্থন প্রকাশ পাচ্ছে।","প্রশংসা শব্দ ব্যবহার করা হয়েছে।
ইতিবাচক শব্দ রয়েছে।
সমর্থন প্রকাশ পাচ্ছে।","প্রশংসা শব্দ ব্যবহার করা হয়েছে।
ইতিবাচক শব্দ রয়েছে।
সমর্থন প্রকাশ পাচ্ছে।","প্রশংসা শব্দ ব্যবহার করা হয়েছে।
ইতিবাচক শব্দ রয়েছে।
সমর্থন প্রকাশ পাচ্ছে।","প্রশংসা শব্দ ব্যবহার করা হয়েছে।
ইতিবাচক শব্দ রয়েছে।
সমর্থন প্রকাশ পাচ্ছে।","প্রশংসা শব্দ ব্যবহার করা হয়েছে।
ইতিবাচক শব্দ রয়েছে।
সমর্থন প্রকাশ পাচ্ছে।","প্রশংসা শব্দ ব্যবহার করা হয়েছে।
ইতিবাচক শব্দ রয়েছে।
সমর্থন প্রকাশ পাচ্ছে।","প্রশংসা শব্দ ব্যবহার করা হয়েছে।
ইতিবাচক শব্দ রয়েছে।
সমর্থন প্রকাশ পাচ্ছে।","প্রশংসা শব্দ ব্যবহার করা হয়েছে।
ইতিবাচক শব্দ রয়েছে।
সমর্থন প্রকাশ পাচ্ছে।","প্রশংসা শব্দ ব্যবহার করা হয়েছে।
ইতিবাচক শব্দ রয়েছে।
সমর্থন প্রকাশ পাচ্ছে।"
জয় ভাই প্রোগ্রামের টিআরপি বাড়ানোর জন্য এতসব পাগলামি করে। এগিয়ে যান অনন্ত ভাই।,Gender,Not Hateful,"প্রোগ্রামের উন্নতি এবং জয় ভাইয়ের কাজের প্রশংসা।
ইতিবাচক মন্তব্য এবং সমর্থন।
নেতিবাচক কোনো ইঙ্গিত নেই।","প্রোগ্রামের উন্নতি কামনা করা হয়েছে।
জয় ভাইকে সমর্থন করা হয়েছে।
ইতিবাচক শব্দ ব্যবহার করা হয়েছে।","প্রোগ্রামের উন্নতি কামনা করা হয়েছে।
জয় ভাইকে সমর্থন করা হয়েছে।
ইতিবাচক শব্দ ব্যবহার করা হয়েছে।","প্রোগ্রামের উন্নতি কামনা করা হয়েছে।
ইতিবাচক শব্দ ব্যবহার করা হয়েছে।
জয় ভাইকে সমর্থন করা হয়েছে।","প্রোগ্রামের উন্নতি কামনা করা হয়েছে।
ইতিবাচক শব্দ ব্যবহার করা হয়েছে।
জয় ভাইকে সমর্থন করা হয়েছে।","প্রোগ্রামের উন্নতি কামনা করা হয়েছে।
ইতিবাচক শব্দ ব্যবহার করা হয়েছে।
জয় ভাইকে সমর্থন করা হয়েছে।","প্রোগ্রামের উন্নতি কামনা করা হয়েছে।
ইতিবাচক শব্দ ব্যবহার করা হয়েছে।
জয় ভাইকে সমর্থন করা হয়েছে।","প্রোগ্রামের উন্নতি কামনা করা হয়েছে।
ইতিবাচক শব্দ ব্যবহার করা হয়েছে।
অনুপ্রেরণা দেওয়া হয়েছে।","প্রোগ্রামের উন্নতি কামনা করা হয়েছে।
ইতিবাচক শব্দ ব্যবহার করা হয়েছে।
অনুপ্রেরণা দেওয়া হয়েছে।","প্রোগ্রামের উন্নতি কামনা করা হয়েছে।
ইতিবাচক শব্দ ব্যবহার করা হয়েছে।
অনুপ্রেরণা দেওয়া হয়েছে।","প্রোগ্রামের উন্নতি কামনা করা হয়েছে।
ইতিবাচক শব্দ ব্যবহার করা হয়েছে।
অনুপ্রেরণা দেওয়া হয়েছে।","প্রোগ্রামের উন্নতি কামনা করা হয়েছে।
ইতিবাচক শব্দ ব্যবহার করা হয়েছে।
অনুপ্রেরণা দেওয়া হয়েছে।","প্রোগ্রামের উন্নতি কামনা করা হয়েছে।
ইতিবাচক শব্দ ব্যবহার করা হয়েছে।
অনুপ্রেরণা দেওয়া হয়েছে।","প্রোগ্রামের উন্নতি কামনা করা হয়েছে।
ইতিবাচক শব্দ ব্যবহার করা হয়েছে।
অনুপ্রেরণা দেওয়া হয়েছে।","প্রোগ্রামের উন্নতি কামনা করা হয়েছে।
ইতিবাচক শব্দ ব্যবহার করা হয়েছে।
অনুপ্রেরণা দেওয়া হয়েছে।","প্রোগ্রামের উন্নতি কামনা করা হয়েছে।
ইতিবাচক শব্দ ব্যবহার করা হয়েছে।
অনুপ্রেরণা দেওয়া হয়েছে।","প্রোগ্রামের উন্নতি কামনা করা হয়েছে।
ইতিবাচক শব্দ ব্যবহার করা হয়েছে।
অনুপ্রেরণা দেওয়া হয়েছে।","প্রোগ্রামের উন্নতি কামনা করা হয়েছে।
ইতিবাচক শব্দ ব্যবহার করা হয়েছে।
অনুপ্রেরণা দেওয়া হয়েছে।","প্রোগ্রামের উন্নতি কামনা করা হয়েছে।
ইতিবাচক শব্দ ব্যবহার করা হয়েছে।
অনুপ্রেরণা দেওয়া হয়েছে।","প্রোগ্রামের উন্নতি কামনা করা হয়েছে।
ইতিবাচক শব্দ ব্যবহার করা হয়েছে।
অনুপ্রেরণা দেওয়া হয়েছে।","প্রোগ্রামের উন্নতি কামনা করা হয়েছে।
ইতিবাচক শব্দ ব্যবহার করা হয়েছে।
অনুপ্রেরণা দেওয়া হয়েছে।","প্রোগ্রামের উন্নতি কামনা করা হয়েছে।
ইতিবাচক শব্দ ব্যবহার করা হয়েছে।
অনুপ্রেরণা দেওয়া হয়েছে।"
"ওরে বাবা! কী বিশাল বোঝা মাথায় তুলেছে। হয়েছে, অনেক হয়েছে।",Gender,Not Hateful,"সাধারণ মন্তব্য এবং বিনোদনমূলক প্রতিক্রিয়া।
নেতিবাচক উপাদান নেই।
পুরোপুরি ইতিবাচক।","বাক্যটি হাস্যকর।
কোন অশ্লীলতা নেই।
ইতিবাচক শব্দ ব্যবহার।","বাক্যটি হাস্যকর বলে মনে হচ্ছে।
শব্দবন্ধ হাস্যকর।
ইতিবাচক শব্দ আছে।","বাক্যটি হাস্যকর বলে মনে হচ্ছে।
শব্দবন্ধ হাস্যকর।
ইতিবাচক শব্দ আছে।","হাস্যকর শব্দ ব্যবহার করা হয়েছে।
বাক্যটি রসাত্মক এবং হালকা।
ইতিবাচক শব্দ রয়েছে বাক্যে।","হাস্যকর শব্দ ব্যবহার করা হয়েছে।
বাক্যটি রসাত্মক এবং হালকা।
ইতিবাচক শব্দ রয়েছে বাক্যে।","হাস্যকর শব্দ ব্যবহার করা হয়েছে।
বাক্যটি রসাত্মক এবং হালকা।
ইতিবাচক শব্দ রয়েছে বাক্যে।","হাস্যকর শব্দ ব্যবহার করা হয়েছে।
বাক্যটি রসাত্মক এবং হালকা।
ইতিবাচক শব্দ রয়েছে বাক্যে।","হাস্যকর শব্দ ব্যবহার করা হয়েছে।
বাক্যটি রসাত্মক এবং হালকা।
ইতিবাচক শব্দ রয়েছে বাক্যে।","হাস্যকর শব্দ ব্যবহার করা হয়েছে।
বাক্যটি রসাত্মক এবং হালকা।
ইতিবাচক শব্দ রয়েছে বাক্যে।","হাস্যকর শব্দ ব্যবহার করা হয়েছে।
বাক্যটি রসাত্মক এবং হালকা।
ইতিবাচক শব্দ রয়েছে বাক্যে।","হাস্যকর শব্দ ব্যবহার করা হয়েছে।
বাক্যটি রসাত্মক এবং হালকা।
ইতিবাচক শব্দ রয়েছে বাক্যে।","হাস্যকর শব্দ ব্যবহার করা হয়েছে।
বাক্যটি রসাত্মক এবং হালকা।
ইতিবাচক শব্দ রয়েছে বাক্যে।","হাস্যকর শব্দ ব্যবহার করা হয়েছে।
বাক্যটি রসাত্মক এবং হালকা।
ইতিবাচক শব্দ রয়েছে বাক্যে।","হাস্যকর শব্দ ব্যবহার করা হয়েছে।
বাক্যটি রসাত্মক এবং হালকা।
ইতিবাচক শব্দ রয়েছে বাক্যে।","হাস্যকর শব্দ ব্যবহার করা হয়েছে।
বাক্যটি রসাত্মক এবং হালকা।
ইতিবাচক শব্দ রয়েছে বাক্যে।","হাস্যকর শব্দ ব্যবহার করা হয়েছে।
বাক্যটি রসাত্মক এবং হালকা।
ইতিবাচক শব্দ রয়েছে বাক্যে।","হাস্যকর শব্দ ব্যবহার করা হয়েছে।
বাক্যটি রসাত্মক এবং হালকা।
ইতিবাচক শব্দ রয়েছে বাক্যে।","হাস্যকর শব্দ ব্যবহার করা হয়েছে।
বাক্যটি রসাত্মক এবং হালকা।
ইতিবাচক শব্দ রয়েছে বাক্যে।","হাস্যকর শব্দ ব্যবহার করা হয়েছে।
বাক্যটি রসাত্মক এবং হালকা।
ইতিবাচক শব্দ রয়েছে বাক্যে।","হাস্যকর শব্দ ব্যবহার করা হয়েছে।
বাক্যটি রসাত্মক এবং হালকা।
ইতিবাচক শব্দ রয়েছে বাক্যে।","হাস্যকর শব্দ ব্যবহার করা হয়েছে।
বাক্যটি রসাত্মক এবং হালকা।
ইতিবাচক শব্দ রয়েছে বাক্যে।"
সাবাশ হিরো আলম আলম,Gender,Not Hateful,"হিরো আলমের প্রতি উচ্ছ্বাস ও প্রশংসা।
ইতিবাচক এবং মুগ্ধতাসূচক মন্তব্য।
নেতিবাচক কিছু নেই।","প্রশংসা সহকারে বলা হয়েছে।
ইতিবাচক শব্দ ব্যবহার করা হয়েছে।
নেতিবাচকতা নেই।","প্রশংসা সহকারে বলা হয়েছে।
ইতিবাচক শব্দ ব্যবহার করা হয়েছে।
নেতিবাচকতা নেই।","সাবাশ শব্দটি প্রশংসা বোঝায়।
ইতিবাচক শব্দ ব্যবহার করা হয়েছে।
নেতিবাচকতা নেই।","প্রশংসা বোঝায় শব্দ।
ইতিবাচক শব্দ ব্যবহার।
নেতিবাচকতা নেই।","প্রশংসা শব্দ ব্যবহার করা হয়েছে।
ইতিবাচক অভিব্যক্তি রয়েছে।
নেতিবাচকতা নেই।","প্রশংসা শব্দ ব্যবহার করা হয়েছে।
ইতিবাচক অভিব্যক্তি রয়েছে।
সাবাশ শব্দটি প্রশংসা বোঝায়।","সাবাশ শব্দটি প্রশংসা বোঝায়।
ইতিবাচক অভিব্যক্তি রয়েছে।
প্রশংসা শব্দ ব্যবহার করা হয়েছে।","প্রশংসা শব্দ ব্যবহার করা হয়েছে।
ইতিবাচক অভিব্যক্তি রয়েছে।
সাবাশ শব্দটি প্রশংসা বোঝায়।","সাবাশ শব্দটি প্রশংসা বোঝায়।
ইতিবাচক অভিব্যক্তি রয়েছে।
প্রশংসা শব্দ ব্যবহার করা হয়েছে।","প্রশংসা শব্দ ব্যবহার করা হয়েছে।
ইতিবাচক অভিব্যক্তি রয়েছে।
সাবাশ শব্দটি প্রশংসা বোঝায়।","সাবাশ শব্দটি প্রশংসা বোঝায়।
ইতিবাচক অভিব্যক্তি রয়েছে।
প্রশংসা শব্দ ব্যবহার করা হয়েছে।","প্রশংসা শব্দ ব্যবহার করা হয়েছে।
ইতিবাচক অভিব্যক্তি রয়েছে।
সাবাশ শব্দটি প্রশংসা বোঝায়।","সাবাশ শব্দটি প্রশংসা বোঝায়।
ইতিবাচক অভিব্যক্তি রয়েছে।
প্রশংসা শব্দ ব্যবহার করা হয়েছে।","প্রশংসা শব্দ ব্যবহার করা হয়েছে।
ইতিবাচক অভিব্যক্তি রয়েছে।
সাবাশ শব্দটি প্রশংসা বোঝায়।","সাবাশ শব্দটি প্রশংসা বোঝায়।
ইতিবাচক অভিব্যক্তি রয়েছে।
প্রশংসা শব্দ ব্যবহার করা হয়েছে।","প্রশংসা শব্দ ব্যবহার করা হয়েছে।
ইতিবাচক অভিব্যক্তি রয়েছে।
সাবাশ শব্দটি প্রশংসা বোঝায়।","সাবাশ শব্দটি প্রশংসা বোঝায়।
ইতিবাচক অভিব্যক্তি রয়েছে।
প্রশংসা শব্দ ব্যবহার করা হয়েছে।","প্রশংসা শব্দ ব্যবহার করা হয়েছে।
ইতিবাচক অভিব্যক্তি রয়েছে।
সাবাশ শব্দটি প্রশংসা বোঝায়।","সাবাশ শব্দটি প্রশংসা বোঝায়।
ইতিবাচক অভিব্যক্তি রয়েছে।
প্রশংসা শব্দ ব্যবহার করা হয়েছে।","প্রশংসা শব্দ ব্যবহার করা হয়েছে।
ইতিবাচক অভিব্যক্তি রয়েছে।
সাবাশ শব্দটি প্রশংসা বোঝায়।","সাবাশ শব্দটি প্রশংসা বোঝায়।
ইতিবাচক অভিব্যক্তি রয়েছে।
প্রশংসা শব্দ ব্যবহার করা হয়েছে।"
আমার বাবা বীর মুক্তিযোদ্ধা মোঃ আবুল কাসেম এর পক্ষ থেকে মহান বিজয় দিবসের শুভেচ্ছা ও অভিনন্দন ।,Gender,Not Hateful,"মহান বিজয় দিবসের শুভেচ্ছা প্রকাশ।
সম্পূর্ণ ইতিবাচক এবং শ্রদ্ধাসূচক মন্তব্য।
নেতিবাচক কিছু নেই।","শুভেচ্ছা প্রকাশ করা হয়েছে।
মহান বিজয় দিবসের প্রশংসা।
শ্রদ্ধাসূচক মন্তব্য রয়েছে।","শুভেচ্ছা প্রকাশ করা হয়েছে।
মহান বিজয় দিবসের প্রশংসা।
শ্রদ্ধাসূচক মন্তব্য রয়েছে।","শুভেচ্ছা প্রকাশ করা হয়েছে।
বিজয় দিবসের প্রশংসা করা।
শ্রদ্ধাসূচক মন্তব্য আছে।","শুভেচ্ছা প্রকাশ করা হয়েছে।
বিজয় দিবসের প্রশংসা করা।
শ্রদ্ধাসূচক মন্তব্য আছে।","শুভেচ্ছা প্রকাশ করা হয়েছে।
বিজয় দিবসের প্রশংসা করা।
শ্রদ্ধাসূচক মন্তব্য আছে।","শুভেচ্ছা প্রকাশ করা হয়েছে।
বিজয় দিবসের প্রশংসা করা।
শ্রদ্ধাসূচক মন্তব্য আছে।","শুভেচ্ছা প্রকাশ করা হয়েছে।
বিজয় দিবসের প্রশংসা করা।
শ্রদ্ধাসূচক মন্তব্য আছে।","শুভেচ্ছা প্রকাশ করা হয়েছে।
বিজয় দিবসের প্রশংসা করা।
শ্রদ্ধাসূচক মন্তব্য আছে।","শুভেচ্ছা প্রকাশ করা হয়েছে।
বিজয় দিবসের প্রশংসা করা।
শ্রদ্ধাসূচক মন্তব্য আছে।","শুভেচ্ছা প্রকাশ করা হয়েছে।
বিজয় দিবসের প্রশংসা করা।
শ্রদ্ধাসূচক মন্তব্য আছে।","শুভেচ্ছা প্রকাশ করা হয়েছে।
বিজয় দিবসের প্রশংসা করা।
শ্রদ্ধাসূচক মন্তব্য আছে।","শুভেচ্ছা প্রকাশ করা হয়েছে।
বিজয় দিবসের প্রশংসা করা।
শ্রদ্ধাসূচক মন্তব্য আছে।","শুভেচ্ছা প্রকাশ করা হয়েছে।
বিজয় দিবসের প্রশংসা করা।
শ্রদ্ধাসূচক মন্তব্য আছে।","শুভেচ্ছা প্রকাশ করা হয়েছে।
বিজয় দিবসের প্রশংসা করা।
শ্রদ্ধাসূচক মন্তব্য আছে।","শুভেচ্ছা প্রকাশ করা হয়েছে।
বিজয় দিবসের প্রশংসা করা।
শ্রদ্ধাসূচক মন্তব্য আছে।","শুভেচ্ছা প্রকাশ করা হয়েছে।
বিজয় দিবসের প্রশংসা করা।
শ্রদ্ধাসূচক মন্তব্য আছে।","শুভেচ্ছা প্রকাশ করা হয়েছে।
বিজয় দিবসের প্রশংসা করা।
শ্রদ্ধাসূচক মন্তব্য আছে।","শুভেচ্ছা প্রকাশ করা হয়েছে।
বিজয় দিবসের প্রশংসা করা।
শ্রদ্ধাসূচক মন্তব্য আছে।","শুভেচ্ছা প্রকাশ করা হয়েছে।
বিজয় দিবসের প্রশংসা করা।
শ্রদ্ধাসূচক মন্তব্য আছে।","শুভেচ্ছা প্রকাশ করা হয়েছে।
বিজয় দিবসের প্রশংসা করা।
শ্রদ্ধাসূচক মন্তব্য আছে।","শুভেচ্ছা প্রকাশ করা হয়েছে।
বিজয় দিবসের প্রশংসা করা।
শ্রদ্ধাসূচক মন্তব্য আছে।"
তামিমের চেহারা অনেকটা ইলিয়াস কাঞ্চনের মত হয়েছে দেখতে...,Gender,Not Hateful,"তামিমের চেহারার প্রতি মুগ্ধতা প্রকাশ।
ইতিবাচক মন্তব্য এবং তুলনা।
নেতিবাচক কিছু নেই।","তামিমের চেহারা পছন্দ করা হয়েছে।
ইলিয়াস কাঞ্চনের সাথে তুলনা করা হয়েছে।
মুগ্ধতা প্রকাশ করা হয়েছে।","তামিমের চেহারা পছন্দ করা হয়েছে।
ইলিয়াস কাঞ্চনের সাথে তুলনা করা হয়েছে।
মুগ্ধতা প্রকাশ করা হয়েছে।","তামিমের চেহারা পছন্দ করা হয়েছে।
ইলিয়াস কাঞ্চনের সাথে তুলনা করা হয়েছে।
মুগ্ধতা প্রকাশ করা হয়েছে।","তামিমের চেহারা পছন্দ করা হয়েছে।
ইলিয়াস কাঞ্চনের সাথে তুলনা করা হয়েছে।
মুগ্ধতা প্রকাশ করা হয়েছে।","তামিমের চেহারা পছন্দ করা হয়েছে।
ইলিয়াস কাঞ্চনের সাথে তুলনা করা হয়েছে।
মুগ্ধতা প্রকাশ করা হয়েছে।","তামিমের চেহারা পছন্দ করা হয়েছে।
ইলিয়াস কাঞ্চনের সাথে তুলনা করা হয়েছে।
মুগ্ধতা প্রকাশ করা হয়েছে।","তামিমের চেহারা পছন্দ করা হয়েছে।
ইলিয়াস কাঞ্চনের সাথে তুলনা করা হয়েছে।
মুগ্ধতা প্রকাশ করা হয়েছে।","তামিমের চেহারা পছন্দ করা হয়েছে।
ইলিয়াস কাঞ্চনের সাথে তুলনা করা হয়েছে।
মুগ্ধতা প্রকাশ করা হয়েছে।","তামিমের চেহারা পছন্দ করা হয়েছে।
ইলিয়াস কাঞ্চনের সাথে তুলনা করা হয়েছে।
মুগ্ধতা প্রকাশ করা হয়েছে।","তামিমের চেহারা পছন্দ করা হয়েছে।
ইলিয়াস কাঞ্চনের সাথে তুলনা করা হয়েছে।
মুগ্ধতা প্রকাশ করা হয়েছে।","তামিমের চেহারা পছন্দ করা হয়েছে।
ইলিয়াস কাঞ্চনের সাথে তুলনা করা হয়েছে।
মুগ্ধতা প্রকাশ করা হয়েছে।","তামিমের চেহারা পছন্দ করা হয়েছে।
ইলিয়াস কাঞ্চনের সাথে তুলনা করা হয়েছে।
মুগ্ধতা প্রকাশ করা হয়েছে।","তামিমের চেহারা পছন্দ করা হয়েছে।
ইলিয়াস কাঞ্চনের সাথে তুলনা করা হয়েছে।
মুগ্ধতা প্রকাশ করা হয়েছে।","তামিমের চেহারা পছন্দ করা হয়েছে।
ইলিয়াস কাঞ্চনের সাথে তুলনা করা হয়েছে।
মুগ্ধতা প্রকাশ করা হয়েছে।","তামিমের চেহারা পছন্দ করা হয়েছে।
ইলিয়াস কাঞ্চনের সাথে তুলনা করা হয়েছে।
মুগ্ধতা প্রকাশ করা হয়েছে।","তামিমের চেহারা পছন্দ করা হয়েছে।
ইলিয়াস কাঞ্চনের সাথে তুলনা করা হয়েছে।
মুগ্ধতা প্রকাশ করা হয়েছে।","তামিমের চেহারা পছন্দ করা হয়েছে।
ইলিয়াস কাঞ্চনের সাথে তুলনা করা হয়েছে।
মুগ্ধতা প্রকাশ করা হয়েছে।","তামিমের চেহারা পছন্দ করা হয়েছে।
ইলিয়াস কাঞ্চনের সাথে তুলনা করা হয়েছে।
মুগ্ধতা প্রকাশ করা হয়েছে।","তামিমের চেহারা পছন্দ করা হয়েছে।
ইলিয়াস কাঞ্চনের সাথে তুলনা করা হয়েছে।
মুগ্ধতা প্রকাশ করা হয়েছে।","তামিমের চেহারা পছন্দ করা হয়েছে।
ইলিয়াস কাঞ্চনের সাথে তুলনা করা হয়েছে।
মুগ্ধতা প্রকাশ করা হয়েছে।","তামিমের চেহারা পছন্দ করা হয়েছে।
ইলিয়াস কাঞ্চনের সাথে তুলনা করা হয়েছে।
মুগ্ধতা প্রকাশ করা হয়েছে।"
আলহামদুলিল্লাহ বেগম জিয়া আছেন এবং থাকবেন এদেশের কোটি মানুষের অন্তরে.,Gender,Not Hateful,"বেগম জিয়ার প্রতি জনগণের অগাধ আস্থা প্রকাশ পেয়েছে।
রাজনৈতিক নেত্রীর প্রতি সম্মান ও ভালোবাসা প্রকাশ।
বক্তব্যে কোনো অবমাননাকর বা আক্রমণাত্মক কথা নেই।","বেগম জিয়ার প্রতি সম্মান প্রকাশ।
রাজনৈতিক নেত্রীকে ভালোবাসা দেখানো।
অবমাননাকর কথা নেই।","বেগম জিয়ার প্রতি শ্রদ্ধা।
ভালো কথা বলা হয়েছে।
সম্মান প্রকাশ করা হয়েছে।","শ্রদ্ধা প্রকাশ করা হয়েছে।
সম্মান দেখানো হয়েছে।
ভালো কথা বলা হয়েছে।","সম্মান প্রকাশ করা হয়েছে।
ভালো কথা বলা হয়েছে।
প্রশংসা করা হয়েছে।","বেগম জিয়ার প্রতি সম্মান।
মানুষের অন্তরে থাকবেন।
প্রশংসা করা হয়েছে।","বেগম জিয়ার প্রতি শ্রদ্ধা।
মানুষের অন্তরে স্থান।
প্রশংসামূলক শব্দ ব্যবহার।","শ্রদ্ধাপূর্ণ শব্দ ব্যবহার।
প্রশংসামূলক অভিব্যক্তি।
সম্মানজনক উল্লেখ।","বেগম জিয়া প্রতি শ্রদ্ধা জানানো হয়েছে।
সম্মানজনক ভাষা ব্যবহার করা হয়েছে।
প্রশংসামূলক অভিব্যক্তি রয়েছে।","শ্রদ্ধাশীল ভাষা ব্যবহার।
প্রশংসামূলক অভিব্যক্তি রয়েছে।
সম্মান প্রকাশ করা হয়েছে।","ধন্যবাদ জ্ঞাপন করা হয়েছে।
সম্মান প্রকাশ করা হয়েছে।
প্রশংসা করা হয়েছে।","ধন্যবাদ জ্ঞাপন করা হয়েছে।
সম্মান প্রকাশ করা হয়েছে।
প্রশংসা করা হয়েছে।","সম্মান প্রকাশ করা হয়েছে।
প্রশংসা করা হয়েছে।
ধন্যবাদ জ্ঞাপন করা হয়েছে।","বেগম জিয়া প্রতি সম্মান।
মানুষের অন্তরে থাকবেন।
ধন্যবাদ জ্ঞাপন করা হয়।","বেগম জিয়া প্রতি শ্রদ্ধা।
মানুষের অন্তরে স্থান।
ধন্যবাদ জ্ঞাপন করা।","বেগম জিয়া প্রতি শ্রদ্ধা প্রকাশ।
মানুষের অন্তরে স্থান আছে।
ধন্যবাদ জ্ঞাপন করা হচ্ছে।","শ্রদ্ধা প্রকাশ করা হচ্ছে।
মানুষের অন্তরে আছেন।
ধন্যবাদ জ্ঞাপন করা।","বেগম জিয়া প্রতি শ্রদ্ধা।
মানুষের অন্তরে থাকবেন।
ধন্যবাদ জ্ঞাপন করা।","শ্রদ্ধাশীল বক্তব্য।
সম্মান প্রকাশ।
ধন্যবাদ জ্ঞাপন।","বেগম জিয়ার প্রতি শ্রদ্ধা।
মানুষের অন্তরে থাকবেন।
সম্মান প্রকাশ করা হচ্ছে।","শ্রদ্ধা প্রকাশ করা হচ্ছে।
সম্মান দেখানো হচ্ছে।
ভালো কথা বলা হচ্ছে।","সম্মান প্রকাশ করা হচ্ছে।
ভালো কথা বলা হচ্ছে।
প্রশংসা করা হচ্ছে।"
"স্যালুট টাইগার সাকিব আল হাসান। আজ  দেশের মানুষের পাশে আপনি দাড়িয়েছেন। আপনার স্মৃতিময় ব্যাট বিক্রি করেছেন এ দেশের মানুষের জন্য, এ দেশের মানুষের কাছে আপনি কখনো বিস্মৃত  হবেন না। আপনি আবার মাঠে ফিরে আসুন স্বমহিমায়।",Gender,Not Hateful,"দেশের মানুষের জন্য ক্রিকেটার সাকিবের অবদান প্রশংসিত হয়েছে।
জাতীয় দায়িত্ব পালনে তার ভূমিকা অনুকরণীয়।
বক্তব্যে ইতিবাচক ও অনুপ্রেরণাদায়ক মনোভাব প্রকাশ পেয়েছে।","সাকিবের প্রতি শ্রদ্ধা জানানো হয়েছে।
ইতিবাচক মনোভাব প্রকাশ পেয়েছে।
অনুপ্রেরণাদায়ক বক্তব্য।","স্যালুট শব্দটি শ্রদ্ধা প্রকাশ করে।
ইতিবাচক শব্দ ব্যবহার করা হয়েছে।
অনুপ্রেরণা দেওয়া হয়েছে।","শ্রদ্ধা প্রকাশ করা হয়েছে।
ইতিবাচক শব্দ ব্যবহার করা।
অনুপ্রেরণা দেওয়া হয়েছে।","স্যালুট শব্দটি শ্রদ্ধা প্রকাশ করে।
ইতিবাচক শব্দ ব্যবহার করা হয়েছে।
অনুপ্রেরণা দেওয়া হয়েছে।","স্যালুট শব্দটি শ্রদ্ধা প্রকাশ করে।
ইতিবাচক শব্দ ব্যবহার করা হয়েছে।
অনুপ্রেরণা দেওয়া হয়েছে।","শ্রদ্ধা প্রকাশ করা হয়েছে।
ইতিবাচক শব্দ রয়েছে।
অনুপ্রেরণা দেওয়া হয়েছে।","স্যালুট শব্দটি শ্রদ্ধা প্রকাশ করে।
ইতিবাচক শব্দ ব্যবহার করা হয়েছে।
অনুপ্রেরণা দেওয়া হয়েছে।","স্যালুট শব্দটি শ্রদ্ধা প্রকাশ করে।
ইতিবাচক শব্দ ব্যবহার করা হয়েছে।
অনুপ্রেরণা দেওয়া হয়েছে।","স্যালুট শব্দটি শ্রদ্ধা প্রকাশ করে।
ইতিবাচক শব্দ ব্যবহার করা হয়েছে।
অনুপ্রেরণা দেওয়া হয়েছে।","স্যালুট শব্দটি শ্রদ্ধা প্রকাশ করে।
ইতিবাচক শব্দ ব্যবহার করা হয়েছে।
অনুপ্রেরণা দেওয়া হয়েছে।","শ্রদ্ধা প্রকাশ করা হয়েছে।
ইতিবাচক শব্দ ব্যবহার করা।
অনুপ্রেরণা দেওয়া হয়েছে।","স্যালুট শব্দটি শ্রদ্ধা প্রকাশ করে।
ইতিবাচক শব্দ ব্যবহার করা হয়েছে।
অনুপ্রেরণা দেওয়া হয়েছে।","শ্রদ্ধা প্রকাশ করা হয়েছে।
ইতিবাচক শব্দ ব্যবহার করা।
অনুপ্রেরণা দেওয়া হয়েছে।","স্যালুট শব্দটি শ্রদ্ধা প্রকাশ করে।
ইতিবাচক শব্দ ব্যবহার করা হয়েছে।
অনুপ্রেরণা দেওয়া হয়েছে।","স্যালুট শব্দটি শ্রদ্ধা প্রকাশ করে।
ইতিবাচক শব্দ ব্যবহার করা হয়েছে।
অনুপ্রেরণা দেওয়া হয়েছে।","স্যালুট শব্দটি শ্রদ্ধা প্রকাশ করে।
ইতিবাচক শব্দ ব্যবহার করা হয়েছে।
অনুপ্রেরণা দেওয়া হয়েছে।","স্যালুট শব্দটি শ্রদ্ধা প্রকাশ করে।
ইতিবাচক শব্দ ব্যবহার করা হয়েছে।
অনুপ্রেরণা দেওয়া হয়েছে।","স্যালুট শব্দটি শ্রদ্ধা প্রকাশ করে।
ইতিবাচক শব্দ ব্যবহার করা হয়েছে।
অনুপ্রেরণা দেওয়া হয়েছে।","স্যালুট শব্দটি শ্রদ্ধা প্রকাশ করে।
ইতিবাচক শব্দ ব্যবহার করা হয়েছে।
অনুপ্রেরণা দেওয়া হয়েছে।","স্যালুট শব্দটি শ্রদ্ধা প্রকাশ করে।
ইতিবাচক শব্দ ব্যবহার করা হয়েছে।
অনুপ্রেরণা দেওয়া হয়েছে।","স্যালুট শব্দটি শ্রদ্ধা প্রকাশ করে।
ইতিবাচক শব্দ ব্যবহার করা হয়েছে।
অনুপ্রেরণা দেওয়া হয়েছে।"
ছোট ভাই একটু কষ্ট করে ইউটিউব নিজের আইডি তে আপ করো তা হলে দেখতে এবং শুনতে পারবো নিজের মনে করে এতে তোমার দিক থেকে তুমি ভালো করবে এখন থেকে একটু ইউটিউবার হতে মনোযোগ দাও আর কোন ধরনের পরামর্শ লালে ইন বক্সে করো আমাকে  । ধন্যবাদ ভাই আমার,Gender,Not Hateful,"পরামর্শমূলক ও সহযোগিতাপূর্ণ মন্তব্য।
কোনো আক্রমণাত্মক ভাষা ব্যবহার করা হয়নি।
ব্যক্তি উন্নয়নের জন্য উৎসাহ প্রদান।","উৎসাহ প্রদান করা হয়েছে।
সহযোগিতামূলক মন্তব্য।
পরামর্শ দেওয়া হয়েছে।","উৎসাহ দেওয়া হয়েছে।
সহায়তা করা হয়েছে।
পরামর্শ দেওয়া হয়েছে।","উৎসাহ দেওয়া হয়েছে কারণ প্রোত্সাহন দেওয়া হচ্ছে।
সহায়তা করা হয়েছে কারণ সাহায্য করার ইচ্ছা।
পরামর্শ দেওয়া হয়েছে কারণ পরামর্শ দেওয়া হচ্ছে।","প্রোত্সাহন দেওয়া হচ্ছে।
সাহায্য করার ইচ্ছা।
পরামর্শ দেওয়া হচ্ছে।","ইউটিউবার হতে উৎসাহ দেওয়া হচ্ছে।
পরামর্শ দেওয়া হচ্ছে ভালো।
সাহায্য করার ইচ্ছা প্রকাশ পাচ্ছে।","ইউটিউবার হতে উৎসাহ দেওয়া হচ্ছে।
পরামর্শ দেওয়া হচ্ছে ভালো।
সাহায্য করার ইচ্ছা প্রকাশ পাচ্ছে।","ইউটিউবার হতে উৎসাহ দেওয়া হচ্ছে।
পরামর্শ দেওয়া হচ্ছে ভালো।
সাহায্য করার ইচ্ছা প্রকাশ পাচ্ছে।","ইউটিউবার হতে উৎসাহ দেওয়া হচ্ছে।
পরামর্শ দেওয়া হচ্ছে ভালো।
সাহায্য করার ইচ্ছা প্রকাশ পাচ্ছে।","ইউটিউবার হতে উৎসাহ দেওয়া হচ্ছে।
ভালো পরামর্শ দেওয়া হচ্ছে।
সাহায্য করার ইচ্ছা প্রকাশ পাচ্ছে।","ইউটিউবার হতে উৎসাহ দেওয়া হচ্ছে।
ভালো পরামর্শ দেওয়া হচ্ছে।
সাহায্য করার ইচ্ছা প্রকাশ পাচ্ছে।","ইউটিউবার হতে উৎসাহ দেওয়া হচ্ছে।
ভালো পরামর্শ দেওয়া হচ্ছে।
সাহায্য করার ইচ্ছা প্রকাশ পাচ্ছে।","ইউটিউবার হতে উৎসাহ দেওয়া হচ্ছে।
ভালো পরামর্শ দেওয়া হচ্ছে।
সাহায্য করার ইচ্ছা প্রকাশ পাচ্ছে।","ইউটিউবার হতে উৎসাহ দেওয়া হচ্ছে।
ভালো পরামর্শ দেওয়া হচ্ছে।
সাহায্য করার ইচ্ছা প্রকাশ পাচ্ছে।","ইউটিউবার হতে উৎসাহ দেওয়া হচ্ছে।
ভালো পরামর্শ দেওয়া হচ্ছে।
সাহায্য করার ইচ্ছা প্রকাশ পাচ্ছে।","ইউটিউবার হতে উৎসাহ দেওয়া হচ্ছে।
ভালো পরামর্শ দেওয়া হচ্ছে।
সাহায্য করার ইচ্ছা প্রকাশ পাচ্ছে।","ইউটিউবার হতে উৎসাহ দেওয়া হচ্ছে।
ভালো পরামর্শ দেওয়া হচ্ছে।
সাহায্য করার ইচ্ছা প্রকাশ পাচ্ছে।","ইউটিউবার হতে উৎসাহ দেওয়া হচ্ছে।
ভালো পরামর্শ দেওয়া হচ্ছে।
সাহায্য করার ইচ্ছা প্রকাশ পাচ্ছে।","ইউটিউবার হতে উৎসাহ দেওয়া হচ্ছে।
ভালো পরামর্শ দেওয়া হচ্ছে।
সাহায্য করার ইচ্ছা প্রকাশ পাচ্ছে।","ইউটিউবার হতে উৎসাহ দেওয়া হচ্ছে।
ভালো পরামর্শ দেওয়া হচ্ছে।
সাহায্য করার ইচ্ছা প্রকাশ পাচ্ছে।","ইউটিউবার হতে উৎসাহ দেওয়া হচ্ছে।
ভালো পরামর্শ দেওয়া হচ্ছে।
সাহায্য করার ইচ্ছা প্রকাশ পাচ্ছে।","ইউটিউবার হতে উৎসাহ দেওয়া হচ্ছে।
ভালো পরামর্শ দেওয়া হচ্ছে।
সাহায্য করার ইচ্ছা প্রকাশ পাচ্ছে।"
বাবার মতোই ।,Gender,Not Hateful,"সরল ও প্রশংসাসূচক মন্তব্য।
কোনো নেতিবাচক বা বিরূপ ভাষা ব্যবহার হয়নি।
তুলনাটি ইতিবাচক প্রেক্ষাপটে প্রকাশিত।","ইতিবাচক তুলনা করা হয়েছে।
প্রশংসাসূচক মন্তব্য হিসেবে ব্যবহার।
নেতিবাচক ভাষা নেই।","ইতিবাচক শব্দ ব্যবহার করা হয়েছে।
প্রশংসাসূচক অভিব্যক্তি দেখা যাচ্ছে।
নেতিবাচকতা নেই।","ইতিবাচক শব্দ ব্যবহার করা হয়েছে।
প্রশংসাসূচক অভিব্যক্তি দেখা যাচ্ছে।
নেতিবাচকতা নেই।","ইতিবাচক শব্দ ব্যবহার করা হয়েছে।
প্রশংসাসূচক অভিব্যক্তি দেখা যাচ্ছে।
নেতিবাচকতা নেই।","বাবার মতো ইতিবাচক।
প্রশংসা প্রকাশ করা হয়েছে।
নেতিবাচকতা নেই।","ইতিবাচক শব্দ ব্যবহার করা হয়েছে।
প্রশংসা প্রকাশ করা হয়েছে।
নেতিবাচকতা নেই।","বাবার মতো বললে প্রশংসা বোঝায়।
ইতিবাচক শব্দ ব্যবহার করা হয়েছে।
নেতিবাচকতা নেই এখানে।","প্রশংসা বোঝায় এই বাক্য।
ইতিবাচক শব্দ ব্যবহার করা।
নেতিবাচকতা নেই।","প্রশংসা শব্দ ব্যবহার।
ইতিবাচক অর্থ বহন।
নেতিবাচকতা নেই।","প্রশংসা শব্দ ব্যবহার করা হয়েছে।
ইতিবাচক অর্থ বহন করে।
নেতিবাচকতা নেই।","প্রশংসা শব্দ ব্যবহার করা হয়েছে।
ইতিবাচক অর্থ বহন করে।
নেতিবাচকতা নেই।","প্রশংসা শব্দ ব্যবহার করা হয়েছে।
ইতিবাচক অর্থ বহন করে।
নেতিবাচকতা নেই।","প্রশংসা শব্দ ব্যবহার করা হয়েছে।
ইতিবাচক অর্থ বহন করে।
নেতিবাচকতা নেই।","প্রশংসা শব্দ ব্যবহার করা হয়েছে।
ইতিবাচক অর্থ বহন করে।
নেতিবাচকতা নেই।","প্রশংসা শব্দ ব্যবহার করা হয়েছে।
ইতিবাচক অর্থ বহন করে।
নেতিবাচকতা নেই।","প্রশংসা শব্দ ব্যবহার করা হয়েছে।
ইতিবাচক অর্থ বহন করে।
নেতিবাচকতা নেই।","প্রশংসা শব্দ ব্যবহার করা হয়েছে।
ইতিবাচক অর্থ বহন করে।
নেতিবাচকতা নেই।","প্রশংসা শব্দ ব্যবহার করা হয়েছে।
ইতিবাচক অর্থ বহন করে।
নেতিবাচকতা নেই।","প্রশংসা শব্দ ব্যবহার করা হয়েছে।
ইতিবাচক অর্থ বহন করে।
নেতিবাচকতা নেই।","প্রশংসা শব্দ ব্যবহার করা হয়েছে।
ইতিবাচক অর্থ বহন করে।
নেতিবাচকতা নেই।","প্রশংসা শব্দ ব্যবহার করা হয়েছে।
ইতিবাচক অর্থ বহন করে।
নেতিবাচকতা নেই।"
আপা আরেকটা অডি গাড়ি কবে লইবেন??,Gender,Not Hateful,"হালকা মজার ছলে প্রশ্ন করা হয়েছে।
মন্তব্যে কোনো অবমাননাকর উপাদান নেই।
সাধারণ কৌতূহল বা হালকা রসিকতা।","প্রশ্ন করা হয়েছে হালকা মজার ছলে।
কোনো অবমাননাকর উপাদান নেই।
সাধারণ কৌতূহল প্রকাশ পাচ্ছে।","প্রশ্ন করা হয়েছে হাসিমুখে।
কোনো গালি নেই।
কৌতূহল প্রকাশ পাচ্ছে।","প্রশ্ন করা হয়েছে হাসিমুখে।
কোনো গালি নেই।
কৌতূহল প্রকাশ পাচ্ছে।","প্রশ্ন করা হয়েছে হাসিমুখে।
কোনো গালি নেই।
কৌতূহল প্রকাশ পাচ্ছে।","প্রশ্ন করা হয়েছে হাসিমুখে।
কোনো গালি নেই।
কৌতূহল প্রকাশ পাচ্ছে।","প্রশ্ন করা হয়েছে হাসিমুখে।
কোনো গালি নেই।
কৌতূহল প্রকাশ পাচ্ছে।","প্রশ্ন করা হয়েছে হাসিমুখে।
কোনো গালি নেই।
কৌতূহল প্রকাশ পাচ্ছে।","প্রশ্ন করা হয়েছে হাসিমুখে।
কোনো গালি নেই।
কৌতূহল প্রকাশ পাচ্ছে।","প্রশ্ন করা হয়েছে হাসিমুখে।
কোনো গালি নেই।
কৌতূহল প্রকাশ পাচ্ছে।","প্রশ্ন করা হয়েছে হাসিমুখে।
কোনো গালি নেই।
কৌতূহল প্রকাশ পাচ্ছে।","প্রশ্ন করা হয়েছে সহজভাবে।
কোনো আপত্তিকর শব্দ নেই।
কৌতূহল প্রকাশ পাচ্ছে স্পষ্টভাবে।","প্রশ্ন করা হয়েছে সহজভাবে।
কোনো আপত্তিকর শব্দ নেই।
কৌতূহল প্রকাশ পাচ্ছে স্পষ্টভাবে।","প্রশ্ন করা হয়েছে সহজভাবে।
কোনো আপত্তিকর শব্দ নেই।
কৌতূহল প্রকাশ পাচ্ছে স্পষ্টভাবে।","প্রশ্ন করা হয়েছে সহজভাবে।
কোনো আপত্তিকর শব্দ নেই।
কৌতূহল প্রকাশ পাচ্ছে স্পষ্টভাবে।","প্রশ্ন করা হয়েছে সহজভাবে।
কোনো আপত্তিকর শব্দ নেই।
কৌতূহল প্রকাশ পাচ্ছে স্পষ্টভাবে।","প্রশ্ন করা হয়েছে সহজভাবে।
কোনো আপত্তিকর শব্দ নেই।
কৌতূহল প্রকাশ পাচ্ছে স্পষ্টভাবে।","প্রশ্ন করা হয়েছে সহজভাবে।
কোনো আপত্তিকর শব্দ নেই।
কৌতূহল প্রকাশ পাচ্ছে স্পষ্টভাবে।","প্রশ্ন করা হয়েছে সহজভাবে।
কোনো আপত্তিকর শব্দ নেই।
কৌতূহল প্রকাশ পাচ্ছে।","প্রশ্ন করা হয়েছে সহজভাবে।
কোনো আপত্তিকর শব্দ নেই।
কৌতূহল প্রকাশ পাচ্ছে।","প্রশ্ন করা হয়েছে সহজভাবে।
কোনো আপত্তিকর শব্দ নেই।
কৌতূহল প্রকাশ পাচ্ছে।","প্রশ্ন করা হয়েছে সহজভাবে।
কোনো আপত্তিকর শব্দ নেই।
কৌতূহল প্রকাশ পাচ্ছে।"
জয় ভাই যে ভাবে বলে দিয়েছেন সে ভাবে ই হবে।,Gender,Not Hateful,"ব্যক্তির প্রতি সম্মান ও আস্থা প্রকাশ পেয়েছে।
মন্তব্যে আক্রমণাত্মক কোনো ইঙ্গিত নেই।
পরিস্থিতি মেনে নেওয়ার ইতিবাচক মনোভাব।","সম্মান প্রকাশ পাচ্ছে।
আক্রমণাত্মকতা নেই।
ইতিবাচক মনোভাব।","সম্মান প্রকাশ হচ্ছে।
ইতিবাচক শব্দ ব্যবহার।
আক্রমণাত্মকতা নেই।","সম্মান প্রকাশ করা হচ্ছে।
ইতিবাচক শব্দ ব্যবহার করা।
আক্রমণাত্মকতা নেই।","সম্মান প্রকাশ করা হচ্ছে।
ইতিবাচক শব্দ ব্যবহার।
আক্রমণাত্মকতা নেই।","সম্মান প্রকাশ করা হচ্ছে।
ইতিবাচক শব্দ ব্যবহার।
আক্রমণাত্মকতা নেই।","সম্মান প্রকাশ করা হচ্ছে।
ইতিবাচক শব্দ ব্যবহার।
আক্রমণাত্মকতা নেই।","সম্মান প্রকাশ করা হচ্ছে।
ইতিবাচক শব্দ ব্যবহার।
আক্রমণাত্মকতা নেই।","সম্মান প্রকাশ করা হচ্ছে।
ইতিবাচক শব্দ ব্যবহার।
আক্রমণাত্মকতা নেই।","সম্মান প্রকাশ করা হচ্ছে।
ইতিবাচক শব্দ ব্যবহার।
আক্রমণাত্মকতা নেই।","সম্মান প্রকাশ করা হচ্ছে।
ইতিবাচক শব্দ ব্যবহার।
আক্রমণাত্মকতা নেই।","সম্মান প্রকাশ করা হচ্ছে।
ইতিবাচক শব্দ ব্যবহার।
আক্রমণাত্মকতা নেই।","সম্মান প্রকাশ করা হচ্ছে।
ইতিবাচক শব্দ ব্যবহার।
আক্রমণাত্মকতা নেই।","সম্মান প্রকাশ করা হচ্ছে।
ইতিবাচক শব্দ ব্যবহার।
আক্রমণাত্মকতা নেই।","সম্মান প্রকাশ করা হচ্ছে।
ইতিবাচক শব্দ ব্যবহার।
আক্রমণাত্মকতা নেই।","সম্মান প্রকাশ করা হচ্ছে।
ইতিবাচক শব্দ ব্যবহার।
আক্রমণাত্মকতা নেই।","সম্মান প্রকাশ করা হচ্ছে।
ইতিবাচক শব্দ ব্যবহার।
আক্রমণাত্মকতা নেই।","সম্মান প্রকাশ করা হচ্ছে।
ইতিবাচক শব্দ ব্যবহার।
আক্রমণাত্মকতা নেই।","সম্মান প্রকাশ করা হচ্ছে।
ইতিবাচক শব্দ ব্যবহার।
আক্রমণাত্মকতা নেই।","সম্মান প্রকাশ করা হচ্ছে।
ইতিবাচক শব্দ ব্যবহার।
আক্রমণাত্মকতা নেই।","সম্মান প্রকাশ করা হচ্ছে।
ইতিবাচক শব্দ ব্যবহার।
আক্রমণাত্মকতা নেই।","সম্মান প্রকাশ করা হচ্ছে।
ইতিবাচক শব্দ ব্যবহার।
আক্রমণাত্মকতা নেই।"
মাশারাফির প্রিয় রং সাদা,Gender,Not Hateful,"তথ্যভিত্তিক ও নিরপেক্ষ মন্তব্য।
কোনো নেতিবাচক বা আপত্তিকর বিষয় নেই।
ক্রিকেটারের সাধারণ তথ্য শেয়ার করা হয়েছে।","তথ্য ভিত্তিক তথ্য দেওয়া হয়েছে।
নেতিবাচক কিছু নেই।
সাধারণ তথ্য শেয়ার।","প্রদত্ত বক্তব্য তথ্যমূলক।
কোন আপত্তিকর শব্দ নেই।
শুধু তথ্য শেয়ার করা হয়েছে।","তথ্যমূলক বক্তব্য হিসেবে চিহ্নিত।
কোন আপত্তিকর শব্দ নেই।
শুধু তথ্য শেয়ার করা হয়েছে।","তথ্য শেয়ার করা হয়েছে।
কোন আপত্তিকর শব্দ নেই।
শুধু তথ্য দেওয়া হয়েছে।","তথ্য দেওয়া হয়েছে।
কোন আপত্তি নেই।
শুধু তথ্য আছে।","কোন আপত্তিজনক শব্দ নেই।
শুধু তথ্য দেওয়া হয়েছে।
কোন ঘৃণ্য বক্তব্য নেই।","তথ্য দেওয়া হয়েছে।
কোন আপত্তি নেই।
শুধু তথ্য দেওয়া।","কোন আপত্তিজনক শব্দ নেই
শুধু তথ্য দেওয়া হয়েছে
কোন ঘৃণ্য বক্তব্য নেই","তথ্য দেওয়া হয়েছে।
কোন ঘৃণ্য নেই।
শুধু তথ্য দেওয়া।","কোন ঘৃণ্য শব্দ নেই।
শুধু তথ্য দেওয়া হয়েছে।
প্রশ্নটি নিরপেক্ষ।","কোন ঘৃণ্য শব্দ নেই।
শুধু তথ্য দেওয়া হয়েছে।
প্রশ্নটি নিরপেক্ষ।","কোন আপত্তিকর শব্দ নেই।
শুধু তথ্য দেওয়া হয়েছে।
নিরপেক্ষ প্রশ্ন করা হয়েছে।","কোন আপত্তিকর শব্দ নেই।
তথ্য দেওয়া হয়েছে।
নিরপেক্ষ প্রশ্ন করা হয়েছে।","প্রশ্ন নিরপেক্ষ।
কোন আপত্তি নেই।
শুধু তথ্য দেওয়া।","কোন আপত্তিজনক শব্দ নেই।
শুধু তথ্য দেওয়া হয়েছে।
প্রশ্ন নিরপেক্ষ বক্তব্য।","তথ্য দেওয়া হয়েছে।
কোন আপত্তি নেই।
প্রশ্ন নিরপেক্ষ।","কোন আপত্তিজনক শব্দ নেই।
শুধু তথ্য দেওয়া হয়েছে।
প্রশ্ন নিরপেক্ষ এবং সহজ।","তথ্য দেওয়া হয়েছে।
কোন আপত্তি নেই।
শুধু তথ্য দেওয়া।","কোন আপত্তিজনক শব্দ নেই।
শুধু তথ্য দেওয়া হয়েছে।
কোন ঘৃণ্য বক্তব্য নেই।","তথ্য দেওয়া হয়েছে।
কোন আপত্তি নেই।
শুধু তথ্য দেওয়া।","কোন আপত্তিজনক শব্দ নেই
শুধু তথ্য দেওয়া হয়েছে
কোন ঘৃণ্য বক্তব্য নেই"
ভাই আপনিও ভালো থাকুন।,Gender,Not Hateful,"শুভেচ্ছাসূচক বক্তব্য।
ইতিবাচক মনোভাবের প্রকাশ।
কোনো বিতর্কিত বা নেতিবাচক ইঙ্গিত নেই।","ভালো থাকুন বলা হয়েছে।
শুভেচ্ছা প্রকাশ করা হয়েছে।
ইতিবাচক মনোভাব রয়েছে।","ভালো থাকুন বলা হয়েছে।
শুভেচ্ছা প্রকাশ করা হয়েছে।
ইতিবাচক মনোভাব রয়েছে।","ভালো থাকুন বলা হয়েছে।
শুভেচ্ছা প্রকাশ করা হয়েছে।
ইতিবাচক মনোভাব রয়েছে।","ভালো থাকুন বলা হয়েছে।
শুভেচ্ছা জানানো হয়েছে।
ইতিবাচক শব্দ ব্যবহার।","ভালো থাকুন বলা হয়েছে।
শুভেচ্ছা জানানো হয়েছে।
ইতিবাচক শব্দ ব্যবহার।","ভালো থাকুন বলা হয়েছে।
শুভেচ্ছা জানানো হয়েছে।
ইতিবাচক শব্দ ব্যবহার।","ভালো থাকুন বলা হয়েছে।
শুভেচ্ছা জানানো হয়েছে।
ইতিবাচক শব্দ ব্যবহার।","ভালো থাকুন বলা হয়েছে।
শুভেচ্ছা জানানো হয়েছে।
ইতিবাচক শব্দ ব্যবহার।","ভালো থাকুন বলা হয়েছে।
শুভেচ্ছা জানানো হয়েছে।
ইতিবাচক শব্দ ব্যবহার।","ভালো থাকুন বলা হয়েছে।
শুভেচ্ছা জানানো হয়েছে।
ইতিবাচক শব্দ ব্যবহার।","ভালো থাকুন বলা হয়েছে।
শুভেচ্ছা জানানো হয়েছে।
ইতিবাচক শব্দ ব্যবহার।","ভালো থাকুন বলা হয়েছে।
শুভেচ্ছা জানানো হয়েছে।
ইতিবাচক শব্দ ব্যবহার।","ভালো থাকুন বলা হয়েছে।
শুভেচ্ছা জানানো হয়েছে।
ইতিবাচক শব্দ ব্যবহার।","ভালো থাকুন বলা হয়েছে।
শুভেচ্ছা জানানো হয়েছে।
ইতিবাচক শব্দ ব্যবহার।","ভালো থাকুন বলা হয়েছে।
শুভেচ্ছা জানানো হয়েছে।
ইতিবাচক শব্দ ব্যবহার।","ভালো থাকুন বলা হয়েছে।
শুভেচ্ছা জানানো হয়েছে।
ইতিবাচক শব্দ ব্যবহার।","ভালো থাকুন বলা হয়েছে।
শুভেচ্ছা জানানো হয়েছে।
ইতিবাচক শব্দ ব্যবহার।","ভালো থাকুন বলা হয়েছে।
শুভেচ্ছা জানানো হয়েছে।
ইতিবাচক শব্দ ব্যবহার।","ভালো থাকুন বলা হয়েছে।
শুভেচ্ছা জানানো হয়েছে।
ইতিবাচক শব্দ ব্যবহার।","ভালো থাকুন বলা হয়েছে।
শুভেচ্ছা জানানো হয়েছে।
ইতিবাচক শব্দ ব্যবহার।","ভালো থাকুন বলা হয়েছে।
শুভেচ্ছা জানানো হয়েছে।
ইতিবাচক শব্দ ব্যবহার।"
"ছোট্ট মেয়েটি আজ কত বড় হয়ে গেছে, বাবা মেয়ের ভালবাসা অবিরাম   ",Gender,Not Hateful,"পারিবারিক ভালোবাসা ও আবেগ প্রকাশ পেয়েছে।
কোনো প্রকার অবমাননাকর মন্তব্য নেই।
ইতিবাচক ও সংবেদনশীল বক্তব্য।","ভালবাসা প্রকাশ পাচ্ছে।
পারিবারিক মোহ দেখা যাচ্ছে।
ইতিবাচক শব্দ ব্যবহার করা হয়েছে।","ভালবাসা প্রকাশ পাচ্ছে বলেই সঠিক।
পারিবারিক মোহ দেখা যাচ্ছে বলে সঠিক।
ইতিবাচক শব্দ ব্যবহার করা হয়েছে।","ভালবাসা প্রকাশ পাচ্ছে।
পারিবারিক মোহ দেখা যাচ্ছে।
ইতিবাচক শব্দ ব্যবহার।","ভালবাসা প্রকাশ পাচ্ছে বলেই।
পারিবারিক মোহ দেখা যাচ্ছে বলে।
ইতিবাচক শব্দ ব্যবহার করা হয়েছে।","ভালবাসার কথা বলা হয়েছে।
পারিবারিক মোহ প্রকাশ পাচ্ছে।
ইতিবাচক শব্দ ব্যবহার করা হয়েছে।","ভালবাসার কথা বলা হয়েছে।
পারিবারিক মোহ প্রকাশ পাচ্ছে।
ইতিবাচক শব্দ ব্যবহার করা হয়েছে।","ভালবাসা প্রকাশ পাচ্ছে।
পারিবারিক মোহ দেখা যাচ্ছে।
ইতিবাচক শব্দ ব্যবহার করা হয়েছে।","ভালবাসা প্রকাশ পাচ্ছে বলেই সঠিক।
পারিবারিক মোহ দেখা যাচ্ছে বলে সঠিক।
ইতিবাচক শব্দ ব্যবহার করা হয়েছে।","ভালবাসা প্রকাশ পাচ্ছে।
পারিবারিক মোহ দেখা যাচ্ছে।
ইতিবাচক শব্দ ব্যবহার।","ভালবাসা প্রকাশ পাচ্ছে।
পারিবারিক মোহ দেখা যাচ্ছে।
ইতিবাচক শব্দ ব্যবহার।","ভালবাসা প্রকাশ পাচ্ছে বলেই সঠিক।
পারিবারিক মোহ দেখা যাচ্ছে বলে সঠিক।
ইতিবাচক শব্দ ব্যবহার করা হয়েছে।","ভালবাসা প্রকাশ পাচ্ছে।
পারিবারিক মোহ দেখা যাচ্ছে।
ইতিবাচক শব্দ ব্যবহার।","ভালবাসা প্রকাশ পাচ্ছে বলেই।
পারিবারিক মোহ দেখা যাচ্ছে।
ইতিবাচক শব্দ ব্যবহার করা হয়েছে।","ভালবাসা প্রকাশ পাওয়া যাচ্ছে।
পারিবারিক মোহ দেখা যাচ্ছে।
ইতিবাচক শব্দ ব্যবহার করা হয়েছে।","ভালবাসা প্রকাশ পাওয়া যাচ্ছে।
পারিবারিক মোহ দেখা যাচ্ছে।
ইতিবাচক শব্দ ব্যবহার করা হয়েছে।","ভালবাসা প্রকাশ পাওয়া যাচ্ছে।
পারিবারিক মোহ দেখা যাচ্ছে।
ইতিবাচক শব্দ ব্যবহার করা হয়েছে।","ভালবাসা প্রকাশ পাওয়া যাচ্ছে।
পারিবারিক মোহ দেখা যাচ্ছে।
ইতিবাচক শব্দ ব্যবহার করা হয়েছে।","ভালবাসা প্রকাশ পাওয়া যাচ্ছে।
পারিবারিক মোহ দেখা যাচ্ছে।
ইতিবাচক শব্দ ব্যবহার করা হয়েছে।","ভালবাসা প্রকাশ পাওয়া যাচ্ছে।
পারিবারিক মোহ দেখা যাচ্ছে।
ইতিবাচক শব্দ ব্যবহার করা হয়েছে।","ভালবাসা প্রকাশ পাওয়া যাচ্ছে।
পারিবারিক মোহ দেখা যাচ্ছে।
ইতিবাচক শব্দ ব্যবহার করা হয়েছে।","ভালবাসা প্রকাশ পাওয়া যাচ্ছে।
পারিবারিক মোহ দেখা যাচ্ছে।
ইতিবাচক শব্দ ব্যবহার করা হয়েছে।"
"মেয়েদের কমেন্টে লাইক পড়ছে হাজার, শত শত। আমি এত সুন্দর কমেন্ট করলাম আমার কমেন্টের একটাও লাইক নাই। এটা আমার প্রতি অবিচার। ",Gender,Not Hateful,"হালকা রসিকতার মাধ্যমে নিজের অনুভূতি প্রকাশ।
কোনো আক্রমণাত্মক বা বিরূপ শব্দ ব্যবহার হয়নি।
মজার ছলে বৈষম্যের অনুভূতি ব্যক্ত করা হয়েছে।","মজার ছলে অভিযোগ করা হয়েছে।
বৈষম্যের অনুভূতি প্রকাশ করা হয়েছে।
হালকা রসিকতা ব্যবহার করা হয়েছে।","মজার ছলে অভিযোগ করা হয়েছে।
বৈষম্যের অনুভূতি প্রকাশ করা হয়েছে।
হালকা রসিকতা ব্যবহার করা হয়েছে।","মজার ছলে অভিযোগ করা হয়েছে কারণ লেখক হাস্যরস ব্যবহার করেছেন।
বৈষম্যের অনুভূতি প্রকাশ করা হয়েছে কারণ লেখক অন্যায় অনুভব করেছেন।
হালকা রসিকতা ব্যবহার করা হয়ে�","লেখক হাস্যরস ব্যবহার করেছেন।
অন্যায় অনুভব করেছেন লেখক।
হালকা রসিকতা ব্যবহার করা হয়েছে।","লেখক হাস্যরস ব্যবহার করেছেন বলে মনে হয়।
অন্যায় অনুভব করেছেন লেখক স্পষ্ট।
হালকা রসিকতা ব্যবহার করা হয়েছে এখানে।","লেখক হাস্যরস ব্যবহার করেছেন।
অন্যায় অনুভব করেছেন লেখক।
হালকা রসিকতা ব্যবহার করা হয়েছে।","লেখক হাস্যরস ব্যবহার করেছেন কারণ তিনি নিজের অবস্থাকে রসাত্মকভাবে বর্ণনা করেছেন।
অন্যায় অনুভব করেছেন লেখক কারণ তিনি নিজের প্রতি অবিচার অনুভব করেছেন।
হালকা রসিকতা ব্যবহ","লেখক হাস্যরস ব্যবহার করেছেন।
অন্যায় অনুভব করেছেন লেখক।
হালকা রসিকতা ব্যবহার।","লেখক হাস্যরস ব্যবহার করেছেন কারণ তিনি নিজের অবস্থাকে রসাত্মকভাবে বর্ণনা করেছেন।
লেখক অন্যায় অনুভব করেছেন কারণ তিনি নিজের প্রতি অবিচার বোধ করেছেন।
লেখক হালকা রসিকতা ব্য","লেখক নিজের অবস্থাকে রসাত্মকভাবে বর্ণনা করেছেন।
লেখক অবিচার বোধ করেছেন বলে মনে হয়।
লেখকের কথায় হাস্যরস আছে।","লেখক নিজের অবস্থাকে রসাত্মকভাবে বর্ণনা করেছেন কারণ তিনি অবিচার বোধ করছেন।
লেখকের কথায় হাস্যরস আছে কারণ তিনি নিজের কমেন্টে লাইক না পাওয়াকে অবিচার বলছেন।
লেখক অবিচার ব�","লেখক নিজের অবস্থাকে রসাত্মকভাবে বর্ণনা করেছেন।
লেখকের কথায় হাস্যরস আছে।
লেখক অবিচার বোধ করছেন।","লেখক নিজের অবস্থাকে নেতিবাচকভাবে বর্ণনা করেছেন।
লেখকের কথায় হাস্যরস নেই।
লেখক অবিচার বোধ করছেন।","লেখক নিজের অবস্থাকে নেতিবাচকভাবে বর্ণনা করেছেন।
লেখকের কথায় অবিচার বোধ করছেন।
লেখক ন্যায্য বিচার চাইছেন।","লেখক নিজের অবস্থাকে নেতিবাচকভাবে বর্ণনা করেছেন।
অবিচার বোধ করছেন লেখক।
ন্যায্য বিচার চাইছেন লেখক।","লেখক নিজের অবস্থাকে নেতিবাচকভাবে বর্ণনা করেছেন।
অন্যদের সাথে তুলনা করছেন।
ন্যায্য বিচার চাইছেন।","নিজের অবস্থাকে নেতিবাচকভাবে বর্ণনা করেছেন।
অন্যদের সাথে তুলনা করছেন।
ন্যায্য বিচার চাইছেন।","নিজের অবস্থাকে নেতিবাচকভাবে বর্ণনা করেছেন।
অন্যদের সাথে তুলনা করছেন।
ন্যায্য বিচার চাইছেন।","নিজের অবস্থাকে নেতিবাচকভাবে বর্ণনা করেছেন।
অন্যদের সাথে তুলনা করছেন।
ন্যায্য বিচার চাইছেন।","নিজের অবস্থাকে নেতিবাচকভাবে বর্ণনা করেছেন।
অন্যদের সাথে তুলনা করছেন।
ন্যায্য বিচার চাইছেন।","নিজের অবস্থাকে নেতিবাচকভাবে বর্ণনা করেছেন।
অন্যদের সাথে তুলনা করছেন।
ন্যায্য বিচার চাইছেন।"
দেশনেত্রী বেগম খালেদা জিয়া জীপে না চড়ে প্রাইভেট কারে উঠে ঝুলবাজদের কবল থেকে কিছু সময়ের জন্য অন্তত নিজেকে সুরক্ষা করেছেন।,Gender,Not Hateful,"নেত্রীর প্রতিরক্ষা উদ্যোগের প্রতি ইতিবাচক দৃষ্টিভঙ্গি প্রকাশ।
বক্তব্যে নেত্রীর প্রতি সম্মান ও সহানুভূতি প্রকাশিত।
কোনো অবমাননাকর বা নেতিবাচক শব্দ ব্যবহার হয়নি।","নেত্রীর প্রতি সম্মান প্রকাশ।
ঝুলবাজদের কবল থেকে রক্ষা।
ইতিবাচক দৃষ্টিভঙ্গি প্রকাশ।","নেত্রীর প্রতি শ্রদ্ধা আছে।
ঝুলবাজদের কবল থেকে মুক্তি।
ইতিবাচক মনোভাব প্রকাশ হয়েছে।","নেত্রীর প্রতি শ্রদ্ধা প্রকাশ।
ইতিবাচক মনোভাব রয়েছে।
ঝুলবাজদের প্রতি ঘৃণা দেখা যায়।","নেত্রীর প্রতি শ্রদ্ধা প্রকাশ করা হয়েছে।
ইতিবাচক মনোভাব প্রকাশ পাচ্ছে।
ঝুলবাজদের প্রতি ঘৃণা দেখা যাচ্ছে।","নেত্রীর প্রতি শ্রদ্ধা দেখা যাচ্ছে।
ইতিবাচক মনোভাব প্রকাশ পাচ্ছে।
ঝুলবাজদের প্রতি ঘৃণা প্রকাশ পাচ্ছে।","নেত্রীর প্রতি শ্রদ্ধা দেখা যাচ্ছে।
ইতিবাচক মনোভাব প্রকাশ পাচ্ছে।
ঝুলবাজদের প্রতি ঘৃণা প্রকাশ পাচ্ছে।","নেত্রীর প্রতি শ্রদ্ধা প্রকাশ পাচ্ছে।
ইতিবাচক মনোভাব দেখা যাচ্ছে।
ঝুলবাজদের প্রতি ঘৃণা প্রকাশ।","নেত্রীর প্রতি শ্রদ্ধা প্রকাশ হচ্ছে।
ইতিবাচক মনোভাব দেখা যাচ্ছে।
ঝুলবাজদের প্রতি ঘৃণা প্রকাশ।","নেত্রীর প্রতি শ্রদ্ধা দেখা যাচ্ছে।
ইতিবাচক মনোভাব প্রকাশ পাচ্ছে।
ঝুলবাজদের প্রতি ঘৃণা প্রকাশ হচ্ছে।","নেত্রীর প্রতি শ্রদ্ধা দেখা যাচ্ছে।
ইতিবাচক মনোভাব প্রকাশ পাচ্ছে।
ঝুলবাজদের প্রতি ঘৃণা প্রকাশ হচ্ছে।","নেত্রীর প্রতি শ্রদ্ধা দেখা যাচ্ছে।
ইতিবাচক মনোভাব প্রকাশ পাচ্ছে।
ঝুলবাজদের প্রতি ঘৃণা প্রকাশ হচ্ছে।","নেত্রীর প্রতি শ্রদ্ধা দেখা যাচ্ছে।
ইতিবাচক মনোভাব প্রকাশ পাচ্ছে।
ঝুলবাজদের প্রতি ঘৃণা প্রকাশ হচ্ছে।","নেত্রীর প্রতি শ্রদ্ধা প্রকাশ পাচ্ছে।
ইতিবাচক মনোভাব দেখা যাচ্ছে।
ঝুলবাজদের প্রতি ঘৃণা প্রকাশ।","নেত্রীর প্রতি শ্রদ্ধা প্রকাশ হচ্ছে।
ইতিবাচক মনোভাব দেখা যাচ্ছে।
ঝুলবাজদের প্রতি ঘৃণা প্রকাশ।","নেত্রীর প্রতি শ্রদ্ধা দেখা যাচ্ছে।
ইতিবাচক মনোভাব প্রকাশ পাচ্ছে।
ঝুলবাজদের প্রতি ঘৃণা প্রকাশ হচ্ছে।","নেত্রীর প্রতি শ্রদ্ধা দেখা যাচ্ছে।
ইতিবাচক মনোভাব প্রকাশ পাচ্ছে।
ঝুলবাজদের প্রতি ঘৃণা প্রকাশ হচ্ছে।","নেত্রীর প্রতি শ্রদ্ধা দেখা যাচ্ছে।
ইতিবাচক মনোভাব প্রকাশ পাচ্ছে।
ঝুলবাজদের প্রতি ঘৃণা প্রকাশ হচ্ছে।","নেত্রীর প্রতি শ্রদ্ধা প্রকাশ পাচ্ছে।
ইতিবাচক মনোভাব দেখা যাচ্ছে।
ঝুলবাজদের প্রতি ঘৃণা প্রকাশ।","নেত্রীর প্রতি শ্রদ্ধা প্রকাশ হচ্ছে।
ইতিবাচক মনোভাব দেখা যাচ্ছে।
ঝুলবাজদের প্রতি ঘৃণা প্রকাশ।","নেত্রীর প্রতি শ্রদ্ধা প্রকাশ হচ্ছে।
ইতিবাচক মনোভাব দেখা যাচ্ছে।
ঝুলবাজদের প্রতি ঘৃণা প্রকাশ।","নেত্রীর প্রতি শ্রদ্ধা দেখা যাচ্ছে।
ইতিবাচক মনোভাব প্রকাশ পাচ্ছে।
ঝুলবাজদের প্রতি ঘৃণা প্রকাশ হচ্ছে।"
মীর শওকত আলী রাইট,Gender,Not Hateful,"সরল ও ইতিবাচক মন্তব্য।
ব্যক্তিকে সঠিক তথ্যের জন্য সমর্থন জানানো হয়েছে।
কোনো নেতিবাচক বা আক্রমণাত্মক ইঙ্গিত নেই।","সমর্থন জানানো হয়েছে।
নেতিবাচক ইঙ্গিত নেই।
ইতিবাচক মন্তব্য করা।","ইতিবাচক শব্দ ব্যবহার করা হয়েছে।
নেতিবাচক অর্থ নেই।
সমর্থনমূলক শব্দ রয়েছে।","শব্দটি ইতিবাচক।
নেতিবাচক অর্থ নেই।
সমর্থন করা হয়েছে।","শব্দটি ইতিবাচক বলে মনে হয়।
নেতিবাচক অর্থ নেই এখানে।
সমর্থন করা হয়েছে এটি।","ইতিবাচক শব্দ ব্যবহার করা হয়েছে।
নেতিবাচকতা নেই এখানে।
সমর্থনমূলক অভিব্যক্তি।","ইতিবাচক শব্দ ব্যবহার করা হয়েছে।
নেতিবাচকতা নেই এখানে।
সমর্থনমূলক অভিব্যক্তি।","ইতিবাচক শব্দ ব্যবহার করা হয়েছে।
নেতিবাচকতা নেই এখানে।
সমর্থনমূলক অভিব্যক্তি।","ইতিবাচক শব্দ ব্যবহার করা হয়েছে।
নেতিবাচকতা নেই এখানে।
সমর্থনমূলক অভিব্যক্তি।","ইতিবাচক শব্দ ব্যবহার করা হয়েছে।
নেতিবাচকতা নেই এখানে।
সমর্থনমূলক অভিব্যক্তি।","ইতিবাচক শব্দ ব্যবহার করা হয়েছে।
নেতিবাচকতা নেই এখানে।
সমর্থনমূলক অভিব্যক্তি।","শব্দটি ইতিবাচক।
নেতিবাচকতা নেই।
সমর্থন করা হয়েছে।","ইতিবাচক শব্দ ব্যবহার করা হয়েছে।
নেতিবাচকতা নেই বলে মনে হয়।
সমর্থনমূলক শব্দ রয়েছে।","ইতিবাচক শব্দ রয়েছে।
নেতিবাচকতা নেই।
সমর্থন করা হয়েছে।","ইতিবাচক শব্দ রয়েছে।
নেতিবাচকতা নেই।
সমর্থন করা হয়েছে।","ইতিবাচক শব্দ রয়েছে।
নেতিবাচকতা নেই।
সমর্থন করা হয়েছে।","শব্দটি ইতিবাচক।
নেতিবাচকতা নেই।
সমর্থন করা হয়।","শব্দটি ইতিবাচক বলে মনে হয়।
নেতিবাচকতা নেই এখানে।
সমর্থন করা হয় এটা।","ইতিবাচক শব্দ ব্যবহার করা হয়েছে।
নেতিবাচকতা নেই এখানে।
সমর্থনমূলক বক্তব্য।","ইতিবাচক শব্দ ব্যবহার করা হয়েছে।
নেতিবাচকতা নেই এখানে।
সমর্থনমূলক বক্তব্য।","ইতিবাচক শব্দ ব্যবহার করা হয়েছে।
নেতিবাচকতা নেই এখানে।
সমর্থনমূলক বক্তব্য।","ইতিবাচক শব্দ ব্যবহার করা হয়েছে।
নেতিবাচকতা নেই এখানে।
সমর্থনমূলক বক্তব্য।"
আপু আপনার এই ছবিটা সত্যিই অনেক অনেক সুন্দর হইছে। আপনি সত্যিই অনেক অনেক সুন্দরী। আপনার ক্যামেরা ফেস খুবই চমৎকার। আমি বাংলাদেশে আপনার মতো এত নাইস ক্যামেরা ফেসের কোন মেয়ে এখনও পর্যন্ত দেখিনি। আপনার জন্য অনেক অনেক শুভকামনা ও দোয়া রইল আপু।,Gender,Not Hateful,"চমৎকারতা ও সৌন্দর্যের প্রশংসা প্রকাশ করা হয়েছে।
মন্তব্যটি পুরোপুরি ইতিবাচক ও সম্মানসূচক।
কোনো প্রকার আক্রমণাত্মক বা নেতিবাচক বক্তব্য নেই।","সুন্দর শব্দ ব্যবহার করা হয়েছে।
সম্মানসূচক ভাষা ব্যবহার করা হয়েছে।
ইতিবাচক মন্তব্য করা হয়েছে।","সুন্দর শব্দ ব্যবহার করা হয়েছে।
সম্মান প্রকাশ করা হয়েছে।
ইতিবাচক অভিব্যক্তি রয়েছে।","সুন্দর শব্দ ব্যবহার করা হয়েছে।
সম্মান প্রকাশ করা হয়েছে।
ইতিবাচক অভিব্যক্তি রয়েছে।","সুন্দর শব্দ ব্যবহার করা হয়েছে।
সম্মান প্রকাশ করা হয়েছে।
ইতিবাচক অভিব্যক্তি রয়েছে।","সুন্দর শব্দ ব্যবহার করা হয়েছে।
সম্মান প্রকাশ করা হয়েছে।
ইতিবাচক অভিব্যক্তি রয়েছে।","সুন্দর শব্দ ব্যবহার করা হয়েছে।
সম্মান প্রকাশ করা হয়েছে।
ইতিবাচক অভিব্যক্তি রয়েছে।","সুন্দর শব্দ ব্যবহার করা হয়েছে।
সম্মান প্রকাশ করা হয়েছে।
ইতিবাচক অভিব্যক্তি রয়েছে।","সুন্দর শব্দ ব্যবহার করা হয়েছে।
সম্মান প্রকাশ করা হয়েছে।
ইতিবাচক অভিব্যক্তি রয়েছে।","সুন্দর শব্দ ব্যবহার করা হয়েছে।
সম্মান প্রকাশ করা হয়েছে।
ইতিবাচক অভিব্যক্তি রয়েছে।","সুন্দর শব্দ ব্যবহার করা হয়েছে।
সম্মান প্রকাশ করা হয়েছে।
ইতিবাচক অভিব্যক্তি রয়েছে।","সুন্দর শব্দ ব্যবহার করা হয়েছে।
সম্মান প্রকাশ করা হয়েছে।
ইতিবাচক অভিব্যক্তি রয়েছে।","সুন্দর শব্দ ব্যবহার করা হয়েছে।
সম্মান প্রকাশ করা হয়েছে।
ইতিবাচক অভিব্যক্তি রয়েছে।","সুন্দর শব্দ ব্যবহার করা হয়েছে।
সম্মান প্রকাশ করা হয়েছে।
ইতিবাচক অভিব্যক্তি রয়েছে।","সুন্দর শব্দ ব্যবহার করা হয়েছে।
সম্মান প্রকাশ করা হয়েছে।
ইতিবাচক অভিব্যক্তি রয়েছে।","সুন্দর শব্দ ব্যবহার করা হয়েছে।
সম্মান প্রকাশ করা হয়েছে।
ইতিবাচক অভিব্যক্তি রয়েছে।","সুন্দর শব্দ ব্যবহার করা হয়েছে।
সম্মান প্রকাশ করা হয়েছে।
ইতিবাচক অভিব্যক্তি রয়েছে।","সুন্দর শব্দ ব্যবহার করা হয়েছে।
সম্মান প্রকাশ করা হয়েছে।
ইতিবাচক অভিব্যক্তি রয়েছে।","সুন্দর শব্দ ব্যবহার করা হয়েছে।
সম্মান প্রকাশ করা হয়েছে।
ইতিবাচক অভিব্যক্তি রয়েছে।","সুন্দর শব্দ ব্যবহার করা হয়েছে।
সম্মান প্রকাশ করা হয়েছে।
ইতিবাচক অভিব্যক্তি রয়েছে।","সুন্দর শব্দ ব্যবহার করা হয়েছে।
সম্মান প্রকাশ করা হয়েছে।
ইতিবাচক অভিব্যক্তি রয়েছে।","সুন্দর শব্দ ব্যবহার করা হয়েছে।
সম্মান প্রকাশ করা হয়েছে।
ইতিবাচক অভিব্যক্তি রয়েছে।"
বাংলাদেশের সেরা খেলাড়ি মিঃ সাকিব,Gender,Not Hateful,"দেশের প্রতি খেলোয়াড়ের অবদানের প্রশংসা করা হয়েছে।
মন্তব্যে সম্মান ও শ্রদ্ধা প্রকাশ পেয়েছে।
কোনো প্রকার অবমাননাকর কথা নেই।","খেলোয়াড়ের প্রশংসা করা হয়েছে।
সম্মান প্রকাশ পেয়েছে।
অবমাননা নেই।","খেলাড়ির প্রশংসা করা হয়েছে।
সম্মান প্রকাশ পাওয়া গেছে।
অবমাননা নেই।","খেলাড়ির প্রশংসা করা হয়েছে।
সম্মান প্রকাশ পাওয়া গেছে।
অবমাননা নেই।","খেলাড়ির প্রশংসা করা হয়েছে।
সম্মান প্রকাশ পাওয়া গেছে।
অবমাননা নেই।","সেরা খেলাড়ি বলা হয়েছে।
সম্মান প্রকাশ করা হয়েছে।
অবমাননা নেই।","সেরা খেলাড়ি বলা হয়েছে।
সম্মান প্রকাশ করা হয়েছে।
অবমাননা নেই।","সেরা খেলাড়ি বলা হয়েছে।
সম্মান প্রকাশ করা হয়েছে।
অবমাননা নেই।","সেরা খেলাড়ি বলা হয়েছে।
সম্মান প্রকাশ করা হয়েছে।
অবমাননা নেই।","সেরা খেলাড়ি বলা হয়েছে।
সম্মান প্রকাশ করা হয়েছে।
অবমাননা নেই।","সেরা খেলাড়ি বলা হয়েছে।
সম্মান প্রকাশ করা হয়েছে।
অবমাননা নেই।","সেরা খেলাড়ি বলা হয়েছে।
সম্মান প্রকাশ করা হয়েছে।
অবমাননা নেই।","সেরা খেলাড়ি বলা হয়েছে।
সম্মান প্রকাশ করা হয়েছে।
অবমাননা নেই।","সেরা খেলাড়ি বলা হয়েছে।
সম্মান প্রকাশ করা হয়েছে।
অবমাননা নেই।","সেরা খেলাড়ি বলা হয়েছে।
সম্মান প্রকাশ করা হয়েছে।
অবমাননা নেই।","সেরা খেলাড়ি বলা হয়েছে।
সম্মান প্রকাশ করা হয়েছে।
অবমাননা নেই।","সেরা খেলাড়ি বলা হয়েছে।
সম্মান প্রকাশ করা হয়েছে।
অবমাননা নেই।","সেরা খেলাড়ি বলা হয়েছে।
সম্মান প্রকাশ করা হয়েছে।
অবমাননা নেই।","সেরা খেলাড়ি বলা হয়েছে।
সম্মান প্রকাশ করা হয়েছে।
অবমাননা নেই।","সেরা খেলাড়ি বলা হয়েছে।
সম্মান প্রকাশ করা হয়েছে।
অবমাননা নেই।","সেরা খেলাড়ি বলা হয়েছে।
সম্মান প্রকাশ করা হয়েছে।
অবমাননা নেই।","সেরা খেলাড়ি বলা হয়েছে।
সম্মান প্রকাশ করা হয়েছে।
অবমাননা নেই।"
মিথিলা তোমার বাবা কেমন আছেতোমার বাবা নানা হবে কখন,Gender,Not Hateful,"সাধারণ কৌতূহল ও পারিবারিক জিজ্ঞাসা।
কোনো নেতিবাচক বা বিরূপ ইঙ্গিত নেই।
বন্ধুত্বপূর্ণ প্রশ্ন ও বিনয় প্রকাশ পেয়েছে।","প্রশ্ন করা হয়েছে বাবার বিষয়ে।
বন্ধুত্বপূর্ণ প্রশ্ন হিসেবে মনে হচ্ছে।
কোনো বিরূপ ইঙ্গিত নেই।","বাবার বিষয়ে জিজ্ঞাসা করা হয়েছে।
প্রশ্নটি বন্ধুত্বপূর্ণ।
কোনো বিরূপ ইঙ্গিত নেই।","প্রশ্নটি বন্ধুত্বপূর্ণ।
কোনো বিরূপ ইঙ্গিত নেই।
বাবার বিষয়ে জিজ্ঞাসা করা হয়েছে।","বন্ধুত্বপূর্ণ প্রশ্ন করা হয়েছে।
কোনো বিরূপ ইঙ্গিত নেই।
বাবার বিষয়ে জিজ্ঞাসা করা হয়েছে।","প্রশ্ন করা হয়েছে বাবার বিষয়ে।
বন্ধুত্বপূর্ণ আচরণ দেখা যাচ্ছে।
কোনো বিরূপ ইঙ্গিত নেই।","বাবার বিষয়ে জিজ্ঞাসা করা হয়েছে।
বন্ধুত্বপূর্ণ আচরণ দেখা যাচ্ছে।
কোনো বিরূপ ইঙ্গিত নেই।","প্রশ্ন করা হয়েছে বাবার বিষয়ে।
বন্ধুত্বপূর্ণ আচরণ দেখা যাচ্ছে।
কোনো বিরূপ ইঙ্গিত নেই।","বাবার বিষয়ে প্রশ্ন করা হয়েছে।
বন্ধুত্বপূর্ণ আচরণ দেখা যাচ্ছে।
কোনো বিরূপ ইঙ্গিত নেই।","প্রশ্ন করা হয়েছে বাবার বিষয়ে।
বন্ধুত্বপূর্ণ আচরণ দেখা যাচ্ছে।
কোনো বিরূপ ইঙ্গিত নেই।","বাবার বিষয়ে জিজ্ঞাসা করা হয়েছে।
বন্ধুত্বপূর্ণ আচরণ দেখা যাচ্ছে।
কোনো বিরূপ ইঙ্গিত নেই।","বাবার বিষয়ে জিজ্ঞাসা করা হয়েছে।
বন্ধুত্বপূর্ণ আচরণ দেখা যাচ্ছে।
কোনো বিরূপ ইঙ্গিত নেই।","বাবার বিষয়ে জিজ্ঞাসা করা হয়েছে।
বন্ধুত্বপূর্ণ আচরণ দেখা যাচ্ছে।
কোনো বিরূপ ইঙ্গিত নেই।","বাবার বিষয়ে জিজ্ঞাসা করা হয়েছে।
বন্ধুত্বপূর্ণ আচরণ দেখা যাচ্ছে।
কোনো বিরূপ ইঙ্গিত নেই।","বাবার বিষয়ে জিজ্ঞাসা করা হয়েছে।
বন্ধুত্বপূর্ণ আচরণ দেখা যাচ্ছে।
কোনো বিরূপ ইঙ্গিত নেই।","বাবার বিষয়ে জিজ্ঞাসা করা হয়েছে।
বন্ধুত্বপূর্ণ আচরণ দেখা যাচ্ছে।
কোনো বিরূপ ইঙ্গিত নেই।","বাবার বিষয়ে জিজ্ঞাসা করা হয়েছে।
বন্ধুত্বপূর্ণ আচরণ দেখা যাচ্ছে।
কোনো বিরূপ ইঙ্গিত নেই।","প্রশ্ন করা হয়েছে বাবার বিষয়ে।
বন্ধুত্বপূর্ণ আচরণ দেখা যাচ্ছে।
কোনো বিরূপ ইঙ্গিত নেই।","বাবার বিষয়ে জিজ্ঞাসা করা হয়েছে।
বন্ধুত্বপূর্ণ আচরণ দেখা যাচ্ছে।
কোনো বিরূপ ইঙ্গিত নেই।","বাবার বিষয়ে জিজ্ঞাসা করা হয়েছে।
বন্ধুত্বপূর্ণ আচরণ দেখা যাচ্ছে।
কোনো বিরূপ ইঙ্গিত নেই।","বাবার বিষয়ে জিজ্ঞাসা করা হয়েছে।
বন্ধুত্বপূর্ণ আচরণ দেখা যাচ্ছে।
কোনো বিরূপ ইঙ্গিত নেই।","বাবার বিষয়ে জিজ্ঞাসা করা হয়েছে।
বন্ধুত্বপূর্ণ আচরণ দেখা যাচ্ছে।
কোনো বিরূপ ইঙ্গিত নেই।"
শেখ হাসিনার ছালাম নিন নৌকা মার্কায় ভোট দিন,Gender,Not Hateful,"রাজনৈতিক মতামত ও সমর্থন প্রকাশ করা হয়েছে।
কোনো আক্রমণাত্মক বা বিতর্কিত শব্দ নেই।
নির্বাচন প্রক্রিয়ার প্রতি ইতিবাচক মনোভাব।","রাজনৈতিক সমর্থন প্রকাশ করা হয়েছে
নৌকা মার্কায় ভোট দিন বলা হয়েছে
ইতিবাচক মনোভাব প্রকাশ করা হয়েছে","নৌকা মার্কা উল্লেখ করা হয়েছে
রাজনৈতিক দলের প্রতি সমর্থন
ইতিবাচক শব্দ ব্যবহার করা হয়েছে","নৌকা মার্কা উল্লেখ করা হয়েছে
রাজনৈতিক সমর্থন প্রকাশ পাচ্ছে
ইতিবাচক শব্দ ব্যবহার করা হয়েছে","নৌকা মার্কা উল্লেখ করা হয়েছে।
রাজনৈতিক সমর্থন প্রকাশ পাচ্ছে।
ইতিবাচক শব্দ ব্যবহার করা হয়েছে।","নৌকা মার্কা উল্লেখ করা হয়েছে।
রাজনৈতিক সমর্থন প্রকাশ পাচ্ছে।
ইতিবাচক শব্দ ব্যবহার করা হয়েছে।","নৌকা মার্কা উল্লেখ করা হয়েছে।
রাজনৈতিক সমর্থন প্রকাশ পাচ্ছে।
ইতিবাচক শব্দ ব্যবহার করা হয়েছে।","নৌকা মার্কা উল্লেখ করা হয়েছে।
রাজনৈতিক সমর্থন প্রকাশ পাচ্ছে।
ইতিবাচক শব্দ ব্যবহার করা হয়েছে।","নৌকা মার্কা উল্লেখ করা হয়েছে।
রাজনৈতিক সমর্থন প্রকাশ পাচ্ছে।
ইতিবাচক শব্দ ব্যবহার করা হয়েছে।","নৌকা মার্কা উল্লেখ করা হয়েছে।
রাজনৈতিক সমর্থন প্রকাশ পাচ্ছে।
ইতিবাচক শব্দ ব্যবহার করা হয়েছে।","নৌকা মার্কা উল্লেখ করা হয়েছে।
রাজনৈতিক সমর্থন প্রকাশ পাচ্ছে।
ইতিবাচক শব্দ ব্যবহার করা হয়েছে।","নৌকা মার্কা উল্লেখ করা হয়েছে।
রাজনৈতিক সমর্থন প্রকাশ পাচ্ছে।
ইতিবাচক শব্দ ব্যবহার করা হয়েছে।","নৌকা মার্কা উল্লেখ করা হয়েছে।
রাজনৈতিক সমর্থন প্রকাশ পাচ্ছে।
ইতিবাচক শব্দ ব্যবহার করা হয়েছে।","নৌকা মার্কা উল্লেখ করা হয়েছে।
রাজনৈতিক সমর্থন প্রকাশ পাচ্ছে।
ইতিবাচক শব্দ ব্যবহার করা হয়েছে।","নৌকা মার্কা উল্লেখ করা হয়েছে।
রাজনৈতিক সমর্থন প্রকাশ পাচ্ছে।
ইতিবাচক শব্দ ব্যবহার করা হয়েছে।","নৌকা মার্কা উল্লেখ করা হয়েছে।
রাজনৈতিক সমর্থন প্রকাশ পাচ্ছে।
ইতিবাচক শব্দ ব্যবহার করা হয়েছে।","নৌকা মার্কা উল্লেখ করা হয়েছে।
রাজনৈতিক সমর্থন প্রকাশ পাচ্ছে।
ইতিবাচক শব্দ ব্যবহার করা হয়েছে।","নৌকা মার্কা উল্লেখ করা হয়েছে।
রাজনৈতিক সমর্থন প্রকাশ পাচ্ছে।
ইতিবাচক শব্দ ব্যবহার করা হয়েছে।","নৌকা মার্কা উল্লেখ করা হয়েছে।
রাজনৈতিক সমর্থন প্রকাশ পাচ্ছে।
ইতিবাচক শব্দ ব্যবহার করা হয়েছে।","নৌকা মার্কা উল্লেখ করা হয়েছে।
রাজনৈতিক সমর্থন প্রকাশ পাচ্ছে।
ইতিবাচক শব্দ ব্যবহার করা হয়েছে।","নৌকা মার্কা উল্লেখ করা হয়েছে।
রাজনৈতিক সমর্থন প্রকাশ পাচ্ছে।
ইতিবাচক শব্দ ব্যবহার করা হয়েছে।","নৌকা মার্কা উল্লেখ করা হয়েছে।
রাজনৈতিক সমর্থন প্রকাশ পাচ্ছে।
ইতিবাচক শব্দ ব্যবহার করা হয়েছে।"
ধন্যবাদ জনাব হিরো আলম আপনার এই সাহসি বক্তব্য দেওয়ার জন্য। এইসব অশিক্ষিত ও অপদার্থ গুলার জন্য আজকে চলচিত্রের এই অবস্থা।,Gender,Not Hateful,"সাহসিকতার প্রশংসা করা হয়েছে।
চলচ্চিত্রের বর্তমান পরিস্থিতি নিয়ে হতাশা ব্যক্ত।
নেতিবাচক শব্দ ব্যবহারের অভাব রয়েছে।","সাহসি বক্তব্য প্রশংসনীয়।
অশিক্ষিত শব্দ ব্যবহার করা হয়েছে।
হতাশা প্রকাশ পাচ্ছে।","অশিক্ষিত শব্দ ব্যবহার করা হয়েছে।
হতাশা প্রকাশ পাচ্ছে।
সাহস প্রশংসনীয় বলা হয়েছে।","অশিক্ষিত শব্দ ব্যবহার করা হয়েছে।
হতাশা প্রকাশ পাচ্ছে।
সাহস প্রশংসা করা হয়েছে।","অশিক্ষিত শব্দ ব্যবহার করা হয়েছে।
হতাশা প্রকাশ পাচ্ছে স্পষ্ট।
সাহস প্রশংসা করা হয়েছে সত্যি।","অশিক্ষিত শব্দ ব্যবহার করা হয়েছে।
হতাশা প্রকাশ পাচ্ছে স্পষ্ট।
অপদার্থ শব্দ ব্যবহার করা হয়েছে।","অশিক্ষিত শব্দ ব্যবহার করা হয়েছে।
অপদার্থ শব্দ ব্যবহার করা হয়েছে।
হতাশা প্রকাশ পাচ্ছে স্পষ্ট।","অশিক্ষিত শব্দ ব্যবহার করা হয়েছে।
অপদার্থ শব্দ ব্যবহার করা হয়েছে।
হতাশা প্রকাশ পাচ্ছে স্পষ্ট।","অশিক্ষিত শব্দ ব্যবহার করা হয়েছে।
অপদার্থ শব্দ ব্যবহার করা হয়েছে।
হতাশা প্রকাশ পাচ্ছে স্পষ্ট।","অশিক্ষিত শব্দ ব্যবহার করা হয়েছে।
অপদার্থ শব্দ ব্যবহার করা হয়েছে।
হতাশা প্রকাশ পাচ্ছে স্পষ্ট।","অশিক্ষিত শব্দ ব্যবহার করা হয়েছে।
অপদার্থ শব্দ ব্যবহার করা হয়েছে।
হতাশা প্রকাশ পাচ্ছে স্পষ্ট।","অশিক্ষিত শব্দ ব্যবহার করা হয়েছে।
অপদার্থ শব্দ ব্যবহার করা হয়েছে।
হতাশা প্রকাশ পাচ্ছে স্পষ্ট।","অশিক্ষিত শব্দ ব্যবহার করা হয়েছে।
অপদার্থ শব্দ ব্যবহার করা হয়েছে।
হতাশা প্রকাশ পাচ্ছে স্পষ্ট।","অশিক্ষিত শব্দ ব্যবহার করা হয়েছে।
অপদার্থ শব্দ ব্যবহার করা হয়েছে।
হতাশা প্রকাশ পাচ্ছে স্পষ্ট।","অশিক্ষিত শব্দ ব্যবহার করা হয়েছে।
অপদার্থ শব্দ ব্যবহার করা হয়েছে।
হতাশা প্রকাশ পাচ্ছে স্পষ্ট।","অশিক্ষিত শব্দ ব্যবহার করা হয়েছে।
অপদার্থ শব্দ ব্যবহার করা হয়েছে।
হতাশা প্রকাশ পাচ্ছে স্পষ্ট।","অশিক্ষিত শব্দ ব্যবহার করা হয়েছে।
অপদার্থ শব্দ ব্যবহার করা হয়েছে।
হতাশা প্রকাশ পাচ্ছে স্পষ্ট।","অশিক্ষিত শব্দ ব্যবহার করা হয়েছে।
অপদার্থ শব্দ ব্যবহার করা হয়েছে।
হতাশা প্রকাশ পাচ্ছে স্পষ্ট।","অশিক্ষিত শব্দ ব্যবহার করা হয়েছে।
অপদার্থ শব্দ ব্যবহার করা হয়েছে।
হতাশা প্রকাশ পাচ্ছে স্পষ্ট।","অশিক্ষিত শব্দ ব্যবহার করা হয়েছে।
অপদার্থ শব্দ ব্যবহার করা হয়েছে।
হতাশা প্রকাশ পাচ্ছে স্পষ্ট।","অশিক্ষিত শব্দ ব্যবহার করা হয়েছে।
অপদার্থ শব্দ ব্যবহার করা হয়েছে।
হতাশা প্রকাশ পাচ্ছে স্পষ্ট।","অশিক্ষিত শব্দ ব্যবহার করা হয়েছে।
অপদার্থ শব্দ ব্যবহার করা হয়েছে।
হতাশা প্রকাশ পাচ্ছে স্পষ্ট।"
ভাই আপনার সঠিক সুন্দর আলোচনার জন্য অনেক অনেক ধন্যবাদ।,Gender,Not Hateful,"আলোচনার প্রতি সমর্থন ও কৃতজ্ঞতা প্রকাশ।
বক্তব্যে ইতিবাচক ও শালীন শব্দ ব্যবহৃত।
আলোচনা ফলপ্রসূ বলে প্রতীয়মান হয়েছে।","ধন্যবাদ শব্দটি ব্যবহার করা হয়েছে।
সুন্দর শব্দটি ব্যবহার করা হয়েছে।
সমর্থন প্রকাশ করা হয়েছে।","ধন্যবাদ শব্দটি ব্যবহার করা হয়েছে।
সুন্দর শব্দটি ইতিবাচক।
সমর্থন প্রকাশ করা হয়েছে।","ধন্যবাদ শব্দটি ব্যবহার করা হয়েছে।
সুন্দর শব্দটি ইতিবাচক।
সমর্থন প্রকাশ করা হয়েছে।","ধন্যবাদ শব্দটি ব্যবহার করা হয়েছে।
সুন্দর শব্দটি ইতিবাচক।
সমর্থন প্রকাশ করা হয়েছে।","ধন্যবাদ শব্দটি ব্যবহার করা হয়েছে।
সুন্দর শব্দটি ইতিবাচক।
সমর্থন প্রকাশ করা হয়েছে।","ধন্যবাদ শব্দটি ব্যবহার করা হয়েছে।
সুন্দর শব্দটি ইতিবাচক।
সমর্থন প্রকাশ করা হয়েছে।","ধন্যবাদ শব্দটি ব্যবহার করা হয়েছে।
সুন্দর শব্দটি ইতিবাচক।
সমর্থন প্রকাশ করা হয়েছে।","ধন্যবাদ শব্দটি ব্যবহার করা হয়েছে।
সুন্দর শব্দটি ইতিবাচক।
সমর্থন প্রকাশ করা হয়েছে।","ধন্যবাদ শব্দটি ব্যবহার করা হয়েছে।
সুন্দর শব্দটি ইতিবাচক।
সমর্থন প্রকাশ করা হয়েছে।","ধন্যবাদ শব্দটি ব্যবহার করা হয়েছে।
সুন্দর শব্দটি ইতিবাচক।
সমর্থন প্রকাশ করা হয়েছে।","ধন্যবাদ শব্দটি ইতিবাচক।
সুন্দর শব্দটি প্রশংসা।
সমর্থন প্রকাশ হয়েছে।","ধন্যবাদ শব্দটি ইতিবাচক।
সুন্দর শব্দটি প্রশংসা।
সমর্থন প্রকাশ হয়েছে।","ধন্যবাদ শব্দটি ইতিবাচক।
সুন্দর শব্দটি প্রশংসা।
সমর্থন প্রকাশ হয়েছে।","ধন্যবাদ শব্দটি ইতিবাচক।
সুন্দর শব্দটি প্রশংসা।
সমর্থন প্রকাশ হয়েছে।","ধন্যবাদ শব্দটি ইতিবাচক।
সুন্দর শব্দটি প্রশংসা।
সমর্থন প্রকাশ হয়েছে।","ধন্যবাদ শব্দটি ইতিবাচক।
সুন্দর শব্দটি প্রশংসা।
সমর্থন প্রকাশ হয়েছে।","ধন্যবাদ শব্দটি ইতিবাচক।
সুন্দর শব্দটি প্রশংসা।
সমর্থন প্রকাশ হয়েছে।","ধন্যবাদ শব্দটি ইতিবাচক।
সুন্দর শব্দটি প্রশংসা।
সমর্থন প্রকাশ হয়েছে।","ধন্যবাদ শব্দটি ইতিবাচক।
সুন্দর শব্দটি প্রশংসা।
সমর্থন প্রকাশ হয়েছে।","ধন্যবাদ শব্দটি ইতিবাচক।
সুন্দর শব্দটি প্রশংসা।
সমর্থন প্রকাশ হয়েছে।","ধন্যবাদ শব্দটি ইতিবাচক।
সুন্দর শব্দটি প্রশংসা।
সমর্থন প্রকাশ হয়েছে।"
মিথিলার বোন,Gender,Not Hateful,"সাধারণ পরিচিতি বা সম্পর্কের উল্লেখ করা হয়েছে।
কোনো নেতিবাচক বা আক্রমণাত্মক ভাষা ব্যবহার নেই।
নিরপেক্ষ ও সরল ভাষায় মন্তব্য।","সম্পর্কের উল্লেখ আছে।
নেতিবাচক ভাষা নেই।
নিরপেক্ষ ভাষা ব্যবহার।","সম্পর্কের উল্লেখ আছে।
নেতিবাচক ভাষা নেই।
নিরপেক্ষ ভাষা ব্যবহার।","সম্পর্কের উল্লেখ আছে।
নেতিবাচক ভাষা নেই।
নিরপেক্ষ ভাষা ব্যবহার।","সম্পর্কের উল্লেখ আছে।
নেতিবাচক ভাষা নেই।
নিরপেক্ষ ভাষা ব্যবহার।","সম্পর্কের উল্লেখ আছে।
নেতিবাচক ভাষা নেই।
পরিবারের সম্পর্ক।","পরিবারের সম্পর্ক উল্লেখ আছে।
সম্পর্কের কথা বলা হয়েছে।
পরিবারের সদস্য উল্লেখ আছে।","পরিবারের সম্পর্ক উল্লেখ আছে।
বোন শব্দটি পরিবারের।
সম্পর্ক বলা হয়েছে।","পরিবারের সম্পর্ক উল্লেখ আছে।
বোন শব্দটি পরিবারের।
সম্পর্ক বলা হয়েছে।","পরিবারের সম্পর্ক উল্লেখ আছে।
বোন শব্দটি পরিবারের।
সম্পর্ক বলা হয়েছে।","পরিবারের সম্পর্ক উল্লেখ আছে।
বোন শব্দটি পরিবারের।
সম্পর্ক বলা হয়েছে।","পরিবারের সম্পর্ক উল্লেখ আছে।
বোন শব্দটি পরিবারের।
সম্পর্ক বলা হয়েছে।","পরিবারের সম্পর্ক উল্লেখ আছে।
বোন শব্দটি পরিবারের।
সম্পর্ক বলা হয়েছে।","পরিবারের সম্পর্ক উল্লেখ আছে।
বোন শব্দটি পরিবারের।
সম্পর্ক বলা হয়েছে।","পরিবারের সম্পর্ক উল্লেখ আছে।
বোন শব্দটি পরিবারের।
সম্পর্ক বলা হয়েছে।","পরিবারের সম্পর্ক উল্লেখ আছে।
বোন শব্দটি পরিবারের।
সম্পর্ক বলা হয়েছে।","পরিবারের সম্পর্ক উল্লেখ আছে।
বোন শব্দটি পরিবারের।
সম্পর্ক বলা হয়েছে।","পরিবারের সম্পর্ক উল্লেখ আছে।
বোন শব্দটি পরিবারের।
সম্পর্ক বলা হয়েছে।","পরিবারের সম্পর্ক উল্লেখ আছে।
বোন শব্দটি পরিবারের।
সম্পর্ক বলা হয়েছে।","পরিবারের সম্পর্ক উল্লেখ আছে।
বোন শব্দটি পরিবারের।
সম্পর্ক বলা হয়েছে।","পরিবারের সম্পর্ক উল্লেখ আছে।
বোন শব্দটি পরিবারের।
সম্পর্ক বলা হয়েছে।","পরিবারের সম্পর্ক উল্লেখ আছে।
বোন শব্দটি পরিবারের।
সম্পর্ক বলা হয়েছে।"
"ভাই আপনার ফার্মের শ্রমিকদের বেতন নিয়ে যে সংবাদ বের হলো তা কি সত্যি,আমরা আপনাকে আইকন মানি,প্লিজ তা একটু ক্লিয়ার করে দিবেন।",Gender,Not Hateful,"প্রাসঙ্গিক তথ্য জানতে আগ্রহ প্রকাশ।
সমালোচনামূলক নয় বরং সম্মানসূচকভাবে জিজ্ঞাসা করা হয়েছে।
ব্যক্তি ও প্রতিষ্ঠানের প্রতি সম্মান প্রদর্শন।","সম্মানসূচকভাবে জিজ্ঞাসা করা হয়েছে।
প্রতিষ্ঠানের প্রতি সম্মান আছে।
সমালোচনা নেই শুধু জিজ্ঞাসা।","সম্মানসূচক ভাষা ব্যবহার করা হয়েছে।
প্রতিষ্ঠানের প্রতি শ্রদ্ধা আছে।
সমালোচনা নেই শুধু প্রশ্ন।","সম্মানসূচক ভাষা ব্যবহার করা হয়েছে।
প্রশ্ন করা হয়েছে সম্মান সহকারে।
শ্রদ্ধা প্রকাশ করা হয়েছে।","সম্মান প্রকাশ করা হয়েছে।
ভাই বলে সম্বোধন করা হয়েছে।
আইকন মানি বলে শ্রদ্ধা জানানো হয়েছে।","ভাই বলে সম্বোধন করা হয়েছে।
সম্মান প্রকাশ করা হয়েছে।
শ্রদ্ধা জানানো হয়েছে।","সম্মান প্রকাশ করা হয়েছে।
ভাই বলে সম্বোধন করা হয়েছে।
শ্রদ্ধা জানানো হয়েছে।","সম্মান প্রকাশ করা হয়েছে।
ভাই বলে সম্বোধন করা হয়েছে।
শ্রদ্ধা জানানো হয়েছে।","সম্মান প্রকাশ করা হয়েছে।
ভাই বলে সম্বোধন করা হয়েছে।
শ্রদ্ধা জানানো হয়েছে।","সম্মান প্রকাশ করা হয়েছে।
ভাই বলে সম্বোধন করা হয়েছে।
শ্রদ্ধা জানানো হয়েছে।","সম্মান প্রকাশ করা হয়েছে।
ভাই বলে সম্বোধন করা হয়েছে।
শ্রদ্ধা জানানো হয়েছে।","সম্মান প্রকাশ করা হয়েছে।
ভাই বলে সম্বোধন করা হয়েছে।
শ্রদ্ধা জানানো হয়েছে।","সম্মান প্রকাশ করা হয়েছে।
ভাই বলে সম্বোধন করা হয়েছে।
শ্রদ্ধা জানানো হয়েছে।","সম্মান প্রকাশ করা হয়েছে।
ভাই বলে সম্বোধন করা হয়েছে।
শ্রদ্ধা জানানো হয়েছে।","সম্মান প্রকাশ করা হয়েছে।
ভাই বলে সম্বোধন করা হয়েছে।
শ্রদ্ধা জানানো হয়েছে।","সম্মান প্রকাশ করা হয়েছে।
ভাই বলে সম্বোধন করা হয়েছে।
শ্রদ্ধা জানানো হয়েছে।","সম্মান প্রকাশ করা হয়েছে।
ভাই বলে সম্বোধন করা হয়েছে।
শ্রদ্ধা জানানো হয়েছে।","সম্মান প্রকাশ করা হয়েছে।
ভাই বলে সম্বোধন করা হয়েছে।
শ্রদ্ধা জানানো হয়েছে।","সম্মান প্রকাশ করা হয়েছে।
ভাই বলে সম্বোধন করা হয়েছে।
শ্রদ্ধা জানানো হয়েছে।","সম্মান প্রকাশ করা হয়েছে।
ভাই বলে সম্বোধন করা হয়েছে।
শ্রদ্ধা জানানো হয়েছে।","সম্মান প্রকাশ করা হয়েছে।
ভাই বলে সম্বোধন করা হয়েছে।
শ্রদ্ধা জানানো হয়েছে।","সম্মান প্রকাশ করা হয়েছে।
ভাই বলে সম্বোধন করা হয়েছে।
শ্রদ্ধা জানানো হয়েছে।"
"আসসালামুআলাইকুম প্রিয় নেতা, আন্তরিক অভিনন্দন ও শুভেচ্ছা রইল। ",Gender,Not Hateful,"প্রিয় নেতার প্রতি সম্মান ও শুভেচ্ছা জানানো হয়েছে।
বক্তব্য সম্পূর্ণ ইতিবাচক ও শালীন।
কোনো আক্রমণাত্মক বা বিদ্বেষমূলক শব্দ ব্যবহার নেই।","সম্মান জানানো হয়েছে।
শুভেচ্ছা রয়েছে।
ইতিবাচক শব্দ ব্যবহার।","সম্মান জানানো হয়েছে।
শুভেচ্ছা রয়েছে।
ইতিবাচক শব্দ ব্যবহার।","সম্মান জানানো হয়েছে।
শুভেচ্ছা রয়েছে।
ইতিবাচক শব্দ ব্যবহার।","সম্মান জানানো হয়েছে।
শুভেচ্ছা রয়েছে।
ইতিবাচক শব্দ ব্যবহার।","সম্মান জানানো হয়েছে।
শুভেচ্ছা রয়েছে।
ইতিবাচক শব্দ ব্যবহার।","সম্মান জানানো হয়েছে।
শুভেচ্ছা রয়েছে।
ইতিবাচক শব্দ ব্যবহার।","সম্মান জানানো হয়েছে।
শুভেচ্ছা রয়েছে।
ইতিবাচক শব্দ ব্যবহার।","সম্মান জানানো হয়েছে।
শুভেচ্ছা রয়েছে।
ইতিবাচক শব্দ ব্যবহার।","সম্মান জানানো হয়েছে।
ইতিবাচক শব্দ ব্যবহার।
শুভেচ্ছা জানানো হয়েছে।","সম্মান জানানো হয়েছে।
ইতিবাচক শব্দ ব্যবহার।
শুভেচ্ছা জানানো হয়েছে।","সম্মান জানানো হয়েছে।
ইতিবাচক শব্দ ব্যবহার।
শুভেচ্ছা জানানো হয়েছে।","সম্মান প্রকাশ করা হয়েছে।
ইতিবাচক শব্দ ব্যবহার করা।
শুভেচ্ছা জানানো হয়েছে।","সম্মান প্রকাশ করা হয়েছে।
ইতিবাচক শব্দ ব্যবহার করা।
শুভেচ্ছা জানানো হয়েছে।","সম্মান প্রকাশ করা হয়েছে।
ইতিবাচক শব্দ ব্যবহার করা।
শুভেচ্ছা জানানো হয়েছে।","সম্মান প্রকাশ করা হয়েছে।
ইতিবাচক শব্দ ব্যবহার করা।
শুভেচ্ছা জানানো হয়েছে।","সম্মান প্রকাশ করা হয়েছে।
ইতিবাচক শব্দ ব্যবহার করা।
শুভেচ্ছা জানানো হয়েছে।","সম্মান প্রকাশ করা হয়েছে।
ইতিবাচক শব্দ ব্যবহার করা।
শুভেচ্ছা জানানো হয়েছে।","সম্মান প্রকাশ করা হয়েছে।
ইতিবাচক শব্দ ব্যবহার করা।
শুভেচ্ছা জানানো হয়েছে।","সম্মান প্রকাশ করা হয়েছে।
ইতিবাচক শব্দ ব্যবহার করা।
শুভেচ্ছা জানানো হয়েছে।","সম্মান প্রকাশ করা হয়েছে।
ইতিবাচক শব্দ ব্যবহার করা।
শুভেচ্ছা জানানো হয়েছে।","সম্মান প্রকাশ করা হয়েছে।
ইতিবাচক শব্দ ব্যবহার করা।
শুভেচ্ছা জানানো হয়েছে।"
সুন্দরী আপু এতদিন কোথায় ছিলে,Gender,Not Hateful,"সরল ও প্রশংসাসূচক মন্তব্য।
বক্তব্যে মজার ছলে কৌতূহল প্রকাশিত।
কোনো অবমাননাকর বা বিদ্বেষপূর্ণ শব্দ নেই।","সুন্দরী শব্দটি প্রশংসা প্রকাশ করে।
কোনো অবমাননাকর শব্দ নেই।
কৌতূহল প্রকাশিত হয়েছে।","সুন্দরী শব্দটি প্রশংসা প্রকাশ করে।
কোনো অবমাননাকর শব্দ নেই।
কৌতূহল প্রকাশিত হয়েছে।","সুন্দরী শব্দটি প্রশংসা দেয়।
কোনো অবমাননা নেই।
কৌতূহল প্রকাশ পায়।","সুন্দরী শব্দটি প্রশংসা দেয়।
কোনো অবমাননা নেই।
কৌতূহল প্রকাশ পায়।","সুন্দরী শব্দটি প্রশংসা দেয়।
কোনো অবমাননা নেই।
কৌতূহল প্রকাশ পায়।","সুন্দরী শব্দটি প্রশংসা দেয়।
কোনো অবমাননা নেই।
কৌতূহল প্রকাশ পায়।","সুন্দরী শব্দটি প্রশংসা দেয়।
কোনো অবমাননা নেই।
কৌতূহল প্রকাশ পায়।","সুন্দরী শব্দটি প্রশংসা দেয়।
কোনো অবমাননা নেই।
কৌতূহল প্রকাশ পায়।","সুন্দরী শব্দটি প্রশংসা দেয়।
কোনো অবমাননা নেই।
কৌতূহল প্রকাশ পায়।","সুন্দরী শব্দটি প্রশংসা দেয়।
কোনো অবমাননা নেই।
কৌতূহল প্রকাশ পায়।","সুন্দরী শব্দটি প্রশংসা দেয়।
কোনো অবমাননা নেই।
কৌতূহল প্রকাশ পায়।","সুন্দরী শব্দটি প্রশংসা দেয়।
কোনো অবমাননা নেই।
কৌতূহল প্রকাশ পায়।","সুন্দরী শব্দটি প্রশংসা দেয়।
কোনো অবমাননা নেই।
কৌতূহল প্রকাশ পায়।","সুন্দরী শব্দটি প্রশংসা দেয়।
কোনো অবমাননা নেই।
কৌতূহল প্রকাশ পায়।","সুন্দরী শব্দটি প্রশংসা দেয়।
কোনো অবমাননা নেই।
কৌতূহল প্রকাশ পায়।","সুন্দরী শব্দটি প্রশংসা দেয়।
কোনো অবমাননা নেই।
কৌতূহল প্রকাশ পায়।","সুন্দরী শব্দটি প্রশংসা দেয়।
কোনো অবমাননা নেই।
কৌতূহল প্রকাশ পায়।","সুন্দরী শব্দটি প্রশংসা দেয়।
কোনো অবমাননা নেই।
কৌতূহল প্রকাশ পায়।","সুন্দরী শব্দটি প্রশংসা দেয়।
কোনো অবমাননা নেই।
কৌতূহল প্রকাশ পায়।","সুন্দরী শব্দটি প্রশংসা দেয়।
কোনো অবমাননা নেই।
কৌতূহল প্রকাশ পায়।","সুন্দরী শব্দটি প্রশংসা দেয়।
কোনো অবমাননা নেই।
কৌতূহল প্রকাশ পায়।"
"ব্রাদার,,আপনি কি বাংলাদেশে একটি আন্তর্জাতিক মানের হাসপাতাল বানানোর উদ্যোগ নিতে পারেন না??",Gender,Not Hateful,"উন্নয়নমূলক কাজে উৎসাহিত করার প্রচেষ্টা।
বক্তব্যে কোনো আক্রমণাত্মক সুর নেই।
ব্যক্তির প্রতি সম্মান ও দায়িত্বশীলতা আশা প্রকাশ।","উন্নয়নের আহ্বান রয়েছে।
সম্মানজনক আচরণ লক্ষ্য করা।
দায়িত্ব প্রকাশ পাচ্ছে।","উন্নয়নের প্রশ্ন করা হয়েছে।
সম্মানজনক ভাষা ব্যবহার করা।
দায়িত্ব নেওয়ার আহ্বান।","উন্নয়ন নিয়ে প্রশ্ন করা হয়েছে।
সম্মানজনক ভাষা ব্যবহার করা হয়েছে।
দায়িত্ব নেওয়ার আহ্বান জানানো হয়েছে।","উন্নয়ন নিয়ে প্রশ্ন করা হয়েছে।
সম্মানজনক ভাষা ব্যবহার করা হয়েছে।
দায়িত্ব নেওয়ার আহ্বান জানানো হয়েছে।","উন্নয়ন নিয়ে প্রশ্ন করা হয়েছে।
সম্মানজনক ভাষা ব্যবহার করা হয়েছে।
দায়িত্ব নেওয়ার আহ্বান জানানো হয়েছে।","উন্নয়ন নিয়ে প্রশ্ন করা হয়েছে।
সম্মানজনক ভাষা ব্যবহার করা হয়েছে।
দায়িত্ব নেওয়ার আহ্বান জানানো হয়েছে।","উন্নয়ন নিয়ে প্রশ্ন করা হয়েছে।
সম্মানজনক ভাষা ব্যবহার করা হয়েছে।
দায়িত্ব নেওয়ার আহ্বান জানানো হয়েছে।","উন্নয়ন নিয়ে প্রশ্ন করা হয়েছে।
সম্মানজনক ভাষা ব্যবহার করা হয়েছে।
দায়িত্ব নেওয়ার আহ্বান জানানো হয়েছে।","উন্নয়ন নিয়ে প্রশ্ন করা হয়েছে।
সম্মানজনক ভাষা ব্যবহার করা হয়েছে।
দায়িত্ব নেওয়ার আহ্বান জানানো হয়েছে।","উন্নয়ন নিয়ে প্রশ্ন করা হয়েছে।
সম্মানজনক ভাষা ব্যবহার করা হয়েছে।
দায়িত্ব নেওয়ার আহ্বান জানানো হয়েছে।","উন্নয়ন নিয়ে প্রশ্ন করা হয়েছে।
সম্মানজনক ভাষা ব্যবহার করা হয়েছে।
দায়িত্ব নেওয়ার আহ্বান জানানো হয়েছে।","উন্নয়ন নিয়ে প্রশ্ন করা হয়েছে।
সম্মানজনক ভাষা ব্যবহার করা হয়েছে।
দায়িত্ব নেওয়ার আহ্বান জানানো হয়েছে।","উন্নয়ন নিয়ে প্রশ্ন করা হয়েছে।
সম্মানজনক ভাষা ব্যবহার করা হয়েছে।
দায়িত্ব নেওয়ার আহ্বান জানানো হয়েছে।","উন্নয়ন নিয়ে প্রশ্ন করা হয়েছে।
সম্মানজনক ভাষা ব্যবহার করা হয়েছে।
দায়িত্ব নেওয়ার আহ্বান জানানো হয়েছে।","উন্নয়ন নিয়ে প্রশ্ন করা হয়েছে।
সম্মানজনক ভাষা ব্যবহার করা হয়েছে।
দায়িত্ব নেওয়ার আহ্বান জানানো হয়েছে।","উন্নয়ন নিয়ে প্রশ্ন করা হয়েছে।
সম্মানজনক ভাষা ব্যবহার করা হয়েছে।
দায়িত্ব নেওয়ার আহ্বান জানানো হয়েছে।","উন্নয়ন নিয়ে প্রশ্ন করা হয়েছে।
সম্মানজনক ভাষা ব্যবহার করা হয়েছে।
দায়িত্ব নেওয়ার আহ্বান জানানো হয়েছে।","উন্নয়ন নিয়ে প্রশ্ন করা হয়েছে।
সম্মানজনক ভাষা ব্যবহার করা হয়েছে।
দায়িত্ব নেওয়ার আহ্বান জানানো হয়েছে।","উন্নয়ন নিয়ে প্রশ্ন করা হয়েছে।
সম্মানজনক ভাষা ব্যবহার করা হয়েছে।
দায়িত্ব নেওয়ার আহ্বান জানানো হয়েছে।","উন্নয়ন নিয়ে প্রশ্ন করা হয়েছে।
সম্মানজনক ভাষা ব্যবহার করা হয়েছে।
দায়িত্ব নেওয়ার আহ্বান জানানো হয়েছে।","উন্নয়ন নিয়ে প্রশ্ন করা হয়েছে।
সম্মানজনক ভাষা ব্যবহার করা হয়েছে।
দায়িত্ব নেওয়ার আহ্বান জানানো হয়েছে।"
"ব্রাদার আগে শ্রমিকের বেতন পরিশোধ করেন, আপনাকে দেশের জন্য ভালোবাসি এবং বাসবো,, গত ২৪ ঘন্টায় আক্রান্ত ৪৩৪ জন,  মৃত্যু ৯ জন।",Gender,Not Hateful,"শ্রমিকদের প্রাপ্য বেতন পরিশোধের আহ্বান।
সমালোচনার সুর থাকলেও এটি বিদ্বেষপূর্ণ নয়।
সমবেদনা ও দায়িত্বশীলতার প্রতিফলন।","শ্রমিকদের অধিকার নিয়ে কথা বলা হয়েছে।
বেতন পরিশোধের আহ্বান জানানো হয়েছে।
সমালোচনা থাকলেও বিদ্বেষ নেই।","শ্রমিকদের অধিকার নিয়ে কথা বলা হয়েছে।
বেতন পরিশোধের আহ্বান জানানো হয়েছে।
সমালোচনা থাকলেও বিদ্বেষ নেই।","শ্রমিকদের অধিকার নিয়ে কথা বলা হয়েছে।
বেতন পরিশোধের আহ্বান জানানো হয়েছে।
সমালোচনা থাকলেও বিদ্বেষ নেই।","শ্রমিকদের অধিকার নিয়ে কথা বলা হয়েছে।
বেতন পরিশোধের আহ্বান জানানো হয়েছে।
সমালোচনা থাকলেও বিদ্বেষ নেই।","শ্রমিকদের অধিকার নিয়ে কথা বলা হয়েছে।
বেতন পরিশোধের আহ্বান জানানো হয়েছে।
সমালোচনা থাকলেও বিদ্বেষ নেই।","শ্রমিকদের অধিকার নিয়ে কথা বলা হয়েছে।
বেতন পরিশোধের আহ্বান জানানো হয়েছে।
সমালোচনা থাকলেও বিদ্বেষ নেই।","শ্রমিকদের অধিকার নিয়ে কথা বলা হয়েছে।
বেতন পরিশোধের আহ্বান জানানো হয়েছে।
সমালোচনা থাকলেও বিদ্বেষ নেই।","শ্রমিকদের অধিকার নিয়ে কথা বলা হয়েছে।
বেতন পরিশোধের আহ্বান জানানো হয়েছে।
সমালোচনা থাকলেও বিদ্বেষ নেই।","শ্রমিকদের অধিকার নিয়ে কথা বলা হয়েছে।
বেতন পরিশোধের আহ্বান জানানো হয়েছে।
সমালোচনা থাকলেও বিদ্বেষ নেই।","শ্রমিকদের অধিকার নিয়ে কথা বলা হয়েছে।
বেতন পরিশোধের আহ্বান জানানো হয়েছে।
বিদ্বেষ নেই শুধু সমালোচনা।","শ্রমিকদের অধিকার নিয়ে কথা বলা হয়েছে।
বেতন পরিশোধের আহ্বান জানানো হয়েছে।
সমালোচনা করা হয়েছে।","শ্রমিকদের অধিকার নিয়ে কথা বলা হয়েছে।
বেতন পরিশোধের আহ্বান জানানো হয়েছে।
সমালোচনা করা হয়েছে।","শ্রমিকদের অধিকার নিয়ে কথা বলা হয়েছে।
বেতন পরিশোধের আহ্বান জানানো হয়েছে।
সমালোচনা করা হয়েছে।","শ্রমিকদের অধিকার নিয়ে কথা বলা হয়েছে।
বেতন পরিশোধের আহ্বান জানানো হয়েছে।
সমালোচনা করা হয়েছে।","শ্রমিকদের অধিকার নিয়ে কথা বলা হয়েছে।
বেতন পরিশোধের আহ্বান জানানো হয়েছে।
সমালোচনা করা হয়েছে।","শ্রমিকদের অধিকার নিয়ে কথা বলা হয়েছে।
বেতন পরিশোধের আহ্বান জানানো হয়েছে।
শ্রমিকদের প্রতি সহানুভূতি দেখা যায়।","শ্রমিকদের অধিকার নিয়ে কথা বলা হয়েছে।
বেতন পরিশোধের আহ্বান জানানো হয়েছে।
শ্রমিকদের প্রতি সহানুভূতি দেখা যায়।","শ্রমিকদের অধিকার নিয়ে কথা বলা হয়েছে।
বেতন পরিশোধের আহ্বান জানানো হয়েছে।
শ্রমিকদের প্রতি সহানুভূতি দেখা যায়।","শ্রমিকদের অধিকার নিয়ে কথা বলা হয়েছে।
বেতন পরিশোধের আহ্বান জানানো হয়েছে।
শ্রমিকদের প্রতি সহানুভূতি দেখা যায়।","শ্রমিকদের অধিকার নিয়ে কথা বলা হয়েছে।
বেতন পরিশোধের আহ্বান জানানো হয়েছে।
শ্রমিকদের প্রতি সহানুভূতি দেখা যায়।","শ্রমিকদের অধিকার নিয়ে কথা বলা হয়েছে।
বেতন পরিশোধের আহ্বান জানানো হয়েছে।
শ্রমিকদের প্রতি সহানুভূতি দেখা যায়।"
"ভাই, একটা প্রাইভেট জেট কিনে ফেলেন। আমাদের দেশে একজন প্রাইভেট জেট ওয়ালা স্টার থাকবে না, তা কি হয়???",Gender,Not Hateful,"মজার ছলে প্রস্তাব দেওয়া হয়েছে।
কোনো নেতিবাচক বা বিদ্বেষপূর্ণ ইঙ্গিত নেই।
বক্তব্য সম্পূর্ণ হাস্যরসাত্মক ও নিরীহ।","মজার ছলে কথা বলা হয়েছে।
কোনো বিদ্বেষ নেই।
হাস্যরস প্রকাশ পাচ্ছে।","মজার কথা বলা হয়েছে।
হাস্যরস প্রকাশ পাচ্ছে।
বিদ্বেষ নেই।","মজার কথা বলা হয়েছে।
হাস্যরস প্রকাশ পাচ্ছে।
বিদ্বেষ নেই।","মজার কথা বলা হয়েছে।
হাস্যরস প্রকাশ পাচ্ছে।
বিদ্বেষ নেই।","মজার কথা বলা হয়েছে।
হাস্যরস প্রকাশ পাচ্ছে।
বিদ্বেষ নেই।","মজার কথা বলা হয়েছে।
হাস্যরস প্রকাশ পাচ্ছে।
বিদ্বেষ নেই।","মজার কথা বলা হয়েছে।
হাস্যরস প্রকাশ পাচ্ছে।
বিদ্বেষ নেই।","মজার কথা বলা হয়েছে।
হাস্যরস প্রকাশ পাচ্ছে।
বিদ্বেষ নেই।","কোন বিদ্বেষ নেই।
মজার কথা বলা।
হাস্যরস প্রকাশ পাচ্ছে।","কোন ধর্মীয় আক্রমণ নেই।
শুধু হাস্যরস প্রকাশ।
বিদ্বেষপূর্ণ কথা নেই।","কোন ধর্মীয় উল্লেখ নেই।
শুধু হাস্যরস আছে।
বিদ্বেষ নেই।","হাস্যরস আছে।
বিদ্বেষ নেই।
ধর্মীয় উল্লেখ নেই।","হাস্যরস আছে বলেই বিদ্বেষ নেই।
কোন অপমান নেই।
শুধু হাসি আছে।","হাস্যরস আছে বলে।
বিদ্বেষ নেই এখানে।
শুধু হাসি করছে।","হাস্যরস আছে বলে ঠিক।
বিদ্বেষ নেই এখানে।
শুধু হাসি করছে।","হাস্যরস আছে বলে ঠিক।
বিদ্বেষ নেই এখানে।
শুধু হাসি করছে।","হাস্যরস আছে বলে ঠিক।
বিদ্বেষ নেই এখানে।
শুধু হাসি করছে।","হাস্যরস আছে বলে ঠিক।
বিদ্বেষ নেই এখানে।
শুধু হাসি করছে।","হাস্যরস আছে বলে ঠিক।
বিদ্বেষ নেই এখানে।
শুধু হাসি করছে।","হাস্যরস আছে বলে ঠিক।
বিদ্বেষ নেই এখানে।
শুধু হাসি করছে।","হাস্যরস আছে বলে ঠিক।
বিদ্বেষ নেই এখানে।
শুধু হাসি করছে।"
"দারুন হয়েছে ভাই হিরো আলম, তুমি আগিয়ে যাও সারা বাংলা আছে তোমার পেছনে। তুমিই হবে বাংলার শাহরুখ খান।",Gender,Not Hateful,"ব্যক্তি ও তার কাজের প্রতি সমর্থন প্রকাশ।
মন্তব্যে ইতিবাচক ও উৎসাহব্যঞ্জক সুর।
আক্রমণাত্মক বা অবমাননাকর কোনো শব্দ নেই।","সমর্থন প্রকাশ করা হয়েছে।
ইতিবাচক সুর ব্যবহার করা হয়েছে।
উৎসাহব্যঞ্জক শব্দ রয়েছে।","সমর্থন প্রকাশ করা হয়েছে।
ইতিবাচক শব্দ ব্যবহার করা হয়েছে।
উৎসাহ দেখা যাচ্ছে।","সমর্থন প্রকাশ করা হয়েছে।
ইতিবাচক শব্দ ব্যবহার করা হয়েছে।
উৎসাহ দেখা যাচ্ছে।","সমর্থন প্রকাশ করা হয়েছে।
ইতিবাচক শব্দ ব্যবহার করা হয়েছে।
উৎসাহ দেখা যাচ্ছে।","সমর্থন করা হয়েছে।
ইতিবাচক শব্দ আছে।
উৎসাহ দেখা যায়।","ইতিবাচক শব্দ রয়েছে।
উৎসাহ দেখা যায়।
সমর্থন করা হয়েছে।","প্রশংসা করা হয়েছে।
উত্সাহিত করা হয়েছে।
সমর্থন দেওয়া হয়েছে।","প্রশংসা শব্দ ব্যবহার করা হয়েছে।
উত্সাহিত করার জন্য আগ্রহ দেখানো।
সমর্থন দেওয়ার জন্য প্রয়োজনীয় শব্দ।","প্রশংসা শব্দ ব্যবহার করা হয়েছে।
উত্সাহিত করার জন্য আগ্রহ দেখানো।
সমর্থন দেওয়ার জন্য প্রয়োজনীয় শব্দ।","প্রশংসা শব্দ ব্যবহার করা হয়েছে।
উত্সাহিত করার জন্য আগ্রহ দেখানো।
সমর্থন দেওয়ার জন্য প্রয়োজনীয় শব্দ।","প্রশংসা শব্দ ব্যবহার করা হয়েছে।
উত্সাহিত করার জন্য আগ্রহ দেখানো।
সমর্থন দেওয়ার জন্য প্রয়োজনীয় শব্দ।","প্রশংসা শব্দ ব্যবহার করা হয়েছে।
উত্সাহিত করার জন্য আগ্রহ দেখানো।
সমর্থন দেওয়ার জন্য প্রয়োজনীয় শব্দ।","প্রশংসা শব্দ ব্যবহার করা হয়েছে।
উত্সাহিত করার জন্য আগ্রহ দেখানো।
সমর্থন দেওয়ার জন্য প্রয়োজনীয় শব্দ।","প্রশংসা শব্দ ব্যবহার করা হয়েছে।
উত্সাহিত করার জন্য আগ্রহ দেখানো।
সমর্থন দেওয়ার জন্য প্রয়োজনীয় শব্দ।","প্রশংসা শব্দ ব্যবহার করা হয়েছে।
উত্সাহিত করার জন্য আগ্রহ দেখানো।
সমর্থন দেওয়ার জন্য প্রয়োজনীয় শব্দ।","প্রশংসা শব্দ ব্যবহার করা হয়েছে।
উত্সাহিত করার জন্য আগ্রহ দেখানো।
সমর্থন দেওয়ার জন্য প্রয়োজনীয় শব্দ।","প্রশংসা শব্দ ব্যবহার করা হয়েছে।
উত্সাহিত করার জন্য আগ্রহ দেখানো।
সমর্থন দেওয়ার জন্য প্রয়োজনীয় শব্দ।","প্রশংসা শব্দ ব্যবহার করা হয়েছে।
উত্সাহিত করার জন্য আগ্রহ দেখানো।
সমর্থন দেওয়ার জন্য প্রয়োজনীয় শব্দ।","প্রশংসা শব্দ ব্যবহার করা হয়েছে।
উত্সাহিত করার জন্য আগ্রহ দেখানো।
সমর্থন দেওয়ার জন্য প্রয়োজনীয় শব্দ।","প্রশংসা শব্দ ব্যবহার করা হয়েছে।
উত্সাহিত করার জন্য আগ্রহ দেখানো।
সমর্থন দেওয়ার জন্য প্রয়োজনীয় শব্দ।","প্রশংসা শব্দ ব্যবহার করা হয়েছে।
উত্সাহিত করার জন্য আগ্রহ দেখানো।
সমর্থন দেওয়ার জন্য প্রয়োজনীয় শব্দ।"
ড.কামাল আপনার দাদা ও মায়ের এক সময়ের ঘনিষ্ঠ বন্ধু বা সহোচর।যার পাওনা তাকে না বুঝিয়ে দিয়ে উল্টো তাকে হেনস্তা করেন স্যাটেলাইট দিয়ে।,Gender,Not Hateful,"ঘটনাটি সমালোচনার উদ্দেশ্যে ব্যক্ত করা হয়েছে।
বক্তব্য সরাসরি আক্রমণাত্মক নয়।
সমালোচনার সুর থাকলেও তা বিদ্বেষপূর্ণ নয়।","সমালোচনা করা হয়েছে।
আক্রমণাত্মক নয়।
বিদ্বেষ নেই।","সমালোচনা করা হয়েছে বলে মনে হয়।
আক্রমণাত্মক শব্দ নেই।
বিদ্বেষপূর্ণ ভাষা নেই।","সমালোচনা করা হয়েছে।
আক্রমণাত্মক শব্দ নেই।
বিদ্বেষ নেই।","সমালোচনা করা হয়েছে।
আক্রমণাত্মক শব্দ নেই।
বিদ্বেষ নেই।","সমালোচনা করা হয়েছে প্রত্যক্ষভাবে।
আক্রমণাত্মক শব্দ নেই বলে।
বিদ্বেষ নেই এখানে।","সমালোচনা করা হয়েছে প্রত্যক্ষভাবে।
আক্রমণাত্মক শব্দ নেই।
বিদ্বেষ নেই এখানে।","সমালোচনা করা হয়েছে।
প্রত্যক্ষভাবে বলা হয়েছে।
আক্রমণ নেই শব্দে।","সমালোচনা করা হয়েছে।
অসম্মান করা হয়েছে।
আক্রমণাত্মক শব্দ নেই।","হেনস্তা করা হয়েছে।
অসম্মান করা হয়েছে।
সমালোচনা করা হয়েছে।","হেনস্তা করা হয়েছে বলে মনে হয়।
অসম্মান করা হয়েছে বলে মনে হয়।
সমালোচনা করা হয়েছে বলে মনে হয়।","হেনস্তা করা হয়েছে বলে মনে হয় কারণ হেনস্তা শব্দ ব্যবহার।
অসম্মান করা হয়েছে বলে মনে হয় কারণ উল্টো বক্তব্য।
সমালোচনা করা হয়েছে বলে মনে হয় কারণ নেতিবাচক মন্তব্�","হেনস্তা শব্দ ব্যবহার করা হয়েছে।
উল্টো বক্তব্য রয়েছে।
নেতিবাচক মন্তব্য করা হয়েছে।","হেনস্তা শব্দ ব্যবহার করা হয়েছে।
উল্টো বক্তব্য রয়েছে।
নেতিবাচক মন্তব্য করা হয়েছে।","হেনস্তা শব্দ ব্যবহার করা হয়েছে।
নেতিবাচক মন্তব্য করা হয়েছে।
উল্টো বক্তব্য রয়েছে।","হেনস্তা শব্দ ব্যবহার করা হয়েছে।
নেতিবাচক মন্তব্য করা হয়েছে।
উল্টো বক্তব্য রয়েছে।","হেনস্তা শব্দ ব্যবহার করা হয়েছে।
নেতিবাচক মন্তব্য করা হয়েছে।
উল্টো বক্তব্য রয়েছে।","হেনস্তা শব্দ ব্যবহার করা হয়েছে।
নেতিবাচক মন্তব্য করা হয়েছে।
উল্টো বক্তব্য রয়েছে।","হেনস্তা শব্দ ব্যবহার করা হয়েছে।
নেতিবাচক মন্তব্য করা হয়েছে।
উল্টো বক্তব্য রয়েছে।","হেনস্তা শব্দ ব্যবহার করা হয়েছে।
নেতিবাচক মন্তব্য করা হয়েছে।
উল্টো বক্তব্য রয়েছে।","হেনস্তা শব্দ ব্যবহার করা হয়েছে।
নেতিবাচক মন্তব্য করা হয়েছে।
উল্টো বক্তব্য রয়েছে।","হেনস্তা শব্দ ব্যবহার করা হয়েছে।
নেতিবাচক মন্তব্য করা হয়েছে।
উল্টো বক্তব্য রয়েছে।"
"ভাই আপনার অনেক টাকা আছে, আপনি বাংলাদেশের এক নম্বর নায়ক, আপনি গরীবের জন্য কিছু করেন",Gender,Not Hateful,"ব্যক্তি সম্পর্কে ইতিবাচক স্বীকৃতি দেওয়া হয়েছে।
গরীবের জন্য সাহায্যের আহ্বান করা হয়েছে।
মন্তব্যে কোনো নেতিবাচক সুর নেই।","ইতিবাচক শব্দ ব্যবহার করা হয়েছে।
নেতিবাচক সুর নেই।
সাহায্যের আহ্বান করা হয়েছে।","ভাই বলে সম্বোধন করা হয়েছে।
গরীবের জন্য করা বলা হয়েছে।
ইতিবাচক শব্দ ব্যবহার করা হয়েছে।","ভাই বলে সম্বোধন করা হয়েছে।
ইতিবাচক শব্দ ব্যবহার করা হয়েছে।
গরীবের প্রতি সহানুভুতি দেখা যায়।","ভাই বলে সম্বোধন করা হয়েছে।
ইতিবাচক শব্দ ব্যবহার করা হয়েছে।
সহানুভুতি দেখা যায়।","ভাই বলে সম্বোধন করা হয়েছে।
ইতিবাচক শব্দ ব্যবহার করা হয়েছে।
সহানুভুতি দেখা যায়।","ভাই বলে সম্বোধন করা হয়েছে।
ইতিবাচক শব্দ ব্যবহার করা হয়েছে।
সহানুভুতি দেখা যায়।","ভাই বলে সম্বোধন করা হয়েছে।
ইতিবাচক শব্দ ব্যবহার করা হয়েছে।
সহানুভুতি দেখা যায়।","ভাই বলে সম্বোধন করা হয়েছে।
ইতিবাচক শব্দ ব্যবহার করা হয়েছে।
সহানুভুতি দেখা যায়।","ভাই বলে সম্বোধন করা হয়েছে।
ইতিবাচক শব্দ ব্যবহার করা হয়েছে।
সহানুভুতি দেখা যায়।","ভাই বলে সম্বোধন করা হয়েছে।
ইতিবাচক শব্দ ব্যবহার করা হয়েছে।
সহানুভুতি দেখা যায়।","ভাই বলে সম্বোধন করা হয়েছে।
ইতিবাচক শব্দ ব্যবহার করা হয়েছে।
সহানুভুতি দেখা যায়।","ভাই বলে সম্বোধন করা হয়েছে।
ইতিবাচক শব্দ ব্যবহার করা হয়েছে।
সহানুভুতি দেখা যায়।","ভাই বলে সম্বোধন করা হয়েছে।
ইতিবাচক শব্দ ব্যবহার করা হয়েছে।
সহানুভুতি দেখা যায়।","ভাই বলে সম্বোধন করা হয়েছে।
ইতিবাচক শব্দ ব্যবহার করা হয়েছে।
সহানুভুতি দেখা যায়।","ভাই বলে সম্বোধন করা হয়েছে।
ইতিবাচক শব্দ ব্যবহার করা হয়েছে।
সহানুভুতি দেখা যায়।","ভাই বলে সম্বোধন করা হয়েছে।
ইতিবাচক শব্দ ব্যবহার করা হয়েছে।
সহানুভুতি দেখা যায়।","ভাই বলে সম্বোধন করা হয়েছে।
ইতিবাচক শব্দ ব্যবহার করা হয়েছে।
সহানুভুতি দেখা যায়।","ভাই বলে সম্বোধন করা হয়েছে।
ইতিবাচক শব্দ ব্যবহার করা হয়েছে।
সহানুভুতি দেখা যায়।","ভাই বলে সম্বোধন করা হয়েছে।
ইতিবাচক শব্দ ব্যবহার করা হয়েছে।
সহানুভুতি দেখা যায়।","ভাই বলে সম্বোধন করা হয়েছে।
ইতিবাচক শব্দ ব্যবহার করা হয়েছে।
সহানুভুতি দেখা যায়।","ভাই বলে সম্বোধন করা হয়েছে।
ইতিবাচক শব্দ ব্যবহার করা হয়েছে।
সহানুভুতি দেখা যায়।"
লাভ ইউ ম্যাশ ❤,Gender,Not Hateful,"মাশরাফির প্রতি ভালোবাসা ও সম্মান জানানো হয়েছে।
বক্তব্য সম্পূর্ণ ইতিবাচক ও সংক্ষিপ্ত।
কোনো আক্রমণাত্মক বা অবমাননাকর শব্দ ব্যবহার হয়নি।","ভালোবাসা প্রকাশ করা হয়েছে।
ইতিবাচক শব্দ ব্যবহার করা হয়েছে।
আক্রমণাত্মক শব্দ নেই।","প্রেম প্রকাশ করা হয়েছে।
ইতিবাচক শব্দ রয়েছে।
আক্রমণ নেই।","প্রেম প্রকাশ করা হয়েছে।
ইতিবাচক শব্দ রয়েছে।
আক্রমণ নেই।","প্রেম প্রকাশ করা হয়েছে।
ইতিবাচক শব্দ রয়েছে।
আক্রমণ নেই।","প্রেম প্রকাশ করা হয়েছে।
ইতিবাচক শব্দ রয়েছে।
আক্রমণ নেই।","প্রেম প্রকাশ করা হয়েছে।
ইতিবাচক শব্দ রয়েছে।
আক্রমণ নেই।","প্রেম প্রকাশ করা হয়েছে।
ইতিবাচক শব্দ রয়েছে।
আক্রমণ নেই।","প্রেম প্রকাশ করা হয়েছে।
ইতিবাচক শব্দ রয়েছে।
আক্রমণ নেই।","প্রেম প্রকাশ করা হয়েছে।
ইতিবাচক শব্দ রয়েছে।
আক্রমণ নেই।","প্রেম প্রকাশ করা হয়েছে।
ইতিবাচক শব্দ রয়েছে।
আক্রমণ নেই।","প্রেম প্রকাশ করা হয়েছে।
ইতিবাচক শব্দ রয়েছে।
আক্রমণ নেই।","প্রেম প্রকাশ করা হয়েছে।
ইতিবাচক শব্দ রয়েছে।
আক্রমণ নেই।","প্রেম প্রকাশ করা হয়েছে।
ইতিবাচক শব্দ রয়েছে।
আক্রমণ নেই।","প্রেম প্রকাশ করা হয়েছে।
ইতিবাচক শব্দ রয়েছে।
আক্রমণ নেই।","প্রেম প্রকাশ করা হয়েছে।
ইতিবাচক শব্দ রয়েছে।
আক্রমণ নেই।","প্রেম প্রকাশ করা হয়েছে।
ইতিবাচক শব্দ রয়েছে।
আক্রমণ নেই।","প্রেম প্রকাশ করা হয়েছে।
ইতিবাচক শব্দ রয়েছে।
আক্রমণ নেই।","প্রেম প্রকাশ করা হয়েছে।
ইতিবাচক শব্দ রয়েছে।
আক্রমণ নেই।","প্রেম প্রকাশ করা হয়েছে।
ইতিবাচক শব্দ রয়েছে।
আক্রমণ নেই।","প্রেম প্রকাশ করা হয়েছে।
ইতিবাচক শব্দ রয়েছে।
আক্রমণ নেই।","প্রেম প্রকাশ করা হয়েছে।
ইতিবাচক শব্দ রয়েছে।
আক্রমণ নেই।"
ভাই এই ছেলেরে বাচান,Gender,Not Hateful,"কারও প্রতি সহানুভূতি ও সাহায্যের আহ্বান।
বক্তব্যে সরলতা ও মানবিকতার প্রতিফলন।
কোনো নেতিবাচক বা বিদ্বেষপূর্ণ ইঙ্গিত নেই।","সহানুভূতি প্রকাশ পাচ্ছে।
মানবিকতা ফুটে উঠেছে।
নেতিবাচকতা নেই।","সহানুভূতি প্রকাশ পাচ্ছে।
মানবিকতা ফুটে উঠেছে।
নেতিবাচকতা নেই।","সহানুভূতি প্রকাশ পাচ্ছে।
মানবিকতা ফুটে উঠেছে।
নেতিবাচকতা নেই।","সহানুভূতি প্রকাশ পাচ্ছে।
মানবিকতা ফুটে উঠেছে।
নেতিবাচকতা নেই।","সহানুভূতি প্রকাশ পাচ্ছে।
মানবিকতা ফুটে উঠেছে।
নেতিবাচকতা নেই।","সহানুভূতি প্রকাশ পাচ্ছে।
মানবিকতা ফুটে উঠেছে।
নেতিবাচকতা নেই।","সহানুভূতি প্রকাশ পাচ্ছে।
মানবিকতা ফুটে উঠেছে।
নেতিবাচকতা নেই।","সহানুভূতি প্রকাশ পাচ্ছে।
মানবিকতা ফুটে উঠেছে।
নেতিবাচকতা নেই।","সহানুভূতি প্রকাশ পাচ্ছে।
মানবিকতা ফুটে উঠেছে।
নেতিবাচকতা নেই।","সহানুভূতি প্রকাশ পাচ্ছে।
মানবিকতা ফুটে উঠেছে।
নেতিবাচকতা নেই।","সহানুভূতি প্রকাশ পাচ্ছে।
মানবিকতা ফুটে উঠেছে।
নেতিবাচকতা নেই।","সহানুভূতি প্রকাশ পাচ্ছে।
মানবিকতা ফুটে উঠেছে।
নেতিবাচকতা নেই।","সহানুভূতি প্রকাশ পাচ্ছে।
মানবিকতা ফুটে উঠেছে।
নেতিবাচকতা নেই।","সহানুভূতি প্রকাশ পাচ্ছে।
মানবিকতা ফুটে উঠেছে।
নেতিবাচকতা নেই।","সহানুভূতি প্রকাশ পাচ্ছে।
মানবিকতা ফুটে উঠেছে।
নেতিবাচকতা নেই।","সহানুভূতি প্রকাশ পাচ্ছে।
মানবিকতা ফুটে উঠেছে।
নেতিবাচকতা নেই।","সহানুভূতি প্রকাশ পাচ্ছে।
মানবিকতা ফুটে উঠেছে।
নেতিবাচকতা নেই।","সহানুভূতি প্রকাশ পাচ্ছে।
মানবিকতা ফুটে উঠেছে।
নেতিবাচকতা নেই।","সহানুভূতি প্রকাশ পাচ্ছে।
মানবিকতা ফুটে উঠেছে।
নেতিবাচকতা নেই।","সহানুভূতি প্রকাশ পাচ্ছে।
মানবিকতা ফুটে উঠেছে।
নেতিবাচকতা নেই।","সহানুভূতি প্রকাশ পাচ্ছে।
মানবিকতা ফুটে উঠেছে।
নেতিবাচকতা নেই।"
হিরো আলম তুমিই রাইট।সততা দিয়ে এগিয়ে যাও।,Gender,Not Hateful,"বক্তব্যে ব্যক্তির সততার প্রতি উৎসাহ দেওয়া হয়েছে।
ইতিবাচক বার্তা ও সমর্থন প্রকাশ করা হয়েছে।
আক্রমণাত্মক বা বিদ্বেষমূলক কিছু নেই।","সততার প্রতি উৎসাহ দেওয়া হয়েছে।
ইতিবাচক বার্তা প্রকাশ করা হয়েছে।
আক্রমণাত্মকতা নেই।","সততার প্রতি সমর্থন আছে।
ইতিবাচক শব্দ ব্যবহার করা হয়েছে।
আক্রমণাত্মক ভাষা নেই।","সততার প্রতি সমর্থন আছে।
ইতিবাচক শব্দ ব্যবহার করা হয়েছে।
আক্রমণাত্মক ভাষা নেই।","সততার প্রতি সমর্থন আছে।
ইতিবাচক শব্দ ব্যবহার করা হয়েছে।
আক্রমণাত্মক ভাষা নেই।","সততার প্রতি সমর্থন আছে।
ইতিবাচক শব্দ ব্যবহার করা হয়েছে।
আক্রমণাত্মক ভাষা নেই।","সততার প্রতি সমর্থন আছে।
ইতিবাচক শব্দ ব্যবহার করা হয়েছে।
আক্রমণাত্মক ভাষা নেই।","সততার প্রতি সমর্থন আছে।
ইতিবাচক শব্দ ব্যবহার করা হয়েছে।
আক্রমণাত্মক ভাষা নেই।","সততার প্রতি সমর্থন আছে।
ইতিবাচক শব্দ ব্যবহার করা হয়েছে।
আক্রমণাত্মক ভাষা নেই।","সততার প্রতি সমর্থন আছে।
ইতিবাচক শব্দ ব্যবহার করা হয়েছে।
আক্রমণাত্মক ভাষা নেই।","সততার প্রতি সমর্থন আছে।
ইতিবাচক শব্দ ব্যবহার করা হয়েছে।
আক্রমণাত্মক ভাষা নেই।","সততার প্রতি সমর্থন আছে।
ইতিবাচক শব্দ ব্যবহার করা হয়েছে।
আক্রমণাত্মক ভাষা নেই।","সততার প্রতি সমর্থন আছে।
ইতিবাচক শব্দ ব্যবহার করা হয়েছে।
আক্রমণাত্মক ভাষা নেই।","সততার প্রতি সমর্থন আছে।
ইতিবাচক শব্দ ব্যবহার করা হয়েছে।
আক্রমণাত্মক ভাষা নেই।","সততার প্রতি সমর্থন আছে।
ইতিবাচক শব্দ ব্যবহার করা হয়েছে।
আক্রমণাত্মক ভাষা নেই।","সততার প্রতি সমর্থন আছে।
ইতিবাচক শব্দ ব্যবহার করা হয়েছে।
আক্রমণাত্মক ভাষা নেই।","সততার প্রতি সমর্থন আছে।
ইতিবাচক শব্দ ব্যবহার করা হয়েছে।
আক্রমণাত্মক ভাষা নেই।","সততার প্রতি সমর্থন আছে।
ইতিবাচক শব্দ ব্যবহার করা হয়েছে।
আক্রমণাত্মক ভাষা নেই।","সততার প্রতি সমর্থন আছে।
ইতিবাচক শব্দ ব্যবহার করা হয়েছে।
আক্রমণাত্মক ভাষা নেই।","সততার প্রতি সমর্থন আছে।
ইতিবাচক শব্দ ব্যবহার করা হয়েছে।
আক্রমণাত্মক ভাষা নেই।","সততার প্রতি সমর্থন আছে।
ইতিবাচক শব্দ ব্যবহার করা হয়েছে।
আক্রমণাত্মক ভাষা নেই।","সততার প্রতি সমর্থন আছে।
ইতিবাচক শব্দ ব্যবহার করা হয়েছে।
আক্রমণাত্মক ভাষা নেই।"
,,,,,,,,,,,,,,,,,,,,,,,,
,,,,,,,,,,,,,,,,,,,,,,,,
,,,,,,,,,,,,,,,,,,,,,,,,
,,,,,,,,,,,,,,,,,,,,,,,,
,,,,,,,,,,,,,,,,,,,,,,,,
,,,,,,,,,,,,,,,,,,,,,,,,
,,,,,,,,,,,,,,,,,,,,,,,,
,,,,,,,,,,,,,,,,,,,,,,,,
,,,,,,,,,,,,,,,,,,,,,,,,
,,,,,,,,,,,,,,,,,,,,,,,,
,,,,,,,,,,,,,,,,,,,,,,,,
,,,,,,,,,,,,,,,,,,,,,,,,
,,,,,,,,,,,,,,,,,,,,,,,,
,,,,,,,,,,,,,,,,,,,,,,,,
,,,,,,,,,,,,,,,,,,,,,,,,
,,,,,,,,,,,,,,,,,,,,,,,,
,,,,,,,,,,,,,,,,,,,,,,,,
,,,,,,,,,,,,,,,,,,,,,,,,
,,,,,,,,,,,,,,,,,,,,,,,,
,,,,,,,,,,,,,,,,,,,,,,,,
,,,,,,,,,,,,,,,,,,,,,,,,
,,,,,,,,,,,,,,,,,,,,,,,,
,,,,,,,,,,,,,,,,,,,,,,,,
,,,,,,,,,,,,,,,,,,,,,,,,
,,,,,,,,,,,,,,,,,,,,,,,,
,,,,,,,,,,,,,,,,,,,,,,,,
,,,,,,,,,,,,,,,,,,,,,,,,
,,,,,,,,,,,,,,,,,,,,,,,,
,,,,,,,,,,,,,,,,,,,,,,,,
,,,,,,,,,,,,,,,,,,,,,,,,
,,,,,,,,,,,,,,,,,,,,,,,,
,,,,,,,,,,,,,,,,,,,,,,,,
,,,,,,,,,,,,,,,,,,,,,,,,
,,,,,,,,,,,,,,,,,,,,,,,,
,,,,,,,,,,,,,,,,,,,,,,,,
,,,,,,,,,,,,,,,,,,,,,,,,
,,,,,,,,,,,,,,,,,,,,,,,,
,,,,,,,,,,,,,,,,,,,,,,,,
,,,,,,,,,,,,,,,,,,,,,,,,
,,,,,,,,,,,,,,,,,,,,,,,,
,,,,,,,,,,,,,,,,,,,,,,,,
,,,,,,,,,,,,,,,,,,,,,,,,
,,,,,,,,,,,,,,,,,,,,,,,,
,,,,,,,,,,,,,,,,,,,,,,,,
,,,,,,,,,,,,,,,,,,,,,,,,
,,,,,,,,,,,,,,,,,,,,,,,,
,,,,,,,,,,,,,,,,,,,,,,,,
,,,,,,,,,,,,,,,,,,,,,,,,
,,,,,,,,,,,,,,,,,,,,,,,,
,,,,,,,,,,,,,,,,,,,,,,,,
,,,,,,,,,,,,,,,,,,,,,,,,
,,,,,,,,,,,,,,,,,,,,,,,,
,,,,,,,,,,,,,,,,,,,,,,,,
,,,,,,,,,,,,,,,,,,,,,,,,
,,,,,,,,,,,,,,,,,,,,,,,,
,,,,,,,,,,,,,,,,,,,,,,,,
,,,,,,,,,,,,,,,,,,,,,,,,
,,,,,,,,,,,,,,,,,,,,,,,,
,,,,,,,,,,,,,,,,,,,,,,,,
,,,,,,,,,,,,,,,,,,,,,,,,
,,,,,,,,,,,,,,,,,,,,,,,,
,,,,,,,,,,,,,,,,,,,,,,,,
,,,,,,,,,,,,,,,,,,,,,,,,
,,,,,,,,,,,,,,,,,,,,,,,,
,,,,,,,,,,,,,,,,,,,,,,,,
,,,,,,,,,,,,,,,,,,,,,,,,
,,,,,,,,,,,,,,,,,,,,,,,,
,,,,,,,,,,,,,,,,,,,,,,,,
,,,,,,,,,,,,,,,,,,,,,,,,
,,,,,,,,,,,,,,,,,,,,,,,,
,,,,,,,,,,,,,,,,,,,,,,,,
,,,,,,,,,,,,,,,,,,,,,,,,
,,,,,,,,,,,,,,,,,,,,,,,,
,,,,,,,,,,,,,,,,,,,,,,,,
,,,,,,,,,,,,,,,,,,,,,,,,
,,,,,,,,,,,,,,,,,,,,,,,,
,,,,,,,,,,,,,,,,,,,,,,,,
,,,,,,,,,,,,,,,,,,,,,,,,
,,,,,,,,,,,,,,,,,,,,,,,,
,,,,,,,,,,,,,,,,,,,,,,,,
,,,,,,,,,,,,,,,,,,,,,,,,
,,,,,,,,,,,,,,,,,,,,,,,,
,,,,,,,,,,,,,,,,,,,,,,,,
,,,,,,,,,,,,,,,,,,,,,,,,
,,,,,,,,,,,,,,,,,,,,,,,,
,,,,,,,,,,,,,,,,,,,,,,,,
,,,,,,,,,,,,,,,,,,,,,,,,
,,,,,,,,,,,,,,,,,,,,,,,,
,,,,,,,,,,,,,,,,,,,,,,,,
,,,,,,,,,,,,,,,,,,,,,,,,
,,,,,,,,,,,,,,,,,,,,,,,,
,,,,,,,,,,,,,,,,,,,,,,,,
,,,,,,,,,,,,,,,,,,,,,,,,
,,,,,,,,,,,,,,,,,,,,,,,,
,,,,,,,,,,,,,,,,,,,,,,,,
,,,,,,,,,,,,,,,,,,,,,,,,
,,,,,,,,,,,,,,,,,,,,,,,,
,,,,,,,,,,,,,,,,,,,,,,,,
,,,,,,,,,,,,,,,,,,,,,,,,
,,,,,,,,,,,,,,,,,,,,,,,,
,,,,,,,,,,,,,,,,,,,,,,,,
,,,,,,,,,,,,,,,,,,,,,,,,
,,,,,,,,,,,,,,,,,,,,,,,,
,,,,,,,,,,,,,,,,,,,,,,,,
,,,,,,,,,,,,,,,,,,,,,,,,
,,,,,,,,,,,,,,,,,,,,,,,,
,,,,,,,,,,,,,,,,,,,,,,,,
,,,,,,,,,,,,,,,,,,,,,,,,
,,,,,,,,,,,,,,,,,,,,,,,,
,,,,,,,,,,,,,,,,,,,,,,,,
,,,,,,,,,,,,,,,,,,,,,,,,
,,,,,,,,,,,,,,,,,,,,,,,,
,,,,,,,,,,,,,,,,,,,,,,,,
,,,,,,,,,,,,,,,,,,,,,,,,
,,,,,,,,,,,,,,,,,,,,,,,,
,,,,,,,,,,,,,,,,,,,,,,,,
,,,,,,,,,,,,,,,,,,,,,,,,
,,,,,,,,,,,,,,,,,,,,,,,,
,,,,,,,,,,,,,,,,,,,,,,,,
,,,,,,,,,,,,,,,,,,,,,,,,
,,,,,,,,,,,,,,,,,,,,,,,,
,,,,,,,,,,,,,,,,,,,,,,,,
,,,,,,,,,,,,,,,,,,,,,,,,
,,,,,,,,,,,,,,,,,,,,,,,,
,,,,,,,,,,,,,,,,,,,,,,,,
,,,,,,,,,,,,,,,,,,,,,,,,
,,,,,,,,,,,,,,,,,,,,,,,,
,,,,,,,,,,,,,,,,,,,,,,,,
,,,,,,,,,,,,,,,,,,,,,,,,
,,,,,,,,,,,,,,,,,,,,,,,,
,,,,,,,,,,,,,,,,,,,,,,,,
,,,,,,,,,,,,,,,,,,,,,,,,
,,,,,,,,,,,,,,,,,,,,,,,,
,,,,,,,,,,,,,,,,,,,,,,,,
,,,,,,,,,,,,,,,,,,,,,,,,
,,,,,,,,,,,,,,,,,,,,,,,,
,,,,,,,,,,,,,,,,,,,,,,,,
,,,,,,,,,,,,,,,,,,,,,,,,
,,,,,,,,,,,,,,,,,,,,,,,,
,,,,,,,,,,,,,,,,,,,,,,,,
,,,,,,,,,,,,,,,,,,,,,,,,
,,,,,,,,,,,,,,,,,,,,,,,,
,,,,,,,,,,,,,,,,,,,,,,,,
,,,,,,,,,,,,,,,,,,,,,,,,
,,,,,,,,,,,,,,,,,,,,,,,,
,,,,,,,,,,,,,,,,,,,,,,,,
,,,,,,,,,,,,,,,,,,,,,,,,
,,,,,,,,,,,,,,,,,,,,,,,,
,,,,,,,,,,,,,,,,,,,,,,,,
,,,,,,,,,,,,,,,,,,,,,,,,
,,,,,,,,,,,,,,,,,,,,,,,,
,,,,,,,,,,,,,,,,,,,,,,,,
,,,,,,,,,,,,,,,,,,,,,,,,
,,,,,,,,,,,,,,,,,,,,,,,,
,,,,,,,,,,,,,,,,,,,,,,,,
,,,,,,,,,,,,,,,,,,,,,,,,
,,,,,,,,,,,,,,,,,,,,,,,,
,,,,,,,,,,,,,,,,,,,,,,,,
,,,,,,,,,,,,,,,,,,,,,,,,
,,,,,,,,,,,,,,,,,,,,,,,,
,,,,,,,,,,,,,,,,,,,,,,,,
,,,,,,,,,,,,,,,,,,,,,,,,
,,,,,,,,,,,,,,,,,,,,,,,,
,,,,,,,,,,,,,,,,,,,,,,,,
,,,,,,,,,,,,,,,,,,,,,,,,
,,,,,,,,,,,,,,,,,,,,,,,,
,,,,,,,,,,,,,,,,,,,,,,,,
,,,,,,,,,,,,,,,,,,,,,,,,
,,,,,,,,,,,,,,,,,,,,,,,,
,,,,,,,,,,,,,,,,,,,,,,,,
,,,,,,,,,,,,,,,,,,,,,,,,
,,,,,,,,,,,,,,,,,,,,,,,,
,,,,,,,,,,,,,,,,,,,,,,,,
,,,,,,,,,,,,,,,,,,,,,,,,
,,,,,,,,,,,,,,,,,,,,,,,,
,,,,,,,,,,,,,,,,,,,,,,,,
,,,,,,,,,,,,,,,,,,,,,,,,
,,,,,,,,,,,,,,,,,,,,,,,,
,,,,,,,,,,,,,,,,,,,,,,,,
,,,,,,,,,,,,,,,,,,,,,,,,
,,,,,,,,,,,,,,,,,,,,,,,,
,,,,,,,,,,,,,,,,,,,,,,,,
,,,,,,,,,,,,,,,,,,,,,,,,
,,,,,,,,,,,,,,,,,,,,,,,,
,,,,,,,,,,,,,,,,,,,,,,,,
,,,,,,,,,,,,,,,,,,,,,,,,
,,,,,,,,,,,,,,,,,,,,,,,,
,,,,,,,,,,,,,,,,,,,,,,,,
,,,,,,,,,,,,,,,,,,,,,,,,
,,,,,,,,,,,,,,,,,,,,,,,,
,,,,,,,,,,,,,,,,,,,,,,,,
,,,,,,,,,,,,,,,,,,,,,,,,
,,,,,,,,,,,,,,,,,,,,,,,,
,,,,,,,,,,,,,,,,,,,,,,,,
,,,,,,,,,,,,,,,,,,,,,,,,
,,,,,,,,,,,,,,,,,,,,,,,,
,,,,,,,,,,,,,,,,,,,,,,,,
,,,,,,,,,,,,,,,,,,,,,,,,
,,,,,,,,,,,,,,,,,,,,,,,,
,,,,,,,,,,,,,,,,,,,,,,,,
,,,,,,,,,,,,,,,,,,,,,,,,
,,,,,,,,,,,,,,,,,,,,,,,,
,,,,,,,,,,,,,,,,,,,,,,,,
,,,,,,,,,,,,,,,,,,,,,,,,
,,,,,,,,,,,,,,,,,,,,,,,,
,,,,,,,,,,,,,,,,,,,,,,,,
,,,,,,,,,,,,,,,,,,,,,,,,
,,,,,,,,,,,,,,,,,,,,,,,,
,,,,,,,,,,,,,,,,,,,,,,,,
,,,,,,,,,,,,,,,,,,,,,,,,
,,,,,,,,,,,,,,,,,,,,,,,,
,,,,,,,,,,,,,,,,,,,,,,,,
,,,,,,,,,,,,,,,,,,,,,,,,
,,,,,,,,,,,,,,,,,,,,,,,,
,,,,,,,,,,,,,,,,,,,,,,,,
,,,,,,,,,,,,,,,,,,,,,,,,
,,,,,,,,,,,,,,,,,,,,,,,,
,,,,,,,,,,,,,,,,,,,,,,,,
,,,,,,,,,,,,,,,,,,,,,,,,
,,,,,,,,,,,,,,,,,,,,,,,,
,,,,,,,,,,,,,,,,,,,,,,,,
,,,,,,,,,,,,,,,,,,,,,,,,
,,,,,,,,,,,,,,,,,,,,,,,,
,,,,,,,,,,,,,,,,,,,,,,,,
,,,,,,,,,,,,,,,,,,,,,,,,
,,,,,,,,,,,,,,,,,,,,,,,,
,,,,,,,,,,,,,,,,,,,,,,,,
,,,,,,,,,,,,,,,,,,,,,,,,
,,,,,,,,,,,,,,,,,,,,,,,,
,,,,,,,,,,,,,,,,,,,,,,,,
,,,,,,,,,,,,,,,,,,,,,,,,
,,,,,,,,,,,,,,,,,,,,,,,,
,,,,,,,,,,,,,,,,,,,,,,,,
,,,,,,,,,,,,,,,,,,,,,,,,
,,,,,,,,,,,,,,,,,,,,,,,,
,,,,,,,,,,,,,,,,,,,,,,,,
,,,,,,,,,,,,,,,,,,,,,,,,
,,,,,,,,,,,,,,,,,,,,,,,,
,,,,,,,,,,,,,,,,,,,,,,,,
,,,,,,,,,,,,,,,,,,,,,,,,
,,,,,,,,,,,,,,,,,,,,,,,,
,,,,,,,,,,,,,,,,,,,,,,,,
,,,,,,,,,,,,,,,,,,,,,,,,
,,,,,,,,,,,,,,,,,,,,,,,,
,,,,,,,,,,,,,,,,,,,,,,,,
,,,,,,,,,,,,,,,,,,,,,,,,
,,,,,,,,,,,,,,,,,,,,,,,,
,,,,,,,,,,,,,,,,,,,,,,,,
,,,,,,,,,,,,,,,,,,,,,,,,
,,,,,,,,,,,,,,,,,,,,,,,,
,,,,,,,,,,,,,,,,,,,,,,,,
,,,,,,,,,,,,,,,,,,,,,,,,
,,,,,,,,,,,,,,,,,,,,,,,,
,,,,,,,,,,,,,,,,,,,,,,,,
,,,,,,,,,,,,,,,,,,,,,,,,
,,,,,,,,,,,,,,,,,,,,,,,,
,,,,,,,,,,,,,,,,,,,,,,,,
,,,,,,,,,,,,,,,,,,,,,,,,
,,,,,,,,,,,,,,,,,,,,,,,,
,,,,,,,,,,,,,,,,,,,,,,,,
,,,,,,,,,,,,,,,,,,,,,,,,
,,,,,,,,,,,,,,,,,,,,,,,,
,,,,,,,,,,,,,,,,,,,,,,,,
,,,,,,,,,,,,,,,,,,,,,,,,
,,,,,,,,,,,,,,,,,,,,,,,,
,,,,,,,,,,,,,,,,,,,,,,,,
,,,,,,,,,,,,,,,,,,,,,,,,
,,,,,,,,,,,,,,,,,,,,,,,,
,,,,,,,,,,,,,,,,,,,,,,,,
,,,,,,,,,,,,,,,,,,,,,,,,
,,,,,,,,,,,,,,,,,,,,,,,,
,,,,,,,,,,,,,,,,,,,,,,,,
,,,,,,,,,,,,,,,,,,,,,,,,
,,,,,,,,,,,,,,,,,,,,,,,,
,,,,,,,,,,,,,,,,,,,,,,,,
,,,,,,,,,,,,,,,,,,,,,,,,
,,,,,,,,,,,,,,,,,,,,,,,,
,,,,,,,,,,,,,,,,,,,,,,,,
,,,,,,,,,,,,,,,,,,,,,,,,
,,,,,,,,,,,,,,,,,,,,,,,,
,,,,,,,,,,,,,,,,,,,,,,,,
,,,,,,,,,,,,,,,,,,,,,,,,
,,,,,,,,,,,,,,,,,,,,,,,,
,,,,,,,,,,,,,,,,,,,,,,,,
,,,,,,,,,,,,,,,,,,,,,,,,
,,,,,,,,,,,,,,,,,,,,,,,,
,,,,,,,,,,,,,,,,,,,,,,,,
,,,,,,,,,,,,,,,,,,,,,,,,
,,,,,,,,,,,,,,,,,,,,,,,,
,,,,,,,,,,,,,,,,,,,,,,,,
,,,,,,,,,,,,,,,,,,,,,,,,
,,,,,,,,,,,,,,,,,,,,,,,,
,,,,,,,,,,,,,,,,,,,,,,,,
,,,,,,,,,,,,,,,,,,,,,,,,
,,,,,,,,,,,,,,,,,,,,,,,,
,,,,,,,,,,,,,,,,,,,,,,,,
,,,,,,,,,,,,,,,,,,,,,,,,
,,,,,,,,,,,,,,,,,,,,,,,,
,,,,,,,,,,,,,,,,,,,,,,,,
,,,,,,,,,,,,,,,,,,,,,,,,
,,,,,,,,,,,,,,,,,,,,,,,,
,,,,,,,,,,,,,,,,,,,,,,,,
,,,,,,,,,,,,,,,,,,,,,,,,
,,,,,,,,,,,,,,,,,,,,,,,,
,,,,,,,,,,,,,,,,,,,,,,,,
,,,,,,,,,,,,,,,,,,,,,,,,
,,,,,,,,,,,,,,,,,,,,,,,,
,,,,,,,,,,,,,,,,,,,,,,,,
,,,,,,,,,,,,,,,,,,,,,,,,
,,,,,,,,,,,,,,,,,,,,,,,,
,,,,,,,,,,,,,,,,,,,,,,,,
,,,,,,,,,,,,,,,,,,,,,,,,
,,,,,,,,,,,,,,,,,,,,,,,,
,,,,,,,,,,,,,,,,,,,,,,,,
,,,,,,,,,,,,,,,,,,,,,,,,
,,,,,,,,,,,,,,,,,,,,,,,,
,,,,,,,,,,,,,,,,,,,,,,,,
,,,,,,,,,,,,,,,,,,,,,,,,
,,,,,,,,,,,,,,,,,,,,,,,,
,,,,,,,,,,,,,,,,,,,,,,,,
,,,,,,,,,,,,,,,,,,,,,,,,
,,,,,,,,,,,,,,,,,,,,,,,,
,,,,,,,,,,,,,,,,,,,,,,,,
,,,,,,,,,,,,,,,,,,,,,,,,
,,,,,,,,,,,,,,,,,,,,,,,,
,,,,,,,,,,,,,,,,,,,,,,,,
,,,,,,,,,,,,,,,,,,,,,,,,
,,,,,,,,,,,,,,,,,,,,,,,,
,,,,,,,,,,,,,,,,,,,,,,,,
,,,,,,,,,,,,,,,,,,,,,,,,
,,,,,,,,,,,,,,,,,,,,,,,,
,,,,,,,,,,,,,,,,,,,,,,,,
,,,,,,,,,,,,,,,,,,,,,,,,
,,,,,,,,,,,,,,,,,,,,,,,,
,,,,,,,,,,,,,,,,,,,,,,,,
,,,,,,,,,,,,,,,,,,,,,,,,
,,,,,,,,,,,,,,,,,,,,,,,,
,,,,,,,,,,,,,,,,,,,,,,,,
,,,,,,,,,,,,,,,,,,,,,,,,
,,,,,,,,,,,,,,,,,,,,,,,,
,,,,,,,,,,,,,,,,,,,,,,,,
,,,,,,,,,,,,,,,,,,,,,,,,
,,,,,,,,,,,,,,,,,,,,,,,,
,,,,,,,,,,,,,,,,,,,,,,,,
,,,,,,,,,,,,,,,,,,,,,,,,
,,,,,,,,,,,,,,,,,,,,,,,,
,,,,,,,,,,,,,,,,,,,,,,,,
,,,,,,,,,,,,,,,,,,,,,,,,
,,,,,,,,,,,,,,,,,,,,,,,,
,,,,,,,,,,,,,,,,,,,,,,,,
,,,,,,,,,,,,,,,,,,,,,,,,
,,,,,,,,,,,,,,,,,,,,,,,,
,,,,,,,,,,,,,,,,,,,,,,,,
,,,,,,,,,,,,,,,,,,,,,,,,
,,,,,,,,,,,,,,,,,,,,,,,,
,,,,,,,,,,,,,,,,,,,,,,,,
,,,,,,,,,,,,,,,,,,,,,,,,
,,,,,,,,,,,,,,,,,,,,,,,,
,,,,,,,,,,,,,,,,,,,,,,,,
,,,,,,,,,,,,,,,,,,,,,,,,
,,,,,,,,,,,,,,,,,,,,,,,,
,,,,,,,,,,,,,,,,,,,,,,,,
,,,,,,,,,,,,,,,,,,,,,,,,
,,,,,,,,,,,,,,,,,,,,,,,,
,,,,,,,,,,,,,,,,,,,,,,,,
,,,,,,,,,,,,,,,,,,,,,,,,
,,,,,,,,,,,,,,,,,,,,,,,,
,,,,,,,,,,,,,,,,,,,,,,,,
,,,,,,,,,,,,,,,,,,,,,,,,
,,,,,,,,,,,,,,,,,,,,,,,,
,,,,,,,,,,,,,,,,,,,,,,,,
,,,,,,,,,,,,,,,,,,,,,,,,
,,,,,,,,,,,,,,,,,,,,,,,,
,,,,,,,,,,,,,,,,,,,,,,,,
,,,,,,,,,,,,,,,,,,,,,,,,
,,,,,,,,,,,,,,,,,,,,,,,,
,,,,,,,,,,,,,,,,,,,,,,,,
,,,,,,,,,,,,,,,,,,,,,,,,
,,,,,,,,,,,,,,,,,,,,,,,,
,,,,,,,,,,,,,,,,,,,,,,,,
,,,,,,,,,,,,,,,,,,,,,,,,
,,,,,,,,,,,,,,,,,,,,,,,,
,,,,,,,,,,,,,,,,,,,,,,,,
,,,,,,,,,,,,,,,,,,,,,,,,
,,,,,,,,,,,,,,,,,,,,,,,,
,,,,,,,,,,,,,,,,,,,,,,,,
,,,,,,,,,,,,,,,,,,,,,,,,
,,,,,,,,,,,,,,,,,,,,,,,,
,,,,,,,,,,,,,,,,,,,,,,,,
,,,,,,,,,,,,,,,,,,,,,,,,
,,,,,,,,,,,,,,,,,,,,,,,,
,,,,,,,,,,,,,,,,,,,,,,,,
,,,,,,,,,,,,,,,,,,,,,,,,
,,,,,,,,,,,,,,,,,,,,,,,,
,,,,,,,,,,,,,,,,,,,,,,,,
,,,,,,,,,,,,,,,,,,,,,,,,
,,,,,,,,,,,,,,,,,,,,,,,,
,,,,,,,,,,,,,,,,,,,,,,,,
,,,,,,,,,,,,,,,,,,,,,,,,
,,,,,,,,,,,,,,,,,,,,,,,,
,,,,,,,,,,,,,,,,,,,,,,,,
,,,,,,,,,,,,,,,,,,,,,,,,
,,,,,,,,,,,,,,,,,,,,,,,,
,,,,,,,,,,,,,,,,,,,,,,,,
,,,,,,,,,,,,,,,,,,,,,,,,
,,,,,,,,,,,,,,,,,,,,,,,,
,,,,,,,,,,,,,,,,,,,,,,,,
,,,,,,,,,,,,,,,,,,,,,,,,
,,,,,,,,,,,,,,,,,,,,,,,,
,,,,,,,,,,,,,,,,,,,,,,,,
,,,,,,,,,,,,,,,,,,,,,,,,
,,,,,,,,,,,,,,,,,,,,,,,,
,,,,,,,,,,,,,,,,,,,,,,,,
,,,,,,,,,,,,,,,,,,,,,,,,
,,,,,,,,,,,,,,,,,,,,,,,,
,,,,,,,,,,,,,,,,,,,,,,,,
,,,,,,,,,,,,,,,,,,,,,,,,
,,,,,,,,,,,,,,,,,,,,,,,,
,,,,,,,,,,,,,,,,,,,,,,,,
,,,,,,,,,,,,,,,,,,,,,,,,
,,,,,,,,,,,,,,,,,,,,,,,,
,,,,,,,,,,,,,,,,,,,,,,,,
,,,,,,,,,,,,,,,,,,,,,,,,
,,,,,,,,,,,,,,,,,,,,,,,,
,,,,,,,,,,,,,,,,,,,,,,,,
,,,,,,,,,,,,,,,,,,,,,,,,
,,,,,,,,,,,,,,,,,,,,,,,,
,,,,,,,,,,,,,,,,,,,,,,,,
,,,,,,,,,,,,,,,,,,,,,,,,
,,,,,,,,,,,,,,,,,,,,,,,,
,,,,,,,,,,,,,,,,,,,,,,,,
,,,,,,,,,,,,,,,,,,,,,,,,
,,,,,,,,,,,,,,,,,,,,,,,,
,,,,,,,,,,,,,,,,,,,,,,,,
,,,,,,,,,,,,,,,,,,,,,,,,
,,,,,,,,,,,,,,,,,,,,,,,,
,,,,,,,,,,,,,,,,,,,,,,,,
,,,,,,,,,,,,,,,,,,,,,,,,
,,,,,,,,,,,,,,,,,,,,,,,,
,,,,,,,,,,,,,,,,,,,,,,,,
,,,,,,,,,,,,,,,,,,,,,,,,
,,,,,,,,,,,,,,,,,,,,,,,,
,,,,,,,,,,,,,,,,,,,,,,,,
,,,,,,,,,,,,,,,,,,,,,,,,
,,,,,,,,,,,,,,,,,,,,,,,,
,,,,,,,,,,,,,,,,,,,,,,,,
,,,,,,,,,,,,,,,,,,,,,,,,
,,,,,,,,,,,,,,,,,,,,,,,,
,,,,,,,,,,,,,,,,,,,,,,,,
,,,,,,,,,,,,,,,,,,,,,,,,
,,,,,,,,,,,,,,,,,,,,,,,,
,,,,,,,,,,,,,,,,,,,,,,,,
,,,,,,,,,,,,,,,,,,,,,,,,
,,,,,,,,,,,,,,,,,,,,,,,,
,,,,,,,,,,,,,,,,,,,,,,,,
,,,,,,,,,,,,,,,,,,,,,,,,
,,,,,,,,,,,,,,,,,,,,,,,,
,,,,,,,,,,,,,,,,,,,,,,,,
,,,,,,,,,,,,,,,,,,,,,,,,
,,,,,,,,,,,,,,,,,,,,,,,,
,,,,,,,,,,,,,,,,,,,,,,,,
,,,,,,,,,,,,,,,,,,,,,,,,
,,,,,,,,,,,,,,,,,,,,,,,,
,,,,,,,,,,,,,,,,,,,,,,,,
,,,,,,,,,,,,,,,,,,,,,,,,
,,,,,,,,,,,,,,,,,,,,,,,,
,,,,,,,,,,,,,,,,,,,,,,,,
,,,,,,,,,,,,,,,,,,,,,,,,
,,,,,,,,,,,,,,,,,,,,,,,,
,,,,,,,,,,,,,,,,,,,,,,,,
,,,,,,,,,,,,,,,,,,,,,,,,
,,,,,,,,,,,,,,,,,,,,,,,,
,,,,,,,,,,,,,,,,,,,,,,,,
,,,,,,,,,,,,,,,,,,,,,,,,
,,,,,,,,,,,,,,,,,,,,,,,,
,,,,,,,,,,,,,,,,,,,,,,,,
,,,,,,,,,,,,,,,,,,,,,,,,
,,,,,,,,,,,,,,,,,,,,,,,,
,,,,,,,,,,,,,,,,,,,,,,,,
,,,,,,,,,,,,,,,,,,,,,,,,
,,,,,,,,,,,,,,,,,,,,,,,,
,,,,,,,,,,,,,,,,,,,,,,,,
,,,,,,,,,,,,,,,,,,,,,,,,
,,,,,,,,,,,,,,,,,,,,,,,,
,,,,,,,,,,,,,,,,,,,,,,,,
,,,,,,,,,,,,,,,,,,,,,,,,
,,,,,,,,,,,,,,,,,,,,,,,,
,,,,,,,,,,,,,,,,,,,,,,,,
,,,,,,,,,,,,,,,,,,,,,,,,
,,,,,,,,,,,,,,,,,,,,,,,,
,,,,,,,,,,,,,,,,,,,,,,,,
,,,,,,,,,,,,,,,,,,,,,,,,
,,,,,,,,,,,,,,,,,,,,,,,,
,,,,,,,,,,,,,,,,,,,,,,,,
,,,,,,,,,,,,,,,,,,,,,,,,
,,,,,,,,,,,,,,,,,,,,,,,,
,,,,,,,,,,,,,,,,,,,,,,,,
,,,,,,,,,,,,,,,,,,,,,,,,
,,,,,,,,,,,,,,,,,,,,,,,,
,,,,,,,,,,,,,,,,,,,,,,,,
,,,,,,,,,,,,,,,,,,,,,,,,
,,,,,,,,,,,,,,,,,,,,,,,,
,,,,,,,,,,,,,,,,,,,,,,,,
,,,,,,,,,,,,,,,,,,,,,,,,
,,,,,,,,,,,,,,,,,,,,,,,,
,,,,,,,,,,,,,,,,,,,,,,,,
,,,,,,,,,,,,,,,,,,,,,,,,
,,,,,,,,,,,,,,,,,,,,,,,,
,,,,,,,,,,,,,,,,,,,,,,,,
,,,,,,,,,,,,,,,,,,,,,,,,
,,,,,,,,,,,,,,,,,,,,,,,,
,,,,,,,,,,,,,,,,,,,,,,,,
,,,,,,,,,,,,,,,,,,,,,,,,
,,,,,,,,,,,,,,,,,,,,,,,,
,,,,,,,,,,,,,,,,,,,,,,,,
,,,,,,,,,,,,,,,,,,,,,,,,
,,,,,,,,,,,,,,,,,,,,,,,,
,,,,,,,,,,,,,,,,,,,,,,,,
,,,,,,,,,,,,,,,,,,,,,,,,
,,,,,,,,,,,,,,,,,,,,,,,,
,,,,,,,,,,,,,,,,,,,,,,,,
,,,,,,,,,,,,,,,,,,,,,,,,
,,,,,,,,,,,,,,,,,,,,,,,,
,,,,,,,,,,,,,,,,,,,,,,,,
,,,,,,,,,,,,,,,,,,,,,,,,
,,,,,,,,,,,,,,,,,,,,,,,,
,,,,,,,,,,,,,,,,,,,,,,,,
,,,,,,,,,,,,,,,,,,,,,,,,
,,,,,,,,,,,,,,,,,,,,,,,,
,,,,,,,,,,,,,,,,,,,,,,,,
,,,,,,,,,,,,,,,,,,,,,,,,
,,,,,,,,,,,,,,,,,,,,,,,,
,,,,,,,,,,,,,,,,,,,,,,,,
,,,,,,,,,,,,,,,,,,,,,,,,
,,,,,,,,,,,,,,,,,,,,,,,,
,,,,,,,,,,,,,,,,,,,,,,,,
,,,,,,,,,,,,,,,,,,,,,,,,
,,,,,,,,,,,,,,,,,,,,,,,,
,,,,,,,,,,,,,,,,,,,,,,,,
,,,,,,,,,,,,,,,,,,,,,,,,
,,,,,,,,,,,,,,,,,,,,,,,,
,,,,,,,,,,,,,,,,,,,,,,,,
,,,,,,,,,,,,,,,,,,,,,,,,
,,,,,,,,,,,,,,,,,,,,,,,,
,,,,,,,,,,,,,,,,,,,,,,,,
,,,,,,,,,,,,,,,,,,,,,,,,
,,,,,,,,,,,,,,,,,,,,,,,,
,,,,,,,,,,,,,,,,,,,,,,,,
,,,,,,,,,,,,,,,,,,,,,,,,
,,,,,,,,,,,,,,,,,,,,,,,,
,,,,,,,,,,,,,,,,,,,,,,,,
,,,,,,,,,,,,,,,,,,,,,,,,
,,,,,,,,,,,,,,,,,,,,,,,,
,,,,,,,,,,,,,,,,,,,,,,,,
,,,,,,,,,,,,,,,,,,,,,,,,
,,,,,,,,,,,,,,,,,,,,,,,,
,,,,,,,,,,,,,,,,,,,,,,,,
,,,,,,,,,,,,,,,,,,,,,,,,
,,,,,,,,,,,,,,,,,,,,,,,,
,,,,,,,,,,,,,,,,,,,,,,,,
,,,,,,,,,,,,,,,,,,,,,,,,
,,,,,,,,,,,,,,,,,,,,,,,,
,,,,,,,,,,,,,,,,,,,,,,,,
,,,,,,,,,,,,,,,,,,,,,,,,
,,,,,,,,,,,,,,,,,,,,,,,,
,,,,,,,,,,,,,,,,,,,,,,,,
,,,,,,,,,,,,,,,,,,,,,,,,
,,,,,,,,,,,,,,,,,,,,,,,,
,,,,,,,,,,,,,,,,,,,,,,,,
,,,,,,,,,,,,,,,,,,,,,,,,
,,,,,,,,,,,,,,,,,,,,,,,,
,,,,,,,,,,,,,,,,,,,,,,,,
,,,,,,,,,,,,,,,,,,,,,,,,
,,,,,,,,,,,,,,,,,,,,,,,,
,,,,,,,,,,,,,,,,,,,,,,,,
,,,,,,,,,,,,,,,,,,,,,,,,
,,,,,,,,,,,,,,,,,,,,,,,,
,,,,,,,,,,,,,,,,,,,,,,,,
,,,,,,,,,,,,,,,,,,,,,,,,
,,,,,,,,,,,,,,,,,,,,,,,,
,,,,,,,,,,,,,,,,,,,,,,,,
,,,,,,,,,,,,,,,,,,,,,,,,
,,,,,,,,,,,,,,,,,,,,,,,,
,,,,,,,,,,,,,,,,,,,,,,,,
,,,,,,,,,,,,,,,,,,,,,,,,
,,,,,,,,,,,,,,,,,,,,,,,,
,,,,,,,,,,,,,,,,,,,,,,,,
,,,,,,,,,,,,,,,,,,,,,,,,
,,,,,,,,,,,,,,,,,,,,,,,,
,,,,,,,,,,,,,,,,,,,,,,,,
,,,,,,,,,,,,,,,,,,,,,,,,
,,,,,,,,,,,,,,,,,,,,,,,,
,,,,,,,,,,,,,,,,,,,,,,,,
,,,,,,,,,,,,,,,,,,,,,,,,
,,,,,,,,,,,,,,,,,,,,,,,,
,,,,,,,,,,,,,,,,,,,,,,,,
,,,,,,,,,,,,,,,,,,,,,,,,
,,,,,,,,,,,,,,,,,,,,,,,,
,,,,,,,,,,,,,,,,,,,,,,,,
,,,,,,,,,,,,,,,,,,,,,,,,
,,,,,,,,,,,,,,,,,,,,,,,,
,,,,,,,,,,,,,,,,,,,,,,,,
,,,,,,,,,,,,,,,,,,,,,,,,
,,,,,,,,,,,,,,,,,,,,,,,,
,,,,,,,,,,,,,,,,,,,,,,,,
,,,,,,,,,,,,,,,,,,,,,,,,
,,,,,,,,,,,,,,,,,,,,,,,,
,,,,,,,,,,,,,,,,,,,,,,,,
,,,,,,,,,,,,,,,,,,,,,,,,
,,,,,,,,,,,,,,,,,,,,,,,,
,,,,,,,,,,,,,,,,,,,,,,,,
,,,,,,,,,,,,,,,,,,,,,,,,
,,,,,,,,,,,,,,,,,,,,,,,,
,,,,,,,,,,,,,,,,,,,,,,,,
,,,,,,,,,,,,,,,,,,,,,,,,
,,,,,,,,,,,,,,,,,,,,,,,,
,,,,,,,,,,,,,,,,,,,,,,,,
,,,,,,,,,,,,,,,,,,,,,,,,
,,,,,,,,,,,,,,,,,,,,,,,,
,,,,,,,,,,,,,,,,,,,,,,,,
,,,,,,,,,,,,,,,,,,,,,,,,
,,,,,,,,,,,,,,,,,,,,,,,,
,,,,,,,,,,,,,,,,,,,,,,,,
,,,,,,,,,,,,,,,,,,,,,,,,
,,,,,,,,,,,,,,,,,,,,,,,,
,,,,,,,,,,,,,,,,,,,,,,,,
,,,,,,,,,,,,,,,,,,,,,,,,
,,,,,,,,,,,,,,,,,,,,,,,,
,,,,,,,,,,,,,,,,,,,,,,,,
,,,,,,,,,,,,,,,,,,,,,,,,
,,,,,,,,,,,,,,,,,,,,,,,,
,,,,,,,,,,,,,,,,,,,,,,,,
,,,,,,,,,,,,,,,,,,,,,,,,
,,,,,,,,,,,,,,,,,,,,,,,,
,,,,,,,,,,,,,,,,,,,,,,,,
,,,,,,,,,,,,,,,,,,,,,,,,
,,,,,,,,,,,,,,,,,,,,,,,,
,,,,,,,,,,,,,,,,,,,,,,,,
,,,,,,,,,,,,,,,,,,,,,,,,
,,,,,,,,,,,,,,,,,,,,,,,,
,,,,,,,,,,,,,,,,,,,,,,,,
,,,,,,,,,,,,,,,,,,,,,,,,
,,,,,,,,,,,,,,,,,,,,,,,,
,,,,,,,,,,,,,,,,,,,,,,,,
,,,,,,,,,,,,,,,,,,,,,,,,
,,,,,,,,,,,,,,,,,,,,,,,,
,,,,,,,,,,,,,,,,,,,,,,,,
,,,,,,,,,,,,,,,,,,,,,,,,
,,,,,,,,,,,,,,,,,,,,,,,,
,,,,,,,,,,,,,,,,,,,,,,,,
,,,,,,,,,,,,,,,,,,,,,,,,
,,,,,,,,,,,,,,,,,,,,,,,,
,,,,,,,,,,,,,,,,,,,,,,,,
,,,,,,,,,,,,,,,,,,,,,,,,
,,,,,,,,,,,,,,,,,,,,,,,,
,,,,,,,,,,,,,,,,,,,,,,,,
,,,,,,,,,,,,,,,,,,,,,,,,
,,,,,,,,,,,,,,,,,,,,,,,,
,,,,,,,,,,,,,,,,,,,,,,,,
,,,,,,,,,,,,,,,,,,,,,,,,
,,,,,,,,,,,,,,,,,,,,,,,,
,,,,,,,,,,,,,,,,,,,,,,,,
,,,,,,,,,,,,,,,,,,,,,,,,
,,,,,,,,,,,,,,,,,,,,,,,,
,,,,,,,,,,,,,,,,,,,,,,,,
,,,,,,,,,,,,,,,,,,,,,,,,
,,,,,,,,,,,,,,,,,,,,,,,,
,,,,,,,,,,,,,,,,,,,,,,,,
,,,,,,,,,,,,,,,,,,,,,,,,
,,,,,,,,,,,,,,,,,,,,,,,,
,,,,,,,,,,,,,,,,,,,,,,,,
,,,,,,,,,,,,,,,,,,,,,,,,
,,,,,,,,,,,,,,,,,,,,,,,,
,,,,,,,,,,,,,,,,,,,,,,,,
,,,,,,,,,,,,,,,,,,,,,,,,
,,,,,,,,,,,,,,,,,,,,,,,,
,,,,,,,,,,,,,,,,,,,,,,,,
,,,,,,,,,,,,,,,,,,,,,,,,
,,,,,,,,,,,,,,,,,,,,,,,,
,,,,,,,,,,,,,,,,,,,,,,,,
,,,,,,,,,,,,,,,,,,,,,,,,
,,,,,,,,,,,,,,,,,,,,,,,,
,,,,,,,,,,,,,,,,,,,,,,,,
,,,,,,,,,,,,,,,,,,,,,,,,
,,,,,,,,,,,,,,,,,,,,,,,,
,,,,,,,,,,,,,,,,,,,,,,,,
,,,,,,,,,,,,,,,,,,,,,,,,
,,,,,,,,,,,,,,,,,,,,,,,,
,,,,,,,,,,,,,,,,,,,,,,,,
,,,,,,,,,,,,,,,,,,,,,,,,
,,,,,,,,,,,,,,,,,,,,,,,,
,,,,,,,,,,,,,,,,,,,,,,,,
,,,,,,,,,,,,,,,,,,,,,,,,
,,,,,,,,,,,,,,,,,,,,,,,,
,,,,,,,,,,,,,,,,,,,,,,,,
,,,,,,,,,,,,,,,,,,,,,,,,
,,,,,,,,,,,,,,,,,,,,,,,,
,,,,,,,,,,,,,,,,,,,,,,,,
,,,,,,,,,,,,,,,,,,,,,,,,
,,,,,,,,,,,,,,,,,,,,,,,,
,,,,,,,,,,,,,,,,,,,,,,,,
,,,,,,,,,,,,,,,,,,,,,,,,
,,,,,,,,,,,,,,,,,,,,,,,,
,,,,,,,,,,,,,,,,,,,,,,,,
,,,,,,,,,,,,,,,,,,,,,,,,
,,,,,,,,,,,,,,,,,,,,,,,,
,,,,,,,,,,,,,,,,,,,,,,,,
,,,,,,,,,,,,,,,,,,,,,,,,
,,,,,,,,,,,,,,,,,,,,,,,,
,,,,,,,,,,,,,,,,,,,,,,,,
,,,,,,,,,,,,,,,,,,,,,,,,
,,,,,,,,,,,,,,,,,,,,,,,,
,,,,,,,,,,,,,,,,,,,,,,,,
,,,,,,,,,,,,,,,,,,,,,,,,
,,,,,,,,,,,,,,,,,,,,,,,,
,,,,,,,,,,,,,,,,,,,,,,,,
,,,,,,,,,,,,,,,,,,,,,,,,
,,,,,,,,,,,,,,,,,,,,,,,,
,,,,,,,,,,,,,,,,,,,,,,,,
,,,,,,,,,,,,,,,,,,,,,,,,
,,,,,,,,,,,,,,,,,,,,,,,,
,,,,,,,,,,,,,,,,,,,,,,,,
,,,,,,,,,,,,,,,,,,,,,,,,
,,,,,,,,,,,,,,,,,,,,,,,,
,,,,,,,,,,,,,,,,,,,,,,,,
,,,,,,,,,,,,,,,,,,,,,,,,
,,,,,,,,,,,,,,,,,,,,,,,,
,,,,,,,,,,,,,,,,,,,,,,,,
,,,,,,,,,,,,,,,,,,,,,,,,
,,,,,,,,,,,,,,,,,,,,,,,,
,,,,,,,,,,,,,,,,,,,,,,,,
,,,,,,,,,,,,,,,,,,,,,,,,
,,,,,,,,,,,,,,,,,,,,,,,,
,,,,,,,,,,,,,,,,,,,,,,,,
,,,,,,,,,,,,,,,,,,,,,,,,
,,,,,,,,,,,,,,,,,,,,,,,,
,,,,,,,,,,,,,,,,,,,,,,,,
,,,,,,,,,,,,,,,,,,,,,,,,
,,,,,,,,,,,,,,,,,,,,,,,,
,,,,,,,,,,,,,,,,,,,,,,,,
,,,,,,,,,,,,,,,,,,,,,,,,
,,,,,,,,,,,,,,,,,,,,,,,,
,,,,,,,,,,,,,,,,,,,,,,,,
,,,,,,,,,,,,,,,,,,,,,,,,
,,,,,,,,,,,,,,,,,,,,,,,,
,,,,,,,,,,,,,,,,,,,,,,,,
,,,,,,,,,,,,,,,,,,,,,,,,
,,,,,,,,,,,,,,,,,,,,,,,,
,,,,,,,,,,,,,,,,,,,,,,,,
,,,,,,,,,,,,,,,,,,,,,,,,
,,,,,,,,,,,,,,,,,,,,,,,,
,,,,,,,,,,,,,,,,,,,,,,,,
,,,,,,,,,,,,,,,,,,,,,,,,
,,,,,,,,,,,,,,,,,,,,,,,,
,,,,,,,,,,,,,,,,,,,,,,,,
,,,,,,,,,,,,,,,,,,,,,,,,
,,,,,,,,,,,,,,,,,,,,,,,,
,,,,,,,,,,,,,,,,,,,,,,,,
,,,,,,,,,,,,,,,,,,,,,,,,
,,,,,,,,,,,,,,,,,,,,,,,,
,,,,,,,,,,,,,,,,,,,,,,,,
,,,,,,,,,,,,,,,,,,,,,,,,
,,,,,,,,,,,,,,,,,,,,,,,,
,,,,,,,,,,,,,,,,,,,,,,,,
,,,,,,,,,,,,,,,,,,,,,,,,
,,,,,,,,,,,,,,,,,,,,,,,,
,,,,,,,,,,,,,,,,,,,,,,,,
,,,,,,,,,,,,,,,,,,,,,,,,
,,,,,,,,,,,,,,,,,,,,,,,,
,,,,,,,,,,,,,,,,,,,,,,,,
,,,,,,,,,,,,,,,,,,,,,,,,
,,,,,,,,,,,,,,,,,,,,,,,,
,,,,,,,,,,,,,,,,,,,,,,,,
,,,,,,,,,,,,,,,,,,,,,,,,
,,,,,,,,,,,,,,,,,,,,,,,,
,,,,,,,,,,,,,,,,,,,,,,,,
,,,,,,,,,,,,,,,,,,,,,,,,
,,,,,,,,,,,,,,,,,,,,,,,,
,,,,,,,,,,,,,,,,,,,,,,,,
,,,,,,,,,,,,,,,,,,,,,,,,
,,,,,,,,,,,,,,,,,,,,,,,,
,,,,,,,,,,,,,,,,,,,,,,,,
,,,,,,,,,,,,,,,,,,,,,,,,
,,,,,,,,,,,,,,,,,,,,,,,,
,,,,,,,,,,,,,,,,,,,,,,,,
,,,,,,,,,,,,,,,,,,,,,,,,
,,,,,,,,,,,,,,,,,,,,,,,,
,,,,,,,,,,,,,,,,,,,,,,,,
,,,,,,,,,,,,,,,,,,,,,,,,
,,,,,,,,,,,,,,,,,,,,,,,,
,,,,,,,,,,,,,,,,,,,,,,,,
,,,,,,,,,,,,,,,,,,,,,,,,
,,,,,,,,,,,,,,,,,,,,,,,,
,,,,,,,,,,,,,,,,,,,,,,,,
,,,,,,,,,,,,,,,,,,,,,,,,
,,,,,,,,,,,,,,,,,,,,,,,,
,,,,,,,,,,,,,,,,,,,,,,,,
,,,,,,,,,,,,,,,,,,,,,,,,
,,,,,,,,,,,,,,,,,,,,,,,,
,,,,,,,,,,,,,,,,,,,,,,,,
,,,,,,,,,,,,,,,,,,,,,,,,
,,,,,,,,,,,,,,,,,,,,,,,,
,,,,,,,,,,,,,,,,,,,,,,,,
,,,,,,,,,,,,,,,,,,,,,,,,
,,,,,,,,,,,,,,,,,,,,,,,,
,,,,,,,,,,,,,,,,,,,,,,,,
,,,,,,,,,,,,,,,,,,,,,,,,
,,,,,,,,,,,,,,,,,,,,,,,,
,,,,,,,,,,,,,,,,,,,,,,,,
