Sample_text,Category,Final Label,Female_biased,Not Female_biased
à§§à§® à¦à§à¦à¦¿à¦° à¦à§à¦¦à¦¾ à¦à¦¾à¦à§à¦¾ à¦¶à§à¦·à§ à¦à¦à¦¨ à§§à§«à§¦à¦à§à¦à¦¿à¦° à¦à§à¦¦à¦¾ à¦à¦¾à¦¬à§ à¦®à¦¿à¦¥à¦¿à¦²à¦¾,Gender,Sexual Harassments,Harmful,Violence
à§¨à§ à¦®à§à¦° à¦à¦¾à¦«à¦°à§à¦° à¦®à§à¦à§ à¦®à§à¦¤à§ à¦¦à§...,Gender,Offensive,Sexual Harassments,Sexual Harassments
à¦à¦ªà§ à¦à¦à¦¿à¦² à¦¤à§à¦ à¦¤à§ à¦­à§à¦ à¦à§à¦° à¦¤à§à¦° à¦®à§à¦à§ à¦²à¦¾à¦¥à¦¿ à¦®à¦¾à¦°à§ à¥¤,Gender,Offensive,Violence,Sexual Harassments
à¦à¦®à¦¿à¦¤ à¦¶à¦¾à¦¹à§ à¦° à¦¦à§à¦ à¦à¦¾à¦²à§ à¦à§à¦¤à¦¾ à¦®à¦¾à¦°à§ à¦¤à¦¾à¦²à§ à¦¤à¦¾à¦²à§,Gender,Offensive,Sexual Harassments,Sexual Harassments
à¦à¦®à¦¿à¦¤ à¦¸à¦¾à¦¹ à¦à§ à¦¬à¦¾à¦à¦¶ à¦¦à§à¦,Gender,Offensive,Sexual Harassments,Sexual Harassments
à¦à¦° à¦¬à§à¦¦à¦¾à¦° à¦®à¦§à§à¦¯à§ à¦à¦¾à¦°à§à¦¨à§à¦ à¦¦à¦¿à¦²à§ à¦¸à¦¬ à¦à¦®à¦¨à¦¿à¦ à¦¬à¦²à§ à¦¦à¦¿à¦¬à§,Gender,Offensive,Sexual Harassments,Sexual Harassments
à¦à¦¸à¦­à§à¦¯ à¦®à¦¦à¦¿ à¦¸à¦°à¦à¦¾à¦°à¦à§ à¦à¦ à¦¿à¦¨ à¦­à¦¾à¦¬à§ à¦¸à¦¾à¦à¦ à¦à¦°à¦¾ à¦¦à¦°à¦à¦¾à¦°,Gender,Offensive,Sexual Harassments,Sexual Harassments
à¦à¦¬à¦¬à¦¾à¦¸à¦¿à¦°à§ à¦à§à¦¤à¦¾ à¦ªà¦¿à¦à¦¾ à¦à¦°,Gender,Violence,Sexual Harassments,Sexual Harassments
à¦à¦¬à¦¾à¦° à¦à¦¤ à¦¬à§ à¦¸à¦¾à¦¹à¦¸à§à¦¯à¦¾ à¦à¦¬à¦¾à¦° à¦¬à¦²à§ à¦¤à§à¦ à¦¬à¦²à§ à¦à¦°à§ à¦ªà¦¿à¦à¦¾à¦ à¦®à¦¾à¦à§à¦° à¦ªà§à¦²à¦¾à¦°à§,Gender,Offensive,Sexual Harassments,Sexual Harassments
à¦à¦®à¦¨ à¦à§à¦²à§ à¦à§ à¦°à¦¾à¦¸à§à¦¤à¦¾à¦° à¦®à§à¦¡à¦¼à§ à¦¬à§à¦§à§ à¦à§à¦¤à§ à¦¦à¦¿à§à§ à¦®à¦¾à¦°à¦¾ à¦à¦à¦¿à¦¤,Gender,Offensive,Sexual Harassments,Sexual Harassments
à¦à¦®à¦°à¦¾ à¦¸à¦¾à¦à¦¿à¦¬ à¦­à¦¾à¦à¦° à¦ªà¦¾à¦¶à§ à¦à¦à¦¿à§· à¦à¦¬à¦ à¦ªà¦¾à¦ªà¦¨à¦à§ à¦à§à¦¤à¦¾à¦° à¦¬à¦¾à¦°à¦¿ à¦¦à§à¦,Gender,Violence,Sexual Harassments,Sexual Harassments
à¦à¦®à¦¾à¦° à¦¬à§ à¦à¦®à¦¾à¦à§ à¦¦à¦¿à¦¨à§ à¦à¦à¦¬à¦¾à¦° à¦à§à¦¦à¦¾ à¦¦à§à¦¯à¦¼,Gender,Sexual Harassments,Violence,Violence
à¦à¦²à§à¦²à¦¾à¦¹ à¦à¦ à¦à§à¦²à§à¦° à¦à¦ªà¦° à¦à¦à¦¬ à¦¨à¦¾à¦à¦¿à¦² à¦à¦°à§,Gender,Offensive,Sexual Harassments,Sexual Harassments
à¦à¦²à§à¦²à¦¾à¦¹ à¦­à¦¿à¦¡à¦¿à¦à¦à¦¾ à¦¦à§à¦à¦¾à¦° à¦¸à¦¾à¦¹à¦¸ à¦ªà¦¾à¦à¦¨à¦¿à¦à¦²à§à¦²à¦¾à¦¹ à¦¤à§à¦®à¦¿ à¦à¦ à¦à§à¦²à§à¦° à¦à¦à¦¿à¦¤ à¦¬à¦¿à¦à¦¾à¦° à¦à¦°à§à¦à¦ à¦à¦à¦¬à§ à¦¤à§à¦®à¦¿ à¦¦à§à¦à¦¿à§à§ à¦¦à¦¾à¦ à¦ªà¦¿à¦¤à¦¾ à¦®à¦¾à¦¤à¦¾à¦° à¦ªà§à¦°à¦¤à¦¿ à¦à§à¦¨ à¦à¦¾à¦«à¦°à§à¦° à¦¯à§à¦¨à§ à¦à¦¾à¦°à¦¾à¦ª à¦à¦à¦°à¦¨à§à¦° à¦¸à¦¾à¦¹à¦¸ à¦¨à¦¾ à¦ªà¦¾à§,Gender,Offensive,Sexual Harassments,Sexual Harassments
à¦à¦²à§à¦²à¦¾à¦¹à¦° à¦²à¦¾à¦¨à¦¤ à¦®à¦¿à¦¤à¦¿à¦²à¦¾à¦° à¦à¦ªà¦°,Gender,Offensive,Violence,Violence
à¦à¦¨à§à¦¡à¦¿à§à¦¾ à¦¥à§à¦à§ à¦¬à¦²à¦à¦¿ à¦ªà¦¾à¦ªà¦¨ à¦à§ à¦à§à¦²à¦¿ à¦à¦°à§ à¦®à¦¾à¦°à§à¦¨à¥¤à¦¶à¦¾à¦à¦¿à¦¬ à¦à§à¦¬ à¦­à¦¾à¦² à¦ªà§à¦²à§à§à¦¾à¦°à¥¤,Gender,Offensive,Sexual Harassments,Sexual Harassments
à¦®à§à¦¯à¦¼à§à¦°à¦¾ à¦à§à¦¨ à¦¸à¦¬à¦¸à¦®à¦¯à¦¼ à¦à¦ à¦¬à§à¦¯à¦¾à¦ªà¦¾à¦°à§ à¦¨à¦¾à¦ à¦à¦²à¦¾à¦¯à¦¼? à¦à¦°à¦¾ à¦¸à¦¬ à¦¸à¦®à¦¯à¦¼ à¦¸à¦®à¦¸à§à¦¯à¦¾ à¦¤à§à¦°à¦¿ à¦à¦°à§,Gender,Offensive,Sexual Harassments,Sexual Harassments
à¦®à§à¦¯à¦¼à§à¦¦à§à¦° à¦à¦ à¦¸à¦®à¦¾à¦à§ à¦¥à¦¾à¦à¦¾à¦° à¦à§à¦¨à§ à¦à¦§à¦¿à¦à¦¾à¦° à¦¨à§à¦; à¦à¦°à¦¾ à¦à¦à¦¾à¦¨à§ à¦®à¦¾à¦¨à¦¾à¦¨à¦¸à¦ à¦¨à¦¾,Gender,Offensive,Sexual Harassments,Sexual Harassments
"à¦®à§à¦¯à¦¼à§à¦°à¦¾ à¦¸à¦¬à¦¸à¦®à¦¯à¦¼ à¦­à¦¾à¦¬à§ à¦à¦°à¦¾ à¦¸à¦¬à¦¾à¦° à¦¥à§à¦à§ à¦­à¦¾à¦²à§, à¦à¦¿à¦¨à§à¦¤à§ à¦à¦¸à¦²à§ à¦à¦¦à§à¦° à¦à§à¦¨à§ à¦à¦¬à¦¦à¦¾à¦¨ à¦¨à§à¦",Gender,Offensive,Sexual Harassments,Violence
à¦à¦à¦¾ à¦¸à¦¤à§à¦¯à¦¿ à¦¯à§ à¦®à§à¦¯à¦¼à§à¦°à¦¾  à¦¸à¦¬à¦à¦¿à¦à§ à¦¨à¦·à§à¦ à¦à¦°à§ à¦¦à¦¿à¦à§à¦à§,Gender,Offensive,Harmful,Sexual Harassments
"à¦¸à¦¤à§à¦¯à¦¿ à¦¬à¦²à¦¤à§ à¦à¦¿, à¦à¦®à¦¾à¦¦à§à¦° à¦®à§à¦¯à¦¼à§à¦¦à§à¦° à¦à¦¾à¦¡à¦¼à¦¾ à¦à¦°à¦ à¦­à¦¾à¦²à§ à¦¹à¦¤à§",Gender,Offensive,Sexual Harassments,Violence
à¦à¦° à¦®à¦¤ à¦à§à¦²à§à¦à§ à¦à§à¦à¦¾ à¦¦à¦¿à§à¦¾ à¦à§à¦¦à¦¾à¦¨à§ à¦¦à¦°à¦à¦¾à¦°,Gender,Sexual Harassments,Sexual Harassments,Sexual Harassments
à¦à¦° à¦®à¦¤ à¦ªà§à¦²à¦¾à¦°à§ à¦®à§à¦°à§ à¦«à§à¦²à¦¾ à¦¦à¦°à¦à¦¾à¦°,Gender,Offensive,Sexual Harassments,Offensive
à¦à¦° à¦®à¦¤à§ à¦à§à¦²à§à¦à§ à¦à¦°à¦® à¦¤à§à¦² à¦à¦¾ à§à§ à¦¢à§à¦²à§ à¦®à¦¾à¦°à¦¤à§ à¦¹à¦¬à§ à¦¤à¦¿à¦² à¦¤à¦¿à¦² à¦à¦°à§,Gender,Offensive,Sexual Harassments,Sexual Harassments
à¦à¦° à¦¸à§à¦¨à¦¾ à¦à§à¦à§ à¦à¦° à¦¹à¦¾à¦¤à§ à¦¦à§à§à¦¾ à¦¹à§à¦,Gender,Offensive,Sexual Harassments,Sexual Harassments
à¦à¦°à¦¾à¦à¦® à¦à§à¦²à§à¦° à¦®à§à¦°à§ à¦«à§à¦²à¦¾ à¦à¦à¦¿à¦¤,Gender,Offensive,Sexual Harassments,Sexual Harassments
à¦à¦°à§ à¦à¦®à¦¾à¦° à¦à¦¾à¦à§ à¦à¦à¦à§ à¦ªà¦¾à¦ à¦¿à§à§ à¦¦à§à§à¥¤ à¦à¦ à¦¬à§à¦¸à§ à¦à¦à§ à¦à§à¦¾à¦ à¦à¦°à¦¤à§ à¦¦à§à§ à¦à§à¦¨? à¦à¦° à¦à¦¤à¦¨à¦¾ à¦¹à¦à¦à§ à¦¤à§?,Gender,Offensive,Sexual Harassments,Sexual Harassments
à¦à¦°à§ à¦¨à§à¦¨à§à¦à¦¾ à¦à¦°à§ à¦à§à¦¦à§ à¦¦à¦¿à¦²à§à¦ à¦à¦à¦¾ à¦à¦° à¦à¦¾à¦à§ à¦¨à¦°à¦®à¦¾à¦² à¦¹à¦¬à§ à¦à¦¾à¦°à¦¨ à¦¬à§à¦¯à¦¾à¦¸à¦¸à¦¾à¦° à¦à¦° à¦¥à§à¦à§ à¦¬à§à¦¯à¦¾à¦¸à¦¸à¦¾ à¦ à¦à¦¨à§à¦® à¦¨à§à§,Gender,Offensive,Sexual Harassments,Sexual Harassments
à¦à¦°à§ à¦ªà§à¦¯à¦¾à¦¨à§à¦ à¦à§à¦²à§ à¦¸à§à¦¨à¦¾à¦¯à¦¼ à¦²à¦¾à¦¤à§à¦¥à¦¾à¦à¦¯à¦¼à¦¾ à¦¬à§à¦à¦¿ à¦«à¦¾à¦à¦¾à¦à¦¯à¦¼à¦¾ à¦«à¦¾à¦²à¦¾à¦¤à§ à¦à¦à§à¦à¦¾ à¦à¦°à¦à§,Gender,Offensive,Sexual Harassments,Violence
à¦à¦à¦¿ à¦®à§à§à§ à¦à¦¾à¦à§à¦¾à¦° à¦à¦­à§à¦¯à¦¾à¦¸à¦à¦¾ à¦à¦¾à¦à¦à§à¦¾ à¦à¦¾à¦¦à§à¦°à§à¦° à¦à¦° à¦à§à¦²à§ à¦¨à¦¾à¥¤,Gender,Offensive,Sexual Harassments,Sexual Harassments
à¦à¦¤ à¦¬à§à¦¡à¦¾à¦° à¦¸à§à¦¦à¦¾ à¦à¦¾à¦à¦à§ à¦¹à¦¿à¦¤à¦¿ à¦¨à¦¿à¦à§ à¦ à¦à¦¾à¦¨à§ à¦¨à¦¾,Gender,Offensive,Sexual Harassments,Sexual Harassments
à¦à¦® à¦¹à¦²à§ à¦à¦¨ à¦à§à¦¦à¦¿à¦à§ à¦à¦à¦¿à¦à§,Gender,Offensive,Sexual Harassments,Offensive
à¦à§ à¦à¦¾à¦à¦¾ à¦²à¦¾à¦à¦¬à§ à¦à§à¦²à¦¤à§ à¦¤à¦¾à¦° à¦­à§à¦¦à¦¾à§,Gender,Offensive,Sexual Harassments,Offensive
à¦à¦¾à¦à¦¾ à¦à¦ªà¦¨à¦¾à¦° à¦à§à¦¦à¦¾ à¦à§à¦ à¦à¦¾à¦­à¦¿à¦¨ à¦¹à¦à§à¦à§ à¦¨à¦¾ à¦à§à¦¨,Gender,Sexual Harassments,Sexual Harassments,Sexual Harassments
à¦à¦¾à¦à§ à¦¤à§à¦®à¦¾à¦°à§ à¦ªà¦¾à¦à¦²à§ à¦¤à§à¦®à¦¾à¦° à¦®à§à¦à§ à¦¸à¦¿à¦·à¦¾à¦° à¦¡à¦¾à¦²à¦¾à¦ à¦¦à¦¿à¦¤à¦¾à¦®,Gender,Offensive,Sexual Harassments,Sexual Harassments
à¦à¦¾à¦¦à¦¿à¦°à§à¦° à¦®à¦¾ à¦à§ à¦à§à¦¦à¦¿à¥¤ à¦ à¦¸à¦¬ à¦à¦¾à¦à¦¾ à¦à§à¦²à§ à¦à¦¨à¦à¦¨à§à¦° à¦à¦¾à¦à¦¾à¥¤ à¦®à¦¾à¦¨à§à¦·à§à¦° à¦à¦¾à¦à¦¾ à¦à§à¦°à¦¿ à¦à¦°à§ à¦à¦¸à¦à¦°à¦à§à¥¤à¥¤,Gender,Offensive,Sexual Harassments,Offensive
à¦à¦¾à¦¦à§à¦°à§à¦° à¦®à¦¾à¦°à§ à¦à§à¦¦à¦¿,Gender,Offensive,Sexual Harassments,Offensive
à¦à¦¾à¦®à¦°à§à¦² à¦°à¦¿à¦«à¦¾à¦¤à§à¦° à¦®à¦¾à§à§à¦°à§ à¦à¦à¦à§ à¦à§à¦¦à¦¿à¦à¦¿,Gender,Offensive,Sexual Harassments,Offensive
à¦à¦¿ à¦¬à¦²à¦¬à§ à¦¤à¦¬à§ à¦à¦à¦¦à¦¿à¦¨ à¦à¦° à¦à§à¦²à§ à¦à¦°à§ à¦®à¦¾à¦°à¦¬à§,Gender,Offensive,Sexual Harassments,Sexual Harassments
à¦à¦¿ à¦¹à¦¿à¦à¦¸à§ à¦¹à§ à¦à¦®à¦¾à¦° à¦®à¦¤ à¦¹à¦¤à§ à¦à¦¾à¦ à¦à¦®à¦¿ à¦¤à¦° à¦®à¦¾ à¦à§ à¦à§à¦¦à¦¿,Gender,Offensive,Sexual Harassments,Sexual Harassments
à¦à§ à¦ªà§à¦¤à§à¦° à¦à¦à§ à¦«à¦¾à¦à¦¸à¦¿ à¦¨à§ à¦à¦à§ à¦¤à¦¿à¦²à§ à¦¤à¦¿à¦²à§ à¦à¦¸à¦¯à§à¦¯ à¦¯à¦¨à§à¦¤à§à¦°à¦¨à¦¾ à¦¦à¦¿à§à§ à¦®à¦¾à¦°à¦¾ à¦¹à¦,Gender,Offensive,Sexual Harassments,Sexual Harassments
à¦à§à¦¤à¦¾ à¦¦à¦¿à§à¦¾ à¦à§à¦¦à¦¾ à¦®à¦¿à¦¥à¦¿à¦²à¦¾à¦à§,Gender,Offensive,Sexual Harassments,Harmful
à¦à§ à¦à§ à¦ªà¦ªà¦¨à¦à§ à¦à§à¦¦à¦¬à§à¦¨ à¦¹à¦¾à¦¤ à¦¤à§à¦²à§à¦¨,Gender,Offensive,Sexual Harassments,Sexual Harassments
à¦à§à¦®à¦¨ à¦à§à¦²à§ à¦¬à¦¾à¦¬à¦¾à¦° à¦à¦¾à§à§ à¦¹à¦¾à¦¤ à¦¤à§à¦²à§ à¦à¦®à¦¿ à¦¹à¦²à§ à¦à§à¦²à§à¦à¦¾à¦à§ à¦®à¦¾à¦°à¦¤à¦¾à¦®,Gender,Offensive,Sexual Harassments,Sexual Harassments
à¦®à¦¨à§à¦¤à¦¬à§à¦¯à¦à¦¿ à¦¸à¦¹à¦¿à¦à¦¸à¦¤à¦¾à¦° à¦ªà§à¦°à¦à¦¾à¦¶ à¦à¦°à§à¦à§ à¦à¦¬à¦ à¦¶à¦¾à¦°à§à¦°à¦¿à¦ à¦à¦à¦¾à¦¤à§à¦° à¦à¦¹à§à¦¬à¦¾à¦¨ à¦à¦¾à¦¨à¦¿à¦¯à¦¼à§à¦à§à¥¤,Gender,Offensive,Sexual Harassments,Sexual Harassments
à¦¬à¦à§à¦¤à¦¬à§à¦¯à§ à¦¹à§à¦®à¦à¦¿à¦¸à§à¦à¦ à¦­à¦¾à¦·à¦¾à¦° à¦®à¦¾à¦§à§à¦¯à¦®à§ à¦¨à§à¦¤à¦¿à¦¬à¦¾à¦à¦ à¦®à¦¨à§à¦­à¦¾à¦¬ à¦¦à§à¦à¦¾à¦¨à§ à¦¹à¦¯à¦¼à§à¦à§à¥¤,Gender,Offensive,Sexual Harassments,Sexual Harassments
à¦¶à¦¾à¦°à§à¦°à¦¿à¦ à¦à¦à¦¾à¦¤à§à¦° à¦à¦à§à¦à¦¿à¦¤ à¦¥à¦¾à¦à¦¾à¦° à¦à¦¾à¦°à¦£à§ à¦à¦à¦¿ à¦à¦ªà¦¤à§à¦¤à¦¿à¦à¦°à¥¤,Gender,Violence,Sexual Harassments,Sexual Harassments
à¦à¦¾à¦²à¦¾à¦®à§à¦®à¦¾ à¦à¦ªà¦¨à¦¾à¦°à¦¾ à¦à¦¿ à¦à¦à¦à§ à¦à§à¦¦à¦¾ à¦¯à¦¾à¦à¦¬à§ à¦¬à¦¿à¦à¦¿à¦¨à¦¿ à¦à¦¿ à¦à¦° à¦ªà¦¨ à¦¤à¦¾à¦°à¦à¦¾ à¦à¦¿ à¦¬à§à¦à¦¾à¦à§à¦¾ à¦¦à¦¿à¦¤à¦¾à¦®,Gender,Sexual Harassments,Sexual Harassments,Violence
à¦à§à¦¬ à¦¤à¦¾à§à¦¾à¦¤à¦¾à§à¦¿ à¦®à¦¿à¦¥à¦¿à¦²à¦¾à¦° à¦à¦¨à§à¦ à¦¬à¦¡à¦¼ à¦°à§à¦ à¦¹à¦¬à§ à¦à¦²à§à¦²à¦¾à¦¹à¦° à¦¤à¦°à¦ª à¦¥à§à¦à§à¥¤,Gender,Offensive,Violence,Violence
à¦à¦¨à§ à¦§à§à¦²à¦¾à¦ à¦¦à¦¾à¦ à¦à§à¦²à§à¦à§,Gender,Offensive,Harmful,Offensive
à¦à§à¦£à¦¾ à¦à¦°à¦¿ à¦à¦¨à¦¾à¦° à¦®à§à§à§à¦à§ à¦²à¦¾à¦¥à¦¿ à¦®à¦¾à¦°à¦¿ à¦à¦¨à¦¾à¦° à¦®à§à§à§ à¦° à¦®à§à¦à§,Gender,Offensive,Sexual Harassments,Sexual Harassments
à¦à§à¦¦à¦¾ à¦à¦¾à¦à§à¦¾ à¦¨à¦¾à¦à¦à¦¾,Gender,Offensive,Sexual Harassments,Offensive
à¦à§à¦¦à§ à¦à§à¦¦à§ à¦à¦° à¦à§à¦¦à§à¦° à¦°à¦¸ à¦¸à¦¬ à¦¶à§à¦à¦¿à¦¯à¦¼à§ à¦ªà§à¦²à¦¾à¦¨à§ à¦à¦à¦¿à¦¤,Gender,Offensive,Sexual Harassments,Sexual Harassments
à¦à§à¦¦à§ à¦à§à¦¦à§ à¦¬à§à¦¨à¦¿ à¦à¦¿à¦ªà§ à¦­à§à¦¦à¦¾ à¦à§à¦à§ à¦à§à¦à§ à¦«à¦¾à¦à¦¿à§à§ à¦«à§à¦²à§à¦à§ à¦¹à¦¾à§ à¦¹à¦¾à§ à¦à§ à¦à¦¿,Gender,Offensive,Sexual Harassments,Offensive
à¦à§à¦¤à¦¾à¦²à¦¿ à¦à§à¦¦à§ à¦¦à¦¿à¦¯à¦¼à§ à¦¹à¦¾à¦¤ à¦¤à¦¾à¦²à¦¿,Gender,Offensive,Sexual Harassments,Sexual Harassments
à¦à§à¦¤à¦¾à¦²à¦¿ à¦°à¦¾à¦¯à¦¼ à¦à§ à¦à§à¦¦à¦¾à¦° à¦¦à¦°à¦à¦¾à¦°,Gender,Offensive,Sexual Harassments,Violence
à¦à§à¦¦à¦¾ à¦¯à¦¾à¦¬à§ à¦°à§à¦¶à¦®à¦¿,Gender,Sexual Harassments,Sexual Harassments,Sexual Harassments
à¦à§à¦¯à¦¾à¦¨à§à¦² à¦à¦¡à¦®à¦¿à¦¨ à¦¤à§à¦° à¦®à¦¾ à¦à§ à¦à¦¾à¦ à¦à§à¦¦à§,Gender,Offensive,Sexual Harassments,Sexual Harassments
à¦à§à¦²à§ à¦à¦¾à¦à§ à¦à§à¦¤à§ à¦ªà¦¿à¦à¦¾ à¦à¦°à¦¾ à¦¦à¦°à¦à¦¾à¦°,Gender,Offensive,Sexual Harassments,Sexual Harassments
à¦à§à¦²à§ à¦à¦¿à¦à§ à¦¦à¦à¦°à¦¾ à¦®à¦¾à¦à¦°à¦¾ à¦«à¦¾à¦²à¦¾à¦¨à§ à¦à¦à¦¿à¦¤,Gender,Offensive,Sexual Harassments,Offensive
à¦à§à¦²à§à¦à§ à¦à§à¦¤à§ à¦¦à¦¿à§à§ à¦®à¦¾à¦° à¦¦à¦°à¦à¦¾à¦°,Gender,Offensive,Sexual Harassments,Sexual Harassments
à¦à§à¦²à§à¦à§ à¦ªà¦¾à¦à¦²à§ à¦à¦®à¦¿ à¦à¦°à§ à¦®à§à¦°à§ à¦«à§à¦²à¦¬à§ à¦à¦à§ à¦®à§à¦°à§ à¦à§à¦¤à§à¦¤à¦¾ à¦¦à¦¿à§à¦¾ à¦à¦¾à¦à§à¦¾à¦¨à§ à¦¦à¦°à¦à¦¾à¦°,Gender,Offensive,Sexual Harassments,Sexual Harassments
à¦à§à¦²à§à¦¦à§à¦° à¦¯à§à¦­à¦¾à¦¬à§ à¦à¦ªà¦®à¦¾à¦¨ à¦à¦°à¦à§à¥¤à¥¤à¦à¦®à¦¿ à¦à¦¾à¦à¦¦à§à¦° à¦à§à¦¦à¦¿,Gender,Offensive,Harmful,Sexual Harassments
à¦à¦¨à§à¦® à¦à¦¤ à¦¸à¦®à¦¸à§à¦¯à¦¾à¦° à¦à¦¾à¦°à¦¨à§ à¦®à¦¿à¦¨à§à¦¨à§à¦° à¦à¦®à¦¨ à¦à¦¬à¦¸à§à¦¹à¦¾ à¦®à¦¿à¦¨à§à¦¨à§ à¦à§ à¦à¦¨ à¦à¦¾à¦à¦¨à§à¦à¦¾à¦°à§ à¦«à§à¦²à¦¾ à¦¦à¦°à¦à¦¾à¦°à¥¤,Gender,Offensive,Sexual Harassments,Sexual Harassments
à¦à¦¬à¦¾à¦à§ à¦à¦®à¦¿ à¦à§à¦¦à¦¬,Gender,Offensive,Sexual Harassments,Sexual Harassments
à¦à¦¬à¦¾à¦à§ à¦à§à§à¦¾ à¦®à¦¾à¦°à¦¾ à¦à¦¾à¦¬à¦¿,Gender,Offensive,Sexual Harassments,Sexual Harassments
à¦à¦¬à¦¾à¦° à¦à¦®à¦¿ à¦à§à¦¦à¦¤à¦¾à¦®,Gender,Offensive,Sexual Harassments,Sexual Harassments
à¦à¦¬à¦¾à¦° à¦à§à¦¦ à¦®à¦¾à¦°à¦¤à§ à¦à¦¤ à¦°à§à¦ªà§ à¦ªà¦°à§à¦° à¦­à¦¿à¦¡à¦¿à¦à¦¤à§ à¦à¦¾à¦¨à¦¿à§à§à§ à¦¦à¦¿à¦¬à§à¦¨ à¦¦à¦¾à¦¦à¦¾,Gender,Offensive,Sexual Harassments,Sexual Harassments
à¦à¦¾à¦à¦¾à¦¦à§à¦° à¦¦à§à¦§ à¦à¦¿à¦ªà§ à¦®à¦¾à¦°à¦¾ à¦à¦à¦¿à§,Gender,Offensive,Sexual Harassments,Sexual Harassments
à¦à¦¾à¦°à¦¾ à¦¬à¦¾à¦à§ à¦à¦®à§à¦¨à§à¦ à¦à¦°à¦²à§ à¦à¦¸à¦²à§ à¦¤à¦¦à§à¦° à¦®à¦¾à¦à§ à¦à¦¿à¦à¦¾à¦¸ à¦à¦°à¦¿à¦¸ à¦¤à¦¦à§à¦° à¦®à¦¾à¦à¦¿ à¦à§à¦¦à¦¾ à¦à§à§à§à¦à§ à¦à¦¤ à¦à¦¨à§à¦°,Gender,Offensive,Sexual Harassments,Sexual Harassments
à¦à¦¿à¦¬à¦¨à§ à¦ªà§à¦°à¦¥à¦® à¦¤à¦° à¦¬à§à¦¦à¦¾à¦à¦¾à¦à§ à¦¦à§à¦ à¦ à¦à¦¾à¦à¦à¦¾à¦®à¦°à¦¿à¦ à¦¦à¦¿à¦®à§,Gender,Offensive,Sexual Harassments,Sexual Harassments
à¦à§à¦¤à¦¾ à¦ªà¦¿à¦à¦¾ à¦à¦°à§ à¦°à¦¾à¦¨à§à¦à§,Gender,Violence,Offensive,Offensive
à¦à§à¦¤à¦¾ à¦®à¦¦à¦¿à¦° à¦à¦ªà¦¾à¦²à§,Gender,Violence,Sexual Harassments,Offensive
à¦à§à¦¤à¦¾ à¦®à¦¾à¦° à¦¤à¦¾à¦²à§ à¦¤à¦¾à¦²à§ à¦ªà¦¾à¦ªà¦¨à§à¦° à¦à¦¾à¦²à§,Gender,Offensive,Sexual Harassments,Offensive
à¦à§à¦¤à¦¾ à¦®à¦¾à¦° à¦¸à¦¾à¦à¦¿à¦¬ à¦à§,Gender,Offensive,Sexual Harassments,Sexual Harassments
à¦à§à¦¤à¦¾ à¦®à¦¾à¦°à¦¿ à¦ªà¦¾à¦ªà¦¨à§à¦° à¦à¦ªà¦¾à¦²,Gender,Offensive,Sexual Harassments,Sexual Harassments
à¦à§à¦¤à¦¾à¦ªà§à¦à¦¾ à¦à¦°à¦¾ à¦¦à¦°à¦à¦¾à¦° à¦¦à§à¦à¦¯à¦¼à¦¾à¦¨à¦¬à¦¾à¦à§à¦°,Gender,Violence,Sexual Harassments,Sexual Harassments
à¦à¦®à§à¦¨à¦¾à¦° à¦®à¦¾à¦à§ à¦à§à¦¦à¦¿ à¦à§à¦¯à¦¾à¦¨à§à¦² à¦¤à§à¦° à¦®à¦¾à¦à§ à¦à§à§à¦¦à¦¿,Gender,Offensive,Sexual Harassments,Sexual Harassments
à¦à¦¾à¦à¦¾ à¦¤à§à¦° à¦à§à¦¦à§à¦° à¦­à§à¦¤à¦° à¦¦à¦¿à¦¬,Gender,Offensive,Sexual Harassments,Sexual Harassments
à¦à¦¾à¦à¦¾ à¦¤à§à¦° à¦®à¦¾à¦¯à¦¼à§à¦° à¦­à§à¦¦à¦¾à¦¯à¦¼ à¦¦à¦¿à¦¬à§,Gender,Offensive,Sexual Harassments,Offensive
à¦ à¦¾à¦à¦¾ à¦ªà¦°à¦¬à§ à¦¦à§à¦§à§à¦° à¦à¦ªà¦° à¦¤à§à¦° à¦¬à§à§à¦¾à¦¦à¦¬ à¦®à¦¹à¦¿à¦²à¦¾ à¦à¦à§à¦ à¦à¦¾à¦°à¦¾à¦ª à¦à¦¬à¦¿ à¦à¦°à¦à§ à¦à¦° à¦à¦à¦¨ à¦à¦¾à¦°à¦¾à¦ª à¦­à¦¾à¦¬à§ à¦¸à¦¾à¦à¦¬à¦¾à¦¦à¦¿à¦ à¦à¦° à¦¸à¦¾à¦®à¦¨à§ à¦à¦¸à¦à§,Gender,Offensive,Sexual Harassments,Sexual Harassments
à¦¡à¦¿à¦¸à¦¿à¦° à¦¬à§ à¦à¦à¦¨ à¦à§à¦¬ à¦¸à§à¦¬à¦¿à¦§à¦¾ à¦ªà¦¾à¦¬à§ à¦ªà¦° à¦ªà§à¦°à§à¦·à§à¦° à¦¸à¦¾à¦¥à§ à¦à§à¦¦à¦¾à¦à§à¦¦à¦¿ à¦à¦°à¦¤à§ à¦ªà¦¾à¦°à¦¬à§,Gender,Offensive,Sexual Harassments,Sexual Harassments
à¦¤à¦à§à¦à§à¦¦à§ à¦¬à§à¦¦à¦¾ à¦«à¦¾à¦à¦¿à§à§ à¦¦à§à¦¬,Gender,Offensive,Sexual Harassments,Sexual Harassments
à¦¤à¦° à¦¬à¦à¦¬à¦¾à¦¨à§à¦° à¦§à¦¨à¦à¦¾ à¦à¦¾à¦à¦à§à¦à§ à¦¤à¦° à¦®à¦¾à¦° à¦¸à§à¦¨à¦¾à¦¦à§ à¦¡à§à¦à¦¾à¦à§à¦¾ à¦¦à¦¿à¦®à§,Gender,Offensive,Sexual Harassments,Sexual Harassments
à¦¤à¦° à¦®à¦¾ à¦°à§ à¦à§à¦¤à¦¾ à¦¦à¦¿à§ à¦à§à¦¦à¦¾,Gender,Offensive,Sexual Harassments,Offensive
à¦¤à¦° à¦®à¦¾à¦à¦°à§ à¦à§à¦¦à¦¿,Gender,Offensive,Offensive,Offensive
à¦¤à¦° à¦®à¦¾à¦° à¦¬à¦¿à¦¤à¦° à¦¹à¦¾à¦¨à¦¦à¦¾à§à¦¾ à¦¦à¦¿à¦®à§,Gender,Offensive,Sexual Harassments,Sexual Harassments
à¦¤à¦° à¦®à¦¾à¦°à§ à¦à§à¦²à¦à§,Gender,Offensive,Harmful,Offensive
à¦¤à¦° à¦®à¦¾à¦°à§ à¦à§à¦¦à¦¾à¦° à¦à¦¬à¦° à¦à¦,Gender,Offensive,Sexual Harassments,Offensive
à¦¤à¦° à¦®à¦¾à¦°à§ à¦à§à¦¦à¦¿,Gender,Offensive,Offensive,Offensive
à¦¤à¦° à¦®à¦¾à¦°à§ à¦à§à¦¦à¦¿ à¦¤à¦ à¦à¦¾à¦¨à¦¸,Gender,Offensive,Sexual Harassments,Sexual Harassments
à¦¤à¦° à¦®à¦¾à¦°à§ à¦à§à¦¦à¦¿ à¦¤à¦°à§ à¦ à¦à§à¦¦à¦¿ à¦¤à¦° à¦¬à§à¦¨à¦°à§ à¦à§à¦¦à¦¿,Gender,Offensive,Harmful,Sexual Harassments
à¦¤à¦° à¦®à¦¾à¦°à§ à¦à§à¦¦à¦¿ à¦¬à§à¦¶à¦¿ à¦¬à§à¦¶à¦¿ à¦­à¦¿à¦ à¦¤à¦° à¦®à¦¾à¦° à¦®à¦¾à¦à¦à§à¦° à¦­à¦¿à¦¤à¦°à§ à¦¡à§à¦à¦¾ à¦¤à¦° à¦®à¦¾à¦°à§ à¦à§à¦¦à¦¿,Gender,Offensive,Sexual Harassments,Sexual Harassments
à¦¤à¦° à¦®à¦¾à¦°à§ à¦à§à¦¦à¦¿ à¦¨à¦¾à¦® à¦¬à¦²à¦¸ à¦¨à¦¾ à¦à§à¦¨,Gender,Offensive,Sexual Harassments,Offensive
à¦¤à¦°à¦®à¦¾à¦°à§ à¦à§à¦¦à¦à§,Gender,Offensive,Harmful,Offensive
à¦¤à¦°à§ à¦à§à¦¦à¦¿ à¦¤à¦° à¦¬à§à¦¨à¦à§à¦ à¦à§à¦¦à¦¿,Gender,Offensive,Sexual Harassments,Sexual Harassments
à¦¤à¦°à§ à¦à§à¦¦à¦¤à§ à¦à¦¤ à¦²à¦¾à¦à¦¬à§,Gender,Offensive,Harmful,Offensive
à¦¤à¦¾à¦ à¦¬à§à¦¦à¦¾à¦¤ à¦®à¦°à¦¿à¦à§à¦° à¦à§à§à¦¾ à¦¦à§à¦à§à¦¾ à¦¦à¦°à¦à¦¾à¦°,Gender,Offensive,Violence,Violence
à¦¤à¦¾à¦°à§ à¦­à¦¾à¦ à¦à§à¦ à¦à¦à§à¦¾à¦à§à¦¾ à¦®à¦¾à¦à¦°à¦¾à¦²à¦¾à§ à¦¨à¦¾ à¦à§à¦¨,Gender,Offensive,Sexual Harassments,Sexual Harassments
à¦¤à¦¾à¦°à§à¦ à¦à¦¿à§à¦¾ à¦¤à§à¦°à§ à¦à§à¦¦à§à¦à§,Gender,Offensive,Sexual Harassments,Sexual Harassments
à¦¤à¦¾à¦¸à¦à¦¿à¦¨à¦à§ à¦à§à¦¤à¦¾à¦®à¦¾à¦°à¦¾ à¦à¦à¦¿à¦¤,Gender,Offensive,Sexual Harassments,Sexual Harassments
à¦¸à§à¦à¦¾à¦¬à¦¸-à¦à§à§à§à¦à¦à¦¿à¦°à¦¾ à¦¯à¦à¦¨ à¦à§à¦à¦¿ à¦¬à¦¾à¦à¦§à§à¦¨ à§¨à§¬ à¦¬à¦²à§ à§©à§¯ à¦°à¦¾à¦¨ à¦¦à¦°à¦à¦¾à¦° à¦¦à¦à§à¦·à¦¿à¦£ à¦à¦«à§à¦°à¦¿à¦à¦¾à¦°à¥¤,Gender,Not Hateful,Sexual Harassments,Sexual Harassments
à¦¨à¦¾à¦à¦®à§à¦² à¦¹à§à¦¸à§à¦¨à¦à§ à¦à¦§à¦¿à¦¨à¦¾à§à¦ à¦°à§à¦à§à¦ à¦à¦ à¦à§à§à¦¸à§à¦ à¦à¦¨à§à¦¡à¦¿à¦à§à¦° à¦¬à¦¿à¦ªà¦à§à¦·à§ à¦¦à§à¦ à¦à§à¦¸à§à¦à§à¦° à¦¸à¦¿à¦°à¦¿à¦à§à¦° à¦à¦¨à§à¦¯ à§§à§« à¦¸à¦¦à¦¸à§à¦¯à§à¦° à¦¬à¦¾à¦à¦²à¦¾à¦¦à§à¦¶ à¦¦à¦² à¦à§à¦·à¦£à¦¾ à¦à¦°à§à¦à§ à¦¬à¦¿à¦¸à¦¿à¦¬à¦¿à¥¤,Gender,Not Hateful,Sexual Harassments,Sexual Harassments
à¦à¦à§à¦²à§à¦° à¦à§à¦à§à¦° à¦à¦¾à¦°à¦£à§ à¦¦à¦²à§ à¦¨à§à¦ à¦®à§à¦¶à¦«à¦¿à¦à§à¦° à¦°à¦¹à¦¿à¦®à¥¤,Gender,Not Hateful,Sexual Harassments,Sexual Harassments
à¦¸à¦¿à¦°à¦¿à¦à§à¦° à¦¸à¦°à§à¦¬à¦¶à§à¦· à¦à§à¦¸à§à¦à§à¦° à¦¦à¦²à§ à¦¥à¦¾à¦à¦¾ à¦¹à¦¾à¦¸à¦¾à¦¨ à¦®à¦¾à¦¹à¦®à§à¦¦ à¦ à¦¨à¦¾à¦¹à¦¿à¦¦ à¦°à¦¾à¦¨à¦¾à¦° à¦¸à¦à§à¦à§ à¦¤à¦¾à¦¸à¦à¦¿à¦¨ à¦ à¦¶à¦°à§à¦«à§à¦²à¦à§ à¦«à¦¿à¦°à¦¿à§à§ à¦à¦¾à¦° à¦ªà§à¦¸à¦¾à¦° à¦¨à¦¿à§à§ à¦¦à¦² à¦¸à¦¾à¦à¦¿à§à§à¦à§ à¦¨à¦¿à¦°à§à¦¬à¦¾à¦à¦ à¦à¦®à¦¿à¦à¦¿à¥¤,Gender,Not Hateful,Sexual Harassments,Sexual Harassments
à¦à¦ à¦à¦¬à¦¿à¦¤à§ à¦à¦à§ à¦¦à§à¦¬à¦à¦¨ à¦ à¦à¦®à¦¿à¦° à¦à¦¾à¦¨ à¦ªà§à¦°à¦¥à¦® à¦à¦à¦¸à¦à§à¦à§ à¦à¦­à¦¿à¦¨à§ à¦à¦°à§à¦¨à¥¤,Gender,Not Hateful,Violence,Violence
à¦à¦¨à§à¦¤à¦°à§à¦¬à¦°à§à¦¤à§ à¦¸à¦°à¦à¦¾à¦°à§à¦° à¦à¦ªà¦¦à§à¦·à§à¦à¦¾ à¦¹à¦¿à¦¸à§à¦¬à§ à¦¶à¦ªà¦¥ à¦¨à¦¿à¦²à§à¦¨ à¦¨à¦¿à¦°à§à¦®à¦¾à¦¤à¦¾ à¦®à§à¦¸à§à¦¤à¦«à¦¾ à¦¸à¦°à§à¦¾à¦° à¦«à¦¾à¦°à§à¦à§à¥¤,Gender,Not Hateful,Sexual Harassments,Sexual Harassments
à¦¸à§à¦ªà§à¦¨à§à¦° à¦à§à¦²à¦¾à¦¬à§à¦° à¦à§à¦ à¦¹à¦²à§à¦¨ à¦®à§à¦¯à¦¾à¦°à¦¾à¦¡à§à¦¨à¦¾à¦° à¦à§à¦²à§,Gender,Not Hateful,Sexual Harassments,Sexual Harassments
à¦ªà§à¦°à¦¥à¦®à¦¬à¦¾à¦°à§à¦° à¦®à¦¤à§ à¦®à¦¹à¦¾à¦à¦¾à¦¶ à¦à§à¦°à§ à¦à¦²à§à¦¨ à¦¸à§à¦ à¦®à¦¾ à¦ à¦®à§à¦¯à¦¼à§,Gender,Not Hateful,Sexual Harassments,Sexual Harassments
à¦à§à¦²à§à¦à§ à¦¨à¦¿à§à§ à¦¸à¦¿à¦¡à¦¨à¦¿ à¦à§à¦°à¦¿à¦à§à¦ à¦à§à¦°à¦¾à¦à¦¨à§à¦¡à§ à¦¶à¦¾à¦¬à¦¨à§à¦°,Gender,Not Hateful,Sexual Harassments,Sexual Harassments
à¦à¦®à¦¾à¦° à¦à§à¦²à§ à¦à§à¦°à¦¿à¦à§à¦ à¦à§à¦²à¦¾ à¦à§à¦¬ à¦ªà¦à¦¨à§à¦¦ à¦à¦°à§à¥¤ à¦¤à¦¾à¦ à¦¸à¦à¦¾à¦² à¦¸à¦à¦¾à¦² à¦¬à§à¦°à¦¿à§à§ à¦ªà§à§à¦à¦¿ à¦à§à¦²à¦¾ à¦¦à§à¦à¦¤à§à¥¤,Gender,Not Hateful,Sexual Harassments,Sexual Harassments
à§¨à§¦à§§à§­ à¦¥à§à¦à§ à§¨à§¦à§¨à§§ à¦¸à¦¾à¦² à¦ªà¦°à§à¦¯à¦¨à§à¦¤ à¦à§à¦°à¦¾à¦®à§à¦ªà§à¦° à¦ªà§à¦°à¦¥à¦®à¦¬à¦¾à¦° à¦ªà§à¦°à§à¦¸à¦¿à¦¡à§à¦¨à§à¦ à¦¹à¦à¦¯à¦¼à¦¾à¦° à¦¸à§à¦®à§à¦¤à¦¿ à¦à¦à¦¨à§ à¦¬à¦¾à¦°à§à¦²à¦¿à¦¨à§à¦° à¦à¦¾à¦à§ à¦à§à¦¬ à¦¸à§à¦ªà¦·à§à¦à¥¤,Gender,Not Hateful,Sexual Harassments,Sexual Harassments
à¦à¦¨à¦¿à¦²à¦¾ à¦¤à¦¾à¦¨à¦à§à¦®à¥¤ à¦à¦­à¦¿à¦¨à§à¦¤à§à¦°à§ à¦ à¦®à¦¡à§à¦²à¥¤ à¦à¦¨à¦à¦¿à¦­à¦¿à¦¤à§ à¦ªà§à¦°à¦à¦¾à¦° à¦¶à§à¦°à§ à¦¹à¦¯à¦¼à§à¦à§ à¦¤à¦¾à¦à¦° à¦à¦­à¦¿à¦¨à§à¦¤ à¦¨à¦¾à¦à¦ âà¦à¦°à§à¦° à¦¶à¦¤à§à¦°à§ à¦¬à¦¿à¦­à§à¦·à¦£âà¥¤,Gender,Not Hateful,Sexual Harassments,Violence
à¦à¦«à¦°à¦¾à¦¨ à¦¨à¦¿à¦¶à§ à¦­à¦¾à¦à¦¯à¦¼à¦¾ à¦à¦ªà¦¨à¦¿à¦ à¦¬à§à¦¸à§à¦,Gender,Not Hateful,Sexual Harassments,Sexual Harassments
à¦­à¦¾à¦à§à¦¾ à¦¤à§à¦®à¦¾à¦¦à§à¦° à¦à¦®à¦¾à¦° à¦à§à¦¬ à¦­à¦¾à¦²à§ à¦²à¦¾à¦à¦à§,Gender,Not Hateful,Sexual Harassments,Sexual Harassments
à¦¨à¦¿à¦¶à§ à¦­à¦¾à¦ à¦¤ à¦à¦®à¦¾à¦° à¦ªà¦à¦¨à§à¦¦à§à¦° à¦à¦à¦à¦¿ à¦à¦¸à¦¾à¦§à¦¾à¦°à¦¨ à¦®à¦¾à¦¨à§à¦·,Gender,Not Hateful,Sexual Harassments,Sexual Harassments
à¦­à¦¾à¦²à§ à¦²à¦¾à¦à¦à§ à¦à¦¸à¦¾à¦§à¦¾à¦°à¦£ à¦¹à§à§à¦à§ à¦¨à¦¿à¦¸à§ à¦­à¦¾à¦,Gender,Not Hateful,Sexual Harassments,Sexual Harassments
"à¦à¦¨à¦¿à¦ à¦­à¦¾à¦ à¦¸à¦®à§à¦à§ à¦¸à¦ à¦¿à¦ à¦à¦¾à¦à§ à¦²à¦¾à¦à¦¾à¦¤à§ à¦¹à§,à¦¸à§à¦¯à§à¦ à¦¨à§!",Gender,Not Hateful,Sexual Harassments,Violence
à¦­à¦¾à¦ à¦à§à¦°à§à¦à¦à¦¾à¦°à¦à¦¾ à¦à¦®à¦¨-à¦ à¦à¦¿à¦²à§ à¦à¦²à§à¦ªà¦à¦¾ à¦à§à¦¬ à¦­à¦¾à¦²à§ à¦²à¦¾à¦à¦à§,Gender,Not Hateful,Sexual Harassments,Sexual Harassments
à¦¤à¦¿à¦¶à¦¾à¦° à¦à¦­à¦¿à¦¨à§ à¦à¦¨à§à¦ à¦¸à§à¦¨à§à¦¦à¦° à¦¹à¦à¦à§à¥¤,Gender,Not Hateful,Sexual Harassments,Sexual Harassments
à¦¤à¦¾à¦¨à¦à¦¿à¦²à¦¾ à¦à¦ªà§à¦à§ à¦à¦¨à§à¦ à¦à¦¨à§à¦ à¦§à¦¨à§à¦¯à¦¬à¦¾à¦¦,Gender,Not Hateful,Sexual Harassments,Sexual Harassments
à¦à§à¦®à¦¨ à¦¹à¦à¦à§ à¦¨à¦¾à¦à¦à¦à¦¾ à¦¬à¦¨à§à¦§à§à¦°à¦¾?,Gender,Not Hateful,Sexual Harassments,Sexual Harassments
à¦¸à§à¦°à¦¾ à¦­à¦¾à¦ à¦¸à§à¦°à¦¾ à¦à¦¨à§à¦ à¦­à¦¾à¦²à§ à¦à¦à¦à¦¾ à¦¨à¦¾à¦à¦à¥¤,Gender,Not Hateful,Sexual Harassments,Sexual Harassments
à¦­à¦¾à¦à§à¦¾ à¦à¦¬à¦ à¦à¦ªà§à¦° à¦à¦­à¦¿à¦¨à§ à¦à¦¨à§à¦ à¦¬à¦¾à¦¸à§à¦¤à¦¬à¦¿à¦à¥¤,Gender,Not Hateful,Sexual Harassments,Sexual Harassments
à¦­à¦¾à¦ à¦à¦ªà¦¨à¦¾à¦° à¦¨à¦¾à¦à¦ à¦à¦®à¦¿ à¦¦à§à¦à¦¿à¦¨à¦¾à¦ à¦à¦®à¦¾à¦° à¦à¦¾à¦¨à¦¾ à¦®à¦¤à§ à¦à¦° à¦¨à¦¾à¦ à¦à¦à¦à§à¦¬à§ à¦¬à§à¦¸à§à¦ à¦à§à¦à¦¿,Gender,Not Hateful,Sexual Harassments,Sexual Harassments
à¦­à¦¾à¦ à¦à¦­à¦¿à¦¨à§à¦¤à¦¾ à¦¹à¦¿à¦¸à¦¾à¦¬à§ à¦¸à§à¦°à¦¾ à¦à¦¬à¦¾à¦°à¦ à¦ªà§à¦°à¦®à¦¾à¦¨ à¦¹à§à§ à¦à§à¦²,Gender,Not Hateful,Sexual Harassments,Sexual Harassments
à¦¨à¦¾à¦à¦à§à¦° à¦ªà¦°à¦¿à¦à¦¾à¦²à¦ à¦­à¦¾à¦à¦¦à§à¦° à¦à§ à¦à¦¨à§à¦ à¦à¦¨à§à¦ à¦§à¦¨à§à¦¯à¦¬à¦¾à¦¦ à¦à¦¤ à¦¸à§à¦¨à§à¦¦à¦° à¦à¦°à§ à¦¬à¦¾à¦à¦²à¦¾ à¦¨à¦¾à¦à¦ à¦à§à¦²à§ à¦à¦ªà¦¹à¦¾à¦° à¦¦à§à¦à¦¯à¦¼à¦¾à¦° à¦à¦¨à§à¦¯,Gender,Not Hateful,Sexual Harassments,Sexual Harassments
à¦¦à¦¾à¦¦à¦¾à¦° à¦¨à¦¾à¦à¦ à¦à§à¦²à§ à¦à§à¦¬à¦ à¦­à¦¾à¦²à§ à¦²à¦¾à¦à§,Gender,Not Hateful,Sexual Harassments,Offensive
à¦¤à¦¿à¦¶à¦¾à¦° à¦à¦­à¦¿à¦¨à§ à¦à¦¨à§à¦ à¦­à¦¾à¦²à§ à¦¹à§à§à¦à§,Gender,Not Hateful,Sexual Harassments,Sexual Harassments
à¦à¦ªà§ à¦à§à¦¬ à¦­à¦¾à¦²à§ à¦à¦­à¦¿à¦¨à§ à¦à¦°à§à¦à§,Gender,Not Hateful,Violence,Offensive
à¦à¦¸à¦¾à¦§à¦¾à¦°à¦£ à¦à¦¿à¦² à¦­à¦¾à¦,Gender,Not Hateful,Sexual Harassments,Sexual Harassments
à¦­à¦¾à¦ à¦­à¦¾à¦²à§à¦¬à¦¾à¦¸à¦¾ à¦¨à¦¿à¦°à¦¨à§à¦¤à¦° à¦à¦ªà¦¨à¦¾à¦° à¦®à¦¤ à¦à§à¦¨à¦¿ à¦à¦­à¦¿à¦¨à§à¦¤à¦¾ à¦à§à¦¬ à¦à¦®à¥¤,Gender,Not Hateful,Harmful,Sexual Harassments
à¦­à¦¾à¦à¦à§ à¦à¦¨à§à¦ à¦§à¦¨à§à¦¯à¦¬à¦¾à¦¦,Gender,Not Hateful,Sexual Harassments,Sexual Harassments
à¦­à¦¾à¦à§à¦¾ à¦¤à§à¦®à¦¿à¦¤à§ à¦ªà§à¦°à¦¾ à¦«à¦¾à¦à¦¾à¦à§à¦¾ à¦¦à¦¿à¦à§...à¦¦à¦¾à¦°à§à¦£ à¦à¦­à¦¿à¦¨à§ à¦à¦°à¦à§,Gender,Not Hateful,Sexual Harassments,Sexual Harassments
à¦­à¦¾à¦à§à§à¦° à¦¨à¦¾à¦à¦à§ à¦¨à¦¤à§à¦¨ à¦à¦®à¦ à¦¥à¦¾à¦à¦¬à§à¦ ... à¦à¦¸à¦¾à¦§à¦¾à¦°à¦£ à¦à¦²à§à¦ª,Gender,Not Hateful,Sexual Harassments,Sexual Harassments
à¦­à¦¾à¦ à¦¸à§à¦ªà¦¾à¦° à¦¨à¦¾à¦à¦ à¦à¦°à§à¦¨ à¦à¦ªà¦¨à¦¿à¥¤,Gender,Not Hateful,Sexual Harassments,Offensive
à¦¨à¦¾à¦à¦ à¦à¦¾ à¦à§à¦¬ à¦­à¦¾à¦²à§ à¦²à¦¾à¦à¦²à§ à¦®à¦¿à¦¥à¦¿à¦²à¦¾à¦à§,Gender,Not Hateful,Harmful,Violence
à¦à¦°à¦¿à§à¦¾à¦¨ à¦­à¦¾à¦à§à¦¾à¦° à¦ªà§à¦°à¦¤à§à¦¯à§à¦à¦à¦¾ à¦¨à¦¾à¦à¦à¦ à¦à¦à¦à¦¾ à¦¥à§à¦à§ à¦à¦¨à§à¦¯à¦à¦¾ à¦à¦²à¦¾à¦¦à¦¾à¥¤ à¦à¦¨à¦¾à¦° à¦ªà§à¦°à¦¤à¦¿à¦à¦¾ à¦¨à¦¾à¦à¦à¦ à¦à¦¸à¦¾à¦§à¦¾à¦°à¦¨à¥¤,Gender,Not Hateful,Harmful,Sexual Harassments
à¦à¦ªà§à¦°à§à¦¬ à¦®à¦¾à¦¨à§ à¦à¦¸à¦¾à¦§à¦¾à¦°à¦¨ à¦à¦¿à¦à§ à¦à¦à¦à¦¾,Gender,Not Hateful,Sexual Harassments,Sexual Harassments
à¦à¦°à¦¿à§à¦¾à¦¨ à¦à§ à¦¸à§à¦¯à¦¾à¦²à§à¦ à¦à¦¤ à¦¸à§à¦¨à§à¦¦à¦° à¦à§à¦²à¦¿à¦«à¦¿à¦²à§à¦® à¦à¦ªà¦¹à¦¾à¦° à¦¦à§à§à¦¾à¦° à¦à¦¨à§à¦¯ à¥¤,Gender,Not Hateful,Sexual Harassments,Sexual Harassments
à¦­à¦¾à¦à§à¦¾ à¦à¦ªà¦¨à¦¾à¦à§ à¦à¦¨à§à¦ à¦§à¦¨à§à¦¯à¦¬à¦¾à¦¦ à¦à¦¤à§ à¦¸à§à¦¨à§à¦¦à¦° à¦à¦à¦à¦¾ à¦¨à¦¾à¦à¦ à¦à¦ªà¦¹à¦¾à¦° à¦¦à§à¦à§à¦¾à¦° à¦à¦¨à§à¦¯,Gender,Not Hateful,Sexual Harassments,Sexual Harassments
"à¦­à¦¾à¦ à¦¤à§à¦®à¦¿ à¦à§à¦¨ à¦¦à¦¿à¦¨ à¦«à¦¿à¦²à§à¦® à¦à¦°à§ à¦¨à¦¾ à¦à¦¾à¦°à¦¨ à¦¤à§à¦®à¦¿ à¦¨à¦¾à¦à¦ à¦¥à§à¦à§ à¦à¦²à§ à¦à§à¦²à§ à¦à¦®à¦¾à¦° à¦¨à¦¾à¦à¦ à¦¦à§à¦à¦¾ à¦¬à¦¨à§à¦¦ à¦¹à§à§ à¦¯à¦¾à¦¬à§ à¦¤à§à¦®à¦¾à¦° à¦à¦¾à¦°à¦¨à§à¦ à¦¨à¦¾à¦à¦ à¦¦à§à¦à¦¿,à¦à¦° à¦à¦¾à¦°à¦ à¦¨à¦¾à¦à¦ à¦¦à§à¦à¦¿ à¦¨à¦¾.",Gender,Not Hateful,Sexual Harassments,Sexual Harassments
à¦à¦ªà§à¦° à¦à¦­à¦¿à¦¨à¦¯à¦¼ à¦à§à¦­à¦¿ à¦¸à§à¦¨à¦¦à¦°,Gender,Not Hateful,Sexual Harassments,Sexual Harassments
à¦­à¦¾à¦à§à§à¦° à¦à¦­à¦¿à¦¨à§ à¦à¦¾ à¦à¦¸à¦¾à¦§à¦¾à¦°à¦¨ à¦¹à¦à¦à§,Gender,Not Hateful,Sexual Harassments,Sexual Harassments
à¦¤à¦¿à¦¶à¦¾ à¦ à¦à¦°à¦«à¦¾à¦¨ à¦¦à§à¦à¦à¦¨ à¦à¦¸à¦¾à¦§à¦¾à¦°à¦£ à¦à¦­à¦¿à¦¨à§ à¦à¦°à¦à§ à¥¤,Gender,Not Hateful,Sexual Harassments,Sexual Harassments
à¦­à¦¾à¦ à¦à¦° à¦¦à§à¦à¦¾ à¦¸à§à¦°à¦¾ à¦¨à¦¾à¦à¦!,Gender,Not Hateful,Sexual Harassments,Sexual Harassments
à¦à¦®à¦¨ à¦®à¦¿à¦·à§à¦à¦¿ à¦¬à¦ à¦¥à¦¾à¦à¦²à§ à¦à§à¦¬à¦¨à§ à¦à¦° à¦à¦¿ à¦²à¦¾à¦à§!,Gender,Not Hateful,Sexual Harassments,Sexual Harassments
à¦­à¦¾à¦ à¦à¦° à¦à¦ à¦à¦¦à§ à¦¸à§à¦°à¦¾ à¦¨à¦¾à¦à¦à§à¦° à¦à¦à¦à¦¿,Gender,Not Hateful,Sexual Harassments,Sexual Harassments
à¦à§à¦²à§ à¦¦à§à¦à§ à¦¤à§ à¦à¦¿à¦¨à¦¿à§à¦¾à¦¸à¥¤,Gender,Not Hateful,Harmful,Offensive
"à¦à§à¦²à§ à¦¦à§à¦à¦à¦¾ à¦¶à¦¾à¦¹à¦¾à¦¨à¦¾à¦ à¦à§à¦¶à¦¿à¦° à¦¯à¦®à¦ à¦à§à¦²à§,",Gender,Not Hateful,Sexual Harassments,Sexual Harassments
à¦à§à¦¶à¦¿ à¦®à§à¦¯à¦¾à¦¡à¦¾à¦® à¦à¦ à¦¬à§à¦¸à§à¦à¥¤,Gender,Not Hateful,Sexual Harassments,Sexual Harassments
à¦¦à¦¾à¦¦à¦¾ à¦à¦ªà¦¨à¦¿ à¦à¦¸à¦¾à¦§à¦¾à¦°à¦£ à¦à¦à¦à¦¿ à¦à¦¿à¦¨à¦¿à¦¸,Gender,Not Hateful,Sexual Harassments,Sexual Harassments
à¦¦à¦¿à¦ªà§ à¦¹à¦¾à¦à¦°à¦¾ à¦à¦° à¦¬à§à¦¨à§à¦¦à¦¾à¦¬à¦¨ à¦¦à¦¾à¦¸ à¦à§à¦à¦¿ à¦à¦¸à¦¾à¦§à¦¾à¦°à¦£ à¦à¦¾à¦à¥¤,Gender,Not Hateful,Sexual Harassments,Sexual Harassments
à¦à§à¦²à§ à¦¦à§à¦à¦à¦¾ à¦¦à¦¾à¦°à§à¦¨ à¦à¦­à¦¿à¦¨à¦¯à¦¼,Gender,Not Hateful,Sexual Harassments,Offensive
à¦¤à¦°à¦ªà¦°à§ à¦¬à¦²à¦à¦¿ à¦¦à¦¾à¦¦à¦¾ à¦à¦ªà¦¨à¦¾à¦à§ à¦§à¦¨à§à¦¯à¦¬à¦¾à¦¦à¥¤,Gender,Not Hateful,Sexual Harassments,Sexual Harassments
à¦à¦¨à§à¦ à¦à¦¨à§à¦ à¦§à¦¨à§à¦¯à¦¬à¦¾à¦¦ à¦à¦ªà¦¨à¦¾à¦à§ à¦¹à¦¾à¦¸à¦¾à¦¨ à¦­à¦¾à¦ à¦à¦®à¦¾à¦¦à§à¦°à¦à§ à¦à¦®à¦¨ à¦¸à§à¦¨à§à¦¦à¦° à¦¨à¦¾à¦à¦ à¦à¦ªà¦¹à¦¾à¦° à¦¦à§à§à¦¾à¦° à¦à¦¨à§à¦¯,Gender,Not Hateful,Sexual Harassments,Sexual Harassments
à¦à¦¸à¦¾à¦§à¦¾à¦°à¦¨ à¦¨à¦¾à¦à¦ à¦°à¦¿à§à¦¾à¦ à¦­à¦¾à¦à§à¦° à¦¦à§à¦à¦¾à¦° à¦®à¦¤à§,Gender,Not Hateful,Sexual Harassments,Violence
à¦°à¦¿à§à¦¾à¦ à¦à¦° à¦¸à¦¾à¦²à¦®à¦¾à¦¨ à¦¶à¦¾à¦¹ à¦à¦¾à§à¦¾ à¦à¦° à¦à¦à¦à¦¾ à¦¨à¦¾à§à¦à¦ à¦­à¦¾à¦² à¦²à¦¾à¦à§ à¦¨à¦¾,Gender,Not Hateful,Sexual Harassments,Sexual Harassments
"à¦à¦¸à¦¾à¦§à¦¾à¦°à¦£ à¦à§à¦²à¦¿à¦«à¦¿à¦²à§à¦®, à¦à¦¸à¦¾à¦§à¦¾à¦°à¦£ à¦°à¦¿à§à¦¾à¦ à¦­à¦¾à¦",Gender,Not Hateful,Sexual Harassments,Sexual Harassments
à¦¬à¦¡à¦¼ à¦à§à¦²à§ à¦¦à§à¦à¦¾à¦° à¦ªà¦° à¦¥à§à¦à§ à¦à¦®à¦¿ à¦¬à¦¾à¦à¦²à¦¾à¦¦à§à¦¶à§ à¦¨à¦¾à¦à¦à§à¦° à¦ªà§à¦°à§à¦®à§ à¦ªà¦¡à¦¼à§ à¦à§à¦à¦¿à¥¤,Gender,Not Hateful,Sexual Harassments,Sexual Harassments
à¦¤à¦¿à¦¶à¦¾à¦° à¦à§à¦à§ à¦à¦®à¦ à¦à¦à§,Gender,Not Hateful,Sexual Harassments,Sexual Harassments
à¦à¦¨à§à¦¯à¦°à¦à¦® .. à¦­à¦¾à¦²à§ à¦²à¦¾à¦à¦²à§ ..â¤ï¸,Gender,Not Hateful,Offensive,Offensive
"à¦¹à¦¿à¦°à§ à¦à¦²à¦® à¦¤à§à¦®à¦¿ à¦à¦à¦¿à§à§ à¦à¦²à§, à¦à¦®à¦°à¦¾ à¦à¦à¦¿ à¦¤à§à¦®à¦¾à¦° à¦¸à¦¾à¦¥à§à¥¤",Gender,Not Hateful,Offensive,Offensive
à¦ à¦®à¦¹à¦¿à¦²à¦¾ à¦à§à¦¬à¦ à¦à¦¾à¦²à¦¾à¦,Gender,Not Hateful,Harmful,Offensive
à¦°à¦¿à§à§à¦² à¦¹à¦¿à¦°à§,Gender,Not Hateful,Sexual Harassments,Offensive
à¦à§ à¦­à¦¾à¦ à¦ªà§à¦°à§à¦à§à¦°à¦¾à¦®à§à¦° à¦à¦¿à¦à¦°à¦ªà¦¿ à¦¬à¦¾à§à¦¾à¦¨à§à¦° à¦à¦¨à§à¦¯ à¦à¦¤à¦¸à¦¬ à¦ªà¦¾à¦à¦²à¦¾à¦®à¦¿ à¦à¦°à§à¥¤ à¦à¦à¦¿à§à§ à¦¯à¦¾à¦¨ à¦à¦¨à¦¨à§à¦¤ à¦­à¦¾à¦à¥¤,Gender,Not Hateful,Sexual Harassments,Sexual Harassments
"à¦à¦°à§ à¦¬à¦¾à¦¬à¦¾! à¦à§ à¦¬à¦¿à¦¶à¦¾à¦² à¦¬à§à¦à¦¾ à¦®à¦¾à¦¥à¦¾à§ à¦¤à§à¦²à§à¦à§à¥¤ à¦¹à§à§à¦à§, à¦à¦¨à§à¦ à¦¹à§à§à¦à§à¥¤",Gender,Not Hateful,Harmful,Offensive
à¦¸à¦¾à¦¬à¦¾à¦¶ à¦¹à¦¿à¦°à§ à¦à¦²à¦® à¦à¦²à¦®,Gender,Not Hateful,Sexual Harassments,Offensive
à¦à¦®à¦¾à¦° à¦¬à¦¾à¦¬à¦¾ à¦¬à§à¦° à¦®à§à¦à§à¦¤à¦¿à¦¯à§à¦¦à§à¦§à¦¾ à¦®à§à¦ à¦à¦¬à§à¦² à¦à¦¾à¦¸à§à¦® à¦à¦° à¦ªà¦à§à¦· à¦¥à§à¦à§ à¦®à¦¹à¦¾à¦¨ à¦¬à¦¿à¦à§ à¦¦à¦¿à¦¬à¦¸à§à¦° à¦¶à§à¦­à§à¦à§à¦à¦¾ à¦ à¦à¦­à¦¿à¦¨à¦¨à§à¦¦à¦¨ à¥¤,Gender,Not Hateful,Violence,Violence
à¦¤à¦¾à¦®à¦¿à¦®à§à¦° à¦à§à¦¹à¦¾à¦°à¦¾ à¦à¦¨à§à¦à¦à¦¾ à¦à¦²à¦¿à§à¦¾à¦¸ à¦à¦¾à¦à§à¦à¦¨à§à¦° à¦®à¦¤ à¦¹à§à§à¦à§ à¦¦à§à¦à¦¤à§...,Gender,Not Hateful,Sexual Harassments,Sexual Harassments
à¦à¦²à¦¹à¦¾à¦®à¦¦à§à¦²à¦¿à¦²à§à¦²à¦¾à¦¹ à¦¬à§à¦à¦® à¦à¦¿à§à¦¾ à¦à¦à§à¦¨ à¦à¦¬à¦ à¦¥à¦¾à¦à¦¬à§à¦¨ à¦à¦¦à§à¦¶à§à¦° à¦à§à¦à¦¿ à¦®à¦¾à¦¨à§à¦·à§à¦° à¦à¦¨à§à¦¤à¦°à§.,Gender,Not Hateful,Sexual Harassments,Sexual Harassments
"à¦¸à§à¦¯à¦¾à¦²à§à¦ à¦à¦¾à¦à¦à¦¾à¦° à¦¸à¦¾à¦à¦¿à¦¬ à¦à¦² à¦¹à¦¾à¦¸à¦¾à¦¨à¥¤ à¦à¦  à¦¦à§à¦¶à§à¦° à¦®à¦¾à¦¨à§à¦·à§à¦° à¦ªà¦¾à¦¶à§ à¦à¦ªà¦¨à¦¿ à¦¦à¦¾à§à¦¿à§à§à¦à§à¦¨à¥¤ à¦à¦ªà¦¨à¦¾à¦° à¦¸à§à¦®à§à¦¤à¦¿à¦®à§ à¦¬à§à¦¯à¦¾à¦ à¦¬à¦¿à¦à§à¦°à¦¿ à¦à¦°à§à¦à§à¦¨ à¦ à¦¦à§à¦¶à§à¦° à¦®à¦¾à¦¨à§à¦·à§à¦° à¦à¦¨à§à¦¯, à¦ à¦¦à§à¦¶à§à¦° à¦®à¦¾à¦¨à§à¦·à§à¦° à¦à¦¾à¦à§ à¦à¦ªà¦¨à¦¿ à¦à¦à¦¨à§ à¦¬à¦¿à¦¸à§à¦®à§à¦¤  à¦¹à¦¬à§à¦¨ à¦¨à¦¾à¥¤ à¦à¦ªà¦¨à¦¿ à¦à¦¬à¦¾à¦° à¦®à¦¾à¦ à§ à¦«à¦¿à¦°à§ à¦à¦¸à§à¦¨ à¦¸à§à¦¬à¦®à¦¹à¦¿à¦®à¦¾à§à¥¤",Gender,Not Hateful,Sexual Harassments,Sexual Harassments
à¦à§à¦ à¦­à¦¾à¦ à¦à¦à¦à§ à¦à¦·à§à¦ à¦à¦°à§ à¦à¦à¦à¦¿à¦à¦¬ à¦¨à¦¿à¦à§à¦° à¦à¦à¦¡à¦¿ à¦¤à§ à¦à¦ª à¦à¦°à§ à¦¤à¦¾ à¦¹à¦²à§ à¦¦à§à¦à¦¤à§ à¦à¦¬à¦ à¦¶à§à¦¨à¦¤à§ à¦ªà¦¾à¦°à¦¬à§ à¦¨à¦¿à¦à§à¦° à¦®à¦¨à§ à¦à¦°à§ à¦à¦¤à§ à¦¤à§à¦®à¦¾à¦° à¦¦à¦¿à¦ à¦¥à§à¦à§ à¦¤à§à¦®à¦¿ à¦­à¦¾à¦²à§ à¦à¦°à¦¬à§ à¦à¦à¦¨ à¦¥à§à¦à§ à¦à¦à¦à§ à¦à¦à¦à¦¿à¦à¦¬à¦¾à¦° à¦¹à¦¤à§ à¦®à¦¨à§à¦¯à§à¦ à¦¦à¦¾à¦ à¦à¦° à¦à§à¦¨ à¦§à¦°à¦¨à§à¦° à¦ªà¦°à¦¾à¦®à¦°à§à¦¶ à¦²à¦¾à¦²à§ à¦à¦¨ à¦¬à¦à§à¦¸à§ à¦à¦°à§ à¦à¦®à¦¾à¦à§  à¥¤ à¦§à¦¨à§à¦¯à¦¬à¦¾à¦¦ à¦­à¦¾à¦ à¦à¦®à¦¾à¦°,Gender,Not Hateful,Sexual Harassments,Hateful
à¦¬à¦¾à¦¬à¦¾à¦° à¦®à¦¤à§à¦ à¥¤,Gender,Not Hateful,Offensive,Offensive
à¦à¦ªà¦¾ à¦à¦°à§à¦à¦à¦¾ à¦à¦¡à¦¿ à¦à¦¾à§à¦¿ à¦à¦¬à§ à¦²à¦à¦¬à§à¦¨??,Gender,Not Hateful,Sexual Harassments,Sexual Harassments
à¦à§ à¦­à¦¾à¦ à¦¯à§ à¦­à¦¾à¦¬à§ à¦¬à¦²à§ à¦¦à¦¿à§à§à¦à§à¦¨ à¦¸à§ à¦­à¦¾à¦¬à§ à¦ à¦¹à¦¬à§à¥¤,Gender,Not Hateful,Sexual Harassments,Sexual Harassments
à¦®à¦¾à¦¶à¦¾à¦°à¦¾à¦«à¦¿à¦° à¦ªà§à¦°à¦¿à§ à¦°à¦ à¦¸à¦¾à¦¦à¦¾,Gender,Not Hateful,Sexual Harassments,Sexual Harassments
à¦­à¦¾à¦ à¦à¦ªà¦¨à¦¿à¦ à¦­à¦¾à¦²à§ à¦¥à¦¾à¦à§à¦¨à¥¤,Gender,Not Hateful,Harmful,Offensive
"à¦à§à¦à§à¦ à¦®à§à§à§à¦à¦¿ à¦à¦ à¦à¦¤ à¦¬à§ à¦¹à§à§ à¦à§à¦à§, à¦¬à¦¾à¦¬à¦¾ à¦®à§à§à§à¦° à¦­à¦¾à¦²à¦¬à¦¾à¦¸à¦¾ à¦à¦¬à¦¿à¦°à¦¾à¦®   ",Gender,Not Hateful,Violence,Violence
"à¦®à§à¦¯à¦¼à§à¦¦à§à¦° à¦à¦®à§à¦¨à§à¦à§ à¦²à¦¾à¦à¦ à¦ªà¦¡à¦¼à¦à§ à¦¹à¦¾à¦à¦¾à¦°, à¦¶à¦¤ à¦¶à¦¤à¥¤ à¦à¦®à¦¿ à¦à¦¤ à¦¸à§à¦¨à§à¦¦à¦° à¦à¦®à§à¦¨à§à¦ à¦à¦°à¦²à¦¾à¦® à¦à¦®à¦¾à¦° à¦à¦®à§à¦¨à§à¦à§à¦° à¦à¦à¦à¦¾à¦ à¦²à¦¾à¦à¦ à¦¨à¦¾à¦à¥¤ à¦à¦à¦¾ à¦à¦®à¦¾à¦° à¦ªà§à¦°à¦¤à¦¿ à¦à¦¬à¦¿à¦à¦¾à¦°à¥¤ ",Gender,Not Hateful,Sexual Harassments,Sexual Harassments
à¦¦à§à¦¶à¦¨à§à¦¤à§à¦°à§ à¦¬à§à¦à¦® à¦à¦¾à¦²à§à¦¦à¦¾ à¦à¦¿à§à¦¾ à¦à§à¦ªà§ à¦¨à¦¾ à¦à§à§ à¦ªà§à¦°à¦¾à¦à¦­à§à¦ à¦à¦¾à¦°à§ à¦à¦ à§ à¦à§à¦²à¦¬à¦¾à¦à¦¦à§à¦° à¦à¦¬à¦² à¦¥à§à¦à§ à¦à¦¿à¦à§ à¦¸à¦®à§à§à¦° à¦à¦¨à§à¦¯ à¦à¦¨à§à¦¤à¦¤ à¦¨à¦¿à¦à§à¦à§ à¦¸à§à¦°à¦à§à¦·à¦¾ à¦à¦°à§à¦à§à¦¨à¥¤,Gender,Not Hateful,Sexual Harassments,Sexual Harassments
à¦®à§à¦° à¦¶à¦à¦à¦¤ à¦à¦²à§ à¦°à¦¾à¦à¦,Gender,Not Hateful,Sexual Harassments,Offensive
à¦à¦ªà§ à¦à¦ªà¦¨à¦¾à¦° à¦à¦ à¦à¦¬à¦¿à¦à¦¾ à¦¸à¦¤à§à¦¯à¦¿à¦ à¦à¦¨à§à¦ à¦à¦¨à§à¦ à¦¸à§à¦¨à§à¦¦à¦° à¦¹à¦à¦à§à¥¤ à¦à¦ªà¦¨à¦¿ à¦¸à¦¤à§à¦¯à¦¿à¦ à¦à¦¨à§à¦ à¦à¦¨à§à¦ à¦¸à§à¦¨à§à¦¦à¦°à§à¥¤ à¦à¦ªà¦¨à¦¾à¦° à¦à§à¦¯à¦¾à¦®à§à¦°à¦¾ à¦«à§à¦¸ à¦à§à¦¬à¦ à¦à¦®à§à¦à¦¾à¦°à¥¤ à¦à¦®à¦¿ à¦¬à¦¾à¦à¦²à¦¾à¦¦à§à¦¶à§ à¦à¦ªà¦¨à¦¾à¦° à¦®à¦¤à§ à¦à¦¤ à¦¨à¦¾à¦à¦¸ à¦à§à¦¯à¦¾à¦®à§à¦°à¦¾ à¦«à§à¦¸à§à¦° à¦à§à¦¨ à¦®à§à§à§ à¦à¦à¦¨à¦ à¦ªà¦°à§à¦¯à¦¨à§à¦¤ à¦¦à§à¦à¦¿à¦¨à¦¿à¥¤ à¦à¦ªà¦¨à¦¾à¦° à¦à¦¨à§à¦¯ à¦à¦¨à§à¦ à¦à¦¨à§à¦ à¦¶à§à¦­à¦à¦¾à¦®à¦¨à¦¾ à¦ à¦¦à§à§à¦¾ à¦°à¦à¦² à¦à¦ªà§à¥¤,Gender,Not Hateful,Sexual Harassments,Sexual Harassments
à¦¬à¦¾à¦à¦²à¦¾à¦¦à§à¦¶à§à¦° à¦¸à§à¦°à¦¾ à¦à§à¦²à¦¾à¦¡à¦¼à¦¿ à¦®à¦¿à¦ à¦¸à¦¾à¦à¦¿à¦¬,Gender,Not Hateful,Sexual Harassments,Sexual Harassments
à¦®à¦¿à¦¥à¦¿à¦²à¦¾ à¦¤à§à¦®à¦¾à¦° à¦¬à¦¾à¦¬à¦¾ à¦à§à¦®à¦¨ à¦à¦à§à¦¤à§à¦®à¦¾à¦° à¦¬à¦¾à¦¬à¦¾ à¦¨à¦¾à¦¨à¦¾ à¦¹à¦¬à§ à¦à¦à¦¨,Gender,Not Hateful,Sexual Harassments,Sexual Harassments
à¦¶à§à¦ à¦¹à¦¾à¦¸à¦¿à¦¨à¦¾à¦° à¦à¦¾à¦²à¦¾à¦® à¦¨à¦¿à¦¨ à¦¨à§à¦à¦¾ à¦®à¦¾à¦°à§à¦à¦¾à§ à¦­à§à¦ à¦¦à¦¿à¦¨,Gender,Not Hateful,Sexual Harassments,Sexual Harassments
à¦§à¦¨à§à¦¯à¦¬à¦¾à¦¦ à¦à¦¨à¦¾à¦¬ à¦¹à¦¿à¦°à§ à¦à¦²à¦® à¦à¦ªà¦¨à¦¾à¦° à¦à¦ à¦¸à¦¾à¦¹à¦¸à¦¿ à¦¬à¦à§à¦¤à¦¬à§à¦¯ à¦¦à§à¦à§à¦¾à¦° à¦à¦¨à§à¦¯à¥¤ à¦à¦à¦¸à¦¬ à¦à¦¶à¦¿à¦à§à¦·à¦¿à¦¤ à¦ à¦à¦ªà¦¦à¦¾à¦°à§à¦¥ à¦à§à¦²à¦¾à¦° à¦à¦¨à§à¦¯ à¦à¦à¦à§ à¦à¦²à¦à¦¿à¦¤à§à¦°à§à¦° à¦à¦ à¦à¦¬à¦¸à§à¦¥à¦¾à¥¤,Gender,Not Hateful,Sexual Harassments,Sexual Harassments
à¦­à¦¾à¦ à¦à¦ªà¦¨à¦¾à¦° à¦¸à¦ à¦¿à¦ à¦¸à§à¦¨à§à¦¦à¦° à¦à¦²à§à¦à¦¨à¦¾à¦° à¦à¦¨à§à¦¯ à¦à¦¨à§à¦ à¦à¦¨à§à¦ à¦§à¦¨à§à¦¯à¦¬à¦¾à¦¦à¥¤,Gender,Not Hateful,Violence,Violence
à¦®à¦¿à¦¥à¦¿à¦²à¦¾à¦° à¦¬à§à¦¨,Gender,Not Hateful,Harmful,Offensive
"à¦­à¦¾à¦ à¦à¦ªà¦¨à¦¾à¦° à¦«à¦¾à¦°à§à¦®à§à¦° à¦¶à§à¦°à¦®à¦¿à¦à¦¦à§à¦° à¦¬à§à¦¤à¦¨ à¦¨à¦¿à§à§ à¦¯à§ à¦¸à¦à¦¬à¦¾à¦¦ à¦¬à§à¦° à¦¹à¦²à§ à¦¤à¦¾ à¦à¦¿ à¦¸à¦¤à§à¦¯à¦¿,à¦à¦®à¦°à¦¾ à¦à¦ªà¦¨à¦¾à¦à§ à¦à¦à¦à¦¨ à¦®à¦¾à¦¨à¦¿,à¦ªà§à¦²à¦¿à¦ à¦¤à¦¾ à¦à¦à¦à§ à¦à§à¦²à¦¿à§à¦¾à¦° à¦à¦°à§ à¦¦à¦¿à¦¬à§à¦¨à¥¤",Gender,Not Hateful,Sexual Harassments,Violence
"à¦à¦¸à¦¸à¦¾à¦²à¦¾à¦®à§à¦à¦²à¦¾à¦à¦à§à¦® à¦ªà§à¦°à¦¿à¦¯à¦¼ à¦¨à§à¦¤à¦¾, à¦à¦¨à§à¦¤à¦°à¦¿à¦ à¦à¦­à¦¿à¦¨à¦¨à§à¦¦à¦¨ à¦ à¦¶à§à¦­à§à¦à§à¦à¦¾ à¦°à¦à¦²à¥¤ ",Gender,Not Hateful,Sexual Harassments,Sexual Harassments
à¦¸à§à¦¨à§à¦¦à¦°à§ à¦à¦ªà§ à¦à¦¤à¦¦à¦¿à¦¨ à¦à§à¦¥à¦¾à¦¯à¦¼ à¦à¦¿à¦²à§,Gender,Not Hateful,Sexual Harassments,Violence
"à¦¬à§à¦°à¦¾à¦¦à¦¾à¦°,,à¦à¦ªà¦¨à¦¿ à¦à¦¿ à¦¬à¦¾à¦à¦²à¦¾à¦¦à§à¦¶à§ à¦à¦à¦à¦¿ à¦à¦¨à§à¦¤à¦°à§à¦à¦¾à¦¤à¦¿à¦ à¦®à¦¾à¦¨à§à¦° à¦¹à¦¾à¦¸à¦ªà¦¾à¦¤à¦¾à¦² à¦¬à¦¾à¦¨à¦¾à¦¨à§à¦° à¦à¦¦à§à¦¯à§à¦ à¦¨à¦¿à¦¤à§ à¦ªà¦¾à¦°à§à¦¨ à¦¨à¦¾??",Gender,Not Hateful,Offensive,Harmful
"à¦¬à§à¦°à¦¾à¦¦à¦¾à¦° à¦à¦à§ à¦¶à§à¦°à¦®à¦¿à¦à§à¦° à¦¬à§à¦¤à¦¨ à¦ªà¦°à¦¿à¦¶à§à¦§ à¦à¦°à§à¦¨, à¦à¦ªà¦¨à¦¾à¦à§ à¦¦à§à¦¶à§à¦° à¦à¦¨à§à¦¯ à¦­à¦¾à¦²à§à¦¬à¦¾à¦¸à¦¿ à¦à¦¬à¦ à¦¬à¦¾à¦¸à¦¬à§,, à¦à¦¤ à§¨à§ª à¦à¦¨à§à¦à¦¾à§ à¦à¦à§à¦°à¦¾à¦¨à§à¦¤ à§ªà§©à§ª à¦à¦¨,  à¦®à§à¦¤à§à¦¯à§ à§¯ à¦à¦¨à¥¤",Gender,Not Hateful,Sexual Harassments,Hateful
"à¦­à¦¾à¦, à¦à¦à¦à¦¾ à¦ªà§à¦°à¦¾à¦à¦­à§à¦ à¦à§à¦ à¦à¦¿à¦¨à§ à¦«à§à¦²à§à¦¨à¥¤ à¦à¦®à¦¾à¦¦à§à¦° à¦¦à§à¦¶à§ à¦à¦à¦à¦¨ à¦ªà§à¦°à¦¾à¦à¦­à§à¦ à¦à§à¦ à¦à§à¦¾à¦²à¦¾ à¦¸à§à¦à¦¾à¦° à¦¥à¦¾à¦à¦¬à§ à¦¨à¦¾, à¦¤à¦¾ à¦à¦¿ à¦¹à§???",Gender,Not Hateful,Sexual Harassments,Sexual Harassments
"à¦¦à¦¾à¦°à§à¦¨ à¦¹à§à§à¦à§ à¦­à¦¾à¦ à¦¹à¦¿à¦°à§ à¦à¦²à¦®, à¦¤à§à¦®à¦¿ à¦à¦à¦¿à§à§ à¦¯à¦¾à¦ à¦¸à¦¾à¦°à¦¾ à¦¬à¦¾à¦à¦²à¦¾ à¦à¦à§ à¦¤à§à¦®à¦¾à¦° à¦ªà§à¦à¦¨à§à¥¤ à¦¤à§à¦®à¦¿à¦ à¦¹à¦¬à§ à¦¬à¦¾à¦à¦²à¦¾à¦° à¦¶à¦¾à¦¹à¦°à§à¦ à¦à¦¾à¦¨à¥¤",Gender,Not Hateful,Sexual Harassments,Sexual Harassments
à¦¡.à¦à¦¾à¦®à¦¾à¦² à¦à¦ªà¦¨à¦¾à¦° à¦¦à¦¾à¦¦à¦¾ à¦ à¦®à¦¾à§à§à¦° à¦à¦ à¦¸à¦®à§à§à¦° à¦à¦¨à¦¿à¦·à§à¦  à¦¬à¦¨à§à¦§à§ à¦¬à¦¾ à¦¸à¦¹à§à¦à¦°à¥¤à¦¯à¦¾à¦° à¦ªà¦¾à¦à¦¨à¦¾ à¦¤à¦¾à¦à§ à¦¨à¦¾ à¦¬à§à¦à¦¿à§à§ à¦¦à¦¿à§à§ à¦à¦²à§à¦à§ à¦¤à¦¾à¦à§ à¦¹à§à¦¨à¦¸à§à¦¤à¦¾ à¦à¦°à§à¦¨ à¦¸à§à¦¯à¦¾à¦à§à¦²à¦¾à¦à¦ à¦¦à¦¿à§à§à¥¤,Gender,Not Hateful,Harmful,Offensive
"à¦­à¦¾à¦ à¦à¦ªà¦¨à¦¾à¦° à¦à¦¨à§à¦ à¦à¦¾à¦à¦¾ à¦à¦à§, à¦à¦ªà¦¨à¦¿ à¦¬à¦¾à¦à¦²à¦¾à¦¦à§à¦¶à§à¦° à¦à¦ à¦¨à¦®à§à¦¬à¦° à¦¨à¦¾à¦¯à¦¼à¦, à¦à¦ªà¦¨à¦¿ à¦à¦°à§à¦¬à§à¦° à¦à¦¨à§à¦¯ à¦à¦¿à¦à§ à¦à¦°à§à¦¨",Gender,Not Hateful,Sexual Harassments,Sexual Harassments
à¦²à¦¾à¦­ à¦à¦ à¦®à§à¦¯à¦¾à¦¶ â¤,Gender,Not Hateful,Sexual Harassments,Sexual Harassments
à¦­à¦¾à¦ à¦à¦ à¦à§à¦²à§à¦°à§ à¦¬à¦¾à¦à¦¾à¦¨,Gender,Not Hateful,Sexual Harassments,Sexual Harassments
à¦¹à¦¿à¦°à§ à¦à¦²à¦® à¦¤à§à¦®à¦¿à¦ à¦°à¦¾à¦à¦à¥¤à¦¸à¦¤à¦¤à¦¾ à¦¦à¦¿à§à§ à¦à¦à¦¿à§à§ à¦¯à¦¾à¦à¥¤,Gender,Not Hateful,Sexual Harassments,Offensive
à¦à§à¦¬à¦¨à§à¦¤ à¦à¦¿à¦à¦¬à¦¦à¦¨à§à¦¤à§ à¦®à¦¾à¦¶à¦°à¦¾à¦«à¦¿ à¦­à¦¾à¦à¥¤ à¦­à¦¾à¦²à§à¦¬à¦¾à¦¸à¦¿ à¦¸à¦¬à¦¸à¦®à§à¥¤â¥,Gender,Not Hateful,Sexual Harassments,Offensive
à¦®à¦¾ à¦²à§ à¦®à¦¾ à¦à¦ à¦à¦¾à¦¨ à¦à¦¾ à¦à¦®à¦¾à¦° à¦à¦¬à§à¦¬à§ à¦ªà§à¦°à¦¾à§à¦ à¦à¦¾à¦à¦¤à§à¥¤,,,Sexual Harassments,Offensive
"à¦à¦¿ à¦¦à¦¾à¦°à§à¦¨ à¦à¦¾à¦¨, à¦¸à§à¦° à¦ à¦¿à¦à¦ à¦¾à¦ à¦°à§à¦à§ à¦¸à¦¾à¦¥à§ à¦°âà§à¦¯à¦¾à¦ªà§à¦° à¦à¦¿ à¦à¦®à§à¦¬à¦¿à¦¨à§à¦¶à¦¨, à¦ªà§à¦°à¦¾à¦¨à§ à¦à¦¾à¦¨à¦à§à¦²à§à¦à§ à¦à¦®à¦¨ à¦­à¦¾à¦¬à§ à¦¤à§à¦°à§ à¦à¦°à¦²à§ à¦¸à¦¬ à¦¶à§à¦°à§à¦¨à§à¦° à¦¶à§à¦°à§à¦¤à¦¾à¦°à¦¾ à¦¸à¦¹à¦à§à¦ à¦¨à¦¿à¦¬à§, à¦à¦° à¦à¦¿à¦à§ à¦¬à¦²à¦¾à¦° à¦¨à¦¾à¦,",,,Sexual Harassments,Violence
à¦®à¦¨à¦à¦¾ à¦­à¦°à§ à¦à§à¦²à¥¤ à¦à¦­à¦¾à¦¬à§à¦ à¦à§à¦¯à¦¼à§ à¦¯à¦¾à¦¨à¥¤ à¦à¦®à¦°à¦¾ à¦à¦à¦¿ à¦à¦ªà¦¨à¦¾à¦¦à§à¦° à¦¸à¦¾à¦¥à§à¥¤,,,Harmful,Harmful
à¦¤à¦¿à¦à§à¦¤ à¦®à¦¨à¦à§ à¦¸à§à¦¨à¦¿à¦à§à¦§ à¦à¦°à¦¾à¦° à¦à¦à¦à¦¿ à¦à¦¨à¦¬à¦¦à§à¦¯ à¦à¦ªà¦¾à¦¯à¦¼ à¦¹à¦² à¦°à¦¬à§à¦¨à§à¦¦à§à¦°à¦¸à¦à§à¦à§à¦¤... à¦à¦¦à§à¦¬à¦¿à¦¤à§à¦¯à¦¼ à¦²à§à¦à¦¨à¦¿à¥¤,,,Sexual Harassments,Sexual Harassments
à¦à¦ à¦à¦ à¦¬à§à¦·à§à¦à¦¿à¦° à¦¦à¦¿à¦¨à§ à¦à¦ à¦¸à¦®à§à§ à¦à¦¾à¦¨à¦à¦¾ à¦¶à§à¦¨à§ à¦à¦¨à§à¦ à¦ªà§à¦°à§à¦¨à§ à¦à¦¾à¦ªà¦¸à¦¾ à¦¸à¦®à§à§à¦° à¦¸à§à¦®à§à¦¤à¦¿ à¦®à¦¨à§ à¦ªà¦°à§ à¦à§à¦².....,,,Sexual Harassments,Sexual Harassments
à¦®à¦¨ à¦­à¦¾à¦²à§ à¦à¦°à§ à¦¦à§à§à¦¾ à¦à¦à¦à¦¾ à¦à¦¾à¦¨à¥¤ à¦à¦¤à¦¬à¦¾à¦° à¦¯à§ à¦¶à§à¦¨à¦²à¦¾à¦®à¥¤ à¦¯à¦¤à¦¬à¦¾à¦°à¦ à¦¶à§à¦¨à¦¿ à¦¤à¦¤à¦¬à¦¾à¦°à¦ à¦¨à¦¤à§à¦¨ à¦²à¦¾à¦à§à§· à¦¸à¦à¦² à¦à§à¦²à¦¾à¦¨à§à¦¤à¦¿ à¦¯à§à¦¨ à¦¦à§à¦° à¦à¦°à§ à¦¦à§à§à¥¤ à¦à¦¿ à¦¸à§à¦¨à§à¦¦à¦° à¦¯à§ à¦à¦ à¦à¦¾à¦¨ à¦à¦¾à¥¤ à¦®à¦¨ à¦­à¦¾à¦²à§ à¦à¦°à¦¾à¦° à¦à¦ à¦à¦à¦ªà¦ à¦à¦·à§à¦§ à¦¹à§à§ à¦à§à¦à§ à¦à¦¾à¦¨ à¦à¦¾,,,Sexual Harassments,Sexual Harassments
à¦à¦¾à¦¨à¦à¦¾ à¦à¦¸à¦¾à¦§à¦¾à¦°à¦£ à¦²à¦¾à¦à§à¥¤ à¦à¦¨à§à¦ à¦¬à¦¾à¦° à¦¶à§à¦¨à¦à¦¿,,,Sexual Harassments,Sexual Harassments
à¦à¦®à¦¿ à¦à§à¦ à¦¬à§à¦²à¦¾ à¦¥à§à¦à§ à¦à¦¬à¦¿à¦à§à¦°à§ à¦° à¦à¦¾à¦¨ à¦¶à§à¦¨à¦¤à§ à¦­à¦¾à¦²à§ à¦²à¦¾à¦à¦¤à§ à¦à¦¾à¦¨ à¦¶à§à¦¨à§ à¦à¦®à¦¿ à¦à¦¤à§ à¦ªà§à¦²à¦à¦¿à¦¤ à¦¹à§à§ à¦¯à¦¾à§ à¦¯à¦¾ à¦à¦®à¦¿ à¦à¦à¦¨à§ à¦¯à¦¤à¦¦à¦¿à¦¨ à¦¬à§à¦à¦à§ à¦¥à¦¾à¦à¦¬à§ à¦¤à¦¤à¦¦à¦¿à¦¨ à¦¶à§à¦¨à¦¬à§à¥¤à¦°à¦¬à¦¿à¦¨à§à¦¦à§à¦° à¦¸à¦à§à¦à§à¦¤ à¦à¦®à¦¾à¦° à¦ªà§à¦°à¦¾à¦£à¥¤,,,Sexual Harassments,Violence
à¦à§à¦¬ à¦¸à§à¦¨à§à¦¦à¦° à¦à¦¾à¦¨ à¦°à¦¬à§à¦¨à§à¦¦à§à¦° à¦¸à¦à¦à§à¦¤,,,Sexual Harassments,Violence
à¦®à¦¨ à¦­à¦°à§ à¦à§à¦² à¦à¦à¦¸à¦®à¦¯à¦¼ à¦à¦¨à§à¦§à¦à¦¾à¦° à¦¹à¦¯à¦¼à§ à¦¯à¦¾à¦¬à§ à¦à¦¿à¦¨à§à¦¤à§ à¦à¦ à¦à¦¾à¦¨ à¦à§à¦²à¦¿ à¦¸à¦¾à¦°à¦¾ à¦à§à¦¬à¦¨ à¦§à¦°à§ à¦à¦²à§à¦à¦¿à¦¤ à¦¹à¦¯à¦¼à§ à¦¥à¦¾à¦à¦¬à§,,,Sexual Harassments,Sexual Harassments
à¦¹à§à¦¦à¦¯à¦¼ à¦¸à§à¦ªà¦°à§à¦¶ à¦à¦°à¦¾ à¦à¦¾à¦¨à§à¦° à¦à¦¥à¦¾ à¦à¦° à¦®à¦¨ à¦®à¦¾à¦¤à¦¾à¦¨à§ à¦¸à§à¦ à¦à¦¾à¦¨à§à¦° à¦¸à§à¦°à¥¤,,,Sexual Harassments,Sexual Harassments
à¦à§à¦¬ à¦¸à§à¦¨à§à¦¦à¦° à¦à¦à¦à¦¿ à¦à¦¾à¦¨ à¦¶à§à¦¨à§ à¦­à¦¾à¦²à§ à¦²à¦¾à¦à¦²à§,,,Sexual Harassments,Violence
à¦¦à¦¾à¦°à§à¦¨à¥¤ à¦à§à¦¬à¦ à¦­à¦¾à¦²à§ à¦²à¦¾à¦à¦²à§,,,Sexual Harassments,Offensive
à¦¸à§à¦¨à§à¦¦à¦° à¦à¦à¦à¦¿ à¦à¦¾à¦¨,,,Sexual Harassments,Harmful
à¦°à¦¬à§à¦¨à§à¦¦à§à¦° à¦¸à¦à§à¦à§à¦¤ à¦®à¦¨ à¦­à¦¾à¦²à§ à¦à¦°à§ à¦¦à§à¦¯à¦¼à¥¤,,,Sexual Harassments,Offensive
à¦à¦®à¦¾à¦° à¦à§à¦¬ à¦ªà§à¦¯à¦¼à§ à¦à¦ à¦à¦¾à¦¨ à¦à§à¦²à¦¿,,,Offensive,Sexual Harassments
à¦à§à¦à§ à¦ªà¦¾à¦¨à¦¿ à¦à¦²à§ à¦à¦¸à§ à¦¯à¦à¦¨ à¦à¦¾à¦¨à¦à¦¾ à¦¶à§à¦¨à¦¿! à¦®à¦¨à§ à¦ªà§à§ à¦à§à¦²à§ à¦à¦®à¦¾à¦¦à§à¦° à¦¶à§à¦¶à¦¬à¦à¦¾à¦²à§à¦° à¦à¦¥à¦¾,,,Sexual Harassments,Sexual Harassments
à¦à¦¤ à¦¸à§à¦¨à§à¦¦à¦° à¦à¦¬à¦¿à¦¤à¦¾+à¦à¦¾à¦¨,,,Sexual Harassments,Offensive
à¦à¦¸à¦®à§à¦­à¦¬ à¦¸à§à¦¨à§à¦¦à¦° à¦à¦à¦à¦¿ à¦à¦¾à¦¨à¥¤ à¦à¦¨à§à¦ à¦à¦¨à§à¦ à¦¸à§à¦¨à§à¦¦à¦° à¦²à¦¾à¦à¦²à§à¥¤,,,Sexual Harassments,Sexual Harassments
à¦à¦¸à¦®à§à¦­à¦¬ à¦¸à§à¦¨à§à¦¦à¦° à¦à¦¾à¦¨,,,Sexual Harassments,Sexual Harassments
à¦à¦ à¦à¦¬à¦¾à¦°à§ à¦ªà¦¯à¦¼à¦²à¦¾ à¦¬à§à¦¶à¦¾à¦à§ à¦à¦¾à¦¨à¦à¦¿ à¦¨à¦¤à§à¦¨ à¦à¦°à§ à¦¶à§à¦¨à¦²à¦¾à¦®à¥¤ à¦à¦ªà§à¦°à§à¦¬à¥¤,,,Violence,Violence
"à¦à¦¸à¦¾à¦§à¦¾à¦°à¦£ , à¦à¦¨à¦¬à¦¦à§à¦¯ , à¦à¦ªà§à¦°à¦¤à¦¿à¦® ........à¦¬à¦²à¦¾ à¦¤à¦¬à§ à¦ªà§à¦°à§à¦£ à¦¹à¦²à§ à¦¨à¦¾ , à¦à¦à¦à¦¾ à¦à¦à§à¦·à§à¦ª à¦°à§à§ à¦à§à¦² à¦à§à¦¬à¦¨à§ à¦à§à¦¤à¦¿à¦° à¦à¦¾à¦¤à§à¦° à¦¹à¦¤à§ à¦ªà¦¾à¦°à¦²à¦¾à¦® à¦¨à¦¾ à¦à¦ à¦à¦¨à§à¦®à§ ...........",,,Sexual Harassments,Violence
à¦à¦®à¦¿ à¦¶à§à¦¨à¦²à¦¾à¦® à¥¤à¦à§à¦¬ à¦­à¦¾à¦²à§ à¦²à¦¾à¦à¦²à§ âà¥¤à¦à§à¦à¦¬à§à¦²à¦¾ à¦° à¦¨à¦¾à¦à§à¦° à¦¸à§à¦®à§à¦¤à¦¿ à¦®à¦¨à§ à¦ªà¦°à¦²à§ à¥¤,,,Sexual Harassments,Harmful
à¦¬à§ à¦­à¦¾à¦²à§ à¦²à¦¾à¦à§...à¦à¦à§à¦ à¦à¦¨à§à¦à¦¬à¦¾à¦° à¦¶à§à¦¨à§à¦à¦¿...à¦à¦ à¦à¦¬à¦¾à¦° à¦¶à§à¦¨à¦²à¦¾à¦®...à¦®à¦¨ à¦­à¦°à§ à¦à§à¦à§ à¦ªà§à¦°à¦¤à¦¿à¦¬à¦¾à¦°à¦,,,Offensive,Offensive
à¦à¦ à¦ªà¦¾à¦¯à¦¼à¦²à¦¾ à¦¬à§à¦¶à¦¾à¦ à¦ªà§à¦°à¦¿à¦¯à¦¼ à¦¦à¦¿à¦¦à¦¿à¦° à¦à¦£à§à¦ à§ à¦à¦¬à¦¾à¦°à§ à¦¶à§à¦¨à¦²à¦¾à¦®,,,Violence,Sexual Harassments
à¦à¦®à¦¾à¦° à¦¸à¦¬à¦à§à¦¯à¦¼à§ à¦ªà§à¦°à¦¿à¦¯à¦¼ à¦¶à¦¿à¦²à§à¦ªà§à¦° à¦à¦¾à¦¨ à¦à¦®à¦¨ à¦¦à¦¿à¦¨à§ à¦¨à¦¾ à¦¶à§à¦¨à§ à¦à¦¿ à¦¥à¦¾à¦à¦¤à§ à¦ªà¦¾à¦°à¦¿ ?,,,Sexual Harassments,Sexual Harassments
"à¦à§à¦¬ à¦¸à§à¦¨à§à¦¦à¦°, à¦à¦¾à¦¨à¦à¦¿ à¦¶à§à¦¨à§ à¦à¦®à¦¾à¦° à¦ªà§à¦°à¦¾à¦£ à¦­à¦°à§ à¦à§à¦²  à¦¨à§à¦¤à¦¨ à¦¬à¦à¦°à§à¦° à¦¶à§à¦­à§à¦à§à¦à¦¾ à¦°à¦à¦² à¦à¦ªà¦¨à¦¾à¦¦à§à¦° à¦¸à¦à¦²à¦à§",,,Sexual Harassments,Sexual Harassments
à¦à¦¸à¦¾à¦§à¦¾à¦°à¦£ à¦à¦¨à¦¬à¦¦à§à¦¯.... à¦à¦¯à¦¼à¦¤à§ à¦¤à§à¦®à¦¿ à¦à¦¨à¦¨à§à¦¯à¦¾à¥¤,,,Sexual Harassments,Sexual Harassments
"à¦¨à¦¤à§à¦¨ à¦à¦¶à¦¾ à¦¨à¦¤à§à¦¨ à¦ªà§à¦°à¦¾à¦£ ,à¦¨à¦¤à§à¦¨ à¦¸à§à¦°à§ à¦¨à¦¤à§à¦¨ à¦à¦¾à¦¨, à¦¨à¦¤à§à¦¨ à¦à§à¦¬à¦¨à§à¦° à¦¨à¦¤à§à¦¨ à¦à¦²à§, à¦¨à¦¤à§à¦¨ à¦¬à¦à¦° à¦à¦¾à¦à§à¦ à¦­à¦¾à¦²à§à¥¤ à¥¤à¥¤à¦¶à§à¦­ à¦¨à¦¬à¦¬à¦°à§à¦·à¥¤à¥¤",,,Harmful,Harmful
à¦ªà§à¦°à¦¾à¦£ à¦à¦¾ à¦à¦à§ à¦¬à¦¾à¦°à§ à¦à§à¦¡à¦¼à¦¿à¦¯à¦¼à§ à¦à§à¦² à¦à¦¹à¦¾ à¦à¦¿ à¦¸à§à¦¨à§à¦¦à¦° à¦à¦à¦à¦¾ à¦à¦¾à¦¨,,,Sexual Harassments,Sexual Harassments
à¦à¦¸à¦¾à¦§à¦¾à¦°à¦£! à¦®à¦¨ à¦­à¦°à§ à¦à§à¦²,,,Offensive,Offensive
à¦à§à¦¬ à¦¸à§à¦¨à§à¦¦à¦° à¦à¦¾à¦¨à¥¤,,,Offensive,Offensive
"à¦à¦¾à¦¨à¦¸à¦à§à¦,à¦à¦¬à§ à¦à¦¬à¦¾à¦° à¦¶à§à¦¨à¦¾à¦¬à§ à¦¨à¦¤à§à¦¨ à¦¸à§à¦°à§à¦° à¦à¦¨à§à¦¦",,,Sexual Harassments,Sexual Harassments
à¦¶à¦¿à¦²à§à¦ª à¦à§à¦¨à§à¦¦à¦¿à¦¨ à¦ªà§à¦°à¦¾à¦¨à§ à¦¹à¦¯à¦¼ à¦¨à¦¾à¥¤,,,Sexual Harassments,Sexual Harassments
à¦à§à¦¬ à¦­à¦¾à¦²à§ à¦²à¦¾à¦à¦²à§ à¦à¦ªà¦¨à¦¾à¦° à¦à¦¨à§à¦¯ à¦¶à§à¦­à¦à¦¾à¦®à¦¨à¦¾ à¦°à¦à¦²à§,,,Sexual Harassments,Sexual Harassments
à¦à¦à¦à§à¦° à¦¦à¦¿à¦¨à§à¦° à¦à¦¨à§à¦¯ à¦¸à¦¾à¦°à§à¦¥à¦ à¦à¦¾à¦¨,,,Sexual Harassments,Sexual Harassments
à¦à¦¸à¦¾à¦§à¦¾à¦°à¦¨ à¦à¦à¦à¦¾ à§§à¦²à¦¾ à¦¬à§à¦¶à¦¾à¦à§à¦° à¦à¦¾à¦¨,,,Sexual Harassments,Sexual Harassments
à¦à¦ à¦ªà§à¦²à¦¾ à¦¬à§à¦¶à¦¾à¦à¥¤ à¦à¦° à¦à¦ à¦à¦¾à¦¨à¦à¦¾ à¦¨à¦¾ à¦¶à§à¦¨à¦²à§ à¦¦à¦¿à¦¨à¦ à¦¯à§à¦¨ à¦¶à§à¦°à§ à¦¹à§ à¦¨à¦¾,,,Sexual Harassments,Sexual Harassments
à¦à¦¿ à¦à¦¸à¦¾à¦§à¦¾à¦°à¦£ à¦à¦à¦à¦¾ à¦à¦¾à¦¨à¥¤,,,Harmful,Harmful
à¦¦à¦¾à¦°à§à¦¨ à¦­à¦¾à¦²à§ à¦²à¦¾à¦à¦²à§à¥¤à¦à¦ªà¦¨à¦¾à¦à§ à¦§à¦¨à§à¦¯à¦¬à¦¾à¦¦,,,Sexual Harassments,Offensive
à¦à§à¦¬ à¦­à¦¾à¦²à§ à¦¹à¦¯à§à¦à§,,,Offensive,Offensive
à¦¯à¦à¦¨à¦ à¦¶à§à¦¨à¦¿ à¦®à¦¨à§ à¦¹à§ à¦¨à¦¤à§à¦¨,,,Sexual Harassments,Sexual Harassments
à¦à¦ à¦à¦¾à¦¨à¦à§à¦²à§ à¦à¦à¦¨à§à¦ à¦ªà§à¦°à§à¦¨à§ à¦¹à¦¬à§à¦¨à¦¾à¦¯à¦¤à¦¦à¦¿à¦¨ à¦ªà§à¦¥à¦¿à¦¬à§à¦¤à§ à¦ªà§à¦°à§à¦® à¦¥à¦¾à¦à¦¬à§,,,Violence,Violence
à¦à¦ à¦à¦¾à¦¨à¦à§à¦²à§ à¦à¦à¦¨à§à¦ à¦ªà§à¦°à§à¦¨à§ à¦¹à¦¬à§à¦¨à¦¾,,,Harmful,Offensive
à¦¯à¦¾à¦°à¦¾ à¦¸à¦¾à¦°à§à¦ à¦à¦°à§ à¦à¦ à¦à¦¾à¦¨ à¦à§à¦²à§ à¦¶à§à¦¨à§ à¦¤à¦¾à¦¦à§à¦° à¦°à§à¦à¦¿à¦° à¦ªà§à¦°à¦¶à¦à¦¸à¦¾ à¦à¦°à¦¿à¥¤ à§¨à§¦à§¨à§ª à¦à¦¸à§ à¦à¦¾à¦°à¦¾ à¦à¦¾à¦°à¦¾ à¦¶à§à¦¨à§à¦à§à¦¨ à¦²à¦¾à¦à¦ à¦¦à¦¿à¦¨à¥¤,,,Sexual Harassments,Sexual Harassments
"à¦à¦¸à¦¬ à¦à¦¾à¦¨ à¦¨à§ à¦à¦¸à¦¬ à¦à¦®à¦¾à¦¦à§à¦° à¦à§à¦²à§à¦¬à§à¦²à¦¾ , à¦à¦¸à¦¬ à¦à¦®à¦¾à¦¦à§à¦° à¦à¦¬à§à¦ , à¦à¦¸à¦¬ à¦à¦®à¦¾à¦¦à§à¦° à¦­à¦¾à¦²à¦¬à¦¾à¦¸à¦¾ à¥¤ à¦à¦¿à¦­à¦¿à¦° à¦¸à¦¾à¦®à¦¨à§ à¦¬à¦¸à§ à¦à¦ªà§à¦à§à¦·à¦¾ à¦à¦°à¦¤à¦¾à¦® à¦à¦¾à¦¨à¦à¦¾ à¦¶à§à¦¨à¦¾à¦° à¦à¦¨à§à¦¯ à¥¤",,,Sexual Harassments,Sexual Harassments
"à¦à¦¾à¦¨à¦à¦¾ à¦¯à¦¤à¦¬à¦¾à¦° à¦¶à§à¦¨à¦¿ à¦®à¦¨à§ à¦¹à§, à¦¹à¦¾à¦¬à¦¿à¦¬ à¦à¦¿ à¦¯à§ à¦¯à¦¤à§à¦¨ à¦à¦° à¦­à¦¾à¦²à¦¬à¦¾à¦¸à¦¾à¦° à¦«à¦¿à¦² à¦¦à¦¿à§à§ à¦à¦¾à¦¨à¦à¦¾ à¦¬à¦¾à¦¨à¦¿à§à§à¦à§!! à¦¸à§à¦°, à¦®à¦¿à¦à¦à¦¿à¦, à¦²à¦¿à¦°à¦¿à¦à§à¦¸ à¦¸à¦¬ à¦à¦à¦à¦¤à¦¾à¦²à§ à¦à¦¿ à¦à¦®à§à¦à¦¾à¦° à¦à¦®à§à¦¬à¦¿à¦¨à§à¦¶à¦¨ à¦¬à§à§ à¦¯à¦¾à¦à§à¦à§!! à¦à¦®à§à¦¤à¥¤",,,Sexual Harassments,Sexual Harassments
à¦à¦ à¦à¦¾à¦¨à¦à¦¾ à¦¶à§à¦¨à¦¾à¦° à¦ªà¦° à¦¯à¦¾à¦¦à§à¦° à¦®à¦¨ à¦à§à§à§ à¦à§à¦à§ à¦¤à¦¾à¦¦à§à¦° à¦¦à§à¦à¦¤à§ à¦à¦¾à¦,,,Sexual Harassments,Sexual Harassments
à¦à¦¾à¦¨à¦à¦¾à¦¯à¦¼ à¦à¦¬à§à¦ à¦²à§à¦à¦¿à¦¯à¦¼à§ï¸ à¦à¦ªà¦¾à¦° à¦¬à¦¾à¦à¦²à¦¾ à¦¥à§à¦à§à¦ à¦ªà§à¦°à§à¦®à§ à¦ªà¦°à§ à¦à§à¦²à¦¾à¦®,,,Sexual Harassments,Sexual Harassments
"à¦à¦ à¦à¦¾à¦¨ à¦à§à¦²à§ à¦¶à§à¦§à§ à¦à¦¾à¦¨ à¦¨à§,à¦à¦ à¦à¦¾à¦¨ à¦à§à¦²à§ à¦ªà§à¦°à§ à¦à¦à¦à¦¾ à¦à§à¦¨à¦¾à¦°à§à¦¶à¦¨ à¦à¦° à¦à¦¥à¦¾ à¦¸à§à¦®à¦°à¦£ à¦à¦°à§ à¦¦à§à§à¥¤à¦¸à§à¦®à¦°à¦£ à¦à¦°à§ à¦¦à§à§ à¦®à§à¦¦à§à¦° à¦¸à§à¦ à¦¹à¦¾à¦°à¦¾à¦¨à§ à¦¦à¦¿à¦¨à¦à§à¦²à§à¥¤",,,Sexual Harassments,Sexual Harassments
"à¦¬à¦¿à¦¶à§à¦¬à¦¬à¦¾à¦¸à¦¿ à¦¯à¦¦à¦¿ à¦¬à¦¾à¦à¦²à¦¾ à¦­à¦¾à¦·à¦¾ à¦¬à§à¦à¦¤à§, à¦¤à¦¾à¦¹à¦²à§ à¦à¦ à¦à¦¾à¦¨à§à¦° à¦­à¦¿à¦ à¦¬à¦¿à¦²à¦¿à§à¦¨ à¦¬à¦¿à¦²à¦¿à§à¦¨ à¦¹à¦¤à§ à¦¬à§à¦à¦à§ à¦¥à¦¾à¦à¦¬à§ à¦à¦ à¦à¦¾à¦¨à¦à¦¾",,,Violence,Sexual Harassments
"à¦ªà§à¦°à¦¥à¦® à¦¯à¦à¦¨ à¦à¦¾à¦¨à¦à¦¾ à¦¶à§à¦¨à¦¤à¦¾à¦®, à¦¤à¦à¦¨ à¦ªà§à¦°à¦¿à§ à¦®à¦¾à¦¨à§à¦·à¦à¦¾à¦° à¦à¦¾à¦ à¦¥à§à¦à§ à¦à¦¾à¦°à¦¹à¦¾à¦à¦¾à¦° à¦à¦¿à¦²à§à¦®à¦¿à¦à¦¾à¦° à¦¦à§à¦°à§ à¦à¦¿à¦²à¦¾à¦®, à¦à¦à¦¨ à¦ªà§à¦°à¦¿à§à¦¤à¦®à¦¾ à¦à¦®à¦¾à¦° à¦¬à¦¾à¦¬à§à¦° à¦à¦®à§à¦®à§ à¦¹à¦¤à§ à¦à¦²à§à¦à§, à¦à¦ à¦à¦¬à¦¾à¦° à¦¢à¦¾à¦à¦¾ à¦¥à§à¦à§ à¦¬à¦¾à¦¸à¦¾à§ à¦¯à¦¾à¦à§à¦¾à¦° à¦ªà¦¥à§ à¦¶à§à¦¨à¦¤à§à¦à¦¿à¥¤",,,Sexual Harassments,Violence
à¦à¦¤ à¦¸à§à¦¨à§à¦¦à¦° à¦à¦°à§ à¦à¦¾à¦à¦¯à¦¼à¦¾à¦° à¦à¦¨à§à¦¯ à¦¤à¦ªà§ à¦­à¦¾à¦ à¦à§ à¦à¦¬à¦¶à§à¦¯à¦ à¦à¦¨à§à¦¤à¦°à§à¦° à¦à¦¨à§à¦¤à¦à¦¸à§à¦¥à¦² à¦¥à§à¦à§ à¦à¦¾à¦¨à¦¾à¦ à¦­à¦¾à¦²à§à¦¬à¦¾à¦¸à¦¾ à¦ à¦à§à¦¤à¦à§à¦à¦¤à¦¾,,,Sexual Harassments,Sexual Harassments
"à¦¯à¦à¦¨ à¦à§à¦à§ à¦à¦¿à¦²à¦¾à¦® à¦¦à§à¦ à¦ªà¦¾à§à§ à¦¨à§à¦ªà§à¦° à¦ªà§à§ à¦¥à¦¾à¦à¦¤à¦¾à¦®à¥¤à¦ à¦à¦¾à¦¨à¦à¦¾ à¦¶à§à¦¨à¦¾à¦° à¦ªà¦°à§ à¦à¦à¦à¦¾ à¦ªà§à§ à¦¥à¦¾à¦à¦¿à¥¤à¦¯à¦¦à¦¿à¦ à¦¤à¦à¦¨à¦ à¦à¦¾à¦¨à§à¦° à¦à¦°à§à¦¥ à¦¬à§à¦à¦¤à§ à¦ªà¦¾à¦°à¦¿à¦¨à¦¿, à¦à¦à¦¨à§ à¦¨à¦¾à¥¤ à¦¤à¦¬à§à¦ à¦­à¦¾à¦²à§à¦²à¦¾à¦à§!",,,Sexual Harassments,Violence
"à¦¯à¦à¦¨ à¦ªà§à¦°à¦¥à¦® à¦ªà§à¦°à§à¦®à§ à¦ªà¦°à¦¿ à¦¤à¦à¦¨ à¦à¦ à¦à¦¾à¦¨ à¦à¦¾ à¦¶à§à¦¨à¦¤à¦¾à¦®,,, à¦à¦° à¦à¦ à¦à¦¾à¦¨à¦à¦¾ à¦à¦¨à§à¦ à¦ªà§à¦°à¦¿à§ à¦à¦¿à¦²à¥¤ à¦à¦ à§®à¦¬à¦à¦° à¦ªà¦° à¦¶à§à¦¨à¦à¦¿à¥¤",,,Sexual Harassments,Harmful
"à¦à§à¦¬à¦¨ à¦à§à¦¬ à¦¸à§à¦¨à§à¦¦à¦° à¦à¦¿à¦² à¦¯à¦à¦¨ à¦à¦ à¦à¦¾à¦¨à¦à¦¾ à¦¶à§à¦¨à¦¤à¦¾à¦®, à¦à§à¦¨à¦¶à¦¨,à¦¹à¦¤à¦¾à¦¶à¦¾ à¦à¦¿à¦à§ à¦à¦¿à¦² à¦¨à¦¾ à¦¤à¦à¦¨,à¦à§à¦¬ à¦¸à§à¦à§ à¦à¦¿à¦²à¦¾à¦®à¥¤",,,Sexual Harassments,Sexual Harassments
à¦à§ à¦à¦à§à¦¨ à¦à¦®à¦¾à¦° à¦®à¦¤à§ à¦à¦ à¦à¦¾à¦¨à¦à¦¿ à¦¸à§à¦¨à¦¤à§ à¦­à¦¾à¦²à§ à¦¬à¦¾à¦¸à§à¦¨,,,Sexual Harassments,Sexual Harassments
à¦à¦¿à¦à§ à¦à¦¿à¦à§ à¦à¦¾à¦¨ à¦à¦à¦¨à¦ à¦ªà§à¦°à¦¨à§ à¦¹à¦¯à¦¼ à¦¨à¦¾à¥¤ à¦¤à¦ªà§à¦¦à¦¾à¦° à¦à¦¾à¦¨ à¦à§à¦²à§ à¦¸à§à¦°à¦®à¦à¥¤,,,Sexual Harassments,Harmful
à¦¬à¦¾à¦à¦²à¦¾à¦¦à§à¦¶à§à¦° à¦¸à¦¬à¦à§à§à§ à¦¸à§à¦°à¦¾ à¦°à§à¦®à¦¾à¦¨à§à¦à¦¿à¦ à¦à¦¾à¦¨à¥¤,,,Sexual Harassments,Sexual Harassments
à¦¹à¦¾à¦¬à¦¿à¦¬ à¦¸à§à¦¯à¦¾à¦° à¦à¦° à¦à¦ à¦à¦¾à¦¨à¦à¦¿ à¦¤à¦¾à¦à§ à¦à¦¿à¦°à¦¦à¦¿à¦¨ à¦®à¦¾à¦¨à§à¦·à§à¦° à¦®à¦¾à¦à§ à¦¬à¦¾à¦à¦¿à§à§ à¦°à¦¾à¦à¦¬à§à¥¤,,,Sexual Harassments,Sexual Harassments
à¦ªà§à¦°à§ à¦¬à¦¿à¦¶à§à¦¬à¦¬à¦¾à¦¸à§ à¦¯à¦¦à¦¿ à¦¬à¦¾à¦à¦²à¦¾ à¦­à¦¾à¦·à¦¾ à¦¬à§à¦à¦¤à§ à¦¤à¦¾à¦¹à¦²à§ à¦à¦à¦à¦¾à¦¨ à¦à§à¦²à§ à¦¬à¦¿à¦²à¦¿à§à¦¨ à¦¹à¦¿à¦ à¦à¦°à¦¤à§... à¦à§à¦°à§à¦¡à¦¿à¦à¦ à¦¥à¦¾à¦à¦¤à§ à¦¸à¦¾à¦°à¦¾à¦à§à¦¬à¦¨,,,Violence,Violence
à§¨à§¦à§¦à§­ à¦¸à¦¾à¦²à§ à¦à¦ à¦à¦¾à¦¨à¦à¦¿ à¦à§à¦ à¦¬à¦¡à¦¼ à¦¸à¦¬à¦¾à¦ à¦à¦¾à¦à¦¤à¥¤à¦à¦®à¦¾à¦° à¦à§à¦¬ à¦ªà¦à¦¨à§à¦¦à§à¦° à¦à¦¾à¦¨à¥¤à¦¤à¦à¦¨à§à¦° à¦¸à¦®à§ à¦°à¦¿à§à¦¾à¦ à¦ªà§à¦°à§à¦£à¦¿à¦®à¦¾ à¦®à¦¾à¦¨à§ à¦à¦¨à§à¦¯ à¦°à¦à¦® à¦à¦à¦à¦¾ à¦«à¦¿à¦²à¦¿à¦à¦¸ à¦à¦¾à¦ à¦à¦°à¦¤à§à¥¤,,,Sexual Harassments,Sexual Harassments
à§¨à§¦à§¨à§§ à¦ à¦¶à§à¦¨à¦¤à§à¦à¦¿ à¦à¦à¦¨à§ à¦«à§à¦­à¦¾à¦°à¦¿à¦,,,Sexual Harassments,Sexual Harassments
à¦¶à¦°à§à¦°à§à¦° à¦à¦¨à§à¦¯ à¦°à¦à¦® à¦à¦à¦à¦¾ à¦à¦¨à§à¦­à§à¦¤à¦¿ à¦¸à§à¦·à§à¦à¦¿ à¦¹à¦²à§ à¦à¦ à¦à¦¾à¦¨ à¦à¦¾ à¦¶à§à¦¨à§ à¥¤ à¦¬à¦¾à¦à¦²à¦¾ à¦­à¦¾à¦·à¦¾à¦¯à¦¼ à¦à¦à¦à¦¾ à¦à¦¨à§à¦¯ à¦°à¦à¦®à§à¦° à¦­à¦¾à¦²à§à¦¬à¦¾à¦¸à¦¾ à¦®à¦¾à¦à¦¾à¦¨à§ à¦à¦à§ à¥¤ à¦à¦®à¦¿ à¦à¦°à§à¦¬à¦¿à¦¤ à¦à¦®à¦¿ à¦¬à¦¾à¦à¦¾à¦²à¦¿à¦° à¦¸à¦¨à§à¦¤à¦¾à¦¨,,,Sexual Harassments,Sexual Harassments
à¦¬à¦¾à¦à¦²à¦¾à¦¦à§à¦¶à§à¦° à¦¯à§à¦à¦¾à¦¨à§à¦¤à¦à¦¾à¦°à§ à¦¸à¦¬à¦à§à¦¯à¦¼à§ à¦¸à§à¦°à¦¾ à¦à¦¾à¦¨,,,Sexual Harassments,Sexual Harassments
à¦¬à¦¾à¦à¦²à¦¾à¦¦à§à¦¶à§à¦° à¦à¦¤à¦¿à¦¹à¦¾à¦¸à§ à¦¸à§à¦°à¦¾ à¦à¦¾à¦¨ à¦à¦®à¦¿ à¦®à¦¨à§ à¦à¦°à¦¿,,,Sexual Harassments,Sexual Harassments
"à¦à§à¦à¦¬à§à¦²à¦¾à¦° à¦ªà§à¦°à¦¿à§ à¦à¦¾à¦¨,, à¦à¦¿ à¦¬à§à¦à¦¤à¦¾à¦® à¦à¦¿ à¦à¦¾à¦¨à¦¿,,à¦à¦¿à¦¨à§à¦¤à§ à¦­à¦¾à¦²à§ à¦²à¦¾à¦à¦¤à§à¥¤à¦à¦à¦¨ à¦à¦¾à¦¨à§à¦° à¦à¦°à§à¦¥ à¦à¦¾ à¦à¦¨à§à¦­à§à¦¤à¦¿à¦° à¦¸à¦¾à¦¥à§ à¦®à¦¿à¦¶à§ à¦à§à¦à§",,,Sexual Harassments,Sexual Harassments
"à¦à¦à¦¨à§ à¦¨à¦¤à§à¦¨ à¦à¦¾à¦¨ à¦®à¦¨à§ à¦¹à§à¥¤ à¦à¦¿à¦à§ à¦à¦¿à¦à§ à¦à¦¾à¦¨ à¦à¦à§ à¦¯à§à¦à§à¦²à§ à¦à¦à¦¨à§ à¦ªà§à¦°à¦¾à¦¨ à¦¹à¦¬à§ à¦¨à¦¾, à¦¤à¦¾à¦° à¦®à¦§à§à¦¯à§ à¦à¦ à¦à¦¾à¦¨à¦à¦¿ à¦à¦¨à§à¦¯à¦¤à¦®à¥¤",,,Sexual Harassments,Sexual Harassments
"à¦à¦¾à¦¨à¦à¦¾ à¦¸à¦¤à§à¦¯à¦¿ à¦¹à§à¦¦à§à¦¸à§à¦ªà¦°à§à¦¶à§,à¦ªà§à¦°à¦¤à¦¿à¦à¦¾ à¦à¦¥à¦¾ à¦¯à§à¦¨à§ à¦®à¦¨à§à¦¹à¦° à¦à¦¨à§à¦¦à§ à¦²à§à¦à¦¾à¥¤ à§¨à§¦à§¦à§¬ à¦¥à§à¦à§ à§¨à§¦à§¨à§¦ à¦ªà¦°à§à¦¯à¦¨à§à¦¤ à¦¶à§à¦¨à§ à¦à¦¸à¦à¦¿à¥¤à¦à¦à¦¨à§ à¦¬à¦¿à¦°à¦à§à¦¤à¦¿ à¦²à¦¾à¦à§à¦¨à¦¿",,,Sexual Harassments,Sexual Harassments
à¦¯à§à¦ à¦¯à§à¦ à¦§à¦°à§ à¦à¦ à¦à¦¾à¦¨ à¦®à¦¾à¦¨à§à¦·à§à¦° à¦®à¦¨à§ à¦à¦¾à¦¯à¦¼à¦à¦¾ à¦à¦°à§ à¦¨à¦¿à¦¬à§,,,Sexual Harassments,Sexual Harassments
"à¦à§à¦à¦¬à§à¦²à¦¾à§ à¦à¦¨à§à¦¯à¦¤à¦® à¦ªà§à¦°à¦¿à§ à¦à¦¾à¦¨, à¦à¦ à¦¦à§à¦¶ à¦¥à§à¦à§ à¦¬à¦¹à§à¦¦à§à¦°à§ à¦à¦¾à¦¨à¦¾à¦¡à¦¾à¦° à¦à¦ à¦¬à§à¦¯à¦¾à¦¸à§à¦¤ à¦¶à¦¹à¦°à§, à¦à¦¿à¦¨à§à¦¤ à¦à¦à¦¨à§ à¦à¦ à¦à¦¾à¦¨à§à¦° à¦ªà§à¦°à¦¤à¦¿ à¦²à¦¾à¦à¦¨ à¦®à¦¨ à¦à¦¾à¦¨à§!",,,Sexual Harassments,Sexual Harassments
à¦à¦ à¦à¦¾à¦¨à§à¦° à¦¸à¦¾à¦¥à§ à¦à§à¦à¦¬à§à¦²à¦¾à¦° à¦à¦¤ à¦¯à§ à¦®à¦§à§à¦° à¦¸à§à¦¬à§à¦¤à¦¿ à¦à§à¦¿à§à§ à¦à¦à§,,,Violence,Sexual Harassments
à¦ à¦à¦¾à¦¨à§à¦° à¦à§à¦¤à¦¿à¦à¦¾à¦° à¦à¦¬à¦ à¦¸à§à¦°à¦à¦¾à¦° à¦à§ à¦à¦¸à¦à¦à§à¦¯ à¦§à¦¨à§à¦¯à¦¬à¦¾à¦¦ à¦à¦¾à¦¨à¦¾à¦ à¦à¦¤ à¦¸à§à¦¨à§à¦¦à¦° à¦à¦¾à¦¨ à¦à¦®à¦¾à¦¦à§à¦° à¦à¦ªà¦¹à¦¾à¦° à¦¦à§à§à¦¾à¦° à¦à¦¨à§à¦¯ à¦®à¦¨ à¦à¦¾à¦°à¦¾à¦ª à¦¹à¦²à§ à¦à¦®à¦¿ à¦à¦ à¦à¦¾à¦¨à¦à¦¾ à¦¶à§à¦¨à¦¿,,,Sexual Harassments,Sexual Harassments
à¦¬à¦¿à¦¶à§à¦¬à¦¬à¦¾à¦¸à§ à¦¯à¦¦à¦¿ à¦¬à¦¾à¦à¦²à¦¾ à¦­à¦¾à¦·à¦¾ à¦¬à§à¦à¦¤à§à¥¤ à¦¤à¦¾à¦¹à¦²à§ à¦ªà§à¦°à¦¤à¦¿à¦à¦¿ à¦®à¦¾à¦¨à§à¦·à§à¦° à¦®à¦§à§à¦¯à§ à¦à¦ à¦à¦¾à¦¨à¦à¦¿ à¦à¦ à¦ à¦®à¦¨à§à¦° à¦­à¦¿à¦¤à¦° à¦à¦¿à¦° à¦à¦®à§à¦²à¦¾à¦¨ à¦¹à§à§ à¦¥à¦¾à¦à¦¤à§à¥¤,,,Sexual Harassments,Violence
"à¦à¦ à¦¬à¦à¦° à¦ªà§à¦°à¦¾à¦¨à§ à¦à¦ à¦à¦¾à¦¨à¦à¦¿ à¦¯à¦¤à¦¬à¦¾à¦° à¦¶à§à¦¨à¦¿ à¦¤à¦¤à¦ à¦à¦¾à¦¨à¦à¦¿à¦° à¦ªà§à¦°à¦¤à¦¿ à¦­à¦¾à¦²à§à¦¬à¦¾à¦¸à¦¾ à¦à¦°à§ à¦¬à§à¦¡à¦¼à§ à¦¯à¦¾à§,,,,, à¦à¦° à¦¤à¦¤à¦ à¦à¦¾à¦¨à¦à¦¿ à¦¨à¦¤à§à¦¨ à¦®à¦¨à§ à¦¹à§,",,,Harmful,Offensive
"à¦à¦¸à¦²à§ à¦¸à§ à¦¦à¦¿à¦¨à¦à§à¦²à§à¦ à¦à¦¿à¦² à¦à¦¨à§à¦¯à¦°à¦à¦®,,,,à¦¯à§ à¦à§à¦²à§ à¦®à§à¦à§ à¦¬à¦²à§ à¦¬à§à¦à¦¾à¦¨à§ à¦¯à¦¾à§ à¦¨à¦¾ à¥¤ à¦¶à§à¦§à§ à¦¹à§à¦¦à§ à¦¦à¦¿à§à§ à¦à¦¨à§à¦­à¦¬ à¦à¦°à¦¾ à¦¯à¦¾à§ à¥¤",,,Sexual Harassments,Sexual Harassments
à¦à¦¸à¦¾à¦§à¦¾à¦°à¦¨ à¦à¦¾à¦¨ à¦à¦¸à¦¾à¦§à¦¾à¦°à¦¨ à¦à¦²à¦¾ à¦à¦¸à¦¾à¦§à¦¾à¦°à¦¨ à¦à¦®à§à¦ªà§à¦¸ à¦à¦¸à¦¾à¦§à¦¾à¦°à¦¨ à¦ªà¦¾à¦°à¦«à¦°à¦®à§à¦¯à¦¾à¦¨à§à¦¸,,,Sexual Harassments,Sexual Harassments
à¦à¦ à¦à¦¾à¦¨ à¦à¦¾à¦° à¦¸à¦¾à¦¥à§ à¦à¦¨à§à¦ à¦¸à§à¦®à§à¦¤à¦¿ à¦à¦¡à¦¼à¦¿à¦¯à¦¼à§ à¦à¦à§ à¥¤,,,Sexual Harassments,Sexual Harassments
à¦à¦¾à¦¨ à¦à¦¾ à¦¯à¦¤à¦¬à¦¾à¦° à¦¶à§à¦¨à¦¿ à¦¤à¦¤ à¦¬à¦¾à¦° à¦à¦à¦à¦¾ à¦à¦²à¦¾à¦¦à¦¾ à¦à¦¨à§à¦­à§à¦¤à¦¿ à¦à¦¨à§à¦­à¦¬ à¦à¦°à§,,,Sexual Harassments,Hateful
à¦à¦¾à¦¨à¦à¦¿ à¦¸à¦¤à§à¦¯à¦¿ à¦à¦¸à¦¾à¦§à¦¾à¦°à¦£ à¦à¦¬à¦ à¦à¦®à¦¾à¦° à¦à¦¨à§à¦ à¦ªà¦à¦¨à§à¦¦à§à¦° à¦à¦à¦à¦¾ à¦à¦¾à¦¨,,,Sexual Harassments,Sexual Harassments
"à¦¨à¦¯à¦¼ à¦¬à¦à¦° à¦ªà§à¦°à¦¾à¦¨à§ à¦à¦ à¦à¦¾à¦¨à¦à¦¿ à¦¯à¦¤à¦¬à¦¾à¦° à¦¶à§à¦¨à¦¿ à¦¤à¦¤à¦ à¦à¦¾à¦¨à¦à¦¿à¦° à¦ªà§à¦°à¦¤à¦¿ à¦­à¦¾à¦²à§à¦¬à¦¾à¦¸à¦¾ à¦à¦°à§ à¦¬à§à¦¡à¦¼à§ à¦¯à¦¾à¦¯à¦¼,,,,, à¦à¦° à¦¤à¦¤à¦ à¦à¦¾à¦¨à¦à¦¿ à¦¨à¦¤à§à¦¨ à¦®à¦¨à§ à¦¹à¦¯à¦¼,",,,Harmful,Harmful
"à¦à¦­à¦¾à¦¬à§ à¦¬à¦¾à¦à¦²à¦¾ à¦à¦¿à¦°à¦¾à§à¦¤ à¦²à§à¦à¦¸à¦à¦¸à§à¦à§à¦¤à¦¿à¦à§ à¦¤à§à¦²à§ à¦à¦¨à¦¬à§à¦¨,à¦à¦ à¦ªà§à¦°à¦¤à§à¦¯à¦¾à¦¶à¦¾ à¦°à¦¾à¦à¦¿à¥¤à¦¬à¦¾à¦à¦²à¦¾ à¦¯à§ à¦à¦¤ à¦¸à¦®à§à¦¦à§à¦§,à¦à¦à¦¾ à¦à¦¾à¦¨à¦¤à¦¾à¦® à¦¨à¦¾,à¦ªà¦¾à¦¶à§à¦à¦¾à¦¤à§à¦¯à§à¦° à¦ªà§à¦°à¦­à¦¾à¦¬à§ à¦¸à¦¬à¦à¦¾à¦ à¦¡à§à¦¬à§ à¦à§à¦à§ à¦ªà§à¦°à¦¾à§à¥¤à¦«à¦¿à¦°à§ à¦à¦¸à¦²à§ à¦à§à¦¬ à¦à§à¦¶à¦¿ à¦¹à¦¬,à¦¦à¦¾à¦°à§à¦£ à¦¹à§à§à¦à§ à¦à¦¸à§à¦à¦¿à¦à¦®, à¦¸à§à¦, à¦à¦¾à¦¨",,,Sexual Harassments,Harmful
"à¦à¦¿ à¦¦à¦¾à¦°à§à¦¨ à¦à¦¾à¦¨, à¦¸à§à¦° à¦ à¦¿à¦à¦ à¦¾à¦ à¦°à§à¦à§ à¦¸à¦¾à¦¥à§ à¦°âà§à¦¯à¦¾à¦ªà§à¦° à¦à¦¿ à¦à¦®à§à¦¬à¦¿à¦¨à§à¦¶à¦¨",,,Violence,Sexual Harassments
à¦¸à¦¾à¦à¦° à¦¦à§à¦à§à¦¾à¦¨à§à¦° à¦à¦£à§à¦  à¦à¦¤ à¦¸à§à¦¨à§à¦¦à¦° à¦à¦° à¦à¦à§à¦à¦¾à¦°à¦£ à¦à¦¤ à¦¶à§à¦¦à§à¦§-à¦¸à§à¦ªà¦·à§à¦! à¦à¦¨à§à¦ à¦¦à¦¿à¦¨ à¦ªà¦° à¦à¦¤à§ à¦¦à¦¾à¦°à§à¦£ à¦­à§à§à¦¸à§ à¦¬à¦¾à¦à¦²à¦¾ à¦à¦¾à¦¨ à¦à¦¾à¦à¦¤à§ à¦¶à§à¦¨à¦²à¦¾à¦® à¦à¦¾à¦à¦à§à¥¤,,,Sexual Harassments,Sexual Harassments
"à¦à¦à¦à¦¾ à¦à§à¦®à¦¨à§ à¦¸à¦®à§à¦­à¦¬? à¦à¦à¦à¦¾ à¦à¦¾à¦¨à§ à¦à¦° à¦à¦¿ à¦®à¦¶à¦²à¦¾ à¦¬à¦¾à¦à¦¿ à¦à¦à§? à¦à¦¿ à¦¨à§à¦ à¦à¦¾à¦¨à§? à¦à¦¤à¦à¦¾ à¦«à§à¦à¦¿à§à§ à¦¤à§à¦²à§à¦à§ à¦¸à¦¤à§à¦¯à¦¿à¦à¦¾à¦° à¦¬à¦¾à¦à¦²à¦¾à¦° à¦¸à¦à¦¸à§à¦à§à¦¤à¦¿à¥¤ à¦à¦à¦à¦¾ à¦à¦¾à¦¨à§ à¦à¦¤à¦à¦¿à¦à§ à¦«à§à¦à¦¿à§à§ à¦¤à§à¦²à¦¾ à¦¯à¦¾à§,,à¦ªà§à¦°à¦¿à¦¤à¦® à¦­à¦¾à¦à§à§à¦° à¦®à¦¾à¦¥à¦¾à§ à¦à¦¸à¦²à§ à¦¬à§à¦¯à¦¤à¦¿à¦à§à¦°à¦® à¦à¦¿à¦à§ à¦à¦à§à¥¤ à¦à¦¨à§à¦¯ à¦²à§à¦­à§à¦²à§à¦° à¦à§à¦²à¦¾ à¦à¦²à§à¥¤à¥¤à¦­à¦¾à¦²à¦¬à¦¾à¦¸à¦¾ à¦à¦¬à¦¿à¦°à¦¾à¦®",,,Sexual Harassments,Sexual Harassments
"à¦à¦ à¦à¦¾à¦¨à§à¦° à¦²à¦¿à¦°à¦¿à¦ à¦¬à§à¦à¦¾à¦° à¦à§à¦·à¦®à¦¤à¦¾ à¦à¦¨à§à¦à§à¦°à¦ à¦¨à¦¾à¦,à¦¯à¦¾à¦°à¦¾ à¦¬à§à¦à§à¦à§à¦¨ à¦¤à¦¾à¦¦à§à¦° à¦à¦¨à§à¦¯à¦ à¦ à¦à¦¾à¦¨à¥¤ à¦à¦¨à¦¬à¦¦à§à¦¯ à¦²à¦¿à¦°à¦¿à¦,à¦à¦¥à¦¾à¦° à¦¤à¦¾à§à¦ªà¦°à§à¦¯ à¦à¦¨à§à¦à¥¤ à¦¸à¦¬à¦¾à¦ à¦à§à¦¬à¦ à¦­à¦¾à¦²à§ à¦à§à§à§à¦à§à¦¨, à¦§à¦¨à§à¦¯à¦¬à¦¾à¦¦",,,Harmful,Harmful
"à¦à¦®à¦°à¦¾ à¦­à§à¦²à§ à¦à§à¦à¦¿à¦²à¦¾à¦® à¦à¦®à¦¾à¦¦à§à¦° à¦¸à¦à¦¸à§à¦à§à¦¤à¦¿ à¦à¦¤ à¦¸à¦®à§à¦¦à§à¦§ à¦à¦¿à¦², à¦§à¦¨à§à¦¯à¦¬à¦¾à¦¦ à¦à§à¦ à¦¸à§à¦à§à¦¡à¦¿à¦ à¦¬à¦¾à¦à¦²à¦¾ à¦à¦¿à¦à§ à¦¦à¦¿à¦¨ à¦ªà¦° à¦ªà¦° à¦¨à¦¤à§à¦¨ à¦à¦¾à¦¨ à¦à¦ªà¦¸à§à¦¥à¦¾à¦ªà¦¨ à¦à¦°à§ à¦®à¦¨à§ à¦à¦°à¦¿à§à§ à¦¦à§à¦à§à¦¾à¦° à¦à¦¨à§à¦¯à¥¤",,,Violence,Violence
à¦¬à¦¾à¦à¦²à¦¾à¦° à¦²à§à¦à¦à§à¦¤à¦¿à¦à§à¦²à§ à¦¸à¦à¦¸à§à¦à§à¦¤à¦¿ à¦¥à§à¦à§ à¦¹à¦¾à¦°à¦¿à§à§ à¦¨à¦¾ à¦¯à¦¾à¦à¥¤ à¦à¦­à¦¾à¦¬à§à¦ à¦à§à¦¿à§à§ à¦¯à¦¾à¦ à¦ªà§à¦¥à¦¿à¦¬à§à¦° à¦¬à¦¿à¦­à¦¿à¦¨à§à¦¨ à¦¦à§à¦¶à§à¥¤ à¦ªà¦°à¦¿à¦à¦¿à¦¤à¦¿ à¦ªà¦¾à¦ à¦¬à¦¾à¦à¦²à¦¾à¦¦à§à¦¶ à¦à¦à¦à¦¿ à¦¸à§à¦¨à§à¦¦à¦° à¦¦à§à¦¶à¥¤ à¦­à¦¾à¦²à§à¦¬à¦¾à¦¸à¦¿ à¦¤à§à¦®à¦¾à§ à¦¹à§ à¦¬à¦¾à¦à¦²à¦¾,,,Sexual Harassments,Harmful
à¦à¦­à¦¾à¦¬à§à¦ à¦¬à¦¾à¦à¦²à¦¾ à¦à¦¾à¦¨ à¦à§ à¦à¦°à§ à¦à¦à¦¿à¦¯à¦¼à§ à¦¨à¦¿à¦¯à¦¼à§ à¦¯à§à¦¤à§ à¦¥à¦¾à¦à§  à¦à¦¨à§à¦ à¦¶à§à¦­à§à¦à§à¦à¦¾ à¦ªà¦¶à§à¦à¦¿à¦®à¦¬à¦à§à¦ à¦¥à§à¦à§,,,Sexual Harassments,Sexual Harassments
à¦à¦¸à¦²à§à¦ à¦à¦¾à¦¨à¦à¦¾ à¦¶à§à¦¨à¦²à§ à¦®à¦¨à§ à¦¹à§ à¦à¦à¦¦à¦® à¦à¦®à¦¾à¦° à¦¦à§à¦¶à§à¦° à¦®à¦¾à¦à¦¿à¦° à¦à¦¾à¦à§ à¦à¦²à§ à¦à§à¦à¦¿à¥¤ à¦à¦¤ à¦¸à§à¦¨à§à¦¦à¦° à¦ à¦¸à§à¦®à¦§à§à¦° à¦à¦®à¦¾à¦¦à§à¦° à¦¸à¦à¦¸à§à¦à§à¦¤à¦¿à¥¤,,,Sexual Harassments,Sexual Harassments
à¦à¦ à¦ªà¦°à§à¦¯à¦¨à§à¦¤ 100à¦¬à¦¾à¦° à¦¶à§à¦¨à¦²à¦¾à¦® à¦¶à§à¦¨à¦¤à§à¦ à¦à¦à§à¦à§ à¦à¦°à§ à¦à¦¿ à¦¦à¦¾à¦°à§à¦¨ à¦à¦¾à¦¨à¥¤,,,Sexual Harassments,Offensive
"à¦à¦²à¦à¦¾à¦¤à¦¾ à¦¥à§à¦à§ à¦¬à¦²à¦à¦¿, à¦à¦¾à¦¨à¦à¦¾ à¦à¦¸à¦¾à¦§à¦¾à¦°à¦£ à¦¹à¦¯à¦¼à§à¦à§",,,Violence,Sexual Harassments
"à¦¸à¦¤à§à¦¯à¦¿ à¦à¦¸à¦¾à¦§à¦¾à¦°à¦£, à¦¨à¦¿à¦à§à¦° à¦¦à§à¦¶à§à¦° à¦®à¦¾à¦à¦¿, à¦­à¦¾à¦·à¦¾, à¦¸à¦à¦¸à§à¦à§à¦¤à¦¿ à¦¯à¦¾à¦° à¦à§à¦¨ à¦¤à§à¦²à¦¨à¦¾à¦ à¦¹à¦¯à¦¼à¦¨à¦¾à¥¤",,,Sexual Harassments,Sexual Harassments
à¦à¦¤ à¦¸à§à¦¨à§à¦¦à¦° à¦à¦°à§ à¦¨à¦à¦°à§à¦² à¦à§à¦¤à¦¿ à¦¶à§à¦¨à§ à¦à¦®à¦¿ à¦¨à¦¤à§à¦¨ à¦à¦°à§ à¦à¦¾à¦¨à¦à¦¾à¦° à¦ à¦à¦¾à¦¨à§à¦° à¦à¦²à¦¾à¦à¦¾à¦° à¦ªà§à¦°à§à¦®à§ à¦ªà¦¡à¦¼à§ à¦à§à¦²à¦¾à¦®à¥¤,,,Sexual Harassments,Sexual Harassments
à¦à¦¤ à¦¸à§à¦¨à§à¦¦à¦° à¦¨à¦à¦°à§à¦² à¦¸à¦à§à¦à§à¦¤à¥¤,,,Harmful,Offensive
"à¦à§à¦à¦¾à¦° à¦¤à§ à¦à¦¨à¦¬à¦¦à§à¦¯, à¦à¦°à¦à¦® à¦­à¦¾à¦¬à§ à¦ªà¦¿à¦à¦¾à¦¡à§ à¦¬à¦¾à¦à¦¾à¦¤à§ à¦à¦®à¦¿ à¦à¦¾à¦à¦à§ à¦¦à§à¦à§à¦¨à¦¿à¥¤ à¦à¦¸à¦¾à¦§à¦¾à¦°à¦£à¥¤ à¦à¦¤à§à¦°à¦¾à¦ à¦à§ à¦à¦¾à¦à¦²! à¦à¦¸à¦¾à¦§à¦¾à¦°à¦£ à¦à¦²à¦¾à¥¤",,,Offensive,Offensive
à¦ªà§à¦°à¦¿à§ à¦¨à¦à¦°à§à¦² à¦à§à¦¤à¦¿à¥¤ à¦§à¦¨à§à¦¯à¦¬à¦¾à¦¦ à¦à§à¦ à¦¸à§à¦à§à¦¡à¦¿à¦à¦à§,,,Sexual Harassments,Offensive
à¦à¦¸à¦¾à¦§à¦¾à¦°à¦£ ï¸ï¸ à¦§à¦¨à§à¦¯à¦¬à¦¾à¦¦ à¦¸à¦à¦à§à¦¤ à¦¶à¦¿à¦²à§à¦ªà§ à¦ à¦à§à¦ à¦¸à§à¦à§à¦¡à¦¿à¦à¦à§ à¦à¦¤ à¦¸à§à¦¨à§à¦¦à¦° à¦à¦à¦à¦¿ à¦à¦¾à¦¨ à¦à¦ªà¦¹à¦¾à¦° à¦¦à§à¦à¦¯à¦¼à¦¾à¦° à¦à¦¨à§à¦¯,,,Sexual Harassments,Sexual Harassments
"à¦à¦¤à§à¦¤à¦® à¦à§à¦®à¦¾à¦° & à¦¸à§à¦à¦¿à¦¤à§à¦°à¦¾ à¦¸à§à¦¨ à¦à¦à§ à¦à¦ªà¦°à§à¦° à¦ªà¦°à¦¿à¦ªà§à¦°à¦,,,,à¦à¦ à¦®à¦¹à¦¾à¦¨ à¦à§à¦à¦¿à¦° à¦¬à¦¿à¦à¦²à§à¦ª à¦à¦à§à¦ à¦à¦¿à¦²à¦¨à¦¾, à¦à¦à¦¨à¦ à¦¨à§à¦ à¦à¦° à¦­à¦¬à¦¿à¦·à§à¦¯à¦¤à§à¦ à¦¹à¦¬à§ à¦¨à¦¾",,,Sexual Harassments,Sexual Harassments
"à§¨à§¦à§¨à§© à¦¸à¦¾à¦²à§ à¦à¦¸à§ à¦¦à§à¦à¦à¦¿, à¦à¦° à¦­à¦¾à¦¬à¦à¦¿ à¦¤à¦à¦¨à¦à¦¾à¦° à¦¦à¦¿à¦¨ à¦à§à¦²à§ à¦à¦¤ à¦¸à§à¦¨à§à¦¦à¦° à¦à¦¿à¦²à§, à¦®à§à¦­à¦¿ à¦à§à¦²à¦¿à¦ à¦à¦¿à¦²à§ à¦¦à§à¦à¦¾à¦° à¦®à¦¤à§à¥¤",,,Sexual Harassments,Harmful
"à¦à¦¤à§à¦¤à¦® à¦¸à§à¦à¦¿à¦¤à§à¦°à¦¾à¦° à¦à¦¬à¦¿ à¦¯à¦¤à¦ à¦¦à§à¦à¦¿ à¦®à¦¨ à¦­à¦°à§à¦¨à¦¾,à¦à§à¦à§ à¦à§à¦à§ à¦à¦°à§ à¦¦à§à¦à¦¿,à¦à¦à¦à¦¾à¦à§ à¦¦à§à¦ à¦¤à¦¿à¦¨à¦¬à¦¾à¦° à¦ à¦¦à§à¦à¦¿",,,Sexual Harassments,Sexual Harassments
"à¦°à§à¦¬à§à¦²à§à¦° à¦®à¦¤ à¦à§à¦¤à§à¦¤à¦¾ à¦à§à¦ à¦à¦à§, à¦à¦¾à¦¤à§à§ à¦¦à¦² à¦¥à§à¦à§ à¦¬à¦¾à¦¦ à¦¦à§à¦à§à¦¾ à¦¹à§à¦à¥¤",,,Sexual Harassments,Sexual Harassments
à¦à¦ à¦à¦¨à§à¦¯à¦ à¦¤à¦¾à¦¸à¦à¦¿à¦¨ à¦¤à§à¦°à§ à¦¦à¦²à§ à¦¨à§à¦à§à¦¾ à¦¨à¦¾ à¦¤à§à¦ à¦à¦à¦à¦¾ à¦ªà¦¾à¦à¦²,,,Sexual Harassments,Sexual Harassments
à¦à¦ à¦¦à¦¾à¦²à¦¾à¦² à¦à¦¾à¦à¦¾à¦à§à¦° à¦à¦¾ à¦à§ à¦à§à¦¤à¦¾ à¦ªà§à¦à¦¾ à¦à¦°à¦¾ à¦¦à¦°à¦à¦¾à¦° à¦à¦ à¦à¦¿ à¦à§à¦à§à¦° à¦¬à¦¾à¦²à¥¤à¥¤,,,Harmful,Harmful
à¦¤à§à¦ à¦¹à¦¾à¦²à¦¾ à¦à§à¦° à¦¤à§à¦°à§ à¦à¦¾à¦à¦¾à¦ à¦à¦°à¦¤à§ à¦¹à¦¬à§,,,Sexual Harassments,Sexual Harassments
à¦ªà¦¾à¦ªà¦¨ à¦à¦¾à¦²à§ à¦à¦¾à¦²à§ à¦à§à¦¤à¦¾ à¦®à¦¾à¦° à¦¤à¦¾à¦²à§ à¦¤à¦¾à¦²à§,,,Offensive,Offensive
à¦¤à¦¾à¦®à¦¿à¦® à¦¬à¦¾à¦² à¦à§à¦²à¦à§à¥¤ à¦¶à§à¦· à¦¬à¦²à§ à¦®à¦¾à¦ à¦§à¦°à¦¾à¦° à¦à§à¦¶à¦² à¦¦à§à¦à¦²à¦¾à¦®à¥¤ à¦à¦¿à¦¨à§à¦¤à§ à¦à§à¦à§ à¦¯à¦¾à¦à§à¦¾à§ à¦à¦¾à¦°à¦¾à¦ª à¦²à¦¾à¦à¦²à¥¤,,,Offensive,Offensive
à¦¬à§à¦à¦¾ à¦à§à¦¦à¦¾ à¦à§à¦¨à§à¦² à¦à¦¬à¦¾à¦²,,,Harmful,Harmful
à¦¸à¦¿à¦²à§à¦ à¦à¦¾à¦à¦¾ à¦¦à¦¿à§à§ à¦à¦¿ à¦¬à¦¾à¦² à¦à¦¿à¦¨à¦à§ à¦¸à¦¬ à¦¸à¦¬à¦à§à¦²à¦¾ à¦à¦à¦² à¦®à¦¾à¦²,,,Sexual Harassments,Sexual Harassments
à¦ªà¦¾à¦ªà¦¨ à¦à¦à¦à¦¾ à¦à§à¦¤à§à¦¤à¦¾à¦° à¦¬à¦¾à¦à§à¦à¦¾à¥¤,,,Offensive,Offensive
à¦®à§à¦¸à¦«à¦¿à¦ à¦à§à¦¨ à¦à§à¦à§à¦° à¦¬à¦¾à¦² à¦à¦°à§ à¦à¦¾à¦²à¦¿ à¦¦à¦¿à¦²à§ à¦à¦¿ à¦¹à¦¬à§ à¦à¦ à¦à§à¦²à§à¦¦à§à¦° à¦à¦¾à¦°à¦¨à§à¦ à¦¤à§à¦°à¦¾ à¦à¦ à¦®à§à¦¸à¦«à¦¿à¦à¥¤,,,Sexual Harassments,Sexual Harassments
à¦®à¦¾à¦¦à¦¾à¦°à¦à§à¦¤ à¦ªà¦¾à¦ªà¦¨ à¦¤à§à¦ à¦¤à§ à¦à¦à§à¦¾à¦®à¦¿à¦²à¦²à§à¦à§à¦° à¦à§à¦¤à§à¦¤à¦¾ à¦¨à¦¾ à¦¤à¦¾à¦ à¦¤à§,,,Sexual Harassments,Sexual Harassments
à¦®à¦¾à¦¦à¦¾à¦° à¦à§à¦¦ à¦à¦ à¦à¦¬à¦° à¦à§à¦¥à¦¾à§ à¦ªà§à¦²à¦¿ à¦à¦à¦²à§à¦¯à¦¾à¦¨à§à¦¡ à¦à¦° à¦¹à§à§ à¦à§à¦²à¦¬à§,,,Violence,Violence
à¦¨à¦à¦¿à¦° à¦ªà§à¦²à¦¾ à¦°à§à¦¬à§à¦² à¦¤à¦°à¦¾ à¦à¦¸à¦²à§ à¦¬à§à¦¯à¦¾à¦¶à¦¾ à¦®à¦¾à¦à¦¿à¦° à¦ªà§à¦²à¦¾à¦°à¦¾,,,Violence,Sexual Harassments
à¦à¦ à¦à¦¾à¦¨à§à¦¯à¦¼à¦¾à¦°à§à¦° à¦®à§à¦ à¦¦à§à¦à¦¤à§ à¦à¦¿à¦¨ à¦à¦°à§,,,Sexual Harassments,Violence
à¦à§à¦²à§à§à¦¾à¦°à¦¾ à¦¹à¦¾à¦°à¦¾à¦®à¦¿ à¦¤à¦¾à¦° à¦ªà¦¾à¦¸à§ à¦à§à¦²à§à§à¦¾à¦° à¦¨à§à¦,,,Sexual Harassments,Sexual Harassments
à¦®à¦¾à¦¦à¦¾à¦°à§à¦° à¦¬à¦¾à¦à§à¦à¦¾ à¦¬à¦¡à¦¼ à¦²à§à¦à§à¦à¦¾,,,Sexual Harassments,Offensive
à¦¦à§à¦°à§ à¦¹à¦¾à¦²à¦¾ à¦¤à¦¾à¦¸à¦à¦¿à¦¨,,,Offensive,Offensive
à¦à§à¦¤à¦¾ à¦®à¦¾à¦°à§ à¦¸à¦¾à¦²à¦¾à¦°à§,,,Sexual Harassments,Offensive
à¦à¦¾à¦®à¦à¦¾ à¦à§à¦²à¦¾ à¦¸à¦¬ à¦®à¦¾à¦¦à¦¾à¦°à¦à§à¦¦,,,Sexual Harassments,Sexual Harassments
à¦ªà§à¦°à¦¾à¦ à¦®à¦¾à¦¦à¦¾à¦°à¦¬à§à¦°à§à¦¡ à¦à¦à¦à¦¾à¥¤à¥¤ à¦à¦ à¦®à§à¦¯à¦¾à¦à§ à¦°à¦¾à¦¨ à¦ªà¦¾à¦à§à¦¾à¦ à¦­à¦¾à¦¬ à¦¬à¦¾à¦à¦°à¦¾ à¦à§à¦¸à§à¥¤à¥¤ à¦°à§à¦¶à§ à¦°à§ à¦à¦¾à¦²à¦¿à¦ à¦¦à¦¿à¦¤à§à¦¸à§à¥¤à¥¤,,,Sexual Harassments,Sexual Harassments
à¦à¦à¦à¦¾ à¦à§à¦¤à¦¿à§à¦¾ à¦à¦¾à¦à¦¨à§à¦¸à¦¿à¦²à¥¤ à¦¤à¦¾à¦°à¦¾ à¦à§à§à¦¾à¦°à§à¦¦à§à¦° à¦¨à¦¾ à¦§à¦°à§ à¦ªà§à¦²à§à§à¦¾à¦°à¦¦à§à¦° à¦ªà§à¦à¦¨à§ à¦²à¦¾à¦à§à¥¤ à¦¹à¦²à§ à¦­à¦¾à¦°à¦¤à§à¦° à¦¦à¦¾à¦²à¦¾à¦²à¥¤ à¦à§ à¦¬à¦¾à¦¤à¦¿à¦² à¦à¦°à§ à¦¨à¦¤à§à¦¨ à¦à§à¦°à¦¿à¦à§à¦ à¦à¦¾à¦à¦¨à§à¦¸à¦¿à¦² à¦à¦°à¦¾ à¦¦à¦°à¦à¦¾à¦°à¥¤,,,Sexual Harassments,Violence
à¦®à¦¾à¦à¦¿à¦¬à¦¾à¦,,,Harmful,Offensive
à¦à¦¾à¦¨à¦à¦¿à¦° à¦à§à§à¦¾à¦² à¦¤à¦° à¦à¦ à¦à§à¦¯à¦¨à§à¦² à¦à¦° à¦à§à¦¸à§à¦à¦¿ à¦à§à¦¦à¦¾ à¦¦à¦°à¦à¦¾à¦°,,,Sexual Harassments,Sexual Harassments
à¦à§à¦à¦¾ à¦¦à§à¦¶à§ à¦à§à¦¤à¦¿à§à¦¾ à¦®à¦¾à¦°à§à¦à¦¾ à¦à§à¦²à§à§à¦¾à¦°à§à¦° à¦à¦¨à§à¦¯ à¦à§à¦®à¦¿à¦²à§à¦²à¦¾ à¦¹à¦¾à¦°à¦¤à§à¦à§à¥¤,,,Harmful,Sexual Harassments
à¦¸à¦¬à¦ à¦¬à§à¦à¦²à¦¾à¦® à¦¬à¦¾à¦à¦à§à¦à§à¦¦ à¦°à¦¾à¦¨à¦¾ à¦à¦¸à¦²à§ à¦à§à¦¨ à¦à¦à¦¾à¦¨à§?,,,Sexual Harassments,Sexual Harassments
à¦à¦¬à¦¾à¦² à¦¦à¦¿à§à§ à¦¦à§à¦¶à¦à¦¾ à¦­à¦°à§ à¦à§à¦à§,,,Sexual Harassments,Sexual Harassments
à¦¸à¦¾à¦¬à§à¦¬à¦¿à¦° à¦°à¦¹à¦®à¦¾à¦¨ à¦à¦à¦à¦¾ à¦¬à¦¾à¦²à§à¦° à¦à§à¦²à§à¦¯à¦¼à¦¾à¦° ð,,,Sexual Harassments,Sexual Harassments
à¦¬à¦¾à¦à¦²à¦¾à¦¦à§à¦¶à§à¦° à¦à¦ à¦¨à¦¾à¦®à§à¦¬à¦¾à¦° à¦®à¦¾à¦¦à¦¾à¦°à§ à¦à¦à¦¨,,,Sexual Harassments,Harmful
à¦®à¦¾à¦¶à¦°à¦¾à¦«à¦¿à¦° à¦¢à¦¾à¦à¦¾à¦°à§ à¦°à§à¦¤à¦¿à¦®à¦¤ à¦à§à¦¦à¦²à§ à¦à¦¿à¦à¦¾à¦à¦¾à¦à§· à¦à¦à¦¨ à¦¬à§à¦ à¦à§à¦®à¦¨ à¦²à¦¾à¦à§,,,Sexual Harassments,Sexual Harassments
à¦¶à¦¾à¦®à§à¦® à¦¹à¦¾à¦²à¦¾à¦° à¦ªà§ ð,,,Offensive,Offensive
à¦à¦ à¦®à¦¾à¦à¦¿à¦° à¦ªà§à¦²à¦¾ à¦à¦¾à¦°à¦ à¦²à§à¦ à¦®à¦¾à¦à¦¿ à¦²à§à¦ à¦¤à¦¾à¦ à¦à¦° à¦à¦¿à¦à§ à¦¨à¦¾ à¦ªà§à§à§ à¦à§à¦¦à¦¿à¦¨ à¦à¦à§ à¦ªà¦¾à¦ªà¦¨à§à¦° à¦¬à¦à¦à§ à¦à§à¦¦à§ à¦à¦¿à¦²à§ à¦¤à¦¾à¦ à¦ªà¦¤à¦¿à¦¶à§à¦¦ à¦¦à§à§,,,Sexual Harassments,Sexual Harassments
à¦¸à¦¾à¦²à¦¾ à¦­à¦¿à¦à§ à¦¬à¦¿à§à¦¾à¦²à¥¤à¦à¦¥à¦¾à§ à¦à¦¥à¦¾à§ à¦à¦à¦°à§à¦à§ à¦¶à¦¬à§à¦¦ à¦¬à§à¦¯à¦¬à¦¹à¦¾à¦° à¦à¦°à§à¥¤ à¦¬à¦¾à¦à¦²à¦¾à§ à¦à¦¥à¦¾ à¦¬à¦²à¦¸à¦¾à¦²à¦¾ à¦à¦à¦¾à¦à¦¿ à¦¤à§à¦®à¦¾à¦° à¦¬à¦¾à¦ªà§à¦° à¦¸à¦®à§à¦ªà¦¤à§à¦¤à¦¿ à¦ªà¦¾à¦à¦à§ à¦¨à¦¾à¦à¦¿à¥¤,,,Sexual Harassments,Sexual Harassments
à¦¬à¦¾à¦à¦²à¦¾à¦¦à§à¦¶ à¦à¦¾à¦¤à§à§ à¦¦à¦²à§à¦° à¦à¦§à¦ªà¦¤à¦¨ à¦ªà¦¾à¦ªà¦¨ à¦¬à§ à¦à¦¬à¦¦à¦¾à¦¨ à¦°à¦¾à¦à¦²à¦¹à¦¾à¦à¦°à§ à¦¸à¦¾à¦²à¦¾à¦° à¦ªà§à¦¤,,,Sexual Harassments,Violence
à¦¶à¦¾à¦²à¦¾à¦° à¦ªà§à¦¤ à¦à¦¾à¦à¦¾ à¦¨à¦¾ à¦à¦°à§ à¦¬à¦¿à¦·à§ à¦à¦à§,,,Sexual Harassments,Violence
à¦à¦ à¦à¦° à¦¬à¦¾à¦¸à§à¦à¦¾à¦°à§à¦¡ à¦¬à¦¾à¦à¦¨à¦à§à¦¦ à¦à¦¸à¦¬ à¦®à¦¿à¦¥à§à¦¯à¦¾ à¦à¦¬à¦° à¦ªà§à¦°à¦à¦¾à¦° à¦à¦°à¦¾à¦° à¦à¦¨à§à¦¯ à¦à¦ à¦à¦à¦à¦¿à¦à¦¬à¦¾à¦° à¦¹à¦¯à¦¼à§à¦à§ à¦¤à§à¦®à¦¿à¥¤,,,Sexual Harassments,Sexual Harassments
à¦¶à¦¾à¦²à¦¾ à¦«à¦¾à¦²à¦¤à§,,,Offensive,Offensive
à¦à¦¬à¦¾à¦² à¦à§à¦²à¦¾à¦° à¦¬à¦¾à§à¦¿ à¦¨à¦¿à¦¶à§à¦à¦ à¦ªà¦¾à¦¬à¦¨à¦¾,,,Sexual Harassments,Offensive
à¦¬à¦¾à¦²à§à¦° à¦à¦¿à¦® à¦à¦°à¦à§ à¦¸à¦¿à¦²à§à¦à§à¥¤,,,Sexual Harassments,Sexual Harassments
à¦ªà¦¾à¦ªà¦¨ à¦à¦¾à¦¨à¦à¦¿à¦° à¦ªà§à¦²à¦¾à¦° à¦ªà¦¦à¦¤à§à¦¯à¦¾à¦ à¦à¦¾à¦,,,Sexual Harassments,Offensive
à¦à§à¦²à§à§à¦¾à¦° à¦¹à¦à¦à§ à¦®à¦¨à§ à¦¹à§ à¦¬à¦¾à¦² à¦«à¦¾à¦²à¦¾à¦à¦à§ à¦¬à¦¾à¦° à¦¬à¦¾à¦° à¦²à¦à§à¦à¦¾à¦à¦¨à¦ à¦­à¦¾à¦¬à§ à¦¹à§à¦°à§ à¦à¦¸à§ à¦à¦¬à¦¾à¦° à¦¸à¦¾à¦§à¦¾à¦°à¦¨ à¦®à¦¾à¦¨à§à¦·à§à¦° à¦à¦ªà¦° à¦°à¦¾à¦ à¦à§à¦¦à¦¾à§ à¦à¦¾à¦¨à¦à¦¿à¦° à¦¬à¦¾à¦à§à¦à¦¾à¦¦à§à¦° à¦à¦¨à¦à¦¨à§à¦° à¦à¦¾à¦à¦¾à§ à¦¬à§à¦¤à¦¨ à¦¦à§à§à¦¾ à¦¹à§ à¦à¦¬à¦¾à¦° à¦à¦¿à¦¨à¦¾ à¦¸à§à¦ à¦à¦¨à¦à¦£à§à¦° à¦à¦ªà¦° à¦°à¦¾à¦ à¦¦à§à¦à¦¾à§à¥¤,,,Sexual Harassments,Sexual Harassments
à¦à¦¾à¦¨à¦à¦¿à¦° à¦à§à¦²à§ à¦¤à§à¦°à¦®à¦¾à¦à§ à¦à§à§à¦¦à¦¿ à¦à¦¾à¦à¦¾ à¦à¦¾à§à§ à¦­à¦¿à¦¡à¦¿à¦ à¦¬à¦¾à¦¨à¦¾à¦,,,Violence,Sexual Harassments
à¦à¦ à¦«à§à¦à¦¿à¦°à¦¨à¦¿ à¦¤à§à¦°à§ à¦à§à¦¤à§à¦¤à¦¾à¦° à¦®à¦¤à§ à¦¦à§à¦à¦¾ à¦à¦¾à§,,,Violence,Sexual Harassments
"à¦à¦ à¦à§à¦¯à¦¾à¦¨à§à¦² à¦à¦° à¦®à¦¾à¦à¦°à§ à¦à§à¦¦à¦¿ à¦­à§à¦²à¦­à¦¾à¦² à¦­à¦¿à¦¡à¦¿à¦ à¦¦à§à¦à¦¾à¦¸ à¦à¦¾à¦¨à¦à¦¿à¦° à¦ªà§à¦²à¦¾
",,,Sexual Harassments,Violence
à¦¬à¦¿à¦¸à¦¿à¦¬à¦¿à¦° à¦®à¦¾à¦¦à¦¾à¦°à§ à¦¦à§à¦ à¦¬à¦à¦° à¦¬à¦¾à¦² à¦¤à§à¦²à¦à§ à¦à¦à¦¨ à¦à¦¸à§ à¦¸à¦¬à§·,,,Sexual Harassments,Sexual Harassments
à¦à¦ à¦¸à¦¾à¦²à¦¾à¦° à¦ªà§à¦¤,,,Harmful,Offensive
à¦¬à¦¾à¦¨à§à¦¦à¦¿à¦° à¦¬à¦¾à¦à§à¦à¦¾ à¦¸à¦¬ à¦à¦¾à¦®à¦à¦¾,,,Sexual Harassments,Offensive
à¦ªà¦¾à¦ªà¦¨ à¦¶à¦¾à¦²à¦¾ à¦ªà¦¦à¦¤à§à¦¯à¦¾à¦ à¦à¦°à¦à§ à¦¨à¦¾ à¦à§à¦¨???,,,Sexual Harassments,Sexual Harassments
à¦¨à¦¾à¦¨à§à¦¨à§ à¦¶à¦¾à¦²à¦¾à¦° à¦ªà§à¦¤à§à¦°à§ à¦¸à¦°à¦¾à¦à§à¦¾ à¦¦à¦¿à¦²à§à¦ à¦¸à¦¬ à¦à¦¿à¦ à¦¹à¦¬à§,,,Sexual Harassments,Violence
à¦à¦¾à¦à¦² à¦¬à§ à¦à¦¾à¦à¦² à¦¤à¦¾à¦¸à¦à¦¿à¦¨,,,Sexual Harassments,Offensive
à¦¬à¦¾à¦à¦²à¦¾à¦¦à§à¦¶à§à¦° à¦à§à¦²à§à§à¦¾à§à¦¦à§à¦° à¦¦à¦«à¦¾ à¦¦à¦¾à¦¬à¦¿ à¦ªà§à¦°à¦£ à¦à¦°à¦¤à§ à¦¹à¦¬à§ à¦à¦° à¦¤à¦¾ à¦à¦°à¦¤à§ à¦¨à¦¾ à¦ªà¦¾à¦°à¦²à§ à¦¬à¦¿à¦¸à¦¿à¦¬à¦¿ à¦¸à¦­à¦¾à¦ªà¦¤à¦¿ à¦¨à¦¾à¦à¦®à§à¦² à¦¹à¦¾à¦¸à¦¾à¦¨ à¦ªà¦¾à¦ªà¦¨ à¦®à¦¾à¦¦à¦¾à¦°à¦¿à¦à§à¦à§à¦¦à¦à§ à¦ªà¦¦à¦¤à§à¦¯à¦¾à¦ à¦à¦°à¦¤à§ à¦¹à¦¬à§,,,Sexual Harassments,Sexual Harassments
à¦¨à¦¾à¦¨à§à¦¨à§ à¦à¦à¦à¦¾ à¦®à¦¾à¦¦à¦¾à¦°à¦à§à¦¦,,,Sexual Harassments,Sexual Harassments
à¦¸à¦¬à¦¾à¦à¦à§ à¦à¦à¦à¦¾ à¦à¦à¦à¦¾ à¦à§à¦¦à¦¾ à¦¦à¦¿à¦¨,,,Sexual Harassments,Sexual Harassments
à¦¸à¦¬ à¦à¦¿à¦à§ à¦à¦°à¦à§ à¦¹à¦¾à¦°à¦¾à¦®à¦à¦¾à¦¦à¦¾ à¦ªà¦¾à¦ªà¦¨ à¦¬à¦¾à¦à¦¨à¦à§à¦¦ à¦à§à¦°à¦¿à¦à§à¦ à¦à¦° à¦¬à¦¾à¦¬ à¦¦à¦¾à¦¦à¦¾à¦° à¦¸à¦®à§à¦ªà¦¤à§à¦¤à¦¿ à¦®à¦¨à§ à¦à¦°à§,,,Sexual Harassments,Sexual Harassments
à¦¤à§à¦ à¦¤à§à¦° à¦¬à¦¾à¦ªà§à¦° à¦ªà§à¦à¦à¦¿ à¦¦à¦¿à§à§ à¦¹à¦à¦à¦¤,,,Sexual Harassments,Sexual Harassments
à¦à§à¦à¦¾à¦° à¦¬à¦¾à¦à§à¦à¦¾ à¦®à¦¾à¦ à¦¦à¦¿à§à§ à¦¶à¦¾à¦ à¦¢à¦¾à¦à¦¾à¦° à¦à§à¦·à§à¦à¦¾ à¦à¦°à¦¿à¦¸ à¦¤à§à¦ à¦à¦¨à¦à¦£à¦à§ à¦¬à§à¦à¦¾ à¦®à¦¨à§ à¦à¦°à¦¿à¦¸ à¦à¦¨à¦à¦£ à¦¬à§à¦à¦¾ à¦¨à¦¾ à¦¤à§à¦ à¦ªà¦¾à¦ªà¦¨ à¦¬à¦à¦° à¦¬à¦¿à¦¸à¦¿à¦¬à¦¿à¦° à¦ªà§à¦°à¦§à¦¾à¦¨ à¦¥à¦¾à¦à¦¬à¦¿ à¦à¦®à¦¨ à¦¦à¦¿à¦¨ à¦à¦¸à¦¬à§ à¦¸à§à¦ à¦¦à¦¿à¦¨ à¦¤à§à¦à§ à¦à§à¦¤à¦¾à¦° à¦®à¦¾à¦²à¦¾ à¦ªà¦°à¦¿à§à§ à¦°à¦¾à¦¸à§à¦¤à¦¾à§ à¦¨à¦¾à¦®à¦¿à§à§ à¦à§à¦°à¦¾à¦¬à§,,,Sexual Harassments,Sexual Harassments
à¦à¦®à¦¿ à¦¯à¦¤à¦¦à¦¿à¦¨ à¦à¦à¦¿ à¦¸à¦®à§à¦­à¦¬ à¦¨à¦¾ à¦ªà¦¾à¦ªà¦à§ à¦à§à¦£à¦¾ à¦à¦° à¦à¦° à¦ªà¦¾à¦ªà¦¨à¦à§ à¦¨à¦à¥¤ à¦¬à¦¾à¦£à§à¦¤à§ à¦®à¦¾à¦¦à¦¾à¦°à¦à§à¦¦ à¦ªà¦¾à¦ªà¦¨,,,Sexual Harassments,Sexual Harassments
à¦à¦ à¦®à¦¾à¦à¦¿à¦° à¦¬à¦¾à¦à¦à¦¾,,,Offensive,Offensive
à¦¦à¦¾à¦¦à¦¾ à¦¨à¦¾à¦¨à§à¦¨à§ à¦à§à¦¤à§à¦¤à¦¾à¦° à¦¬à¦¾à¦à§à¦à¦¾ à¦à§ à¦¸à¦°à¦¿à§à§ à¦¦à¦¿à¦¨!,,,Sexual Harassments,Sexual Harassments
à¦à¦ à¦¸à¦¬ à¦®à¦¾à¦à§à¦à§ à¦à§à¦¨ à¦²à¦à§à¦à¦¾ à¦¶à¦°à¦® à¦¨à¦¾à¦à¥¤ à¦à¦¦à§à¦° à¦à¦à§à¦à¦¤à§à¦° à¦à§à¦¨ à¦¦à¦¾à¦® à¦¨à¦¾à¦à¥¤ à¦à¦°à¦¾ à¦¶à§à¦§à§à¦®à¦¾à¦¤à§à¦° à¦¨à¦¾à¦® à¦ªà§à¦°à¦à¦¾à¦°à§à¦° à¦à¦¨à§à¦¯ à¦¯à§ à¦à¦¾à¦°à§ à¦¸à¦¾à¦¥à§ à¦¬à¦¿à¦à¦¾à¦¨à¦¾à§ à¦¯à§à¦¤à§ à¦ªà¦¾à¦°à§à¥¤ à¦à¦¤ à¦à¦à¦¨à¦¾à¦° à¦ªà¦°à§à¦ à¦®à§à¦ à¦¦à§à¦à¦¾à§ à¦à¦¿à¦­à¦¾à¦¬à§? à¦à¦°à¦¾ à¦ªà¦¤à¦¿à¦¤à¦¾à¥¤,,,Harmful,Harmful
à¦à¦ à¦à¦¬à¦¾à¦²à¦à§à¦¦à¦¾ à¦¶à¦¾à¦®à¦¿à¦® à¦à¦¾à§à¦¾ à¦à¦° à¦à§à¦¨à§ à¦­à¦¾à¦·à§à¦¯à¦à¦¾à¦° à¦¨à§à¦?,,,Sexual Harassments,Sexual Harassments
"à¦à¦ à¦¸à¦¾à¦²à¦¾à§ à¦à¦à¦¨à¦ à¦­à¦¾à¦²à§ à¦à§à¦²à§à¦¨à¦¿ à¦à¦° à¦à§à¦²à¦¬à§ à¦ à¦¨à¦¾,,,à¦à¦°à§ à¦¨à¦¾ à¦¨à¦¿à§à¦¾ à¦à¦®à¦°à§à¦² à¦à¦¾à§à§à¦¸ à¦à§ à¦¨à§à§à¦¾ à¦à¦à¦¿à§ à¦à¦¿à¦²",,,Sexual Harassments,Sexual Harassments
à¦à¦®à¦¾à¦¦à§à¦° à¦à¦¾à¦®à¦¾à¦²à¦ªà§à¦°à§à¦° à¦¸à¦®à§à¦®à¦¾à¦¨ à¦¶à§à¦· à¦à¦°à§ à¦¦à¦¿à¦à§ à¦à¦ à¦¸à¦¾à¦²à¦¾,,,Sexual Harassments,Sexual Harassments
à¦à§à¦à§à¦°à§à¦° à¦¬à¦¾à¦à§à¦à¦¾à¦°à¦¾ à¦¸à¦¾à¦®à¦¾à¦¨à§à¦¯ à¦¬à¦¿à¦·à¦¯à¦¼ à¦¨à¦¿à¦¯à¦¼à§ à¦à§à¦ à¦à§à¦ à¦¶à§à¦°à§ à¦à¦°à§à¦à§,,,Violence,Sexual Harassments
à¦à¦à§à¦¬à¦¾à¦°à§ à¦¸à¦ à¦¿à¦ à¦¸à¦¿à¦¦à§à¦§à¦¾à¦¨à§à¦¤ à¦¨à¦¿à¦¯à¦¼à§à¦à§ à¦¸à¦¾à¦à¦¿à¦¬à§à¦° à¦à¦¨à§à¦¯ à¦à¦°à§ à¦à¦à¦à§ à¦¬à§à¦¶à¦¿ à¦¨à¦¿à¦·à¦¿à¦¦à§à¦§ à¦à¦°à¦²à§ à¦¬à§à¦¶à¦¿ à¦­à¦¾à¦²à§ à¦¹à¦à¦¤à§ à¦¶à¦¾à¦²à¦¾ à¦à¦¾à¦à¦¾ à¦à¦¾à¦à¦¾ à¦à¦¤à¦¿à¦°à¦¿à¦à§à¦¤ à¦²à§à¦­ à¦à¦°à¦¾ à¦­à¦¾à¦²à§ à¦¨à¦¾,,,Sexual Harassments,Sexual Harassments
à¦à¦¾à¦§à¦¾ à¦à§à¦²à¦¾ à¦¤à¦¾à¦¸à¦à¦¿à¦¨ à¦¯à§ à¦à¦à¦¨à§ à¦à§à¦ à¦¬à¦¾à¦à§à¦à¦¾ à¦¸à§à¦à¦à¦¾à¦°à¦ à¦ªà¦°à¦¿à¦à§ à¦¦à¦¿à¦² à¦à¦à¥¤,,,Sexual Harassments,Violence
à¦à¦ à¦¸à¦¾à¦²à¦¾ à¦à¦¬à§à¦² à¦à§à¦¦à¦¾ à¦à§à¦¨à¦à¦¾ à¦ à¦¿à¦ à¦à¦° à¦à§à¦¨à¦à¦¾ à¦ à¦¿à¦ à¦¨à¦¾ à¦à¦à¦¾ à¦¤à¦°à¦¾ à¦¬à§à¦à¦¸ à¦¨à¦¾à¥¤ à¦®à¦¾à¦¦à¦¾à¦° à¦à§à¦¦à§à¦°à¦¾ à¦®à§à¦¶à¦«à¦¿à¦à§à¦° à¦à¦¿ à¦à¦®à¦¾à¦° à¦¬à¦¾à¦² à¦à¦° à¦®à¦¾à¦¥à¦¾ à¦®à¦¾à¦¦à¦¾à¦° à¦à§à¦¦à§à¦°à¦¾,,,Sexual Harassments,Harmful
à¦¸à¦¾à¦²à¦¾ à¦ªà§à¦°à¦¤à¦¿à¦¬à¦¨à§à¦§à§ à¦¤à¦¾à¦¸à¦à¦¿à¦¨ à¦à¦¾à¦¤à§à§ à¦¦à¦² à¦¥à¦¾à¦à¦à¦¾ à¦¬à¦¾à¦¦ à¦ªà¦à§à¦¾ à¦¸à¦¾à¦²à¦¾ à¦à¦¬à¦¾à¦² à¦à¦¾à¦°à¦ à¦¤à¦¾à¦¸à¦à¦¿à¦¨,,,Sexual Harassments,Sexual Harassments
à¦à§à¦¦à¦¨à¦¾ à¦¶à¦¾à¦®à§à¦®à§à¦° à¦à¦à¦à¦¾ à¦ªà§à¦°à§à¦¡à¦¿à¦à¦¶à¦¨ à¦ à¦à¦¾à¦à§ à¦¨à¦¾à¥¤ à¦¬à¦²à¦¦à§à¦° à¦¬à¦¾à¦à§à¦à¦¾ à¦à§à¦²à¦¾ à¦¤à§ à¦¬à§à¦à§à¦ à¦¨à¦¾ à¦à¦²à§à¦à¦¾ à¦ªà¦¾à¦²à§à¦à¦¾ à¦à¦¥à¦¾ à¦à§à¥¤ à¦®à¦¾à¦¦à¦¾à¦°à¦à§à¦¦ à¦à¦à¦à¦¾à¥¤,,,Sexual Harassments,Sexual Harassments
à¦¶à¦¾à¦²à¦¾ à¦ à¦¯à¦¦à¦¿ à¦à§à¦²à¦à§à¦¾à¦° à¦¨à¦¾ à¦¹à¦¤à§ à¦¤à¦¾à¦¹à¦²à§ à¦à¦à§ à¦à§ à¦¬à¦¿à§à§ à¦à¦°à¦¤à§ à¦¹à§à¦¯à¦¾à¦ªà¦¿à¦° à¦®à¦¤à§ à¦®à§à§à§ à¦¯à§ à¦à¦° à¦¸à¦¾à¦¥à§ à¦à¦¥à¦¾ à¦¬à¦²à¦¤à§ à¦à¦à¦¾ à¦à¦° à¦à¦ªà¦¾à¦²,,,Sexual Harassments,Sexual Harassments
à¦¶à¦¾à¦²à¦¾ à¦¤à§à¦ à¦¤à§ à¦à¦à¦à¦¾ à¦¬à¦²à¦¦ à¦¶à§à¦§à§ à¦¬à¦¾à¦¨à§à¦¯à¦¼à¦¾à¦ à¦à¦¬à¦° à¦²à¦¿à¦à¦¿à¦¸,,,Sexual Harassments,Sexual Harassments
à¦¸à¦¾à¦²à¦¾à¦° à¦¬à¦¾à¦à§à¦à¦¾ à¦à¦ à¦¤à§ à¦à§à¦²à¦¾ à¦à¦°à§ à¦¬à¦¾à¦²à§à¦° à¦®à¦¤ à¦à¦° à¦à§ à¦à§à§ à¦à¦®à¦¾à¦° à¦ªà¦¾à¦¡à¦¼à¦¾à¦° à¦à§à¦²à§ à¦¯à¦¾à¦° à¦à¦¨à§à¦ à¦­à¦¾à¦²à§ à¦à§à¦²à§à¥¤à¥¤à¥¤à¦¬à¦¾à¦² à¦à§à¦¦à¦¾à¦° à¦¶à§à¦§à§ à¦¨à¦¾à¦à¦¿à¦¨ à¦¡à§à¦¯à¦¾à¦¨à§à¦¸ à¦ à¦®à¦¾à¦¨à§à¦,,,Sexual Harassments,Violence
à¦®à¦¾à¦¦à¦¾à¦° à¦¸à§à¦¦ à¦¬à¦¾à¦²à§à¦° à¦¬à¦¿ à¦ªà¦¿ à¦à¦² à¦à§à§à¦à¦ à¦¤à¦¾à¦° à¦¥à§à¦à§ à¦à¦®à¦¾à¦¦à§à¦° à¦à§à¦°à¦¾à¦®à§à¦° à¦®à§à¦¯à¦¾à¦ à¦à§à¦²à§ à¦à¦°à§ à¦­à¦¾à¦²à§ à¦¹à§,,,Sexual Harassments,Violence
à¦à¦¾à¦¨à¦à¦¿à¦° à¦ªà§à¦²à¦¾ à¦¤à§à¦° à¦²à¦à§à¦à¦¾ à¦²à¦¾à¦à§ à¦¨à¦¾ à¦à¦¸à¦¬ à¦à¦¥à¦¾ à¦¬à¦²à¦¤à§? à¦à§à§à¦¾à§à¦¿à¦° à¦¬à¦¾à¦à§à¦à¦¾à¦®à¦¿à¦¥à§à¦¯à§à¦¬à¦¾à¦¦à§ à¦ªà¦¾à¦ªà¦¨à¥¤ à¦¤à§à¦ à¦¤à§ à¦¬à¦¿à¦¦à§à¦¶à§ à¦¯à§à§à§ à¦à§à¦¯à¦¾à¦¸à¦¿à¦¨à§à¦¤à§ à¦à§à§à¦¾ à¦à§à¦²à§à¦¸à¥¤à¥¤,,,Sexual Harassments,Violence
à¦¸à¦¾à¦à¦¿à¦¬ à¦­à¦¾à¦ à¦«à¦¿à¦°à§ à¦à¦¾à§ à¦ªà¦¾à¦ªà¦¨ à¦à§à¦¤à§à¦¤à¦¾à¦° à¦ªà¦¦à¦¤à§à¦¯à¦¾à¦ à¦à¦¾à§à¥¤,,,Sexual Harassments,Violence
à¦¸à¦¾à¦¬à§à¦¬à¦¿à¦° à¦à¦à¦à¦¾ à¦¬à¦¿à§à¦¾à¦¦à¦¬,,,Sexual Harassments,Offensive
à¦à¦¾à¦¨à¦à¦¿à¦° à¦ªà§à¦²à¦¾ à¦à¦¾à§à¦ à¦¸à¦¨à§à¦¤à¦¾à¦¨ à¦®à§à¦¶à¦«à¦¿à¦ à¦à¦®à¦¿à¦ à¦¦à¦¿à¦²à¦¾à¦® à¦à§ à¦¬à¦¾à¦² à¦«à§à¦²à¦¾à¦¬à¦¿ à¦«à¦¾à¦²à¦¾à¥¤ à¦¶à¦¾à¦²à¦¾ à¦à¦¾à¦à¦¾à¦à§à¦° à¦à¦° à¦¬à¦¾à¦à§à¦à¦¾à¦°à¦¾à¥¤,,,Sexual Harassments,Violence
à¦¹à¦¾à¦²à¦¾à¦° à¦ªà§à¦¤ à¦ªà¦¾à¦ªà¦¨ à¦¨à¦¾à¦à¦¿à¦°à¦°à§ à¦à¦¾à¦à¦à¦¸ à¦à¦à¦¨ à¦¸à¦¾à¦à¦¿à¦¬ à¦°à§ à¦à¦¾à¦à¦¤à§ à¦à¦¾à¦¸,,,Sexual Harassments,Sexual Harassments
à¦°à§à¦¬à§à¦¨ à¦à¦à¦à¦¾ à¦à§à¦¤à§à¦¤à¦¾à¦° à¦¬à¦¾à¦à§à¦à¦¾à¥¤,,,Sexual Harassments,Sexual Harassments
à¦²à¦¿à¦à¦¨à§à¦° à¦¨à¦¾à¦® à¦à¦ à¦¨à¦¾à¦¹ à¦à§à¦¨ à¦®à¦¾à¦à¦¿à¦° à¦¹à§à¦²à¦¾,,,Sexual Harassments,Sexual Harassments
à¦¹à¦¾à¦²à¦¾à¦° à¦ªà§à¦¤à§à¦°à¦¾ à¦®à¦¾à¦ à§ à¦ªà¦¾à¦°à§ à¦¨à¦¾à¥¤ à¦à¦°à§ à¦­à¦¾à¦²à¦ à¦ªà¦¾à¦°à§à¥¤,,,Offensive,Offensive
à¦ à¦¤à§ à¦à¦¾à¦«à¦° à¦¤à§à¦ à¦¦à¦¾à¦²à¦¾à¦² à¦¤à§à¦ à¦¦à¦¾à¦²à¦¾à¦²,,,Harmful,Harmful
à¦¸à§à¦¯à¦¾à¦° à¦à¦ªà¦¨à¦¿ à¦à¦à¦à¦¾ à¦¬à§à¦à¦¾à¦à§à¦¦à¦¾ à¦à¦¾à¦¨à§à¦¨? :|,,,Sexual Harassments,Sexual Harassments
à¦à¦¾à¦«à¦° à¦à¦à¦¬à¦¾à¦² à¦¸à§à¦¯à¦¾à¦°à§à¦° à¦®à¦¤à§ à¦à¦®à¦¿à¦ à¦®à§à¦à§ à¦à¦à§à¦à§à¦² à¦¦à¦¿à§à§ à¦¬à¦®à¦¿ à¦à¦°à¦¬ à¦¸à§à¦¸à¦¬ à¦à§à¦²à¦¾à¦à§à¦à¦¾à¦°à¦¦à§à¦° à¦à¦ªà¦° à¦¯à¦¾à¦°à¦¾ à¦¨à¦¿à¦à§à¦¦à§à¦° à¦à¦¾à§à§ à¦à¦®à¦¿ à¦°à¦¾à¦à¦¾à¦à¦¾à¦° à¦²à¦¿à¦à§ à¦°à¦¾à¦à¦ªà¦¥à§ à¦¦à¦¾à¦à§à¦¿à§à§à¦à¦¿à¦²,,,Sexual Harassments,Sexual Harassments
à¦¸à§à¦¯à¦¾à¦° à¦à¦ªà¦¨à¦¿ à¦à¦à¦à¦¾ à¦¬à§à¦à¦¾à¦à§à¦¦à¦¾ à¦à¦¾à¦¨à§à¦¨? :|,,,Sexual Harassments,Sexual Harassments
"à¦à¦°à§à¦¦à¦­à§à¦° à¦¬à¦¾à¦à§à¦à¦¾ à¦¸à¦®à¦¾à¦°à§à¦¥à¦ à¦¶à¦¬à§à¦¦ à¦à¦¾à¦à§ à¦¬à¦²à§, à¦¸à§à¦à¦¾à¦ à¦à¦¾à¦¨à§à¦¨à¦¾à¥¤à¦à¦à§à¦à¦° à¦à§à¦¥à¦¾à¦à¦¾à¦° !!!!",,,Sexual Harassments,Sexual Harassments
à¦à¦¾à¦à¦²à§à¦° à¦¬à¦¾à¦à§à¦à¦¾à¦°à¦¾ à¦¸à¦¬ à¦à¦¾à§à¦à¦¾à§ à¦à¦¾à¦ à¦¾à¦² à¦ªà¦¾à¦¤à¦¾à¦° à¦¸à§à¦¬à¦¾à¦¦ à¦¨à¦¿à¦¤à§ à¦à¦¾à§à¥¤à¦ªà¦¾à¦à¦¿à¦¸à§à¦¤à¦¾à¦¨à§à¦° à¦«à§à¦²à§ à¦¯à¦¾à¦à§à¦¾ à¦à¦à§à¦à¦¿à¦·à§à¦ à¦à¦°à¦¾ à¦à§à¦¨ à¦¸à¦¨à§à¦¦à§à¦¹ à¦¨à¦¾à¦à¥¤ à¦à¦ªà¦¨à¦¿ à¦à¦à¦¿à§à§ à¦¯à¦¾à¦¨ à¦¸à§à¦¯à¦¾à¦° à¦à¦à¦¸à¦¬ à¦ªà¦°à¦¿à¦à§à¦¹à§à¦¨ à¦¦à§à¦° à¦à¦¬à§à¦²à¦¾à¦®à§ à¦¤à§ à¦à¦¿à¦à§ à¦¯à¦¾à§ à¦à¦¸à§à¦¨à¦¾,,,Sexual Harassments,Sexual Harassments
à¦à¦¾à¦«à¦° à¦à¦à¦¬à¦¾à¦² à¦¸à§à¦¯à¦¾à¦°à§à¦° à¦®à¦¤à§ à¦à¦®à¦¿à¦ à¦®à§à¦à§ à¦à¦à§à¦à§à¦² à¦¦à¦¿à§à§ à¦¬à¦®à¦¿ à¦à¦°à¦¬ à¦¸à§à¦¸à¦¬ à¦à§à¦²à¦¾à¦à§à¦à¦¾à¦°à¦¦à§à¦° à¦à¦ªà¦° à¦¯à¦¾à¦°à¦¾ à¦¨à¦¿à¦à§à¦¦à§à¦° à¦à¦¾à§à§ à¦à¦®à¦¿ à¦°à¦¾à¦à¦¾à¦à¦¾à¦° à¦²à¦¿à¦à§ à¦°à¦¾à¦à¦ªà¦¥à§ à¦¦à¦¾à¦à§à¦¿à§à§à¦à¦¿à¦²,,,Sexual Harassments,Sexual Harassments
"à¦à¦¤à¦à§à¦²à§ à¦à¦¬à¦¾à¦²à§à¦° à¦à¦®à§à¦¨à§à¦à§à¦¸ à¦ªà§à¦²à§ à¦®à¦¨à§ à¦¹à§ à¦à¦¦à§à¦° à¦à¦¨à§à¦®à§ à¦ªà¦¾à¦à¦¿à¦¦à§à¦° à¦¬à¦¿à¦°à§à¦ à¦¬à§à¦¯à¦¬à¦¹à§à¦¤ à¦¹à¦à¦à§, à¦¤à¦¾à¦ à¦ à¦¬à§à¦à¦¨à§à¦®à¦¾à¦à§à¦² à¦¨à¦¾ à¦ªà§à§ à¦¬à¦¾à¦à§ à¦à¦®à§à¦¨à§à¦à¦¸ à¦à¦°à§,",,,Sexual Harassments,Sexual Harassments
à¦à¦¾à¦«à¦° à¦·à¦¾à¦à§ à¦à¦®à¦¿ à¦à¦ªà¦¨à¦¾à¦° à¦à§à¦¾ à¦¬à§ à¦­à¦à§à¦¤à¥¤,,,Sexual Harassments,Sexual Harassments
à¦à§à¦¤à§à¦¤à¦¾à¦° à¦¬à¦¾à¦à§à¦à¦¾à¥¤ à¦¦à¦¾à¦²à¦¾à¦² à¦à§à¦¥à¦¾à¦à¦¾à¦°à¥¤,,,Harmful,Offensive
à¦à¦¾à¦¨à¦à¦¿à¦° à¦ªà§à¦²à¦¾ à¦¦à¦¾à¦²à¦¾à¦²à¦¿ à¦à§à¦¦à¦¾à¦¸,,,Sexual Harassments,Offensive
"à¦¤à§à¦ à¦°à¦¾à¦à¦¾à¦à¦¾à¦°à§à¦° à¦¬à¦¾à¦à§à¦à¦¾ à¦®à¦¨à§à¦¤à¦¬à§à¦¯ à¦¯à¦à¦¨ à¦ªà§à¦¿à¦¸ à¦¨à¦¾, à¦¤à§à¦°à§ à¦¸à§à¦à§à¦¯à¦¾à¦à¦¾à¦¸ à¦à§à¦¦à¦¾à¦à¦¤à§ à¦à§ à¦à§à¦¡à§! à¦®à¦¨à§à¦¤à¦¬à§à¦¯à¦à§à¦²à§ à¦ªà§à§ à¦¦à§à¦, à¦à¦¿ à¦°à¦à¦® à¦à§à¦£à¦¾à¦­à¦°à¦¾ à¦à§à¦à§ à¦¤à§à¦°à§ à¦®à¦¾à¦¨à§à¦· à¦¦à§à¦à§ à¦¸à§à¦à¦¾ à¦à§à¦° à¦ªà¦¾à¦¬à¦¿à¥¤",,,Sexual Harassments,Sexual Harassments
à¦à¦° à¦¨à¦¿à¦à§à¦° à¦à¦à§à¦°à¦¾à§ à¦¤à§à¦ à¦¦à§à¥¤à¦¤à§à¦° à¦à§à¦° à¦¬à¦¾à¦à¦ªà¦¾à¦° à¦ à¦­à¦°à¦¾à¥¤ à¦à¦¬à¦¾à¦° à¦à¦¾à¦®à¦¾à¦¤ à¦¶à¦¿à¦¬à¦¿à¦° à¦²à¦à§à¦¾ à¦®à¦°à¦ à¦¸à¦¾à¦²à¦¾ à¦à§à¦à§à¦°à§à¦° à¦¬à¦¾à¦à§à¦à¦¾  à¦à¦à¦à§à¦ à¦¤à§ à¦à¦à¦à¦¨ à¦®à¦¾à¦°à¦¾ à¦à§à¦²à§ à¦à§à¦¤à§à¦¤à¦¾à¦²à§à¦ à¦à¦° à¦à¦¿ à¦à¦°à¦¸à¦¤ à¦¤à¦¾à¦¦à§à¦° à¦à¦¨à§à¦¯,,,Sexual Harassments,Sexual Harassments
"à¦à¦¿à¦°à§ à¦®à¦¾à¦¦à¦¾à¦à§à¦¦ à¦à§à¦¤à¦¨à¦¾ à¦¬à§à¦¯à¦¬à¦¸à¦¾à§à¦¿, à¦à¦à¦¨ à¦à¦¿à¦à§ à¦¬à¦²à¦¿à¦¸ à¦¨à¦¾ à¦à§à¦¨?  à¦¤à§à¦° à¦¨à¦¾à¦¨à¦¿à¦° à¦®à¦¾à¦à§à¦¾à¦°à§ à¦à§à¦¦à¦¿ à¦à¦¾à¦¨à¦à¦¿à¦° à¦ªà§à¦¤",,,Sexual Harassments,Violence
à¦¤à§à¦°à§ à¦¯à§ à¦à§à¦®à¦¨à§ à¦¸à§à¦¯à¦¾à¦° à¦¡à¦¾à¦à§ à¦¬à§à¦à¦¿à¦¨à¦¾! à¦¤à§à¦à¦¤à§ à¦®à¦¾à¦à¦¿à¦° à¦¦à¦¾à¦²à¦¾à¦² à¦¹à¦¬à¦¾à¦° à¦à¦¥à¦¾.,,,Sexual Harassments,Sexual Harassments
à¦¤à§à¦ à¦à¦à¦à¦¾ à¦¬à§à¦à¦¾ à¦à§à¦¦à¦¾,,,Harmful,Offensive
à¦à¦ªà¦¨à¦¾à¦° à¦®à¦¤à§ à¦ªà¦¶à§à¦° à¦à¦¥à¦¾à§ à¦à¦¾à¦¨ à¦¦à§à§ à¦à§??,,,Sexual Harassments,Sexual Harassments
à¦¬à¦¾à¦²à§à¦° à¦à¦ à¦¨à¦¾à¦® à¦à¦¾à¦«à¦°,,,Sexual Harassments,Offensive
à¦¬à¦¾à¦à¦¨à¦à§à¦¦ à¦¦à§à¦à¦¤à§ à¦à¦à§à¦à§ à¦à¦°à¦²à§à¦ à¦à¦ªà¦¨à¦¾à¦à§ à¦®à¦¨à§ à¦ªà¦°à§,,,Violence,Violence
"à¦ à¦¤à§ à¦à¦¾à¦«à¦°, à¦¤à§à¦ à¦°à¦¾à¦à¦¾à¦à¦¾à¦° à¦¤à§à¦ à¦°à¦¾à¦à¦¾à¦à¦¾à¦°  à¦¹à§à¦®à¦¾à§à§à¦¨ à¦à¦¹à¦®à§à¦¦ à¦²à¦¿à¦à§à¦à¦¿à¦²à§à¦¨, ""à§§à§¬ à¦¡à¦¿à¦¸à§à¦®à§à¦¬à¦°, à¦­à§à¦°à¥¤ à§§à§¯à§­à§§à¥¤ à¦à¦®à¦¾à¦° à¦¬à§à¦ à¦§à¦ à¦§à¦ à¦à¦°à¦à§à¥¤ à¦¬à¦¾à¦à¦¿à¦à§ à¦¬à§à¦à§ à¦¸à§à¦à§à¦° à¦®à¦¤à§ à¦¬à§à¦¯à¦¥à¦¾à¥¤ à¦¬à¦¿à¦¶à§à¦¬à¦¾à¦¸à¦ à¦¹à¦à§à¦à§ à¦¨à¦¾, à¦à¦®à¦°à¦¾ à¦¸à§à¦¬à¦¾à¦§à§à¦¨à¥¤ à¦à¦à¦¨ à¦à¦° à¦®à¦¾à¦¥à¦¾ à¦à¦à¦à§ à¦à¦°à§ à¦¹à¦¾à¦à¦à¦¤à§ à¦¸à¦®à¦¸à§à¦¯à¦¾ à¦¨à§à¦à¥¤â¦ âà¦¨à¦¿à¦à§à¦° à¦¦à§à¦¶à§à¦° à¦®à¦¾à¦à¦¿/à¦¦à¦¬à¦¦à¦¬à¦¾à¦à§à¦¾ à¦¹à¦¾à¦à¦à¦¿à¥¤â à¦à¦®à¦¿ à¦¦à¦¬à¦¦à¦¬à¦¿à§à§ à¦¹à¦¾à¦à¦à¦¾à¦° à¦à¦¨à§à¦¯à§ à¦¬à§à¦° à¦¹à¦²à¦¾à¦®à¥¤ à¦ªà§à¦°à¦¥à¦®à§ à¦à§à¦à¦à§ à¦¬à§à¦° à¦à¦°à¦¤à§ à¦¹à¦¬à§ à¦à¦®à¦¾à¦° à¦à§à¦ à¦­à¦¾à¦à¦à§ (à¦à¦¾à¦«à¦° à¦à¦à¦¬à¦¾à¦²)à¥¤ à¦¶à§à¦¨à§à¦à¦¿, à¦¸à§ à¦¯à¦¾à¦¤à§à¦°à¦¾à¦¬à¦¾à§à§à¦¤à§ à¦à¦à§à¥¤ à¦à¦°à§à¦¤à§ à¦¬à¦¾à¦¸ à¦à¦°à§à¥¤ à¦¯à¦¾à¦¤à§à¦°à¦¾à¦¬à¦¾à§à§à¦¤à§ à¦à¦®à¦¾à¦° à¦¦à§à¦°à¦¸à¦®à§à¦ªà¦°à§à¦à§à¦° à¦à¦ à¦®à¦¾à¦®à¦¾ à¦¬à¦¾à§à¦¿à¦° à¦ªà§à¦à¦¨à§ à¦à¦°à§à¦¤ à¦à¦°à§à¦à§à¦¨à¥¤ à¦¤à¦¿à¦¨à¦¿ à¦¤à¦¾à¦à¦° à¦¸à§à¦¤à§à¦°à§ à¦à¦¬à¦ à¦¦à§à¦ à¦à§à¦²à§ à¦¨à¦¿à§à§ à¦à¦°à§à¦¤à§ à¦¬à¦¾à¦¸ à¦à¦°à§à¦¨à¥¤ à¦à¦¾à¦«à¦° à¦à¦à¦¬à¦¾à¦² à¦¯à§à¦à§à¦¤ à¦¹à§à§à¦à§ à¦¤à¦¾à¦¦à§à¦° à¦¸à¦à§à¦à§à¥¤""  --à¦à¦¤ à¦¨à¦¾ à¦à¦¶à§à¦°à§à¦à¦²  (à¦à¦®à¦¿ à¦°à¦¾à¦à¦¾à¦à¦¾à¦°  à¦¨à¦¾)",,,Sexual Harassments,Sexual Harassments
à¦à¦¾à¦«à¦° à¦à¦à¦¬à¦¾à¦²  à¦à¦à¦à¦¾ à¦®à¦¾à¦¦à¦¾à¦°à¦à§à¦¦,,,Sexual Harassments,Sexual Harassments
à¦¸à§à¦à¦¿à¦° à¦®à§à¦à§ à¦²à¦¾à¦¥à¦¿ à¦®à¦¾à¦°à¦¾ à¦à¦à¦¿à¦¤,,,Sexual Harassments,Sexual Harassments
à¦¨à¦¤à§à¦¨ à¦à¦à§à¦°à¦¾à¦¨à§à¦¤ à¦­à¦¾à¦°à¦¤ à¦à¦¸à¦¬ à¦à¦¦à¦¿à¦¬à¦¾à¦¸à¦¿à¦¦à§à¦°à¦à§ à¦¬à¦¾à¦à¦²à¦¾à¦¦à§à¦¶à§ à¦ªà¦¾à¦ à¦¿à¦¯à¦¼à§ à¦¹à¦¿à¦¨à§à¦¦à§à¦¦à§à¦° à¦¦à¦² à¦­à¦¾à¦°à¦¿ à¦à¦°à§ à¦¬à¦¾à¦à¦²à¦¾à¦¦à§à¦¶à§à¦à§ à¦¹à¦¿à¦¨à§à¦¦à§à¦¤ à¦¦à§à¦¶ à¦¬à¦¾à¦¨à¦¾à¦¤à§ à¦à¦¾à¦,,,Sexual Harassments,Sexual Harassments
à¦à¦à¦¾ à¦à¦®à¦¾à¦¦à§à¦° à¦¹à¦¾à¦à¦¬à§à¦°à¦¿à¦¡ à¦¸à¦¾à¦à¦¬à¦¾à¦¦à¦¿à¦ à¦¦à§à¦° à¦¦à§à¦· à¦¨à¦¿à¦à§à¦°à¦¾à¦ à¦¦à§à¦¶à§à¦° à¦à§à¦¤ à¦à§à¦à¦¿à§à§ à¦à§à¦à¦¿à§à§ à¦¬à§à¦° à¦à¦°à§ à¦¯à¦¾ à¦¦à§à¦à§ à¦°à§à¦¨à§à¦¡à¦¿à§à¦¾ à¦ªà§à¦°à¦à¦¾à¦¶ à¦à¦°à§,,,Sexual Harassments,Violence
à¦­à¦¾à¦°à¦¤à§à¦¯à¦¼ à¦¬à¦¿à¦à¦¸à¦à¦« à¦¸à¦¾à¦²à§ à¦à¦¨ à¦¬à¦¾à¦à¦²à¦¾à¦¦à§à¦¶à§à¦à§ à¦¹à¦¤à§à¦¯à¦¾ à¦à¦°à§  à¦¸à¦¾à¦²à§ à¦à¦¨  à¦¸à¦¾à¦²à§ à¦à¦¨  à¦¸à¦¾à¦²à§ à¦à¦¨  à¦¸à¦¾à¦²à§ à¦à¦¨  à¦¸à¦¾à¦²à§ à¦à¦¨  à¦¸à¦¾à¦²à§ à¦à¦¨  à¦¸à¦¾à¦²à§ à¦à¦¨  à¦¸à¦¾à¦²à§ à¦ªà¦¾à¦à¦¯à¦¼à¦¾ à¦¯à¦¾à¦¯à¦¼à¦¨à¦¿  à¦¸à¦¾à¦²à§ à¦à¦¨  à¦¸à¦¾à¦²à§ à¦à¦¨  à¦¸à¦¾à¦²à§ à¦à¦¨  à¦¸à¦¾à¦²à§ à¦à¦¨  à¦¸à¦¾à¦²à§ à¦à¦¨  à¦¸à¦¾à¦²à§ à¦à¦¨  à¦¸à¦¾à¦²à§ à¦à¦¨  à¦¸à¦¾à¦²à§ à¦à¦¨  à¦¸à¦¾à¦²à§ à¦à¦¨  à¦¸à¦¾à¦²à§ à¦à¦¨  à¦¸à¦¾à¦²à§ à¦à¦¨  à¦¸à¦¾à¦²à§ à¦à¦²à¦®à¦¾à¦¨,,,Sexual Harassments,Not Hateful
à¦à¦ªà¦¨à¦¿ à¦¹à§à¦¤à§ à¦®à¦¿à¦¡à¦¿à§à¦¾à¦¤à§ à¦¶à§à¦¨à§ à¦¬à¦²à¦à¦¨à§ à¦à¦¿à¦¨à§à¦¤à§ à¦à¦ à¦§à¦°à¦¨à§à¦° à¦à¦à¦à¦¿ à¦à§à¦²à¦¾ à¦à§à¦²à¦¿à¦¤à§ à¦à¦à¦¶ à¦à§à¦°à¦¹à¦¨ à¦à¦¾à¦°à§ à¦à¦ à¦¸à§à¦¨à¦¾à¦° à¦®à§à¦ à¦¥à§à¦à§ à¦¶à§à¦¨à§ à¦à¦¿à¦²à¦¾à¦® à¦¤à¦¾à¦°à¦¾ à¦ªà§à¦°à¦¾à§ à¦à¦¨ à¦­à¦¾à¦°à¦¤à§à§ à¦à§à§à¦¾à¦¨ à¦®à§à¦°à§ à¦«à§à¦²à¦à¦¿à¦² à¦à¦¬à¦ à¦­à¦¾à¦°à¦¤à§à§ à¦à§à§à¦¾à¦¨à¦°à¦¾ à¦ªà§à¦°à§ à¦à¦ à¦à¦¿à¦² à¦¨à¦¾ à¦¤à¦¾à¦° à¦¯à§ à¦à¦¾à§à¦à¦¾à¦à¦¿à¦¤à§ à¦à¦¬à¦¸à§à¦¥à¦¾à¦¨ à¦¨à¦¿à§à§à¦à¦¿à¦² à¦¸à§à¦ à¦à¦¾à§à¦à¦¾à¦à¦¿ à¦à¦°à§à¦¦à¦®à¦à§à¦¤ à¦à¦¿à¦² à¦¤à¦¾à¦¦à§à¦° à¦¬à§à¦ à¦à¦¾à¦¦à¦¾à§ à¦à¦à¦à§ à¦à§à¦à¦¿à¦² à¦à¦ à¦¸à§à¦à§à¦ à¦à¦¾ à¦¬à¦¿ à¦¡à¦¿ à§à¦¾à¦° à¦°à¦¾ à¦à¦¾à¦à§ à¦²à¦¾à¦à¦¿à§à§ à¦à¦¿à¦² à¦à¦à¦¨ à¦à¦¿ à¦®à¦¨à§ à¦¹à§ à¦à¦ªà¦¨à¦¾à¦°  à¦à¦¿à¦à§ à¦²à¦¿à¦à¦¤à§ à¦¹à¦²à§ à¦à¦¿à¦à§ à¦à¦¾à¦¨à¦¤à§ à¦¹à¦¬à§ à¦®à¦¾à¦ à¦à¦¾à¦¨ à¦¦à¦¿à§à§ à¦¬à¦²à¦²à§ à¦¹à¦¬à§ à¦¨à¦¾ à¦¸à¦¬à¦à§à§à§ à¦®à¦à¦¾à¦° à¦¬à§à¦¯à¦¾à¦ªà¦¾à¦° à¦¹à¦² à¦¯à§à¦¦à§à¦§à§à¦° à¦¸à¦®à§ à¦¯à¦¾à¦°à¦¾ à¦à¦¶à§à¦°à§ à¦¦à¦¿à¦² à¦¸à§à¦¨à§à¦¯ à¦à¦¸à§à¦°à§ à¦¦à¦¿à¦² à¦à¦¾à¦¬à¦¾à¦° à¦¦à¦¿à¦² à¦¤à¦¾à¦¦à§à¦° à¦ªà§à¦°à¦¤à¦¿ à¦à§à¦¤à¦à§à¦à¦¤à¦¾ à¦¬à§à¦§à¦à§à¦ à¦¤à§ à¦¨à§à¦ à¦à¦²à§à¦,,,Sexual Harassments,Sexual Harassments
à¦¬à§à¦°à¦¿à¦à¦¿à¦¶ à¦à¦®à¦¾à¦° à¦¦à¦¾à¦¦à¦¾à¦° à¦¶à¦¤à§à¦°à§,,,Sexual Harassments,Sexual Harassments
à¦¸à¦¾à¦¨à¦¿ à¦²à¦¿à¦à¦¨à¦¿à¦° à¦¨à§à¦¯à¦¾à¦à¦à§ à¦«à¦¿à¦²à§à¦® à¦à¦¿à¦à¦¬à¦¾ à¦à¦¡à¦¾à¦²à§à¦ à¦®à§à¦­à¦¿ à¦¦à§à¦à¦¾à¦¨à§à¦° à¦à¦à§ à¦­à¦¾à¦°à¦¤à§à¦° à¦à¦¾à¦¤à§à§ à¦ªà¦¤à¦¾à¦à¦¾ à¦à¦¤à§à¦¤à§à¦²à¦¨ à¦à¦¾à¦°à¦¾à¦ª à¦à¦¿à¦à§ à¦¨à¦¾  à¦à¦¾à¦¤à§à§ à¦¬à§à¦¶à¦¿à¦·à§à¦à§à¦¯à§à¦° à¦¸à¦¾à¦¥à§ à¦à¦¾à¦ªà§ à¦à¦¾à¦ª à¦®à¦¿à¦²à§ à¦¯à¦¾à¦¬à§,,,Sexual Harassments,Sexual Harassments
à¦à¦®à¦°à¦¾ à¦à¦¤à§à¦¤ à¦­à§à¦²à§ à¦¯à¦¾à¦  à¦¸à¦¾à¦² à¦¬à¦¾à¦à¦²à¦¾à¦° à¦®à¦¾à¦¨à§à¦· à¦à¦¿à¦¬à¦¨ à¦¬à¦¾à¦à¦¾à¦¨à§à¦° à¦à¦¨à§à¦¯ à¦­à¦¾à¦°à¦¤à§ à¦à¦¶à§à¦°à§ à¦¨à¦¿à¦²à§ à¦à¦ à¦°à§à¦¹à¦¿à¦à§à¦à¦¾ à¦®à§à¦¸à¦²à¦¿à¦®à¦°à¦¾ à¦¯à¦à¦¨ à¦à¦®à¦¾à¦¦à§à¦° à¦à¦¾à¦à§ à¦à¦¶à§à¦°à§ à¦à¦¾à§ à¦à¦®à¦¾à¦°à¦¾ à¦¤à¦¾à¦¦à§à¦° à¦«à¦¿à¦°à¦¿à§à§ à¦¦à§à¦ à¦à¦®à¦¾à¦°à¦¾ à¦¬à§à¦ à¦¸à§à¦¬à¦¾à¦°à§à¦¥à¦ªà¦° à¦à¦¾à¦¤à¦¿,,,Sexual Harassments,Violence
à¦­à¦¾à¦°à¦¤à§à¦° à¦¸à¦°à¦à¦¾à¦° à¦¨à¦°à§à¦¦à§à¦° à¦à§à¦¦à¦¿ à¦à¦ à¦ªà¦¾à¦à¦²à¦¾ à¦à§à¦¦à¦¾ à¦¨à¦¾ à¦¬à§à¦à§à¦ à¦à¦¾à¦à¦¾ à¦à¦à¦² à¦à¦°à§ à¦ªà§à¦°à¦¦à§à¦¶ à¦¸à¦°à¦à¦¾à¦° à¦®à¦®à¦¤à¦¾ à¦à¦ à¦ªà¦¾à¦à¦²à¦¿ à¦à§à¦¦à¦¿ à¦¨à¦¾ à¦¬à§à¦à§à¦ à¦¸à¦°à¦à¦¾à¦°à§à¦° à¦¬à¦¿à¦°à¦§à¦¦à§ à¦à¦¥à¦¾ à¦¬à¦²à§,,,Sexual Harassments,Sexual Harassments
à¦¤à¦¾à¦¹à¦²à§ à¦à§à¦¨ à¦­à¦¾à¦°à¦¤à§à¦° à¦®à§à¦¸à¦²à¦®à¦¾à¦¨à¦°à¦¾ à¦­à¦¾à¦² à¦¨à§à¦ à¦®à§à¦¸à¦²à¦®à¦¾à¦¨à¦°à¦¾ à¦à¦¾à¦¨à§ à¦¬à§à¦§à¦®à§à¦¦à§à¦° à¦à¦¿à¦­à¦¾à¦¬à§ à¦­à¦¾à¦² à¦°à¦¾à¦à¦¤à§ à¦¹à§ à¦à¦¿à¦¨à§à¦¤à§ à¦¬à§à¦§à¦®à§ à¦°à¦¾ à¦à¦¾à¦¨à§à¦¨à¦¾ à¦®à§à¦¸à¦²à¦®à¦¾à¦¨à¦¦à§à¦° à¦­à¦¾à¦² à¦°à¦¾à¦à¦¤à§ à¦¹à§,,,Violence,Sexual Harassments
à¦­à¦¾à¦°à¦¤ à¦à¦®à¦¾à¦¦à§à¦° à¦ªà§à¦°à¦¤à¦¿à¦¬à§à¦¶à§ à¦à¦¿à¦¨à§à¦¤à§ à¦²à§à¦­à§ à¦°à¦à§à¦·à¦£à¦¶à§à¦² à¦à¦¬à¦ à¦¸à¦¾à¦®à¦¾à¦à¦¿à¦ à¦¦à§à¦·à§à¦à¦¿à¦­à¦à§à¦à¦¿à¦à¦à¦°à§à¦¥à¦¨à§à¦¤à¦¿à¦ à¦­à¦¾à¦¬à§ à¦¬à¦à¦° à¦ªà¦¿à¦à¦¿à¦¯à¦¼à§,,,Sexual Harassments,Violence
à¦­à¦¾à¦ à¦¸à¦°à¦à¦¾à¦°à¦à§ à¦¦à§à¦· à¦¦à¦¿à¦¬à§à¦¨ à¦¨à¦¾ à¦¸à¦°à¦à¦¾à¦°à§à¦° à¦à¦¾à¦°à¦£à§à¦ à¦à¦ªà¦¨à¦¾à¦°à¦¾ à¦à¦à¦¨à§ à¦®à¦¾à§à§à¦° à¦à§à¦²à§ à¦à¦à§à¦¨ à¦­à¦¾à¦°à¦¤à§ à¦¸à¦à¦à§à¦¯à¦¾ à¦²à¦à§ à¦®à§à¦¸à¦²à¦®à¦¾à¦¨à¦¦à§à¦° à¦à¦ªà¦° à¦¯à§ à¦à¦¤à§à¦¯à¦¾à¦à¦¾à¦° à¦¹à§ à¦¬à¦¾à¦à¦²à¦¾à¦¦à§à¦¶à§ à¦¸à§à¦ à¦§à¦°à¦¨à§à¦° à¦ªà¦°à¦¿à¦¸à§à¦¥à¦¿à¦¤à¦¿ à¦à¦à¦¨à§ à¦¹à§ à¦¨à¦¾à¦,,,Sexual Harassments,Sexual Harassments
à¦à¦¾à¦à¦²à§à¦¦à§à¦° à¦®à¦¾à¦¯à¦¼à§à¦° à¦¶à¦ à¦¹à¦¯à¦¼à§à¦à§ à¦à§à¦¨à¦¾ à¦¬à¦¾à¦°à¦¾ à¦à§à¦¤à§,,,Sexual Harassments,Sexual Harassments
à¦à§à§à¦à¦¬à¦à¦° à¦à¦à§ à¦­à¦¾à¦°à¦¤à§à¦° à¦¨à¦¿à¦°à§à¦¬à¦¾à¦à¦¨à§ à¦à¦°à¦® à¦¸à¦¾à¦®à§à¦ªà§à¦°à¦¦à¦¾à§à¦¿à¦ à¦à¦à§à¦à¦°à¦ªà¦¨à§à¦¥à§ à¦¦à¦² à¦¬à¦¿à¦à§à¦ªà¦¿à¦° à¦¨à§à¦¤à¦¾ à¦®à§à¦¦à§ à¦°à¦¾à¦·à§à¦à§à¦°à§à§ à¦à§à¦·à¦®à¦¤à¦¾à§ à¦à¦¸à§à¦¨ à¦¹à¦²à§ à¦à¦®à¦¾à¦¦à§à¦° à¦¦à§à¦¶à§à¦° à¦¬à¦¿à¦à¦¨à¦ªà¦¿à¦° à¦¬à¦¾à¦§à¦ à¦­à¦¾à¦à§à¦à¦¾ à¦à¦²à§à¦²à¦¾à¦¸ à¦¦à§à¦à§ à¦®à¦¨à§ à¦¹à§à§à¦à¦¿à¦² à¦¯à§ à¦®à§à¦¦à§ à¦à¦¬à¦¾à¦° à¦¸à§à¦¨à¦¿à§à¦¾ à¦à¦¾à¦¨à§à¦§à§à¦° à¦à¦°à¦® à¦à¦¸à§à¦¥à¦¾à¦­à¦¾à¦à¦¨ à¦¹à¦¾à¦¸à¦¿à¦¨à¦¾ à¦¸à¦°à¦à¦¾à¦° à¦à§ à¦à¦¿à§à¦ªà¦à¦¾à¦ à¦à¦°à§ à¦à¦¾à¦²à§à¦¦à¦¾ à¦à¦¿à§à¦¾ à¦à§ à¦®à¦¸à¦¨à¦¦à§ à¦¬à¦¸à¦¿à§à§ à¦¦à¦¿à¦¬à§ à¦à¦¿à¦¨à§à¦¤à§ à¦¹à¦¾à§ à¦¸à§ à¦à¦¶à¦¾à§ à¦à§à§à§ à¦¬à¦¾à¦²à¦¿ à¦¦à¦¿à§à§ à¦®à§à¦¦à§ à¦à¦° à¦ à¦¬à§à¦¶à§ à¦¦à§à¦°à§à¦ à¦¦à¦¿à¦¨ à¦¹à¦¾à¦¸à¦¿à¦¨à¦¾ à¦¸à¦°à¦à¦¾à¦°à¦à§ à¦à§à¦·à¦®à¦¤à¦¾à§ à¦¥à¦¾à¦à¦¾à¦° à¦ªà¦¥ à¦¸à§à¦à¦® à¦à¦°à§ à¦¦à¦¿à¦²,,,Sexual Harassments,Violence
à¦­à¦¾à¦°à¦¤à§à§ à¦à§à¦à§à¦° à¦à§à¦²à¦¾ à¦à§ à¦¤à¦¾à¦°à¦¿à§à§ à¦¦à§à¦à§à¦¾ à¦¦à¦°à¦à¦¾à¦°,,,Sexual Harassments,Sexual Harassments
à¦à¦° à¦¶à§à¦ à¦¹à¦¾à¦¸à¦¿à¦¨à¦¾ à¦à¦à§ à¦¬à¦²à§à¦ à¦¬à¦¾à¦à¦²à¦¾à¦¦à§à¦¶ à¦¹à¦¯à¦¼à§à¦à§ à¦­à¦¾à¦°à¦¤,,,Sexual Harassments,Sexual Harassments
à¦à§à¦¨ à¦à§ à¦¬à¦¾ à¦à¦¾à¦ªà¦¾à¦¨à¦à§ à¦¸à§à¦¯à§à¦ à¦¦à¦¾à¦ à¦­à¦¾à¦°à¦¤à§à¦° à¦¬à¦¦à¦²à§  à¦à¦¨à§à¦¤à¦¤ à¦ªà§à¦°à¦¤à¦¾à¦°à¦¨à¦¾ à¦à¦°à¦¬à§ à¦¨à¦¾    à¦¸à¦¾à¦ª à¦¬à¦¿à¦¶à§à¦¬à¦¾à¦¸ à¦à¦°à¦¾ à¦¯à¦¾à§ à¦¹à¦¿à¦¨à§à¦¦à§à¦¦à§à¦° à¦¨à¦¾,,,Sexual Harassments,Sexual Harassments
à¦­à¦¾à¦°à¦¤ à¦à§à¦¨ à¦¦à¦¿à¦¨à¦ à¦¬à¦¾à¦à¦²à¦¾ à¦¦à§à¦¶à§à¦° à¦¬à¦¨à§à¦¦à§ à¦à¦¿à¦²à¦¨à¦¾  à¦à¦° à¦à§à¦¨ à¦¦à¦¿à¦¨à¦ à¦¬à¦¨à§à¦¦à§ à¦¹à¦¤à§ à¦ªà¦¾à¦°à§ à¦¨à¦¾  à¦à¦¿à¦à§ à¦¦à¦¾à¦²à¦¾à¦² à¦à¦à§ à¦¯à¦¾à¦°à¦¾ à¦à§à¦° à¦à¦°à§ à¦¬à¦¨à§à¦¦à§ à¦®à¦¾à¦¨à¦¾à¦¤à§ à¦à¦¾à§  à¦à¦¸à¦²à§ à¦¦à§à¦¨à¦¿à§à¦¾ à¦¯à¦¤ à¦à§à¦²à§ à¦°à¦¾à¦·à§à¦ à¦à¦à§ à¦¤à¦¾à¦° à¦®à¦§à§à¦¯à§ à¦°à§à¦¨à§à¦¡à¦¿à§à¦¾ à¦¹à¦² à¦¨à¦®à§à¦¬à¦¾à¦° à¦«à¦¾à¦²à¦¤à§ à¦°à¦¾à¦·à§à¦,,,Sexual Harassments,Harmful
à¦­à¦¾à¦°à¦¤à§à§ à¦à¦¿à¦°à¦£à¦®à¦¾à¦²à¦¾à¦° à¦à§à¦¹à¦¾à¦°à¦¾ à¦¦à§à¦à¦¤à§ à¦à§à¦¤à§à¦¤à¦¾à¦° à¦®à¦¤à§ à¦¨à¦¾à¦à¦¿ à¦¶à§à§à§à¦°à§à¦° à¦®à¦¤à§ à¦¸à§à¦ à¦¤à¦°à§à¦ à¦¨à¦¿à§à§ à¦¯à§à¦à¦¾à¦¨à§ à¦¬à¦à¦¸à¦¾ à¦¥à§à¦à§ à¦®à¦¾à¦°à¦¾à¦®à¦¾à¦°à¦¿ à¦²à§à¦à§ à¦¯à¦¾à§ à¦¬à¦¾à¦à¦²à¦¾à¦¦à§à¦¶à§ à¦¸à§à¦à¦¾à¦¨à§ à¦­à¦¾à¦°à¦¤à§à¦° à¦ªà¦¶à§à¦à¦¿à¦®à¦¬à¦à§à¦à§à§à¦°à¦¾ à¦­à¦¾à¦¬à§ à¦à¦¦à§à¦° à¦¬à¦¾à¦²à§à¦° à¦¸à¦¿à¦°à¦¿à§à¦¾à¦² à¦¦à§à¦à¦¾à¦° à¦à¦¨à§à¦¯ à¦¨à¦¾à¦à¦¿ à¦à¦¨à§à¦¯à¦°à¦¾ à¦ªà¦¾à¦à¦² à¦¹à¦¾à¦ à¦¹à¦¾à¦ à¦¹à¦¾à¦ à¦¹à¦¾à¦ à¦­à¦¾à¦°à¦¤à§à¦° à¦¸à¦¿à¦°à¦¿à§à¦¾à¦²à§ à¦à¦à§à¦à¦à¦¾ à¦à§à¦¯à¦¾à¦°à§à¦à§à¦à¦¾à¦°à§à¦° à¦à§à¦¹à¦¾à¦°à¦¾ à¦¦à§à¦à¦²à§ à¦à¦¦à§à¦° à¦®à§à¦ à¦­à¦°à§ à¦¹à¦¾à¦à¦¤à§ à¦à¦à§à¦à¦¾ à¦à¦°à§ à¦à¦®à¦¾à¦¦à§à¦° à¦¤à¦¾à¦ à¦à¦°à§à¦° à¦®à¦¾à¦à¦¸ à¦à§à§à§ à¦à§à¦·à§à¦ à¦à¦¾à¦ à¦¿à¦¨à§à¦¯ à¦¹à¦²à§ à¦ªà§à¦ à¦à¦¾à¦²à¦¿ à¦à¦°à¦¾à¦° à¦à¦¨à§à¦¯ à¦à¦®à¦°à¦¾ à¦­à¦¾à¦°à¦¤à§à¦° à¦¸à¦¿à¦°à¦¿à§à¦¾à¦² à¦¦à§à¦à¦¤à§ à¦¬à¦¸à¦¿,,,Sexual Harassments,Offensive
à¦¯à¦¾à¦°à¦¾ à¦­à¦¾à¦°à¦¤ à¦à§ à¦¸à¦¾à¦ªà¦°à§à¦°à§à¦ à¦à¦°à§ à¦¤à¦¾à¦°à¦¾ à¦¹à¦¿à¦¨à§à¦¦à§à¦° à¦à¦¨à§à¦® à¦­à¦¾à¦°à¦¤à¦¿à§ à¦¦à¦¾à¦²à¦¾à¦²à§à¦° à¦à¦¨à§à¦®,,,Sexual Harassments,Sexual Harassments
à¦­à¦¾à¦°à¦¤ à¦à§ à¦ªà§à¦¥à¦¿à¦¬à§à¦° à¦®à¦¾à¦¨à¦à¦¿à¦¤à§à¦° à¦¥à§à¦à§ à¦®à§à¦à§ à¦¦à¦¿à¦¤à§ à¦¹à¦¬à§,,,Sexual Harassments,Sexual Harassments
à¦­à¦¾à¦°à¦¤ à¦à¦¾à¦à¦²à§ à¦¸à§à¦à¦¾ à¦¬à¦¨à§à¦§ à¦à¦°à¦¾à¦¤à§ à¦ªà¦¾à¦°à¦¬à§ à¦à¦¿à¦¨à§à¦¤à§ à¦¨à¦¾ à¦à¦°à¦¾à§ à¦à¦à¦¿à¦¤   à¦à§à¦à§à¦°à§à¦° à¦®à¦¤ à¦®à¦¾à¦° à¦¶à¦¾à¦²à¦¾à¦¦à§à¦°,,,Sexual Harassments,Sexual Harassments
à¦°à§à¦¨à§à¦¡à¦¿à§à¦¾ à¦¸à¦¨à§à¦¤à§à¦°à¦¾à¦¸à§ à¦°à¦¾à¦·à§à¦à§à¦° à¦à¦à¦¾à¦ à¦¤à¦¾à¦° à¦à§à¦¬à¦²à¦¨à§à¦¤ à¦ªà§à¦°à¦®à¦¾à¦¨  à¦¤à¦¾à¦°à¦¾ à¦¨à¦¿à¦°à§à¦¹ à¦¨à¦¿à¦°à¦¸à§à¦¤à§à¦° à¦¸à¦¾à¦§à¦¾à¦°à¦¨ à¦®à¦¾à¦¨à§à¦·à¦à§ à¦à¦­à¦¾à¦¬à§à¦ à¦¹à¦¤à§à¦¯à¦¾ à¦à¦°à§ à¦à¦¬à¦ à¦à¦¾à¦¶à§à¦®à§à¦°à§à¦ à¦à¦°à¦à¦® à¦°à¦¾à¦·à§à¦à§à¦°à§à§ à¦¸à¦¨à§à¦¤à§à¦°à¦¾à¦¸ à¦à¦¾à¦²à¦¾à¦à¦¤à§à¦à§ à¦¯à§à¦®à¦¨à¦à¦¿ à¦¹à¦¾à¦¸à¦¿à¦¨à¦¾ à¦à§à¦·à¦®à¦¤à¦¾à§ à¦à¦¿à¦à§ à¦¥à¦¾à¦à¦¾à¦° à¦à¦¨à§à¦¯ à¦¬à¦¿à¦°à§à¦§à§ à¦¦à¦²à§à¦° à¦à¦ªà¦° à¦à¦¾à¦²à¦¾à¦à¦¤à§à¦à§,,,Sexual Harassments,Sexual Harassments
à¦à¦¤à§ à¦ªà¦°à¦®à¦¾à¦£à§ à¦à¦¤à§ à¦ªà¦°à¦®à¦¾à¦£à§ à¦à¦à¦¨ à¦à§à¦ª à¦à§à¦¨ à¦ªà¦¾à¦à¦¿à¦¸à§à¦¤à¦¾à¦¨   à¦à§à¦¥à¦¾à¦ à¦à§à¦² à¦¸à§à¦ à¦ªà§à¦¦à§à¦¦à¦¾à¦°à§  à¦°à§à¦¹à¦¿à¦à§à¦à¦¾à¦°à¦¾ à¦à¦¿ à¦®à§à¦¸à¦²à¦¿à¦® à¦¨à¦¾  à¦¶à§à¦§à§ à¦à¦¿ à¦­à¦¾à¦°à¦¤à§à¦° à¦à¦¾à¦¶à§à¦®à¦¿à¦°à§ à¦®à§à¦¸à¦²à¦¿à¦® à¦¥à¦¾à¦à§   à¦à¦¦à§à¦° à¦¦à§à¦à¦¾à¦° à¦à¦¿ à¦à§à¦ à¦¨à¦¾à¦  à¦¬à¦¿à¦¶à§à¦¬ à¦ªà¦¨à§à¦¡à¦¿à¦¤à¦°à¦¾à¦ à¦¬à¦¾ à¦à§à¦¥à¦¾à¦ à¦à¦à¦¨  à¦à¦à¦¨ à¦à¦¾à¦¶à§à¦®à¦¿à¦° à¦¨à§ à¦®à¦¿à§à¦¾à¦¨à¦®à¦¾à¦°à§à¦° à¦¨à¦¿à¦°à¦¿à¦¹ à¦°à§à¦¹à¦¿à¦à§à¦à¦¾ à¦®à§à¦¸à¦²à¦¿à¦®à¦¦à§à¦° à¦¨à¦¿à§à§ à¦à¦à¦à§ à¦­à¦¾à¦¬à§,,,Sexual Harassments,Sexual Harassments
à¦®à¦¾à¦²à§à¦¦à§à¦° à¦¦à§à¦¶ à¦à§à¦¿à§à§ à¦¦à¦¾à¦  à¦°à§à¦¨à§à¦¡à¦¿à§à¦¾ à¦¨à¦¾à¦®à§ à¦¯à§ à¦à§à¦¨à§ à¦¦à§à¦¶ à¦à¦à§ à¦¤à¦¾ à¦¯à§à¦¨ à¦à§à¦ à¦à¦¿à¦¨à§à¦¤à¦¾à¦ à¦¨à¦¾ à¦à¦°à¦¤à§ à¦ªà¦¾à¦°à§,,,Sexual Harassments,Sexual Harassments
à¦­à¦¾à¦à§à¦¾ à¦¬à¦¾à¦à¦²à¦¾à¦¦à§à¦¶à§à¦° à¦à¦à§à¦à¦¿ à¦¯à¦¦à¦¿ à¦®à§à¦à§à¦¤ à¦à¦°à¦¤à§ à¦­à¦¾à¦°à¦¤ à¦¸à¦¾à¦¹à¦¾à¦¯à§à¦¯ à¦à¦°à¦¤à§ à¦à¦¾à¦ à¦¤à¦¾à¦¹à¦²à§ à¦°à¦¾à¦¸à§à¦¤ à¦¨à§à¦®à§ à¦¯à§à¦¦à§à¦§ à¦à¦°à¦¤à§ à¦¹à¦¬à§   à¦¸à§à¦à¦¾ à¦­à¦¾à¦°à¦¤à§à¦° à¦¸à§à¦¨à¦¾à¦¬à¦¾à¦¹à§à¦¨à¦¿à¦° à¦à§à¦·à¦®à¦¤à¦¾à¦° à¦¬à¦¾à¦à¦°à§   à¦¤à¦¾à¦°à¦¾ à¦¯à§ à¦à§à¦¯à¦®à¦¨ à¦ªà¦¾à¦°à§ à¦à¦¿à¦à§à¦¦à¦¿à¦¨ à¦à¦à§ à¦ªà§à¦°à§ à¦¬à¦¿à¦¶à§à¦¬à¦à§ à¦¦à§à¦à¦¿à§à§à¦à§   à¦¨à¦¿à¦à§à¦° à¦¦à§à¦¶à§à¦° à¦à¦¾à¦¶à§à¦®à¦¿à¦° à¦°à¦à§à¦·à¦¾ à¦à¦°à¦¤à§ à¦ªà¦¾à¦°à§ à¦¨à¦¾   à¦à¦¬à¦¾à¦° à¦à¦¸à§ à¦à¦¨à§à¦¯ à¦¦à§à¦¶à¦à§ à¦¸à¦¾à¦¹à¦¾à¦¯à§à¦¯ à¦à¦°à¦¤à§   à¦¨à¦¿à¦à§à¦° à¦à¦¸à§à¦¤à¦¿à¦¤à§à¦¬ à¦à§ à¦¯à§ à¦°à¦à§à¦·à¦¾ à¦à¦°à¦¤à§ à¦ªà¦¾à¦°à§ à¦¨à¦¾   à¦¸à§ à¦à¦¬à¦¾à¦° à¦à¦®à¦¾à¦¦à§à¦° à¦à¦¿ à¦¸à¦¾à¦¹à¦¾à¦¯à§à¦¯ à¦à¦°à¦¬à§,,,Sexual Harassments,Sexual Harassments
à¦à¦®à¦¾à¦¦à§à¦° à¦à¦à¦¿à§ à¦à¦°à§à¦ à¦à§à¦¨ à¦à¦¥à¦¬à¦¾ à¦ªà¦¾à¦à¦¿à¦¸à§à¦¤à¦¾à¦¨ à¦¹à¦à§à¦¾ à¦à¦¬à¦ à¦­à¦¾à¦°à¦¤à¦à§ à¦à¦·à§à¦§ à¦¦à§à¦à§à¦¾,,,Sexual Harassments,Sexual Harassments
à¦¹à¦¾à¦à¦¾à¦° à¦¹à¦¾à¦à¦¾à¦° à¦®à§à¦¸à¦²à¦®à¦¾à¦¨ à¦à¦à§à¦¨à§ à¦ªà§à§à¦¿à§à§ à¦®à¦¾à¦°à¦à§ à¦à¦¥à¦ à¦à¦ à¦¸à¦¬à§à¦° à¦à§à¦¨ à¦à¦¬à¦° à¦¨à¦¾à¦ à¦­à¦¾à¦°à¦¤à§ à¦à§à§à¦à¦à¦¾ à¦²à§à¦ à¦¦à§à¦°à§à¦à¦à¦¨à¦¾à§ à¦¨à¦¿à¦¹à¦¤ à¦¹à§à§à¦à§ à¦¤à¦¾à¦¤à§ à¦à¦®à¦¾à¦¦à§à¦° à¦ªà§à¦°à¦§à¦¾à¦¨ à¦®à¦¨à§à¦¤à§à¦°à§ à¦¶à§à¦ à¦¹à¦¾à¦¸à¦¿à¦¨à¦¾ à¦¶à§à¦à¦¾à¦¹à¦¤ à¦¹à§à§à¦à§,,,Sexual Harassments,Sexual Harassments
à¦°à§à¦¨à§à¦¡à¦¿à§à¦¾à§ à¦à¦¿à§à§ à¦¤à§à¦¦à§à¦° à¦­à¦à¦¬à¦¾à¦¨à§à¦° à¦§à¦¨ à¦à§à¦à§ à¦à§à¦¤à§à¦¤à¦¾à¦°à§ à¦à¦¾à¦à§à¦¾à¦®à§ à¦¬à¦¾à¦à¦¿à¦à¦¾ à¦à¦¾à¦²à¦¿à¦°à§ à¦à¦¾à¦à¦¾à¦®à§ à¦à¦¾à¦²à¦¿ à¦¶à§à¦¨à¦¾ à¦à¦¾à¦à§à¦¾à¦° à¦à¦¨à§à¦¯ à¦à¦¿à¦¬à§à¦¬à¦¾ à¦¬à§à¦° à¦à¦°à§ à¦°à¦¾à¦à¦¸à§ à¦à¦¾à¦²à¦¿à¦° à¦¹à§à¦à¦¾ à¦à§à¦¦à§ à¦ªà§à¦à¦à¦¿ à¦«à¦¾à¦à¦¾à¦¬à§,,,Sexual Harassments,Sexual Harassments
à¦­à¦¾à¦°à¦¤ à¦à¦¾à¦«à§à¦° à¦¬à¦¾à¦à¦²à¦¾  à¦ªà¦¾à¦¨à¦¿ à¦à§à¦°à§ à¦¦à¦¾à§  à¦¯à¦¾à¦° à¦à¦°à¦¨à§ à¦­à§à¦¸à§ à¦¯à¦¾à§ à¦ à¦¬à¦¨à§à¦¯à¦¾ à¦¹à§,,,Sexual Harassments,Sexual Harassments
à¦¹à¦¾à§à¦°à§ à¦à¦¸à¦²à¦¾à¦®à§à¦° à¦¦à§à¦¶à¦®à¦¨ à¦­à¦¾à¦°à¦¤à§à¦° à¦¦à¦¾à¦²à¦¾à¦² à¦¤à§à¦°à¦¾ à¦à§à¦¨ à¦¹à§à§ à¦à§à¦²à¦¿ à¦à¦¤à§ à¦¬à§à¦¶à¦¾à¦®à¦¾à¦² à¦¯à§à¦ à¦²à§à¦à¦à¦¾à¦° à¦¬à¦¿à¦°à§à¦¦à§à¦§à§ à¦¯à§à¦¦à§à¦§ à¦à¦ªà¦°à¦¾à¦§à§à¦° à¦¯ à¦à¦¿à¦²à¦¨à¦¾ à¦¦à¦¾à§à¦¿à¦¤à§à¦¬ à¦¨à§à¦à§à¦¾à¦° à¦ªà¦° à¦¹à§à§ à¦à§à¦² à¦¯à§à¦¦à§à¦§ à¦à¦ªà¦°à¦¾à¦§à§ à¦¤à§à¦°à¦¾ à¦¦à¦¾à¦²à¦¾à¦²à¦¿ à¦¬à¦¨à§à¦§ à¦à¦° à¦¨à¦à¦²à§ à¦à¦à¦¦à¦¿à¦¨ à¦¤à§à¦¦à§à¦°à¦à§ à¦à¦° à¦ªà§à¦°à¦¤à¦¿à¦¦à¦¾à¦¨ à¦ªà§à¦¤à§à¦ à¦¹à¦¬à§,,,Sexual Harassments,Violence
à¦¯à§à¦à¦¾à¦¨à§ à¦®à§à¦¦à¦¿à¦° à¦®à¦¤à§ à¦à¦à§à¦à¦¿ à¦¸à¦¨à§à¦¤à§à¦°à¦¾à¦¸à§ à¦­à¦¾à¦°à¦¤à§à¦° à¦°à¦¾à¦·à§à¦à§à¦° à¦à§à¦·à¦®à¦¤à¦¾à§ à¦¸à§ à¦à¦°à¦¬à§ à¦à¦¬à¦¾à¦° à¦à¦à§à¦à¦¿ à¦¦à¦®à¦¨,,,Sexual Harassments,Sexual Harassments
à¦­à¦¾à¦°à¦¤à§à¦° à¦à¦¶à¦à¦à¦¾ à¦¬à¦¾à¦à¦²à¦¾à¦¦à§à¦¶ à¦¬à§à¦à¦¿ à¦­à¦¾à¦°à¦¤à§à¦°,,,Sexual Harassments,Sexual Harassments
à¦ªà¦¾à¦à¦¿ à¦­à¦¾à¦°à¦¤à§à¦° à¦¬à¦¾à¦² à¦à¦¿à¦°à¦¤à§ à¦ªà¦¾à¦°à¦¬à§,,,Offensive,Offensive
à¦¹à¦¾à§à¦°à§ à¦¨à§à¦¾ à¦¦à¦¿à¦à¦¾à¦¨à§à¦¤ à¦¸à¦¾à¦ª à¦¨à¦¿à§à§ à¦­à¦¾à¦°à¦¤ à¦ªà¦¾à¦à¦¿à¦¸à§à¦¤à¦¾à¦¨ à¦¨à¦¿à§à§ à¦¤à§à¦®à¦¾à¦¦à§à¦° à¦²à¦¾à¦«à¦¾à¦²à¦¾à¦«à¦¿ à¦à¦¿à¦¨à§à¦¤à§ à¦®à¦¾à§à¦¾à¦¨à¦®à¦¾à¦°à§à¦° à¦®à§à¦¸à¦²à¦®à¦¾à¦¨à§à¦° à¦à¦¨à§à¦¯ à¦²à¦¾à¦«à¦¾à¦²à¦¾à¦«à¦¿ à¦¨à§à¦,,,Sexual Harassments,Sexual Harassments
à¦à¦à¦¬à¦¾à¦° à¦¹à¦¬à§ à¦¨à§à¦à¦°à¦¾à¦®à§ à¦­à¦¾à¦°à¦¤à§à§ à¦à¦¬à¦ à¦¬à¦¾à¦à¦²à¦¾à¦¦à§à¦¶à§à¦°à¦¾ à¦¨à§à¦à¦°à¦¾ à¦­à¦¾à¦·à¦¾à§ à¦ªà¦°à¦¸à§à¦ªà¦° à¦à§ à¦à¦¾à¦²à¦¿ à¦¦à¦¿à¦¬à§à¦¨  à¦®à¦¾ à¦¬à§à¦¨ à¦à¦¿à¦à§à¦ à¦¬à¦¾à¦¦ à¦¯à¦¾à¦¬à§à¦¨à¦¾ à¦¯à¦¦à¦¿à¦ à¦à¦à¦¾à¦¨à§ à¦¤à¦¾à¦¦à§à¦° à¦à§à¦¨à§ à¦¦à§à¦· à¦¨à§à¦,,,Sexual Harassments,Sexual Harassments
à¦¯à¦¤à¦ à¦®à¦°à§à¦ à¦­à¦¾à¦°à¦¤ à¦¸à§à¦¬à¦¿à¦à¦¾à¦° à¦à¦°à¦¬à§à¦¨à¦¾  à¦à¦®à¦¨à¦¿à¦¤à§ à¦­à¦¾à¦°à¦¤à§à¦° à¦¸à§à¦¨à¦¾à¦°à¦¾ à¦­à§à¦¤à§ à¦¸à¦ à¦¿à¦ à¦¤à¦¥à§à¦¯ à¦¦à¦¿à¦²à§ à¦à¦°à§à¦¾ à¦­à§à¦¤à§ à¦¹à§à§ à¦ªà§à¦¬à§  à¦¤à¦¾à¦° à¦ªà§à¦°à¦®à¦¾à¦¨ à¦¯à§à¦¦à§à¦§à§à¦° à¦¸à¦®à§à¦­à¦¾à¦¬à¦¨ à¦¦à§à¦à§ à¦¹à¦à¦¾à¦° à¦¸à§à¦¨à¦¾à¦° à¦à§à¦à¦¿à¦° à¦à¦¬à§à¦¦à¦¨,,,Sexual Harassments,Sexual Harassments
à¦­à¦¾à¦°à¦¤à§à§à¦¦à§à¦° à¦à¦à¦¬à¦¾à¦° à¦à¦¾à¦à¦°à§ à¦¹à¦¾à¦°à¦¿à§à§ à¦ªà¦¥à§ à¦¬à¦¸à¦¤à§ à¦¹à¦¬à§,,,Sexual Harassments,Sexual Harassments
à¦à§ à¦à¦° à¦¬à¦²à¦¬ à¦®à¦¾à¦®à¦¾à¦¨à¦®à¦¾à¦°à§ à¦®à§à¦à§à¦²à¦®à¦¾à¦¨ à¦®à¦¾à¦°à¦à§ à¦à¦° à¦à¦®à¦¾à¦¦à§à¦° à¦¸à¦°à¦à¦¾à¦° à¦­à¦¾à¦°à¦¤à§à¦° à¦à§à¦°à§à¦¨ à¦¹à¦¾à¦¤à¦à¦¾ à¦¦à§à¦à¦ à¦ªà§à¦°à¦à¦¾à¦¶ à¦à¦°à§à¦à§à¦¨,,,Sexual Harassments,Sexual Harassments
à¦­à¦¾à¦°à¦¤ à¦¶à¦¾à¦¸à¦¿à¦¤ à¦à¦®à§à¦®à§ à¦ à¦à¦¾à¦¶à§à¦®à§à¦° à¦°à¦¾à¦à§à¦¯à§ à¦°à§à¦¹à¦¿à¦à§à¦à¦¾ à¦à¦¦à§à¦¬à¦¾à¦¸à§à¦¤à§à¦¦à§à¦° à¦à¦à¦à¦¿ à¦¬à¦¸à§à¦¤à¦¿à¦¤à§ à¦à¦à§à¦¨à¦¿à¦à¦¾à¦¨à§à¦¡à§ à¦à¦¨à§à¦° à¦®à§à¦¤à§à¦¯à§ à¦¹à¦¯à¦¼à§à¦à§  à¦à¦à§à¦¨à¦¿à¦¦à¦à§à¦§ à¦¹à¦à¦¯à¦¼à¦¾ à¦à¦°à¦ à¦à¦¨à§à¦° à¦à¦¿à¦à¦¿à§à¦¸à¦¾ à¦à¦²à¦à§ à¦¹à¦¾à¦¸à¦ªà¦¾à¦¤à¦¾à¦²à§  à¦ªà§à¦²à¦¿à¦¶ à¦ à¦à¦¬à¦° à¦¨à¦¿à¦¶à§à¦à¦¿à¦¤ à¦à¦°à§à¦à§  à¦¨à¦¿à¦¹à¦¤à¦°à¦¾ à¦¹à¦à§à¦à§à¦¨ à¦à¦à¦à¦¨ à¦°à§à¦¹à¦¿à¦à§à¦à¦¾ à¦¨à¦¾à¦°à§ à¦ à¦¤à¦¾à¦° à¦¦à§à¦ à¦¸à¦¨à§à¦¤à¦¾à¦¨  à¦à¦®à§à¦®à§ à¦¶à¦¹à¦°à§à¦° à¦¨à¦¾à¦°à§à¦¯à¦¼à¦¾à¦² à¦à¦²à¦¾à¦à¦¾à¦° à¦à¦ à¦¬à¦¸à§à¦¤à¦¿à¦à¦¿à¦¤à§ à¦ªà§à¦°à¦¾à¦¯à¦¼ à¦à¦¿ à¦à¦° à¦à¦¿à¦² à¦¯à¦¾à¦° à¦¬à§à¦¶à§à¦° à¦­à¦¾à¦à¦ à¦ªà§à¦°à¦¾à¦¯à¦¼ à¦­à¦¸à§à¦®à§à¦­à§à¦¤ à¦¹à¦¯à¦¼à§ à¦à§à¦à§  à¦¬à¦¸à§à¦¤à¦¿à¦°à¦ à¦à¦ à¦¬à¦¾à¦¸à¦¿à¦¨à§à¦¦à¦¾ à¦®à¦¿à¦¯à¦¼à¦¾à¦¨à¦®à¦¾à¦° à¦¥à§à¦à§ à¦à¦²à§ à¦à¦¸à¦¾ à¦à¦¦à§à¦¬à¦¾à¦¸à§à¦¤à§ à¦à¦¾à¦¹à¦¿à¦¦ à¦¹à§à¦¸à§à¦à¦¨ à¦¬à¦¿à¦¬à¦¿à¦¸à¦¿ à¦¬à¦¾à¦à¦²à¦¾à¦à§ à¦à§à¦²à¦¿à¦«à§à¦¨à§ à¦à¦¾à¦¨à¦¿à¦¯à¦¼à§à¦à§à¦¨ à¦°à¦¾à¦¤ à¦¸à¦¾à¦¡à¦¼à§ à¦¬à¦¾à¦°à§à¦à¦¾à¦° à¦¦à¦¿à¦à§ à¦à¦à§à¦¨ à¦²à¦¾à¦à§  à¦¤à¦à¦¨ à¦à¦®à¦°à¦¾ à¦¸à¦¬à¦¾à¦ à¦à§à¦®à¦à§à¦à¦¿à¦²à¦¾à¦®  à¦,,,Sexual Harassments,Harmful
à¦­à¦¾à¦°à¦¤ à¦à¦¤ à¦¦à¦¿ à¦¨à§ à¦à¦¸à¦² à¦à¦¸à§à¦¤à§à¦° à¦¬à§à¦° à¦à¦°à¦¾ à¦¶à§à¦°à§ à¦ à¦°à§ à¦à§ à¦ªà¦¾ à¦à¦¿ à¦°à¦¾ à¦¯à¦¾ à¦¬à¦¿ à¦à§à¦¾à¦¥à¦¾à§,,,Sexual Harassments,Sexual Harassments
1971 à¦°à§ à¦­à¦¾à¦°à¦¤à§à¦° à¦à¦à¦à¦¾à¦¨à¦¿à¦° à¦®à¦§à§à¦¯à¦®à§ à¦à¦®à¦°à¦¾ à¦­à¦¾à¦ à¦­à¦¾à¦ à¦¯à§à¦¦à§à¦§à§ à¦²à¦¿à¦ªà§à¦¤ à¦¹à¦²à¦¾à¦®,,,Violence,Violence
à¦­à¦¾à¦°à¦¤à§à¦° à¦ªà¦¾à¦¡à¦¾ à¦à¦° à¦¦à¦¾à¦®à§à¦¾ à¦­à¦¿à¦à¦¾à¦°à¦¿à¦° à¦¬à¦¾à¦à§à¦à¦¾à¦°à¦¾ à¦à¦à¦¾à¦¨à§ à¦­à¦¿à¦à§à¦·à¦¾ à¦à¦¾à¦à¦¤à§ à¦à¦¸à¦à§   à¦à¦ à¦­à¦¿à¦à¦¾à¦°à¦¿à¦°à¦¾ à¦­à¦¿à¦à§à¦·à¦¾ à¦¨à¦¾ à¦ªà¦¾à¦à¦²à§ à¦à¦à¦¾à¦¨à§ à¦à¦°à¦à¦® à¦¬à¦²à¦¦à§à¦° à¦®à¦¤ à¦²à¦¾à¦«à¦¾à¦²à¦¾à¦«à¦¿ à¦à¦°à¦¬à§   à¦­à¦¾à¦°à¦¤à§à¦° à¦à¦ à¦­à¦¿à¦à¦¾à¦°à¦¿à¦à§à¦²à§à¦à§ à¦¦à§à¦ à¦à¦¾à¦à¦¾ à¦­à¦¿à¦à§à¦·à¦¾ à¦¦à§à¦à§à¦¾ à¦¹à§à¦   à¦à§ à¦®à§à¦¤à§à¦° à¦à¦¾à¦à§à¦¾ à¦®à¦¾à¦²à¦¾à¦à¦¨ à¦¬à¦¸à§à¦¤à¦¿à¦° à¦¦à§à¦¶à§ à¦à¦¿à¦à§ à¦ªà¦¾à§ à¦¨à¦¾ à¦¤à¦¾à¦ à¦à¦®à¦¾à¦¦à§à¦° à¦à¦¾à¦à§ à¦¹à¦¾à¦¤ à¦ªà§à¦¤à§ à¦à¦¾à¦à¦¾ à¦¨à¦¿à¦¤à§ à¦à¦¸à¦à§ à¦°à§à¦¨à§à¦¡à¦¿à§à¦¾à¦° à¦­à¦¿à¦à¦¾à¦°à¦¿à¦°à¦¾,,,Offensive,Sexual Harassments
à¦à¦¾à¦à¦²à¦¾à¦¦à§à¦¶ à¦¬à¦¿à¦·à¦¯à¦¼à§ à¦ªà§à¦°à¦§à¦¾à¦¨ à¦à¦¿à¦à§ à¦à¦¨à§à¦¤à¦à¦¾à¦°à§à¦¤à¦¿à¦ à¦ªà§à¦°à¦¶à§à¦¨ à¦ à¦à¦¤à§à¦¤à¦° à¦­à¦¾à¦°à¦¤à§à¦° à¦à¦¯à¦¼à¦²à§à¦ à¦¨à¦¿à¦¯à¦¼à§ à¦à§à¦¨ à¦à¦¤ à¦®à¦¾à¦¥à¦¾à¦¬à§à¦¯à¦¾à¦¥à¦¾  à¦ à¦à¦¾à¦°à¦¨ à¦¤à¦¾à¦°à¦¾ à¦ªà¦¾à¦¯à¦¼à¦à¦¾à¦¨à¦¾ à¦¬à¦¾à¦¥à¦°à§à¦® à¦ªà¦°à¦¿à¦·à§à¦à¦¾à¦°à§à¦° à¦à¦¾à¦ à¦à¦°à§  à¦­à¦¾à¦°à¦¤à§ à¦¯à¦¤ à¦à¦¯à¦¼à¦²à§à¦ à¦¹à¦¬à§ à¦¤à¦¾à¦¦à§à¦° à¦à¦¯à¦¼ à¦¬à§à¦¶à¦¿ à¦¹à¦¬à§ à¦­à¦¾à¦°à¦¤à§à¦° à¦à¦°à§ à¦¨à¦¿à¦¯à¦¼à§ à¦¤à¦¾à¦¦à§à¦° à¦à§à¦¨ à¦à¦¿à¦¨à§à¦¤à¦¾  à¦ à¦à¦¾à¦°à¦¨ à¦¶à§à¦à¦°à§à¦° à¦®à¦¾à¦à¦¸ à¦à§à¦¯à¦¼à§ à¦à§à¦¯à¦¼à§ à¦à§à¦¯à¦¾à¦¸ à¦à¦®à§à¦¬à¦² à¦¹à¦¯à¦¼à§ à¦à§à¦à§  à¦à¦°à§ à¦¨à¦¾ à¦à§à¦²à§ à¦à¦²à¦¸à¦¾à¦° à¦¹à¦¯à¦¼à§à¦ à¦®à¦°à¦¬à§ à¦ªà¦¾à¦à¦¿à¦¸à§à¦¤à¦¾à¦¨à§à¦° à¦à¦¾à¦à¦¤à§à¦ à¦¤à¦¾à¦°à¦¾ à¦à¦à§ à¦¯à§à¦¦à§à¦§ à¦à¦¾à¦¯à¦¼  à¦ à¦à¦¾à¦°à¦¨ à¦¤à¦¾à¦°à¦¾ à¦¸à§à¦à¦ªà¦¾à¦°  à¦¯à§à¦¦à§à¦§à¦ªà¦°à¦¬à¦°à§à¦¤à§ à¦¨à§à¦à¦°à¦¾ à¦®à¦¯à¦¼à¦²à¦¾ à¦¸à¦¾à¦«à¦¾à¦ à¦à¦° à¦à¦¾à¦ à¦à¦°à¦¤à§ à¦¤à¦¾à¦°à¦¾ à¦¦à¦à§à¦· à¦à§ à¦¤à¦¾à¦°à¦¾ à¦à§à¦° à¦®à¦¨à§ à¦à¦°à§ à¦à§à¦¨  à¦ à¦à¦¾à¦°à¦¨ à¦¤à¦¾à¦¦à§à¦° à¦à¦¾à¦à¦¤à§ à¦¬à¦¡à¦¼ à¦à§à¦° à¦à§à¦ à¦¨à¦¾à¦  à¦¬à¦°à§à¦¡à¦¾à¦°à§ à¦à§,,,Sexual Harassments,Hateful
à¦¬à¦¾à¦à¦²à¦¾ à¦à¦¿à¦¨à¦¿ à¦­à¦¾à¦ à¦­à¦¾à¦ à¦¸à¦¾à¦¹à¦¾à¦¯à§à¦¯à§à¦° à¦¨à¦¾à¦®à§ à¦ªà§à¦¦ à¦®à¦¾à¦à¦°à¦¾ à¦²à¦¿à¦¬à§ à¦¤à§à¦°à¦¾ à¦¬à¦²à¦¦ à¦à§à¦¦à¦¾à¦° à¦¦à¦² à¦à¦à¦à¦¾ à¦à¦¿ à¦¬à§à¦à§à¦¸à§ à¦¨à¦¾à¦,,,Sexual Harassments,Sexual Harassments
à¦à¦à¦¾à¦¡à¦¾à¦° à¦®à¦¾à¦°à§ à¦à§à¦¦à¦¿ à¦¬à¦¾à¦à¦° à¦¹à§ à¦à¦¾à¦¨à¦à¦¿à¦° à¦ªà§à¦²à¦¾ à¦à¦®à¦¾à¦¦à§à¦° à¦¦à§à¦¶ à¦¥à§à¦à§  à¦°à§à¦¨à§à¦¡à¦¿à§à¦¾ à¦à§à¦¦à¦¾à¦° à¦¦à§à¦¶,,,Sexual Harassments,Violence
à¦®à¦¾à§à¦¾à¦¨ à¦®à¦¾à¦°à§ à¦®à§à¦¸à¦²à¦¿à¦® à¦®à§à¦°à§ à¦¶à§à¦¸ à¦à¦°à§ à¦«à§à¦²à¦² à¦¤à¦¾à¦° à¦à§à¦¨ à¦à¦¬à¦° à¦¨à¦¾à¦ à¦­à¦¾à¦°à¦¤à§ à¦à§à¦°à§à¦¨ à¦¦à§à¦°à§à¦à¦à¦¨à¦¾à§ à¦¹à¦¿à¦¨à§à¦¦à§ à¦®à¦°à§à¦à§ à¦à¦¿à¦¨à¦¾ à¦¤à¦¾ à¦¨à¦¿à§à§ à¦¸à¦°à¦à¦¾à¦°à§à¦° à¦®à¦¾à¦¥à¦¾ à¦¬à§à¦¥à¦¾,,,Sexual Harassments,Sexual Harassments
à¦¦à§à¦à§à¦¨ à¦­à¦¾à¦°à¦¤à§ à¦¬à¦¹à§ à¦à¦¾à§à¦à¦¾à§ à¦à¦¾à¦²à¦¿ à¦¤à¦¾à¦ à¦¤à¦¾à¦°à¦¾ à¦à¦¾à§à¦à¦¾à§ à¦¦à¦¿à¦à§ à¦à¦¿à¦¨à§à¦¤à§ à¦¬à¦¾à¦à¦²à¦¾à¦¦à§à¦¶à§ à¦à¦¾à§à¦à¦¾à§ à¦¨à¦¾à¦ à¦¤à¦¾à¦ à¦à¦¾à§à¦à¦¾à§ à¦¦à¦¿à¦¤à§ à¦ªà¦¾à¦°à¦à¦¿ à¦¨à¦¾  à¦¥à¦¾à¦à¦²à§ à¦à¦¬à¦¶à§à¦¯à¦ à¦¦à¦¿à¦¤à¦¾à¦®,,,Sexual Harassments,Sexual Harassments
à¦¸à¦à¦² à¦­à¦¾à¦°à¦¤à§à§ à¦à¦¾à¦°à¦ à¦¨à§ à¦à¦¿à¦¨à§à¦¤à§ à¦ªà§à¦°à¦¤à§à¦¯à§à¦à¦à¦¾ à¦à¦¾à¦°à¦à¦ à¦®à¦¾à¦²à¦¾à¦à¦¨ à¦¹à§,,,Sexual Harassments,Sexual Harassments
à¦­à¦¾à¦°à¦¤à§à¦° à¦¤à¦¾à¦¤à§ à¦¬à§ à¦¬à¦¾à¦² à¦¹à¦¬à§,,,Harmful,Offensive
à¦¬à¦¿à¦¶à§à¦¬à¦¬à§à¦¯à¦¾à¦ªà§ à¦®à§à¦¸à¦²à¦¿à¦®à¦¦à§à¦° à¦¬à¦¿à¦°à§à¦¦à§à¦§à§ à¦·à§à¦¯à¦¨à§à¦¤à§à¦°à§à¦° à¦à¦à¦à¦¿ à¦à¦à¦¶  à¦à¦¨à¦¾à§à¦¿ à¦¯à§à¦à§à¦¤à¦¿à¦° à¦à¦ªà¦° à¦­à¦¿à¦¤à§à¦¤à¦¿ à¦à¦°à§ à¦­à¦¾à¦°à¦¤ à¦à¦¸à¦²à¦¾à¦® à¦ªà§à¦°à¦à¦¾à¦° à¦¬à§à¦¯à¦¾à¦¹à¦¤ à¦à¦°à§à¦à§,,,Sexual Harassments,Sexual Harassments
à¦­à¦¾à¦°à¦¤ à¦à¦¿à¦à¦¬à¦¾ à¦®à¦¿à§à¦¾à¦¨à¦®à¦¾à¦° à¦à§à¦¨à§ à¦¦à§à¦¶à§à¦° à¦®à¦¤à§à¦ à¦¸à¦à¦à§à¦¯à¦¾à¦²à¦à§ à¦¨à¦¿à¦°à§à¦¯à¦¾à¦¤à¦¨ à¦¬à¦¾ à¦¨à¦¿à¦§à¦¨ à¦¬à¦¾à¦à¦²à¦¾à¦¦à§à¦¶à§ à¦¹à¦à§à¦à§ à¦¨à¦¾,,,Sexual Harassments,Sexual Harassments
à¦®à¦¾à¦¤à§à¦° à¦ªà¦¨à§à¦° à¦¦à¦¿à¦¨à§à¦° à¦à¦¥à¦¾ à¦¬à¦²à§ à¦­à¦¾à¦°à¦¤ à¦à¦ à¦¬à§à¦¯à¦¾à¦°à§à¦ à¦à¦ à¦à¦¬à§à¦¦à¦¿ à¦à¦¾à¦²à¦¿à§à§ à¦°à§à¦à§à¦à§  à¦®à¦¿à¦¥à§à¦¯à§à¦ à¦­à¦¾à¦°à¦¤,,,Sexual Harassments,Sexual Harassments
à¦ à¦¶à¦¾à¦²à¦¿à¦à§ à¦­à¦¾à¦°à¦¤ à¦¤à¦¾à¦°à¦¿à§à§ à¦¦à¦¿à¦¤à§ à¦¹à¦¬à§,,,Sexual Harassments,Sexual Harassments
à¦¸à¦¾à¦²à¦®à¦¾à¦¨ à¦¬à¦¿à¦¨ à¦¸à§à¦¦ à¦à¦° à¦¦à§à¦¶ à¦¸à§à¦¦à¦¿ à¦à¦°à¦¬ à¦¯à¦¦à¦¿ à¦­à¦¾à¦°à¦¤à§à§ à¦à¦¾à¦®à¦²à¦¾à¦¦à§à¦° à¦¸à§à¦¦à¦¿ à¦à¦°à¦¬ à¦¥à§à¦à§ à¦²à¦¾à¦¥à§à¦¥à¦¿ à¦¦à¦¿à§à§ à¦¬à§à¦° à¦à¦°à§ à¦¦à§à§ à¦¤à¦¾à¦¹à¦²à§ à¦­à¦¾à¦°à¦¤à§à§ à¦¶à§à§à§à¦° à¦¹à¦¿à¦¨à§à¦¦à§à¦à§à¦²à§ à¦¨à¦¾ à¦à§à§à§ à¦®à¦¾à¦°à¦¾ à¦¯à¦¾à¦¬à§   à¦¤à¦¾à¦ à¦­à¦¾à¦°à¦¤à§à§ à¦¹à¦¿à¦¨à§à¦¦à§à¦¦à§à¦° à¦à¦à¦¿à¦¤ à¦¶à¦¿à¦¬à§à¦° à¦²à¦¿à¦à§à¦ à¦ªà§à¦à¦¾ à¦¨à¦¾ à¦à¦°à§ à¦¸à§à¦¦à¦¿ à¦¬à¦¾à¦¦à¦¶à¦¾à¦¹ à¦¸à¦¾à¦²à¦®à¦¾à¦¨à§à¦° à¦²à¦¿à¦à§à¦ à¦ªà§à¦à¦¾ à¦à¦°à¦¾,,,Sexual Harassments,Sexual Harassments
à¦­à¦¾à¦°à¦¤ à¦®à¦¾à¦à¦¿à¦° à¦¦à¦¾à¦²à¦¾à¦²,,,Sexual Harassments,Harmful
à¦à¦ à¦¤à¦¾à¦°à¦¾ à¦­à¦¾à¦°à¦¤ à¦ªà¦¾à¦à¦¿à¦¸à§à¦¥à¦¾à¦¨à§à¦° à¦®à¦§à§à¦¯à§ à¦à¦¾à¦®à§à¦²à¦¾ à¦ªà¦¾à¦à¦¿à§à§ à¦¤à¦¾à¦¦à§à¦° à¦°à¦®à¦°à¦®à¦¾ à¦à¦¸à§à¦°à§à¦° à¦¬à§à¦¯à¦¾à¦¬à¦¸à¦¾ à¦à¦¾à¦²à¦¿à§à§ à¦¯à¦¾à¦à§à¦à§,,,Sexual Harassments,Sexual Harassments
à¦¸à¦¿ à¦à¦° à¦¦à¦¤à§à¦¤ à¦¤à§ à¦¬à¦¾à¦ªà§à¦° à¦¨à¦¾à¦® à¦à¦¿à¦¨à¦¾ à¦à¦¿à¦à¦¾à§ à¦¦à§à¦  à¦à¦° à¦à¦¨à§à¦ à¦®à§à¦¸à¦²à¦¿à¦®à¦ à¦¤à¦à¦¨ à¦­à¦¾à¦°à¦¤ à¦à¦¶à§à¦°à§ à¦¨à¦¿à§à§à¦à¦¿à¦²à§ à¦à¦¿à¦à¦¾à§ à¦¦à§à¦ à¦¤à§à¦° à¦à¦¾à¦à¦¾à¦°à§  à¦à¦° à¦à¦®à¦¾à¦° à¦¬à¦¾à¦¬à¦¾ à¦¤à¦à¦¨ à¦à¦²à§à¦à§à¦° à¦à¦¾à¦¤à§à¦° à¦à¦¿à¦²à§  à¦­à¦¾à¦°à¦¤ à¦¯à¦¾à§ à¦¨à¦¾à§   à¦®à§à¦à§à¦¤à¦¿à¦¯à§à¦¦à§à¦§à¦¾à¦¦à§à¦° à¦­à¦¾à¦¤ à¦°à¦¾à¦à¦¨à§à¦¦à¦¾ à¦à¦¾à¦à§à¦¾à¦à¦à§ à¦¹à¦¾à¦°à¦¾à¦®à¦¿   à¦¬à¦¨à§à¦§à§à¦ à¦¬à§à¦®à¦¾ à¦à¦¾à¦à§à¦° à¦¨à¦¿à¦à§ à¦²à§à¦à¦¾à§ à¦°à¦¾à¦à¦¤à§  à¦¤à¦¾à¦ à¦¬à§à¦¶à¦¿ à¦ªà¦¾à¦à¦¨à¦¾à¦®à¦¿ à¦¦à§à¦à¦¾à¦à¦¸ à¦¨à¦¾,,,Sexual Harassments,Sexual Harassments
à¦ à¦à¦¾à¦¨à¦à¦¿à¦° à¦¬à¦¾à¦à§à¦à¦¾ à¦¸à¦®à§ à¦à¦¿à¦­à¦¿ à¦¤à§à¦¦à§à¦° à¦à§ à¦à§à¦¤à¦¾ à¦ªà¦¿à¦à¦¾ à¦à¦°à¦¬ à¦à¦°à¦¾ à¦à¦¸à¦¹à¦¾à§ à¦®à¦¾à¦¨à§à¦· à¦à¦¦à§à¦° à¦¨à¦¿à¦à¦ à¦¤à§à¦°à§ à¦à¦°à¦¤à§ à¦°à¦¾à¦¤ à¦à¦¾à¦à¦¸ à¦à¦¥à¦ à¦­à¦¾à¦°à¦¤à§à¦° à¦à¦¬à§à¦§à¦­à¦¾à¦¬à§ à¦à¦¨à§ à¦à¦ à¦¦à§à¦¶à§ à¦ªà§à¦²à¦¿à¦¶à§à¦° à¦à¦¾à¦à¦°à¦¿ à¦¦à¦¿à¦à§ à¦¸à§à¦ à¦¨à¦¿à¦à¦ à¦à¦ à¦­à¦¾à¦²à§ à¦¹à§à§ à¦¯à¦¾,,,Sexual Harassments,Sexual Harassments
à¦à¦®à¦¾à¦¦à§à¦° à¦¦à§à¦¶ à¦à§à¦ à¦¬à¦²à§ à¦­à¦¾à¦°à¦¤à§à¦° à¦à§à¦¯à¦¼à§ à¦ªà¦¿à¦à¦¿à§à§  à¦¨à¦¾ à¦¹à¦¯à¦¼ à¦®à§à¦¤à¦¾à¦° à¦à¦¨à§à¦¯à¦ à¦¤à§à¦¦à§à¦° à¦¸à¦¾à¦¥à§ à¦¸à¦®à§à¦ªà¦°à§à¦ à¦°à¦¾à¦à¦¤à¦¾à¦® à¦¨à¦¾,,,Sexual Harassments,Sexual Harassments
à¦®à§à¦¸à¦²à¦¿à¦®à¦¦à§à¦° à¦­à¦¾à¦°à¦¤à§ à¦¥à¦¾à¦à¦¤à§ à¦¹à¦²à§ à¦®à§à¦¹à¦¾à¦®à§à¦®à¦¦ à¦¸à¦¾à¦ à¦à§ à¦¤à§à¦¯à¦¾à¦ à¦à¦°à§ à¦¶à§à¦°à§à¦°à¦¾à¦®à§à¦° à¦ªà¦¥à§ à¦à¦²à¦¤à§ à¦¹à¦¬à§ à¦¬à¦¿à¦¶à§à¦¬ à¦¹à¦¿à¦¨à§à¦¦à§ à¦ªà¦°à¦¿à¦·à¦¦,,,Sexual Harassments,Sexual Harassments
à¦­à¦¾à¦°à¦¤à§à¦° à¦ªà§à¦ à¦à¦° à¦°à¦¾à¦¨ à¦¹à¦¾à¦¹à¦¾à¦¹à¦¾    à¦­à¦¾à¦°à¦¤à§à¦° à¦¸à¦¬ à¦°à§à¦à¦°à§à¦¡ à¦¤à¦¾à¦¦à§à¦° à¦¨à¦¿à¦à§à¦° à¦®à¦¾à¦à¦¿à¦¤à§à¦  à¦¬à¦¾à¦à¦°à§à¦° à¦®à¦¾à¦à¦¿à¦¤à§ à¦¤à¦¾à¦¦à§à¦° à¦¹à¦¾à¦à§ à¦à¦¸à§ à¦¯à¦¾à§ à¦°à¦¾à¦¨ à¦à¦°à¦¤à§  à¦¤à¦¾à¦¦à§à¦° à¦®à§à¦à§ à¦¤à§ à¦ à¦à¦¥à¦¾ à¦®à¦¾à¦¨à¦¾à§ à¦¨à¦¾  à¦à¦à¦¾ à¦¯à¦¦à¦¿ à¦à¦à¦°à§à¦ªà§à¦° à¦®à¦¾à¦ à¦¹à¦¤ à¦¤à¦¾à¦ à¦¬à¦¿à¦²à¦¿à¦­ à¦à¦°à¦¾ à¦¯à§à¦¤  à¦à¦¾à¦°à¦£ à¦à¦¸à§à¦à§à¦°à§à¦²à§à§ à¦à¦° à¦à¦à¦²à§à¦¯à¦¾à¦¨à§à¦¡ à¦¤à¦¾à¦°à¦¾ à¦¸à¦¬ à¦¸à¦®à§ à¦¬à§à¦²à¦¿à¦ à¦ªà§à¦à¦à§à¦ à¦ªà§à¦°à¦¾à¦¦à¦¾à¦¨à§à¦¯ à¦¦à§à§  à¦­à¦¾à¦°à¦¤à§à¦° à¦à¦¸à¦²à§à¦ à¦²à¦à§à¦à¦¾ à¦¶à¦°à¦® à¦¨à§à¦,,,Sexual Harassments,Sexual Harassments
à¦¬à¦¾à¦à¦²à¦¾à¦¦à§à¦¶à§ à¦¯à¦à¦¨ à¦¹à¦¿à¦¨à§à¦¦à§à¦¦à§à¦° à¦à¦¡à¦¼ à¦¬à¦¾à¦¡à¦¼à¦¿à¦¤à§ à¦¹à¦¾à¦®à¦²à¦¾ à¦à¦¾à¦²à¦¾à¦¨à§à¦¤à§ à¦­à¦¾à¦°à¦¤ à¦¸à¦°à¦à¦¾à¦° à¦¤à§à¦¬à§à¦° à¦ªà§à¦°à¦¤à¦¿à¦¬à¦¾à¦¦ à¦à¦¾à¦¨à¦¾à¦¯à¦¼ à¦à¦° à¦­à¦¾à¦°à¦¤à§ à¦à¦à¦¨ à¦¬à¦¿à¦¨à¦¾ à¦à¦ªà¦°à¦¾à¦§à§ à¦ªà§à¦°à¦à¦¾à¦¶à§à¦¯à§ à¦®à§à¦¸à¦²à¦®à¦¾à¦¨à¦¦à§à¦° à¦¹à¦¤à§à¦¯à¦¾ à¦à¦°à§ à¦¤à¦à¦¨ à¦­à¦¾à¦°à¦¤à§à¦¯à¦¼ à¦®à¦¨à§à¦¤à§à¦°à§ à¦®à¦¹à¦¾à¦¦à¦¯à¦¼ à¦à¦¨ à¦¤à¦à¦¨ à¦à¦° à¦®à¦¾à¦¨à¦¬à¦¤à¦¾à¦° à¦¬à¦¾à¦¨à§ à¦¸à§à¦¨à¦¾à¦¤à§ à¦ªà¦¾à¦°à§ à¦¨à¦¾,,,Sexual Harassments,Violence
à¦à¦®à¦°à¦¾ à¦¯à§à¦¦à§à¦§ à¦à¦¾à¦ à¦à¦®à¦¾à¦¦à§à¦° à¦¦à¦¾à¦¬à§ à¦à¦à¦à¦¾à¦ à¦à¦²à¦à¦¤à¦¾ à¦à¦®à¦¾à¦¦à§à¦° à¦à¦¾à§à¦à¦¾ à¦­à¦¾à¦°à¦¤ à¦à¦®à¦¾à¦¦à§à¦° à¦¶à§à¦¸à¦¨ à¦à¦°à¦à§ à¦à¦° à¦¬à¦¦à¦²à¦¾ à¦¨à¦¿à¦¤à§ à¦à¦®à¦°à¦¾ à¦¯à§à¦¬à§à¦§ à¦à¦¾à¦,,,Sexual Harassments,Sexual Harassments
à¦­à¦¾à¦°à¦¤ à¦¥à§à¦à§ à¦¯à¦¦à¦¿ à¦®à§à¦¸à¦²à¦¿à¦® à¦¬à§à¦° à¦à¦°à§ à¦¦à§à§ à¦à§à¦®à¦¨ à¦¹à¦¬à§,,,Sexual Harassments,Sexual Harassments
à¦¤à§à¦¦à§à¦° à¦ªà§à¦°à§ à¦®à§à¦¸à¦²à¦¿à¦® à¦¦à§à¦¶ à¦à§à¦²à§à¦à§ à¦­à¦¾à¦°à¦¤ à¦à¦à¦¾à¦ à¦à§à¦¦à¦¬à§,,,Sexual Harassments,Sexual Harassments
à¦­à¦¾à¦°à¦¤à§à§à¦°à¦¾ à¦à¦ªà¦¨à¦¾à¦°à¦¾ à¦à¦¤ à¦¬à§ à¦à¦¾à¦à¦à¦¾à¦² à¦à¦à¦¬à¦¾à¦° à¦à¦¿à¦¨à§à¦¤à¦¾ à¦à¦°à§ à¦¦à§à¦à§à¦¨ à¦¶à§à¦§à§ à¦®à¦¾à¦¤à§à¦° à¦¦à¦¿à¦²à§à¦²à¦¿à¦° à¦à¦à¦à§ à¦­à¦¿à¦à§à¦·à¦¾ à¦ªà¦¾à¦à§à¦¾à¦° à¦à¦¨à§à¦¯ à¦ªà§à¦°à¦¾ à¦°à¦¾à¦à§à¦¯à§à¦° à¦¨à¦¾à¦® à¦ªà¦¾à¦²à§à¦à§ à¦«à§à¦²à§à¦à§à¦¨ à¦¤à¦¾à¦ à¦°à§à¦à§à¦à§à¦¨ à¦¬à¦¾à¦à¦²à¦¾à¦¦à§à¦¶à§à¦° à¦¨à¦¾à¦®à§à¦° à¦¸à¦¾à¦¥à§ à¦®à¦¿à¦² à¦°à§à¦à§ à¦¯à¦¾ à¦¶à§à¦¦à§à¦§ à¦à¦°à§ à¦à¦à§à¦à¦¾à¦°à¦£ à¦ à¦à¦°à¦¤à§ à¦ªà¦¾à¦°à§à¦¨ à¦¨à¦¾ à¦²à¦à§à¦à¦¾ à¦à¦°à§ à¦¨à¦¾ à¦à¦ªà¦¨à¦¾à¦¦à§à¦°   à¦¨à¦¾ à¦à¦¾à¦¨à¦¿ à¦à¦à¦¨ à¦¨à¦¿à¦à§à¦¦à§à¦° à¦¸à¦¾à¦°à¦¥à§à¦° à¦à¦¨à§à¦¯ à¦à¦ªà¦¨à¦¾à¦¦à§à¦° à¦®à¦¾ à¦¬à§à¦¨ à¦®à§à§à§à¦¦à§à¦° à¦à§,,,Sexual Harassments,Sexual Harassments
à¦¬à§à¦à¦²à¦¾à¦® à¦¨à¦¾ à¦¸à§à¦°à¦­ à¦à§à¦¨ à¦à¦®à¦¨ à¦à¦¥à¦¾ à¦¬à¦²à¦à§à¦¨  à¦®à¦¨à§ à¦¹à§à§à¦à¦¿à¦² à¦à¦¨à¦¿ à¦¬à¦¾à¦à¦²à¦¾à¦¦à§à¦¶à§à¦° à¦¬à¦¨à¦§à§  à¦à¦à¦¨ à¦¦à§à¦à¦à¦¿ à¦à¦¸à¦²à§à¦ à¦à§à¦à¦² à¦à§à¦°   à¦à¦°à§ à¦¬à¦¾à¦¬à¦¾ à¦¤à§à¦°à¦¾à¦ à¦¤à§ à¦à¦ à¦¦à§à¦¶à§ à¦à§à¦²à§à¦à¦¿à¦¸ à¦¨à¦¾à¦à¦¿  à¦à¦®à¦¨ à¦à§ à¦¤à§à¦ à¦¤à§ à¦­à¦¾à¦°à¦¤à§à¦° à¦¸à¦¾à¦¥à§ à¦à¦®à¦°à¦¾ à¦°à¦¾à¦¨ à¦à¦°à§à¦à¦¿à¦²à¦¾à¦®,,,Sexual Harassments,Violence
à¦à¦®à¦°à¦¾ à¦à¦¾à¦ à¦­à¦¾à¦°à¦¤à¦à§ à¦§à§à¦¬à¦à¦¸ à¦à¦°à¦¾ à¦¹à§à¦   à¦­à¦¾à¦°à¦¤à§à¦° à¦¸à¦¾à¦¹à¦¸ à¦¥à¦¾à¦à§ à¦ªà¦¾à¦à¦¿à¦¸à§à¦¥à¦¾à¦¨à§à¦° à¦¸à¦¾à¦¥à§ à¦¯à§à¦¦à§à¦§ à¦à¦°à§à¦   à¦¦à§à¦à¦¿ à¦à§à¦­à¦¾à¦¬à§ à¦­à¦¾à¦°à¦¤à§à¦° à¦à¦°à§ à¦®à¦¾ à¦­à¦¾à¦°à¦¤à¦à§ à¦°à¦à§à¦·à¦¾ à¦à¦°à¦¬à§,,,Sexual Harassments,Sexual Harassments
à¦¬à§à¦à¦¾à¦ à¦¯à¦¾à¦ à¦ªà§à¦°à¦¥à¦® à¦à¦²à§ à¦ªà§à¦°à¦¤à¦¿à¦¨à¦¿à¦§à¦¿à¦°à¦¾ à¦­à¦¾à¦°à¦¤à§à¦° à¦à¦¾à¦°à¦ à¦¸à¦¨à§à¦¤à¦¾à¦¨    à¦à¦°à§à¦° à¦¬à¦¾à¦à§à¦à¦¾ à¦­à¦¾à¦°à¦¤ à¦à¦²à§ à¦¯à¦¾,,,Sexual Harassments,Sexual Harassments
à¦¤à§à¦¦à§à¦° à¦®à§à¦à§ à¦¬à¦¾à¦à¦²à¦¾à¦¦à§à¦¶ à¦à¦° à¦¬à§à¦à¦­à¦°à¦¾ à¦­à¦¾à¦°à¦¤,,,Sexual Harassments,Sexual Harassments
à¦à¦ à¦¸à¦®à¦¸à§à¦¤ à¦ªà¦¾à¦à¦²à§à¦° à¦¬à¦¿à¦²à¦¾à¦ª à¦à¦à¦°à¦¾ à¦²à¦¾à¦­ à¦¨à¦¾à¦  à¦¬à¦¨à§à¦§à§à¦à§à¦° à¦¨à¦² à¦­à¦¾à¦°à¦¤à§à¦° à¦¦à¦¿à¦à§ à¦à¦¾à¦¤ à¦à¦°à§ à¦à¦à§à¦¨ à¦®à¦¾à¦¨à¦¾ à¦à¦°à¦¬ à¦¨à¦¾ à¦à¦¿à¦¨à§à¦¤à§ à¦¦à¦¯à¦¼à¦¾ à¦à¦à¦°à¦¾ à¦à§à¦¨ à¦¥à§à¦à§ à¦¯à§ à¦¯à§à¦¦à§à¦§ à¦¬à¦¿à¦®à¦¾à¦¨ à¦¨à¦¿à¦à§à¦¨ à¦à¦à¦¡à¦¾à¦°à§ à¦à¦à¦à§ à¦®à¦¿à¦¯à¦¼à¦¾à¦¨à¦®à¦¾à¦°à§à¦° à¦¦à¦¿à¦à§ à¦à§à¦°à¦¾à¦¯à¦¼ à¦à¦¨à§à¦¨  à¦°à§à¦¹à¦¿à¦à§à¦à¦¾à¦¦à§à¦° à¦à¦¨à§à¦¯ à¦à¦¿à¦à§ à¦à¦°à§à¦¨ à¦à¦¨à¦¾à¦¬ à¦¨à¦à¦¯à¦¼à¦¾à¦ à¦¶à¦°à§à¦«,,,Sexual Harassments,Harmful
à¦­à¦¾à¦°à¦¤à§ à¦®à§à¦¸à¦²à¦¿à¦® à¦¨à¦¿à¦°à¦¯à¦¾à¦¤à¦¨à§à¦° à¦¬à¦¿à¦à¦¾à¦° à¦¹à§à¦¨à¦¾ à¦à§à¦¨à§ à¦à¦¾à¦¨à¦¾à¦° à¦à¦°à§à¦° à¦à¦¾à¦¨à¦¾ à¦à¦à¦à§à¦²à¦¾ à¦à¦à§ à¦ªà¦°à§à¦¨à¦¾,,,Sexual Harassments,Sexual Harassments
à¦à¦ªà¦¨à¦¿ à¦à¦¬à¦¶à§à¦¯à¦ à¦à¦¾à¦¨à§à¦¨ à¦¬à¦¾à¦à¦²à¦¾à¦¦à§à¦¶à§ à¦à¦¿à¦à§à¦¦à¦¿à¦¨ à¦ªà§à¦°à§à¦¬à§ à¦à¦ªà¦¨à¦¾à¦° à¦¦à¦²à§à¦° à¦¦à¦²à§à§ à¦à§à¦¨à§à¦¦à¦²à§à¦° à¦à¦¾à¦°à¦£à§ à¦¬à¦¿ à¦¬à¦¾à§à¦¿à§à¦¾ à¦¨à¦¾à¦¸à¦¿à¦°à¦¨à¦à¦°à§ à¦¸à¦à¦à§à¦¯à¦¾à¦²à¦à§à¦¦à§à¦° à¦à¦ªà¦° à¦¹à¦¾à¦®à¦²à¦¾ à¦¹à§à§à¦à§ à¦¸à§à¦¬à¦à¦¾à¦¤à¦¿à¦° à¦¨à¦¿à¦°à¦¾à¦ªà¦¤à§à¦¤à¦¾ à¦¬à¦¿à¦§à¦¾à¦¨à§ à¦ªà¦¾à¦¶à§à¦¬à¦¬à¦°à§à¦¤à§ à¦°à¦¾à¦·à§à¦à§à¦° à¦­à¦¾à¦°à¦¤à§à¦° à¦®à§à¦¦à¦¿ à¦¸à¦°à¦à¦¾à¦° à¦,,,Sexual Harassments,Sexual Harassments
à¦­à¦¾à¦°à¦¤à§à¦° à¦®à¦¤ à¦à¦à¦à¦¿ à¦¦à§à¦¶à§à¦° à¦ªà§à¦°à¦§à¦¾à¦¨ à¦à¦¿à¦­à¦¾à¦¬à§ à¦à¦®à¦¨ à¦¨à¦¾à¦à¦ à¦à¦°à¦¤à§ à¦ªà¦¾à¦°à§,,,Sexual Harassments,Sexual Harassments
à¦¹à¦¿à¦¤à¦¿à¦°à§ à¦­à¦¾à¦°à¦¤à§à¦° à¦®à§à¦¦à¦¿à¦° à¦¸à¦¾à¦¥à§ à¦¬à¦¿à§à§ à¦¦à¦¿à§à§ à¦¦à§à¦à§à¦¾ à¦à¦à¦¿à¦¤ à¦¸à¦¬ à¦à¦¿à¦°à¦¿à§à¦¾à¦² à¦¸à¦°à¦¾à¦¸à¦°à¦¿ à¦¦à§à¦à¦¾à¦¬à§,,,Sexual Harassments,Violence
à¦ªà¦¾à¦à¦¿à¦¸à§à¦¤à¦¾à¦¨ à¦à¦à¦à¦¿ à¦¸à¦¨à§à¦¤à§à¦°à¦¾à¦¸à§ à¦¤à§à§à¦¾à¦°à¦¿ à¦à¦°à¦¾ à¦à¦¬à¦ à¦°à¦«à¦¤à¦¾à¦¨à¦¿ à¦à¦°à¦¾ à¦¦à§à¦¶,,,Sexual Harassments,Sexual Harassments
à¦ªà§à¦¥à¦¿à¦¬à§à¦° à¦¸à¦¬à¦à§à§à§ à¦¨à¦¿à¦à§ à¦à¦¾à¦¤à¦¿ à¦¹à¦²à§ à¦­à¦¾à¦°à¦¤à§à¦° à¦¬à¦¾à¦à¦¾à¦²à¦¿ à¦¹à¦¿à¦¨à§à¦¦à§à¦°à¦¾  à¦à¦¾à§à§ à¦ªà§à§ à¦à¦à§à¦¾ à¦à¦°à¦¾ à¦à¦¾à§à¦¾ à¦¯à§à¦¨ à¦à¦° à¦à§à¦¨à§ à¦à¦¾à¦ à¦¨à¦¾à¦,,,Sexual Harassments,Sexual Harassments
à¦¯à¦¾à¦°à¦¾ à¦¬à¦²à¦à§ à¦à¦¦à§à¦¶à§ à¦à¦¾à§à¦à¦¾ à¦¦à¦¿à§à¦¾ à¦¯à¦¾à¦¬à§ à¦¨à¦¾ à¦¤à¦¾à¦¦à§à¦° à¦­à¦¾à¦¤à¦¾à¦° à¦¬à¦¾à§à¦¿ à¦°à§à¦¨à§à¦¡à¦¿à§à¦¾à§ à¦ªà¦¾à¦ à¦¿à§à§ à¦¦à¦¿à§à¦¾à¦° à¦¦à¦°à¦à¦¾à¦°  à¦°à§à¦¨à§à¦¡à¦¿à§à¦¾à¦° à¦®à¦¾à¦²à§à¦¦à§à¦° à¦à¦¾à§à¦à¦¾ à¦¦à¦¿à¦²à§ à¦à¦¦à¦° à¦¦à¦¿à¦²à§ à¦à§à¦¬ à¦­à¦¾à¦² à¦²à¦¾à¦à¦¬à§ à¦¤à¦¾à¦ à¦¨à¦¾  à¦°à§à¦¨à§à¦¡à¦¿à§à¦¾à¦° à¦¦à¦¾à¦²à¦¾à¦²,,,Sexual Harassments,Violence
à¦®à§à¦¸à¦²à¦®à¦¾à¦¨ à¦¤à¦¾à¦ à¦¬à¦¾à¦à¦²à¦¾à¦¦à§à¦¶ à¦à¦¿à¦à¦¬à¦¾ à¦­à¦¾à¦°à¦¤ à¦à§à¦¥à¦¾à¦ à¦à¦¦à§à¦° à¦à¦¾à§à¦à¦¾ à¦¹à¦à§à¦à§à¦¨à¦¾ à¦¯à¦¦à¦¿ à¦à¦°à¦¾ à¦¹à¦¿à¦¨à§à¦¦à§ à¦à¦¥à¦¬à¦¾ à¦à¦¨à§à¦¯ à¦§à¦°à§à¦®à§à¦° à¦à§à¦ à¦¹à¦¤ à¦¤à¦¾à¦¹à¦²à§ à¦¬à¦¾à¦à¦²à¦¾à¦¦à§à¦¶à§ à¦à¦¦à§à¦° à¦à¦¾à§à¦à¦¾ à¦¹à§à§ à¦¯à§à¦¤à§,,,Sexual Harassments,Sexual Harassments
à¦­à¦¾à¦°à¦¤à§ à¦à¦° à¦à¦¸ à¦à¦¸ à¦¯à¦¤à¦¦à¦¿à¦¨ à¦¥à¦¾à¦à¦¬à§ à¦¤à¦¤à¦¦à¦¿à¦¨ à¦¦à¦¾à¦à§à¦à¦¾ à¦¹à¦¾à¦®à¦²à¦¾ à¦¥à¦¾à¦à¦¬à§,,,Sexual Harassments,Sexual Harassments
à¦¤à¦¾à¦°à¦ªà¦°à¦ à¦¨à¦°à§à¦¨à§à¦¦à§à¦° à¦®à§à¦¦à§ à¦®à¦¹à¦¾à¦­à¦¾à¦°à¦¤à§ à¦¸à¦¿à¦à¦¹ à¦ªà¦°à§à¦·,,,Sexual Harassments,Sexual Harassments
à¦¬à¦¾à¦à¦²à¦¾à¦¦à§à¦¶à§à¦° à¦®à¦¿à¦°à¦ªà§à¦°à§à¦° à¦®à¦¾à¦ à§ à¦­à¦¾à¦°à¦¤ à¦°à¦¾à¦¨ à¦à¦°à¦¤à§ à¦ªà¦¾à¦°à¦¤à§ à¦¨à¦¾  à¦à§à¦¿à§à§ à¦¦à¦¿à¦¤ à¦¸à¦¾à¦à¦¿à¦¬ à¦à¦° à¦®à§à¦¹à§à¦¦à¦¿,,,Sexual Harassments,Sexual Harassments
à¦­à¦¾à¦°à¦¤ à¦à¦°à§à¦° à¦¦à§à¦¶ à¦à¦¿à§à§ à¦²à¦¾à¦­ à¦¨à¦¾à¦,,,Sexual Harassments,Sexual Harassments
à¦­à¦¾à¦°à¦¤ à¦à¦à¦¨à§ à¦¬à¦¾à¦à¦²à¦¾à¦¦à§à¦¶à§à¦° à¦¬à¦¨à§à¦¦à§ à¦¨à¦¾  à¦­à¦¾à¦°à¦¤à¦à§ à¦¬à¦¨à§à¦¦à§ à¦¬à¦²à¦¾ à¦à¦° à¦¬à¦¿à¦¸à¦¾à¦¤à§à¦¤ à¦¸à¦¾à¦ªà¦à§ à¦à§à¦®à§ à¦¦à¦¿à¦¬à¦¾à¦° à¦®à¦¤,,,Sexual Harassments,Sexual Harassments
à¦¹à¦¾à¦à¦¿à¦¨à¦¾ à¦à¦¾à¦¤à§à¦¨ à¦à¦¤ à¦¬à§à¦¶à§ à¦à¦¬à§à¦ à¦­à¦¾à¦² à¦¨à¦¾  à¦ à¦¸à¦®à§à§à¦° à¦à¦à¦¨ à¦­à¦¾à¦°à¦¤à§à§ à¦à§à¦¬à¦¿à¦¤ à¦à¦à§  à¦¨à¦¿à¦à§à¦° à¦²à§à¦à¦¦à§à¦° à¦à§ à¦­à¦¾à¦°à¦¤à§à§ à¦¬à¦¾à¦¨à¦¿à§à§ à¦à¦¾à¦à¦¾ à¦à¦¾à¦à§à¦¾à¦° à¦ªà¦¨à§à¦¦à¦¿,,,Sexual Harassments,Sexual Harassments
à¦à¦¿à¦¨ à¦¬à§ à¦­à¦¾à¦°à¦¤ à¦¬à¦¾à¦à¦²à¦¾à¦¦à§à¦¶à§à¦° à¦®à¦¿à¦¡à¦¿à§à¦¾ à¦¤à§à¦¦à§à¦° à¦¸à§à¦¯à¦¾à¦®à¦¸à¦¾ à¦à¦¿  à¦à¦°à¦¤à§ à¦¬à¦¿à¦¶à§à¦¬à§à¦° à¦à¦¨à§ à¦®à¦¿à¦¡à¦¾à§à¦¾ à¦¦à§à¦à¦¿à¦¨à¦¾,,,Sexual Harassments,Sexual Harassments
à¦¸à¦¾à¦²à¦¾à¦°à¦¾ à¦­à¦¾à¦°à¦¤à§à§ à¦°à§à¦ªà¦¿ à¦°à¦¾à¦ à¦à§à¦¨,,,Sexual Harassments,Sexual Harassments
à¦­à¦¾à¦°à¦¤à§à¦° à¦à¦à¦¿à¦¤ à¦à¦à¦¸à¦¬ à¦à¦¬à§à¦§ à¦°à§à¦¹à¦¿à¦à§à¦à¦¾à¦¦à§à¦° à¦à§à¦à¦à§ à¦¦à§à¦¶ à¦¥à§à¦à§ à¦¦à§à¦° à¦à¦°à§ à¦¦à§à¦à§à¦¾  à¦¦à§à¦à¦¾ à¦¯à¦¾à¦à§à¦à§ à¦à¦°à¦¾ à¦¯à§à¦¦à§à¦¶à§ à¦¯à¦¾à¦à§à¦à§ à¦¸à§à¦à¦¾à¦¨à¦à¦¾à¦° à¦à¦à¦¨ à¦¶à§à¦à§à¦à¦²à¦¾à¦° à¦à¦¬à¦¨à¦¤à¦¿ à¦¹à¦à§à¦à§  à¦¬à¦¾à¦à¦²à¦¾à¦¦à§à¦¶ à¦®à¦¾à§à¦¾à¦®à§à¦®à¦¾à¦° à¦à¦° à¦­à¦¾à¦°à¦¤ à¦à¦à¦¾ à¦¹à¦¾à§à§ à¦¹à¦¾à§à§ à¦¬à§à¦à¦à§,,,Sexual Harassments,Violence
à¦­à¦¾à¦°à¦¤ à¦¨à¦¾ à¦ªà¦¾à¦à¦¿à¦¸à§à¦¤à¦¾à¦¨ à¦à¦¾à¦à¦ªà§ à¦­à§à¦² à¦¹à¦à¦à§,,,Sexual Harassments,Sexual Harassments
à¦¨à¦¿à¦à§à¦° à¦à¦­à§à¦¯à¦¨à§à¦¤à¦°à§à¦£ à¦®à§à¦à§à¦¤à¦¿à¦¯à§à¦¦à§à¦§à¦¾à¦°à¦¾ à¦®à¦¾à¦¨à¦¬à§à¦¤à¦° à¦à§à¦¬à¦¨ à¦¯à¦¾à¦ªà¦¨ à¦à¦°à¦¤à§à¦à§ à¦ªà¦°à§à¦° à¦à¦°à§ à¦à¦¾à¦²à§ à¦¦à§à¦à§à¦¾ à¦®à¦¾à¦¨à§ à¦¹à§à¦¨à¦¾ à¦à§à¦¤à¦à§à¦à¦¤à¦¾à¦° à¦¨à¦¾à¦®à§ à¦à¦à¦¦à¦¿à¦¨ à¦¬à¦¾à¦à¦²à¦¾à¦¦à§à¦¶à§à¦à¦¾ à¦­à¦¾à¦°à¦¤à§ à¦à¦¾à¦à§ à¦¦à¦¿à§à§ à¦¦à¦¿à¦¬à§à¦¨ à¦®à¦¨à§à¦¹à§,,,Sexual Harassments,Sexual Harassments
à¦à¦° à¦à¦à¦à¦¿ à¦ªà§à¦°à¦¶à§à¦¨ à¦¸à¦à¦à¦¾à¦²à¦à§ à¦­à¦¾à¦à¦¦à§à¦° à¦¬à¦¾à¦à¦²à¦¾à¦¦à§à¦¶à§ à¦¹à¦¿à¦¨à§à¦¦à§à¦°à¦¾ à¦¬à¦²à¦¿à¦¦à§à§ à¦®à§à¦¸à¦²à¦®à¦¨à¦¦à§à¦° à¦à¦¨à§à¦¯ à¦¹à¦¾à¦°à¦¾à¦® à¦à¦®à¦¨ à¦¸à¦¬ à¦ªà§à¦°à¦¾à¦¨à¦¿ à¦à¦¾à¦¬à¦¾à¦° à¦à¦¾à§  à¦­à¦¾à¦°à¦¤à§ à¦à¦°à§ à¦à¦¬à¦¾à¦ à¦à¦° à¦¨à¦¾à¦à¦ à¦¬à¦¾à¦¨à¦¾à§à§ à¦®à§à¦¸à¦² à¦®à¦¾à¦¨ à¦à§ à¦¹à¦¤à§à¦¯à¦¾ à¦à¦°à¦¾ à¦¹à§à§à¦à§  à¦à¦ªà¦¨à¦¾à¦°à¦¾ à¦¨à¦¿à¦¶à§à¦à§à¦ª à¦à¦¿à¦²à§à¦¨  à¦®à¦¾à§à¦¾à¦¨à¦®à¦¾à¦° à¦¹à¦¾à¦à¦¾à¦° à¦¹à¦¾à¦à¦¾à¦° à¦®à¦¾à¦¨à§à¦· à¦®à¦¾à¦°à¦¾à¦¹à¦à¦à§ à¦§à¦°à¦¸à¦¨ à¦à¦£à¦¹à¦¤à§à¦¯à¦¾ à¦®à¦¾à¦¨à¦¬à¦¾à¦§à¦¿à¦à¦¾à¦° à¦²à¦à¦à¦¨ à¦¹à¦à¦à§ à¦à¦ªà¦¨à¦¾à¦°à¦¾ à¦¨à¦¿à¦¸à¦à§à¦ª à¦¤à¦¾à¦®à¦¾à¦¶à¦¾ à¦¦à§à¦à¦à§à¦¨  à¦à¦¸à¦²à¦¾à¦® à¦¨à¦¾à¦à¦¿ à¦¨à§ à¦¬à¦°à¦ à¦à¦¸à¦²à¦¾à¦® à¦¸à¦¬à¦¸à¦®,,,Harmful,Offensive
à¦ªà§à¦¥à¦¿à¦¬à§à¦° à¦®à¦¾à¦¨à¦à¦¿à¦¤à§à¦° à¦¥à§à¦à§ à¦­à¦¾à¦°à¦¤ à¦à§ à¦®à§à¦à§ à¦¦à§à¦à§à¦¾ à¦¹à§à¦,,,Sexual Harassments,Sexual Harassments
à¦­à¦¾à¦°à¦¤à§à¦° à¦à¦¨à¦à¦£ à¦à¦¿ à¦¬à§à¦à¦¾à¦à§à¦¦à¦¾  à¦¬à¦¾à¦à¦²à¦¾à¦¦à§à¦¶à§à¦° à¦¦à§à¦à¦à¦¾à¦à¦¾ à¦à§ à¦­à¦¾à¦°à¦¤à§à¦° à¦ªà¦¾à¦à¦ à¦à¦¾à¦à¦¾ à¦¦à¦¿à¦¯à¦¼à§ à¦à¦¿à¦¨à¦¬à§  à¦­à¦¾à¦°à¦¤à§à¦° à¦ªà¦¾à¦à¦ à¦à¦¾à¦à¦¾à¦° à¦¦à¦¾à¦® à¦¬à¦¾à¦à¦²à¦¾à¦¦à§à¦¶à§à¦° à¦¦à¦¶ à¦à¦¾à¦à¦¾à¦° à¦¸à¦®à¦¾à¦¨,,,Sexual Harassments,Sexual Harassments
à¦­à¦¾à¦°à¦¤ à¦à¦®à¦¾à¦¦à§à¦° à¦¬à¦¨à§à¦¦à§ à¦¤à¦¾à¦ à¦¤à§ à¦­à¦¾à¦²à§ à¦à¦¾à§à¦¨à¦¾ à¦¸à¦¬à¦¾à¦ à¦¬à§à¦à§ à¦à¦¿à¦¨à§à¦¤à§ à¦à¦®à¦¾à¦¦à§à¦° à¦¸à¦°à¦à¦¾à¦°à§à¦¦à¦²à§à¦° à¦à¦¨à§à¦à§ à¦¬à§à¦à§à¦¨à¦¾,,,Sexual Harassments,Violence
à¦¯à¦¤ à¦à¦à¦à¦­à¦¿ à¦à¦¥à¦¾ à¦à¦à§à¦¾à¦®à¦¿à¦²à§à¦à§à¦° à¦à¦®à¦²à§ à¦­à¦¾à¦°à¦¤ à¦à§,,,Violence,Sexual Harassments
à¦¸à§ à¦¤ à¦¹à¦¬à§à¦ à¦¦à¦¾à¦¦à¦¾à¦° à¦¬à¦¾à§à¦¿à¦° à¦­à¦¾à¦°à¦¤ à¦¬à¦²à§ à¦à¦¥à¦¾,,,Sexual Harassments,Sexual Harassments
à¦¨à¦¾à¦¸à§à¦¤à¦¿à¦ à¦¸à¦°à¦à¦¾à¦°à§ à¦¬à¦¨à§à¦§à§ à¦­à¦¾à¦°à¦¤à§à¦° à¦«à¦¾à§à¦¾à¦° à¦¸à¦¾à¦­à¦¿à¦¸ à¦¬à¦¾à¦à¦²à¦¾à¦¦à§à¦¶à§ à¦à¦à¦¬,,,Sexual Harassments,Sexual Harassments
à¦®à¦¨à§à¦¤à§à¦°à§ à¦¸à§à¦®à§à¦¤à¦¿ à¦à¦°à¦¾à¦¨à§ à¦à¦° à¦®à¦§à§à¦¯à§à¦¦à¦¿à§à§ à¦à¦¿ à¦¬à§à¦à¦¾à¦¤à§ à¦à§à§à§à¦à§ à¦à¦¬à¦ à¦¬à¦¿à¦¶à§à¦¬à¦à§ à¦¬à§à¦à¦¾à¦à§à¦¨ à¦¯à§ à¦­à¦¾à¦°à¦¤ à¦¬à¦°à§à¦·à§à¦° à¦®à¦¨à§à¦¤à§à¦°à§à¦°à¦¾ à¦à¦à¦§à¦® à¦¸à¦¾à¦§à¦¾à¦°à¦¨ à¦à¦¨à¦à¦£  à¦¤à¦¬à§ à¦¯à¦¾ à¦¦à§à¦à¦¾à¦²à§à¦¨ à¦­à¦¾à¦²à§ à¦¦à§à¦à¦¾à¦²à§à¦¨ à¦§à¦¨à§à¦¯à¦¬à¦¾à¦¦,,,Sexual Harassments,Sexual Harassments
à¦à¦ªà¦¨à¦¾à¦° à¦®à¦¤à§ à¦¸à¦¿à¦à¦¿à¦à¦à§ à¦à¦¾à§à¦à¦¾ à¦¦à¦¿à§à§ à¦à¦¨à¦¿ à¦à¦ à¦­à§à¦² à¦à¦°à¦à§à¦¨ à¦à¦ªà¦¨à¦¾à¦° à¦à¦¥à¦¾à§à¦à¦¿ à¦à¦°à§ à¦à¦à¦à¦¾ à¦­à§à¦² à¦à¦°à¦¬à§ à¦à¦¿ à¦®à§à¦¸à¦²à¦®à¦¾à¦¨à¦à§ à¦à¦¾à§à¦à¦¾ à¦¦à¦¿à§à¦¾ à¦à¦¾à§à¦à¦¾ à¦ à¦¿à¦à§à¦ à¦¦à¦¿à¦¤à§ à¦à¦¦à¦¿ à¦à¦¨à¦¾à¦°à¦¾ à¦¹à¦¿à¦¨à§à¦¦à§ à¦¬à¦¾ à¦­à¦¾à¦°à¦¤à§à¦° à¦²à§à¦ à¦¹à§à¦à¦¤à§,,,Sexual Harassments,Sexual Harassments
à¦à¦®à¦°à¦¾ à¦à¦¾à¦à¦²à¦¾à¦¦à§à¦¶à¦¿ à¦®à¦¾à¦à§ à¦à§à¦¦à¦¤à§ à¦­à¦¾à¦²à§à¦¬à¦¾à¦¸à¦¿,,,Sexual Harassments,Sexual Harassments
à¦à¦¤à§à¦¤à¦°-à¦ªà§à¦°à§à¦¬à¦¾à¦à§à¦à¦²à§à§ à¦°à¦¾à¦à§à¦¯à¦à§à¦²à§à¦° à¦ªà§à¦°à¦¾à§ à§§ à¦¹à¦¾à¦à¦¾à¦° à§¬à§¦à§¦ à¦à¦¿à¦²à§à¦®à¦¿à¦à¦¾à¦° à¦¸à§à¦®à¦¾à¦¨à§à¦¤ à¦à¦à§ à¦®à¦¿à§à¦¾à¦¨à¦®à¦¾à¦°à§à¦° à¦à¦¸à¦¬ à¦à¦²à¦¾à¦à¦¾à¦° à¦¸à¦à§à¦à§,,,Sexual Harassments,Sexual Harassments
à¦®à¦¿à§à¦¾à¦¨à¦®à¦¾à¦°à§ à¦à¦ à¦à¦¾à¦° à¦à¦¨à¦ªà¦¦à§à¦ à¦à¦¨à§à¦ à¦¸à¦¶à¦¸à§à¦¤à§à¦° à¦¦à¦² à¦à¦à§à¥¤ à¦¤à¦¾à¦¦à§à¦° à¦¸à¦à§à¦°à¦¿à§à¦¤à¦¾à¦° à¦¬à§à¦¸à¦ à¦à§à§à¦ à¦¦à¦¶à¦ à¦ªà§à¦°à§à¦¨à§à¥¤,,,Sexual Harassments,Sexual Harassments
à¦ªà¦¾à¦¶à§à¦° à¦¬à¦¾à¦à¦²à¦¾à¦¦à§à¦¶à§ à¦à¦¨à¦¸à¦à¦¹à¦¤à¦¿ à¦¸à¦®à¦¿à¦¤à¦¿ à¦¶à¦¾à¦¨à§à¦¤à¦¿à¦à§à¦à§à¦¤à¦¿ à¦à¦°à§ à¦à¦à¦¨ à¦¨à¦¿à§à¦®à¦¤à¦¾à¦¨à§à¦¤à§à¦°à¦¿à¦ à¦°à¦¾à¦à¦¨à§à¦¤à¦¿à¦¤à§ à¦¥à¦¾à¦à¦²à§à¦ à¦à¦à¦¸à¦®à§ à¦à¦à¦¾à¦¨à§à¦ à¦¸à¦¶à¦¸à§à¦¤à§à¦° à¦¯à§à¦¦à§à¦§à¦¾à¦¬à¦¸à§à¦¥à¦¾ à¦à¦¿à¦²,,,Sexual Harassments,Sexual Harassments
à¦¬à¦¾à¦à¦²à¦¾à¦¦à§à¦¶à§à¦° à¦¸à¦à§à¦à§ à¦¸à¦¾à¦¤ à¦°à¦¾à¦à§à¦¯à§à¦° à¦¸à§à¦®à¦¾à¦¨à§à¦¤ à¦à¦à§ à¦ªà§à¦°à¦¾à§ à¦ªà§à¦°à¦¾à§ à§§ à¦¹à¦¾à¦à¦¾à¦° à§¬à§¦à§¦ à¦à¦¿à¦²à§à¦®à¦¿à¦à¦¾à¦°,,,Sexual Harassments,Sexual Harassments
"à¦®à¦£à¦¿à¦ªà§à¦°à§à¦° à¦®à§à¦à¦¤à§à¦ à¦ à¦à§à¦à¦¿à¦°à¦¾ à¦à§à¦¥à¦¾ à¦¥à§à¦à§ à¦à¦¸à§à¦¤à§à¦° à¦ªà¦¾à¦à§à¦à§, à¦ à¦ªà§à¦°à¦¶à§à¦¨à§à¦° à¦à¦¤à§à¦¤à¦° à¦°à§à§à¦à§ à¦¤à§à¦°à¦¿à¦¦à§à¦¶à§à§ à¦à¦ à¦ªà§à¦°à§ à¦à¦à§à¦à¦²à§à¦° à¦à¦¸à§à¦¤à§à¦°à¦ªà¦¾à¦¤à¦¿à¦° à¦à§à¦¸à§à¥¤",,,Sexual Harassments,Sexual Harassments
à¦à¦¤à§à¦¤à¦°-à¦ªà§à¦°à§à¦¬à¦¾à¦à§à¦à¦²à§à§ à¦à¦ à¦°à¦¾à¦à§à¦¯à§à¦° à¦à§à¦¤à¦¨ à¦à¦ à¦²à¦¾à¦ à¦¬à¦°à§à¦à¦à¦¿à¦²à§à¦®à¦¿à¦à¦¾à¦°à§à¦° à¦à§à§à§à¦ à¦¬à§à¦¶à¦¿à¥¤ à¦à¦¾à¦à¦¾à¦à¦¾à¦à¦¿ à¦¥à¦¾à¦à¦¾ à¦®à¦¿à§à¦¾à¦¨à¦®à¦¾à¦°à§à¦° à¦à¦¾à¦°à¦à¦¿ à¦à¦²à¦¾à¦à¦¾à¦° à¦à§à¦¤à¦¨ à¦ªà§à¦°à¦¾à§ à¦ªà§à¦¨à§ à¦¤à¦¿à¦¨ à¦²à¦¾à¦ à¦¬à¦°à§à¦à¦à¦¿à¦²à§à¦®à¦¿à¦à¦¾à¦°à¥¤,,,Sexual Harassments,Violence
à¦ªà¦¾à¦°à§à¦¬à¦¤à§à¦¯ à¦à¦à§à¦à¦à§à¦°à¦¾à¦®à§à¦° à¦à§à¦¤à¦¨ à¦ªà§à¦°à¦¾à§ à¦¤à§à¦°à§-à¦à§à¦¦à§à¦¦ à¦¹à¦¾à¦à¦¾à¦° à¦¬à¦°à§à¦à¦à¦¿à¦²à§à¥¤ à¦¸à¦¬ à¦®à¦¿à¦²à§ à¦à¦ à¦ªà§à¦°à§ à¦à¦à§à¦à¦²à§à¦° à¦à§à¦¤à¦¨ à¦ªà§à¦°à¦¾à§ à¦à¦¾à¦° à¦²à¦¾à¦ à¦¬à¦°à§à¦à¦à¦¿à¦²à§à¦®à¦¿à¦à¦¾à¦°à¥¤,,,Sexual Harassments,Sexual Harassments
à¦à§à¦¤à¦¨à§à¦° à¦à§à§à§à¦ à¦à¦ à¦à¦à§à¦à¦²à§à¦° à¦à§à¦°à§à¦¤à§à¦¬ à¦¤à¦¾à¦° à¦ªà§à¦°à¦¾à¦à§à¦¤à¦¿à¦ à¦¸à§à¦¨à§à¦¦à¦°à§à¦¯à§ à¦ à¦à¦¾à¦¤à¦¿à¦à¦¤ à¦¬à¦¹à§à¦¤à§à¦¬à§à¥¤ à¦§à¦°à§à¦®à§à¦ à¦à¦ à¦ªà§à¦°à§ à¦à¦à§à¦à¦² à¦¬à¦¹à§à¦¤à§à¦¬à¦®à§,,,Sexual Harassments,Sexual Harassments
à¦¹à¦¿à¦¨à§à¦¦à§-à¦®à§à¦¸à¦²à¦®à¦¾à¦¨-à¦¬à§à¦¦à§à¦§-à¦à§à¦°à¦¿à¦·à§à¦à¦¾à¦¨âà¦¸à¦¬à¦¾à¦ à¦à¦à¦¾à¦¨à§ à¦à¦à§à¥¤ à¦ à¦°à¦à¦® à¦¸à¦¬à¦¾à¦° à¦¸à¦®à¦¤à¦²à§à¦° à¦®à¦¾à¦¨à§à¦·à¦¦à§à¦° à¦¸à¦®à§à¦ªà¦°à§à¦à§ à¦à¦¤à¦¿à¦¹à¦¾à¦¸à¦¿à¦ à¦¬à¦¿à¦°à¦¾à¦ à¦à¦à§à¥¤ à¦¸à§à¦ à¦¸à§à¦¤à§à¦°à§ à¦¸à¦¿à¦à¦¿à¦® à¦à¦¾à§à¦¾ à¦à¦ªà¦°à§à¦° à§§à§¨à¦à¦¿ à¦à¦¨à¦ªà¦¦à§à¦ à¦à¦¾à¦¤à¦¿à¦à¦¤ à¦à¦¸à§à¦¥à¦¿à¦°à¦¤à¦¾ à¦à¦à§à¥¤,,,Violence,Violence
à¦à¦à§ à¦à¦¸à§à¦¤à§à¦°à§à¦°à¦ à¦¬à§à¦¯à¦¬à¦¹à¦¾à¦°à¥¤ à¦à¦¸à§à¦¤à§à¦°à§à¦° à¦¸à¦à§à¦à§ à¦à¦à§ à¦®à¦¾à¦¦à¦à§à¦°à¦ à¦à¦¨à§à¦¤à¦¦à§à¦¶à§à§ à¦à¦²à¦¾à¦à¦²à¥¤ à¦à¦¿à¦¨à§à¦¤à§ à¦à§à¦¥à¦¾ à¦¥à§à¦à§ à¦à¦¸à¦à§ à¦à¦¸à¦¬? à¦¯à¦¾à¦à§à¦à§ à¦à§à¦¥à¦¾à§? à¦¤à¦¾à¦° à¦°à¦¾à¦à¦¨à§à¦¤à¦¿à¦ à¦à¦°à§à¦¥à¦¨à§à¦¤à¦¿à¦âà¦¬à¦¾ à¦à§?,,,Sexual Harassments,Violence
à¦¬à¦¾à¦à¦²à¦¾à¦¦à§à¦¶à§à¦° à¦ªà¦¾à¦°à§à¦¬à¦¤à§à¦¯ à¦à¦à§à¦à¦à§à¦°à¦¾à¦®à§ à¦à§à¦à¦¨à¦à¦« à¦à¦¾à§à¦¾ à¦à¦° à¦à§à¦¨à§ à¦¸à¦à¦à¦ à¦¨à§à¦° à¦à§à¦°à¦¿à¦²à¦¾ à¦¸à¦¶à¦¸à§à¦¤à§à¦°à¦¤à¦¾ à¦à§à¦à§ à¦ªà§à§ à¦¨à¦¾ à¦à¦à¦¨à¥¤ à¦à¦° à¦¬à¦¾à¦à¦°à§ à¦®à¦¿à¦à§à¦°à¦¾à¦® à¦¤à§à¦²à¦¨à¦¾à¦®à§à¦²à¦à¦­à¦¾à¦¬à§ à¦ªà§à¦°à¦¾à§ à¦¶à¦¾à¦¨à§à¦¤à¥¤,,,Sexual Harassments,Harmful
"à¦à¦¿à¦¨à§à¦¤à§ âà¦¸à¦¾à¦¤ à¦¬à§à¦¨à§âà¦° à¦à¦¨à§à¦¯ à¦à§à¦à¦¿à¦¤à§ à¦à¦¬à¦ à¦ªà¦¾à¦¶à§à¦° à¦®à¦¿à§à¦¾à¦¨à¦®à¦¾à¦°à§à¦° à¦à¦¾à¦° à¦°à¦¾à¦à§à¦¯ à¦à§à¦°à¦¿à¦²à¦¾ à¦¸à¦à¦¸à§à¦à§à¦¤à¦¿à¦¤à§ à¦­à¦°à¦ªà§à¦°à¥¤ à¦à¦° à¦®à¦§à§à¦¯à§ à¦à¦¾à¦à¦¿à¦¨ à¦à¦¨à§à¦¡à¦¿à¦ªà§à¦¨à¦¡à§à¦¨à§à¦ à¦à¦°à§à¦®à¦¿ (à¦à§à¦à¦à¦), à¦à¦°à¦¾à¦à¦¾à¦¨ à¦à¦°à§à¦®à¦¿, à¦¨à¦¾à¦à¦¾à¦¦à§à¦° à¦¨à§à¦¯à¦¾à¦¶à¦¨à¦¾à¦²à¦¿à¦¸à§à¦ à¦¸à§à¦¶à§à¦¯à¦¾à¦²à¦¿à¦¸à§à¦ à¦à¦¾à¦à¦¨à§à¦¸à¦¿à¦² à¦à¦¬ à¦¨à¦¾à¦à¦¾à¦²à§à¦¯à¦¾à¦¨à§à¦¡ (à¦à¦¨à¦à¦¸à¦¸à¦¿à¦à¦¨) à¦¹à¦²à§ à¦ à¦®à§à¦¹à§à¦°à§à¦¤à§ à¦¸à¦®à¦à§à¦° à¦à¦à§à¦à¦²à§à¦° à¦¸à¦¬à¦à§à§à§ à¦¬à§ à¦à§à¦°à¦¿à¦²à¦¾ à¦¦à¦²à¥¤",,,Violence,Violence
à¦à¦¿à¦¨ à¦¨à§à¦¯à¦¾à¦¶à¦¨à¦¾à¦² à¦«à§à¦°à¦¨à§à¦ à¦¬à¦¾ à¦¸à¦¿à¦à¦¨à¦à¦«à§à¦° à¦¸à¦¶à¦¸à§à¦¤à§à¦° à¦¶à¦¾à¦à¦¾ à¦¸à¦¿à¦à¦¨à¦à¦à§à¦ à¦à¦ à¦¤à¦¾à¦²à¦¿à¦à¦¾à§ à¦°à¦¾à¦à¦¾ à¦¯à¦¾à§à¥¤,,,Sexual Harassments,Sexual Harassments
à¦¸à¦¶à¦¸à§à¦¤à§à¦°à¦¤à¦¾à§ à¦à¦à¦¸à¦®à§ à¦à¦¸à¦¾à¦®à§à¦° âà¦à¦²à¦«à¦¾âà¦° à¦¬à§à¦¶ à¦¦à¦¾à¦ªà¦ à¦¥à¦¾à¦à¦²à§à¦ à¦¸à¦¾à¦à¦à¦ à¦¨à¦¿à¦ à¦¦à§à¦¬à¦¿à¦§à¦¾à¦¬à¦¿à¦­à¦à§à¦¤à¦¿à¦° à¦à¦¾à¦°à¦£à§ à¦¬à¦¾à¦à¦²à¦¾à¦¦à§à¦¶ à¦¸à§à¦®à¦¾à¦¨à§à¦¤à¦¬à¦°à§à¦¤à§ à¦à¦ à¦°à¦¾à¦à§à¦¯ à¦à¦à¦¨ à¦¬à§à¦¶ à¦¶à¦¾à¦¨à§à¦¤à¥¤,,,Sexual Harassments,Sexual Harassments
"à¦®à§à¦à¦¾à¦²à§ à¦ à¦¤à§à¦°à¦¿à¦ªà§à¦°à¦¾ à¦¤à§à¦®à¦¨ à¦¶à¦¾à¦¨à§à¦¤ à¦¨à§, à¦¤à¦¬à§ à¦®à¦£à¦¿à¦ªà§à¦°à¦ à§¨à§¦à§¨à§©âà¦à¦° à¦®à§à¦° à¦à¦à§ à¦ªà¦¾à¦¶à§à¦° à¦¨à¦¾à¦à¦¾à¦²à§à¦¯à¦¾à¦¨à§à¦¡ à¦¬à¦¾ à¦à¦¿à¦¨à¦²à§à¦¯à¦¾à¦¨à§à¦¡à§à¦° à¦à§à§à§ à¦¬à§à¦¶ à¦¶à¦¾à¦¨à§à¦¤à¦ à¦à¦¿à¦²à¥¤",,,Sexual Harassments,Sexual Harassments
à¦¤à¦¬à§ à¦à¦¤à§à¦¤à¦°-à¦ªà§à¦°à§à¦¬à¦¾à¦à§à¦à¦²à§à§ à¦°à¦¾à¦à§à¦¯à¦à§à¦²à§à¦¸à¦¹ à¦ªà§à¦°à§ à¦à¦à§à¦à¦²à§à¦° à¦¶à¦¾à¦¨à§à¦¤à¦¾à¦¬à¦¸à§à¦¥à¦¾ à¦¯à§ à¦à§à¦à¦¸à¦ à¦à§à¦¨à§ à¦¬à§à¦¯à¦¾à¦ªà¦¾à¦° à¦¨à§; à¦¬à¦°à¦ à¦à¦à¦¾à¦¨à¦à¦¾à¦° âà¦à¦¥à¦¨à§-à¦ªà¦²à¦¿à¦à¦¿à¦à¦¸â à¦¯à§ à¦ªà§à¦°à¦à§à¦¤à¦ªà¦à§à¦·à§ à¦¤à§à¦·à§à¦° à¦à¦à§à¦¨à§à¦° à¦®à¦¤à§,,,Sexual Harassments,Sexual Harassments
"à¦à§à¦à§à¦° à¦ªà¦²à¦à§ à¦®à¦£à¦¿à¦ªà§à¦°à§à¦° à¦à§à¦¬à¦²à§ à¦à¦ à¦¾ à¦¤à¦¾à¦°à¦ à¦ªà§à¦°à¦à¦¾à¦¶à¥¤ à¦ªà¦¾à¦¶à¦¾à¦ªà¦¾à¦¶à¦¿ à¦¥à§à¦à§à¦ à¦à§à¦à¦¿ à¦ à¦®à§à¦à¦¤à§à¦à¦°à¦¾ à¦¯à§ à¦ªà¦°à¦¸à§à¦ªà¦°à¦à§ à¦à¦¤ à¦à§à¦£à¦¾ à¦à¦°à¦¤, à¦¸à§à¦à¦¾ à¦à¦®à§à¦ªà¦² à¦à§à¦°à§ à¦à¦¸à¦¾ à¦à§à¦¨à§ à¦ªà¦°à§à¦¯à¦à¦à§à¦° à¦ªà¦à§à¦·à§ à¦¦à§à¦ à¦¬à¦à¦° à¦à¦à§à¦ à¦¬à§à¦à¦¾ à¦à¦ à¦¿à¦¨ à¦à¦¿à¦²à¥¤",,,Sexual Harassments,Violence
à¦ à¦°à¦à¦® à¦à¦à¦¿à¦¨à§à¦¤à¦¨à§à§ à¦ªà¦¾à¦°à¦¸à§à¦ªà¦°à¦¿à¦ à¦à§à¦£à¦¾à¦° à¦à¦¾à¦°à¦£ à¦à§ à¦à¦¬à¦ à¦à¦ à¦¤à§à¦®à§à¦² à¦à§à¦£à¦¾ à¦¥à§à¦à§à¦ à¦à¦¿ à¦à¦¸à¦¬ à¦à¦²à¦¾à¦à¦¾à§ à¦à§à¦®à§à¦¬à¦à§à¦° à¦®à¦¤à§ à¦à¦¸à§à¦¤à§à¦° à¦à¦¸à¦à§?,,,Sexual Harassments,Violence
à¦¨à¦¾à¦à¦¿ à¦¤à¦¾à¦¤à§ à¦­à§à¦°à¦¾à¦à¦¨à§à¦¤à¦¿à¦ à¦à¦¸à¦à¦¾à¦¨à¦¿ à¦à¦à§? à¦à¦¸à¦¬ à¦à¦¾à¦°à¦£à§à¦ à¦à¦¿ à¦®à¦£à¦¿à¦ªà§à¦°à§à¦° à¦®à¦¤à§ à¦¬à§à¦¶ à¦à§à¦ à¦à¦à¦à¦¿ à¦°à¦¾à¦à§à¦¯à§ à¦·à¦¾à¦ à¦¹à¦¾à¦à¦¾à¦°à§à¦° à¦®à¦¤à§ à¦°à¦¾à¦·à§à¦à§à¦°à§à§ à¦¸à§à¦¨à¦¿à¦ à¦¥à¦¾à¦à¦¾à¦° à¦ªà¦°à¦ à¦¸à¦¹à¦¿à¦à¦¸à¦¤à¦¾ à¦à¦®à¦à§ à¦¨à¦¾?,,,Sexual Harassments,Sexual Harassments
à¦­à¦¾à¦°à¦¤-à¦®à¦¿à§à¦¾à¦¨à¦®à¦¾à¦°-à¦¬à¦¾à¦à¦²à¦¾à¦¦à§à¦¶à§à¦° à¦¬à¦¿à¦­à¦¿à¦¨à§à¦¨ à¦¸à¦®à§à§à¦° à¦¶à¦¾à¦¸à¦à§à¦°à¦¾ à¦¬à¦°à¦¾à¦¬à¦°à¦ à¦¤à¦¾à¦¦à§à¦° à¦à¦à§à¦à¦²à§ âà¦à¦¶à¦¾à¦¨à§à¦¤à¦¿âà¦° à¦à¦¨à§à¦¯ à¦à¦¨à¦¿à¦°à§à¦¦à¦¿à¦·à§à¦à¦­à¦¾à¦¬à§ âà¦¤à§à¦¤à§à§ à¦ªà¦à§à¦·âà¦à§ à¦¦à¦¾à§à§ à¦à¦°à§à¥¤,,,Sexual Harassments,Violence
"à¦¸à¦à¦°à¦¾à¦à¦° âà¦¸à¦®à¦¸à§à¦¯à¦¾âà¦° à¦à¦¨à§à¦¯ à¦¸à§à¦®à¦¾à¦¨à§à¦¤à§à¦° à¦à¦ªà¦° à¦¦à¦¿à¦à§à¦° âà¦à¦¸à¦à¦¾à¦¨à¦¿à¦¦à¦¾à¦¤à¦¾âà¦¦à§à¦° à¦¯à§à¦­à¦¾à¦¬à§ à¦¦à¦¾à§à§ à¦à¦°à¦¾ à¦¹à§, à¦¤à§à¦®à¦¨à¦à¦¿ à¦à§à¦°à§à¦¤à§à¦¬ à¦¦à§à¦à§à¦¾ à¦¹à§à¦¨à¦¿ à¦¨à¦¿à¦à¦¸à§à¦¬ à¦®à¦¾à¦ à§à¦° à¦à¦¾à¦¤à¦¿à¦à¦¤ à¦à¦¾à¦¨à¦¾à¦ªà§à§à§à¦¨à§à¦° à¦à¦¤à¦¿à¦¹à¦¾à¦¸à¦¿à¦ à¦à¦ªà¦¾à¦¦à¦¾à¦¨à¦à§à¦²à§à¦° à¦¦à¦¿à¦à§à¥¤",,,Sexual Harassments,Violence
"à¦à¦¾à¦¤à¦¿à¦à¦¤ à¦à§à¦£à¦¾à¦° à¦ªà¦¾à¦¶à¦¾à¦ªà¦¾à¦¶à¦¿ à¦ªà§à¦°à¦¾à§ à¦¸à¦°à§à¦¬à¦¤à§à¦° à¦à¦à§ à¦à§à¦¨à§ à¦¨à¦¾ à¦à§à¦¨à§ à¦§à¦°à¦¨à§à¦° à¦à¦°à§à¦¥à¦¿à¦ à¦¬à¦à§à¦à¦¨à¦¾à¦¬à§à¦§à¦à¥¤ à¦®à¦£à¦¿à¦ªà§à¦°à§ à¦®à§à¦à¦¤à§à¦à¦¦à§à¦° à¦à§à§à§ à¦à§à¦à¦¿à¦°à¦¾ à¦¯à§ à¦à¦°à§à¦¥à¦¨à§à¦¤à¦¿à¦ à¦¸à§à¦¯à§à¦-à¦¸à§à¦¬à¦¿à¦§à¦¾à§ à¦¬à¦à§à¦à¦¿à¦¤ à¦à¦¿à¦², à¦¸à§à¦à¦¾ à¦­à¦¾à¦°à¦¤à§ à¦¸à¦¬à¦¾à¦ à¦¯à§à¦¨ à§¨à§¦à§¨à§©âà¦à¦° à¦®à§à¦° à¦ªà¦°à¦ à¦à§à¦¬à¦² à¦à¦¾à¦¨à¦¤à§ à¦ªà¦¾à¦°à¦²à¥¤ à¦à¦¥à¦ à¦à¦à¦¾ à¦à§à¦ªà¦¨ à¦¬à§à¦¯à¦¾à¦ªà¦¾à¦° à¦à¦¿à¦² à¦¨à¦¾à¥¤",,,Sexual Harassments,Sexual Harassments
à¦¬à¦¿à¦¬à¦¿à¦§ à¦à¦¦à¦¾à¦¸à§à¦¨à¦¤à¦¾à¦° à¦à¦¾à¦°à¦£à§à¦ à¦à¦¸à¦¬ à¦à¦¾à§à¦à¦¾à¦° à¦à¦¥à¦¨à§-à¦ªà¦²à¦¿à¦à¦¿à¦à¦¸à§à¦° à¦à§à§à¦¾à¦¨à§à¦¤ à¦¸à¦®à¦¾à¦§à¦¾à¦¨ à¦¹à§à¦¨à¦¿à¥¤,,,Sexual Harassments,Sexual Harassments
à¦®à¦¾à¦à§à¦®à¦§à§à¦¯à§à¦ à¦¤à§à¦·à§à¦° à¦à¦à§à¦¨à§ à¦à§à¦°à§à¦¸à¦¿à¦¨ à¦ªà§à¦¾à¦° à¦®à¦¤à§ à¦¸à§à¦à§à¦²à§ à¦¦à¦ª à¦à¦°à§ à¦à§à¦¬à¦²à§ à¦à¦ à§à¥¤ à¦¤à¦à¦¨à¦ à¦à¦¸à¦¤à§ à¦¶à§à¦°à§ à¦à¦°à§ à¦à¦¸à§à¦¤à§à¦°à§à¦° à¦à§à¦°à¦¾à¦à¦¾à¦²à¦¾à¦¨à¥¤,,,Sexual Harassments,Sexual Harassments
à¦¸à§à¦¸à¦¬ à¦à¦¸à§à¦¤à§à¦°à§à¦° à¦à¦°à¦ à¦à§à¦à¦¾à¦¤à§ à¦ªà§à¦°à¦¸à¦¾à¦° à¦à¦à§ à¦®à¦¾à¦¦à¦à§à¦° à¦à§à¦ªà¦¾à¦¦à¦¨ à¦ à¦¬à¦¿à¦ªà¦£à¦¨à¥¤ à¦®à¦¿à§à¦¾à¦¨à¦®à¦¾à¦°à§à¦° à¦¸à¦à§à¦à§ à¦¥à¦¾à¦à¦¾ à¦¥à¦¾à¦-à¦²à¦¾à¦à¦¸ à¦¸à§à¦®à¦¾à¦¨à§à¦¤ à¦¬à¦¹à§à¦à¦¾à¦² à¦¥à§à¦à§ à¦à¦¸à§à¦¤à§à¦° à¦à¦¾à¦°à¦¬à¦¾à¦°à¦¿à¦¦à§à¦° à¦à¦ à¦¸à§à¦¬à¦°à§à¦à¦°à¦¾à¦à§à¦¯,,,Sexual Harassments,Sexual Harassments
à¦à¦à¦¨ à¦¹à§à§à¦à§ à¦®à¦£à¦¿à¦ªà§à¦°-à¦à§à¦¨ à¦¸à§à¦®à¦¾à¦¨à§à¦¤à¥¤,,,Sexual Harassments,Sexual Harassments
à¦à¦°à§à¦¥à§à¦° à¦à§à¦à¦¾à¦¨ à¦¥à¦¾à¦à¦²à§ à¦à¦¸à¦¬ à¦à¦¾à§à¦à¦¾ à¦¥à§à¦à§ à¦¯à§à¦à§à¦¨à§ à¦à¦¨à¦ªà¦¦à§ à¦¯à§à¦à§à¦¨à§ à¦ªà¦°à¦¿à¦®à¦¾à¦£ à¦à¦¸à§à¦¤à§à¦° à¦ªà§à¦à¦à§ à¦¦à¦¿à¦¤à§à¦ à¦ªà§à¦°à¦¸à§à¦¤à§à¦¤ à¦à¦¨à§à¦ âà¦¬à§à¦¯à¦¬à¦¸à¦¾à§à§âà¥¤,,,Sexual Harassments,Sexual Harassments
à¦à¦¬à¦¾à¦° à¦à¦¨à§à¦ à¦à¦²à¦¾à¦à¦¾à§ à¦¸à¦¶à¦¸à§à¦¤à§à¦°à¦¤à¦¾ à¦¸à¦¾à¦¤ à¦¥à§à¦à§ à¦à¦ à¦¦à¦¶à¦ à¦ªà§à¦°à§à¦¨à§ à¦¹à¦à§à¦¾à§ à¦à¦¸à§à¦¤à§à¦° à¦¤à§à¦°à¦¿à¦° à¦à¦à¦§à¦°à¦¨à§à¦° à¦²à§à¦à¦âà¦¬à¦¿à¦¦à§à¦¯à¦¾à¦ à¦¬à§à¦¶ à¦°à¦ªà§à¦¤ à¦¹à§à§à¦à§à¥¤ à¦¸à§à¦à¦¾ à¦à¦à¦¨ à¦¡à§à¦°à§à¦¨âà¦¬à¦¿à¦¦à§à¦¯à¦¾ à¦ªà¦°à§à¦¯à¦¨à§à¦¤ à¦ªà§à¦à¦à§ à¦à§à¦à§à¥¤,,,Sexual Harassments,Sexual Harassments
à¦¬à¦¿à¦­à¦¿à¦¨à§à¦¨ à¦¦à§à¦¶à§à¦° à¦¸à¦°à¦à¦¾à¦°à¦¿ à¦¸à§à¦¥à¦¾à¦ªà¦¨à¦¾ à¦²à§à¦à¦ªà¦¾à¦à§à¦° à¦¸à§à¦¤à§à¦°à§à¦ à¦à§à¦°à¦¿à¦²à¦¾ à¦¸à¦à¦à¦ à¦¨à¦à§à¦²à§ à¦¨à¦¿à§à¦®à¦¿à¦¤ à¦¬à§ à¦à¦à§à¦à§ à¦à¦¸à§à¦¤à§à¦° à¦ªà¦¾à§à¥¤,,,Sexual Harassments,Sexual Harassments
à¦à¦¤ à¦¬à¦à¦° à¦®à§ à¦®à¦¾à¦¸à§ à¦®à¦£à¦¿à¦ªà§à¦°à§ à¦¦à¦¾à¦à§à¦à¦¾ à¦¶à§à¦°à§à¦° à¦ªà§à¦°à¦¥à¦® à¦®à¦¾à¦¸à§ à¦¸à¦°à¦à¦¾à¦°à¦¿ à¦¬à¦¿à¦­à¦¿à¦¨à§à¦¨ à¦¬à¦¾à¦¹à¦¿à¦¨à§à¦° à¦¸à§à¦¥à¦¾à¦ªà¦¨à¦¾ à¦¥à§à¦à§ à¦à§à§à¦ à¦¹à¦¾à¦à¦¾à¦° à¦à¦¸à§à¦¤à§à¦° à¦²à§à¦ à¦¹à§à§à¦à§,,,Sexual Harassments,Sexual Harassments
à¦¡à§à¦à¦¾à¦¨ à¦¹à§à¦°à¦¾à¦²à§à¦¡ à¦à¦ à¦¸à¦à¦à§à¦¯à¦¾ à¦à¦¾à¦° à¦¹à¦¾à¦à¦¾à¦° à¦¬à¦²à§ à¦¦à¦¾à¦¬à¦¿ à¦à¦°à§à¦à§à¥¤ à¦à¦° à¦®à¦§à§à¦¯à§ à¦à§à¦°à§à¦¨à§à¦¡ à¦²à¦¾à¦à§à¦à¦¾à¦° à¦¥à§à¦à§ à¦¶à§à¦°à§ à¦à¦°à§ à¦à¦à§-à§ªà§­ à¦ªà¦°à§à¦¯à¦¨à§à¦¤ à¦à¦¨à§à¦ à¦à¦¿à¦à§à¦ à¦à¦¿à¦²à¥¤ à¦à¦°à¦¾à¦à¦¾à¦¨à§ à¦¸à¦®à§à¦ªà§à¦°à¦¤à¦¿ à¦ªà¦¿à¦à§ à¦¹à¦à¦¤à§ à¦¥à¦¾à¦à¦¾ âà¦à¦¾à¦à¦®à¦¾-à¦¡âà¦° à¦à¦¨à§à¦ à¦à¦¨à§à¦¨à¦¤ à¦à¦¸à§à¦¤à§à¦° à¦ªà§à¦² à¦-à¦°à¦¾à¦à¦¾à¦à¦¨ à¦à§à¦°à¦¿à¦²à¦¾à¦°à¦¾à¥¤,,,Sexual Harassments,Violence
à¦¯à¦¾à¦° à¦à¦¿à¦à§ à¦à¦à¦¶ à¦¬à§à¦à¦¾à¦¬à¦¿à¦à§à¦°à¦¿à¦° à¦¸à§à¦¤à§à¦°à§ à¦à¦¶à¦ªà¦¾à¦¶à§à¦° à¦à¦à§à¦à¦²à§à¦ à¦¢à§à¦à¦à§ à¦¬à¦²à§ à¦¶à¦à§à¦à¦¾ à¦à¦°à¦à§à¦¨ à¦¸à¦®à¦°à¦¬à¦¿à¦¶à¦¾à¦°à¦¦à§à¦°à¦¾à¥¤,,,Sexual Harassments,Sexual Harassments
à¦¬à¦¾à¦à¦²à¦¾à¦¦à§à¦¶à§ à¦à§à¦¦ à¦¢à¦¾à¦à¦¾à§ à¦à¦¤ à¦à§à¦²à¦¾à¦ à¦à¦¨à§à¦¦à§à¦²à¦¨à§à¦° à¦¶à§à¦· à¦¦à¦¿à¦à§ à¦à¦¨à§à¦ à¦à¦¸à§à¦¤à§à¦° à¦à§à§à¦¾ à¦¯à¦¾à¦à§à¦¾à¦° à¦ªà§à¦°à¦¤à¦¿à¦¬à§à¦¦à¦¨ à¦¦à§à¦à¦¾ à¦à§à¦à§ à¦¸à¦à¦¬à¦¾à¦¦à¦ªà¦¤à§à¦°à§à¥¤ à¦¸à¦°à¦à¦¾à¦°à¦¿ à¦¸à¦à¦¸à§à¦¥à¦¾à¦à§à¦²à§ à¦à¦à¦¨ à¦¸à§à¦¸à¦¬ à¦à¦¸à§à¦¤à§à¦° à¦à¦¦à§à¦§à¦¾à¦°à§ à¦®à¦°à¦¿à§à¦¾ à¦à§à¦·à§à¦à¦¾à§ à¦à¦à§à¥¤,,,Sexual Harassments,Sexual Harassments
à¦¦à§à¦¨à¦¿à¦ à¦à¦¤à§à¦¤à§à¦«à¦¾à¦ à§® à¦¸à§à¦ªà§à¦à§à¦®à§à¦¬à¦° à¦à¦à¦¨à§ à¦à¦¦à§à¦§à¦¾à¦° à¦¨à¦¾ à¦¹à¦à§à¦¾ à¦à¦¸à§à¦¤à§à¦°à§à¦° à¦¸à¦à¦à§à¦¯à¦¾ à¦¦à§à¦ à¦¹à¦¾à¦à¦¾à¦° à¦¬à¦²à§ à¦à¦²à§à¦²à§à¦ à¦à¦°à§à¦à§à¥¤,,,Sexual Harassments,Sexual Harassments
"à¦à¦à¦ à¦¦à¦¿à¦¨ à¦à¦¨à§à¦¡à¦¿à¦ªà§à¦¨à¦¡à§à¦¨à§à¦ à¦à¦¿à¦­à¦¿à¦° à¦¸à¦à¦¬à¦¾à¦¦à§ à¦à¦¾à¦¨à¦¾ à¦¯à¦¾à§, à¦à¦¨à§à¦¦à§à¦²à¦¨à¦à¦¾à¦²à§ à¦²à§à¦ à¦¹à¦à§à¦¾ à¦à¦¸à§à¦¤à§à¦°à§ à¦ªà¦¿à¦¸à§à¦¤à¦²à¦ à¦à¦¿à¦² à§®à§¦à§¦à¦à¦¿à¥¤",,,Sexual Harassments,Sexual Harassments
à¦®à¦£à¦¿à¦ªà§à¦°à§ à¦ à¦°à¦à¦® à¦²à§à¦à§à¦° à¦à¦à¦¨à¦¾ à¦à¦¤ à¦¯à§ à¦à§à¦ à¦¸à¦à¦à§à¦¯à¦¾à¦° à¦¬à¦¾à¦¹à¦¿à¦¨à§ à¦¦à¦¿à§à§ à¦¸à§à¦à¦¾à¦¨à§ à¦à§à¦°à¦¿à¦²à¦¾ à¦à§à¦à¦à¦¤à§ à¦¯à¦¾à¦à§à¦¾ à¦¯à¦¾à¦à§à¦à§ à¦¨à¦¾à¥¤ à¦à§à¦¯à¦¾à¦®à¦¬à§à¦¶ à¦à¦°à§ à¦¬à¦¾à¦¹à¦¿à¦¨à§ à¦¸à¦¦à¦¸à§à¦¯à¦¦à§à¦° à¦¥à§à¦à§ à¦à§à¦°à¦¿à¦²à¦¾à¦°à¦¾ à¦¸à§à¦¸à¦¬ à¦¨à¦¿à§à§ à¦¨à¦¿à¦à§à¦à§à¥¤,,,Sexual Harassments,Sexual Harassments
à¦à¦¤à§à¦¤à¦°-à¦ªà§à¦°à§à¦¬à¦¾à¦à§à¦à¦²à§à§ à¦°à¦¾à¦à§à¦¯à¦à§à¦²à§ à¦à¦¬à¦ à¦¤à¦¾à¦° à¦à¦¶à¦ªà¦¾à¦¶à§à¦° à¦à¦à§à¦à¦²à§ à¦¸à¦®à¦¤à¦²à§à§à¦¦à§à¦° à¦¶à¦¾à¦¸à¦¨ à¦à¦¾à§à§à¦® à¦¹à¦²à§à¦ à¦®à¦¾à¦ à¦ªà¦°à§à¦¯à¦¾à§à§ à¦à¦­à§à¦° à¦à¦°à¦£à§à¦¯à§ à¦¨à¦¿à¦¤à§à¦¯à¦¦à¦¿à¦¨ à¦¸à§à¦ à¦¶à¦¾à¦¸à¦¨ à¦à¦¾à§à§à¦® à¦°à¦¾à¦à¦¾ à¦¦à§à¦°à§à¦¹,,,Sexual Harassments,Sexual Harassments
"à¦¸à¦®à¦¤à¦²à§à§ à¦¯à¦¾à¦à¦°à¦¾ à¦¬à§ à¦¬à§ à¦¬à§à¦¯à¦¬à¦¸à¦¾ à¦à¦°à¦¤à§ à¦¯à¦¾à¦¨, à¦¤à¦¾à¦à¦¦à§à¦°à¦ âà¦à¦°â à¦¦à¦¿à§à§à¦ à¦°à¦«à¦¾ à¦à¦°à¦¤à§ à¦¹à§à¥¤ à¦à¦¸à¦¬ à¦à¦°à§à¦¥à§à¦° à¦à¦à¦à¦¾ à¦à¦à¦¶ à¦¯à¦¾à§ à¦à¦¸à§à¦¤à§à¦° à¦¤à§à¦°à¦¿ à¦ à¦à§à¦°à§ à¦à¦¾à¦¤à§à¥¤",,,Violence,Violence
à¦®à¦¾à¦¦à¦ à¦¥à§à¦à§ à¦ªà¦¾à¦à§à¦¾ à¦à¦°à§à¦¥à§à¦° à¦¬à¦¾à¦à¦°à§ à¦ à¦°à¦à¦® à¦à¦¾à¦à¦¦à¦¾ à¦¸à¦®à¦°à¦¾à¦¸à§à¦¤à§à¦° à¦à§à¦°à§à§ à¦¬à§ à¦¸à¦¹à¦¾à§à¦¤à¦¾ à¦¦à§à§à¥¤,,,Sexual Harassments,Sexual Harassments
à¦®à¦£à¦¿à¦ªà§à¦°à§ à¦à§à¦à¦¿ à¦à¦²à¦¾à¦à¦¾à¦à§à¦²à§à¦¤à§ à¦ªà¦ªà¦¿à¦° à¦¬à¦¿à¦ªà§à¦² à¦à¦¬à¦¾à¦¦ à¦¹à¦¤à§à¥¤ à¦à¦à¦°à§à¦²à§ à¦¸à¦®à§à¦ªà§à¦°à¦¤à¦¿ à¦ à¦°à¦à¦® à¦¬à§ à¦à¦ à¦ªà¦ªà¦¿ à¦à¦à§à¦à¦² à¦§à§à¦¬à¦à¦¸ à¦à¦°à¦² à¦­à¦¾à¦°à¦¤à§à§ à¦¬à¦¾à¦¹à¦¿à¦¨à§à¥¤,,,Sexual Harassments,Sexual Harassments
à¦¸à§à¦®à¦¾à¦¨à§à¦¤à¦¸à¦à¦²à¦à§à¦¨ à¦à¦ à¦à¦²à¦¾à¦à¦¾à§ à¦¹à¦¾à¦à¦¾à¦° à¦¹à¦¾à¦à¦¾à¦° à¦à¦à¦°à§ à¦ªà¦ªà¦¿ à¦à¦¬à¦¾à¦¦ à¦¹à§à¥¤,,,Sexual Harassments,Sexual Harassments
"à¦¦à§à¦°à§à¦à¦à¦¾à¦² à¦­à¦¾à¦°à¦¤-à¦®à¦¿à§à¦¾à¦¨à¦®à¦¾à¦° à¦à§à¦à§à¦¤à¦¿ à¦à¦¿à¦², à¦¸à§à¦®à¦¾à¦¨à§à¦¤à§à¦° à§§à§¦ à¦à¦¿à¦²à§à¦° à¦®à¦§à§à¦¯à§ à¦à¦à¦¾à¦¨à¦à¦¾à¦° à¦®à¦¾à¦¨à§à¦·à¦à¦¨ à¦­à¦¿à¦¸à¦¾ à¦à¦¾à§à¦¾ à¦¬à¦°à§à¦¡à¦¾à¦°-à¦ªà¦¾à¦¸ à¦¦à¦¿à§à§ à¦à¦²à¦¾à¦«à§à¦°à¦¾ à¦à¦°à¦¤à§ à¦ªà¦¾à¦°à¦¤à¥¤ à¦âà¦ à¦®à¦¾à¦¦à¦ à¦ à¦à¦¸à§à¦¤à§à¦°à§à¦° à¦à¦¾à¦°à¦¬à¦¾à¦°à¦à§ à¦¸à¦¹à¦ à¦à¦°à§à¦à§à¥¤",,,Sexual Harassments,Sexual Harassments
à¦®à¦¾à¦¦à¦ à¦à¦°à§à¦¥à¦¨à§à¦¤à¦¿à¦° à¦à¦¨à§à¦¯ à¦®à¦¿à§à¦¾à¦¨à¦®à¦¾à¦°à§à¦° à¦¶à¦¾à¦¨à¦ à¦à§à¦¬ à¦à§à¦à§à¦¯à¦¾à¦¤ à¦à¦²à¦¾à¦à¦¾à¥¤,,,Sexual Harassments,Sexual Harassments
à¦ªà§à¦°à¦¯à§à¦à§à¦¤à¦¿à¦¨à¦¿à¦°à§à¦­à¦° à¦¸à¦¿à¦¨à¦¥à§à¦à¦¿à¦ à¦¡à§à¦°à¦¾à¦ à¦à§à¦ªà¦¾à¦¦à¦¨à§à¦° à¦¬à¦¿à¦¸à§à¦¤à¦¾à¦° à¦à¦à§à¦à§ à¦¬à§à¦¶à¦¿à¥¤ à¦à§à¦°à¦¿à¦²à¦¾à¦°à¦¾ à¦à¦ âà¦¶à¦¿à¦²à§à¦ªà§â à¦¨à¦¿à¦°à¦¾à¦ªà¦¤à§à¦¤à¦¾ à¦¦à§à§ à¦¨à¦¿à¦°à§à¦¦à¦¿à¦·à§à¦ à¦à¦à§à¦à§à¦° à¦à¦°à§à¦¥à§à¦° à¦¬à¦¿à¦¨à¦¿à¦®à§à§,,,Sexual Harassments,Violence
à¦®à¦¿à§à¦¾à¦¨à¦®à¦¾à¦°à§ à¦à¦¸à¦¬ à¦à¦¾à¦à§ à¦à¦¨à§à¦¤à¦°à§à¦à¦¾à¦¤à¦¿à¦ à¦¹à¦à¦à¦ à¦¹à¦à§à¦¾à§ à¦®à¦¾à¦¦à¦ à¦à¦¾à¦°à¦¬à¦¾à¦°à§à¦° à¦à¦¾à¦¨à¦¿à¦à¦à¦¾ à¦®à¦£à¦¿à¦ªà§à¦°à§à¦° à¦¦à¦¿à¦à§ à¦¢à§à¦à§ à¦à§à¦à§à¥¤,,,Sexual Harassments,Sexual Harassments
à¦à¦¸à¦¬à§ à¦¯à§à¦à§à¦¤ à¦à§à¦à¦¿ à¦ à¦®à§à¦à¦¤à§à¦à¦°à¦¾ à¦à§à¦¶à¦² à¦à¦°à§ à¦®à¦¾à¦¦à¦à§à¦° à¦ªà§à¦°à¦¸à§à¦¸à¦¿à¦ à¦à¦à¦¨à¦¿à¦à¦à§à¦²à§ à¦°à§à¦à§à¦à§ à¦ªà¦¾à¦¹à¦¾à§ à¦¸à¦¨à§à¦¨à¦¿à¦¹à¦¿à¦¤ à¦®à§à¦¸à¦²à¦®à¦¾à¦¨à¦¦à§à¦° à¦à¦²à¦¾à¦à¦¾à§à¥¤,,,Sexual Harassments,Sexual Harassments
à¦¡à§à¦°à¦¾à¦à¦¬à¦¿à¦°à§à¦§à§ à¦à¦­à¦¿à¦¯à¦¾à¦¨à¦à§à¦²à§à¦¤à§ à¦®à§à¦¸à¦²à¦®à¦¾à¦¨à¦¦à§à¦° à¦à¦§à¦¿à¦ à¦¸à¦à¦à§à¦¯à¦¾à§ à¦à§à¦°à§à¦ªà§à¦¤à¦¾à¦° à¦¦à§à¦à§ à¦à¦¨à§à¦à§à¦° à¦ªà¦à§à¦·à§à¦ à¦ªà§à¦°à¦à§à¦¤ à¦à¦à¦¨à¦¾ à¦¬à§à¦à¦¤à§ à¦§à¦¾à¦à¦§à¦¾à§ à¦ªà§à¦¤à§ à¦¹à§à¥¤,,,Sexual Harassments,Sexual Harassments
"à¦®à¦£à¦¿à¦ªà§à¦°à§à¦° à¦®à¦¾à¦¦à¦ à¦à¦°à§à¦¥à¦¨à§à¦¤à¦¿à¦° à¦à¦à¦¾à¦° à¦à¦¤ à¦¬à§ à¦¯à§, à¦¸à§à¦ à¦à¦°à§à¦ à¦§à¦¾à¦à¦§à¦¾à¥¤ ",,,Violence,Sexual Harassments
à§¨à§¦à§¨à§¦ à¦¥à§à¦à§ à¦ªà¦°à¦¬à¦°à§à¦¤à§ à¦à§à¦¾à¦ à¦¬à¦à¦°à§ à§¨à§¦ à¦¬à¦¿à¦²à¦¿à§à¦¨ à¦°à§à¦ªà¦¿ à¦¸à¦®à¦®à§à¦²à§à¦¯à§à¦° à¦®à¦¾à¦¦à¦ à¦à¦à¦ à¦¹à§ à¦®à¦£à¦¿à¦ªà§à¦°à§à¥¤,,,Violence,Violence
"à¦¨à¦¿à¦¶à§à¦à¦¿à¦¤à¦­à¦¾à¦¬à§à¦ à¦à¦à¦ à¦¨à¦¾ à¦à¦°à¦¤à§ à¦ªà¦¾à¦°à¦¾ à¦®à¦¾à¦¦à¦à§à¦° à¦¦à¦¾à¦® à¦à¦° à¦à§à§à§ à¦¬à¦¹à§à¦à§à¦£ à¦¬à§à¦¶à¦¿à¥¤ à¦¯à§à¦à¦¾à¦¨à§ à¦à¦¨à¦¸à¦à¦à§à¦¯à¦¾ à§©à§¦ à¦²à¦¾à¦à¦ à¦¨à§, à¦¸à§à¦à¦¾à¦¨à¦à¦¾à¦° à¦ªà¦¾à¦¹à¦¾à§à¦¿ à¦à¦²à¦¾à¦à¦¾à§ à¦ à¦°à¦à¦® à¦à¦à¦à¦¾ à¦¬à¦¿à¦¶à¦¾à¦² à¦à¦°à§à¦¥à¦¨à§à¦¤à¦¿ à¦¬à¦¿à¦¸à§à¦®à§à¦à¦°à¥¤",,,Sexual Harassments,Sexual Harassments
à¦¤à¦¬à§ à¦à§à¦°à¦¿à¦²à¦¾ à¦à¦°à§à¦¥à§à¦° à¦ªà§à¦°à§ à¦à§à¦à¦¾à¦¨ à¦à¦­à¦¾à¦¬à§à¦ à¦¹à§ à¦¨à¦¾à¥¤ âà¦¬à¦¿à¦¦à§à¦¶à¦¿â à¦¸à¦¹à¦¾à§à¦¤à¦¾à¦ à¦²à¦¾à¦à§ à¦à¦¬à¦ à¦¨à¦¾à¦¨à¦¾à¦¨ à¦¸à§à¦¤à§à¦°à§ à¦®à§à¦²à§à¦ à¦¸à§à¦à¦¾,,,Sexual Harassments,Sexual Harassments
à¦¬à¦¹à¦¿à¦°à§à¦¬à¦¿à¦¶à§à¦¬à§à¦° à¦§à¦°à§à¦®à§à§ à¦¸à¦à¦¸à§à¦¥à¦¾à¦à§à¦²à§à¦ à¦à¦¸à¦¬ à¦à¦à§à¦à¦²à§ à¦¨à¦¿à¦ à¦¨à¦¿à¦ à¦§à¦°à§à¦®à§à¦° à¦®à¦¾à¦¨à§à¦·à¦¦à§à¦° à¦¸à¦¹à¦¾à§à¦¤à¦¾ à¦¦à§à§,,,Sexual Harassments,Sexual Harassments
à¦¸à¦¹à¦¾à§à¦¤à¦¾à¦° à¦à¦à¦à¦¾ à¦à¦à¦¶ à¦¨à¦¾à¦¨à¦¾ à¦ªà¦¥ à¦¹à§à§ à¦à§à¦°à¦¿à¦²à¦¾ à¦¨à§à¦¤à¦¾à¦¦à§à¦° à¦à¦¾à¦à§à¦ à¦¯à¦¾à§à¥¤ à¦à¦° à¦¬à¦¿à¦¶à§à¦·à¦­à¦¾à¦¬à§ à¦à¦à§ à¦¬à¦¿à¦¦à§à¦¶à¦¿ à¦¬à¦¿à¦­à¦¿à¦¨à§à¦¨ à¦°à¦¾à¦·à§à¦à§à¦°à§à¦° à¦¸à¦¹à¦¾à§à¦¤à¦¾à¥¤ à¦à¦à¦¾ à¦¨à¦¿à§à¦®à¦¿à¦¤ à¦¨à§à¥¤,,,Sexual Harassments,Sexual Harassments
à¦­à§à¦°à¦¾à¦à¦¨à§à¦¤à¦¿à¦ à¦à¦¤à§à¦¥à¦¾à¦¨-à¦ªà¦¤à¦¨à§ à¦¬à¦¿à¦­à¦¿à¦¨à§à¦¨ à¦¸à¦®à§à§ à¦¬à¦¿à¦­à¦¿à¦¨à§à¦¨ à¦¸à¦à¦à¦ à¦¨ à¦¬à§ à¦à§à¦¤à¦¨à§ à¦ à¦°à¦à¦® à¦à¦°à§à¦¥ à¦ à¦à¦¸à§à¦¤à§à¦° à¦¸à¦¹à¦¾à§à¦¤à¦¾ à¦ªà§à§à§à¦à§à¥¤,,,Sexual Harassments,Sexual Harassments
à¦à¦¸à§à¦¤à§à¦° à¦à§à¦°à¦¾à¦à¦¾à¦²à¦¾à¦¨à§ à¦à§à¦°à§à¦¤à¦¾-à¦¬à¦¿à¦à§à¦°à§à¦¤à¦¾à¦° à¦¸à¦®à§à¦ªà¦°à§à¦ à¦¸à¦¹à¦ à¦¹à§ à¦­à§à¦°à¦¾à¦à¦¨à§à¦¤à¦¿à¦ à¦¸à¦¹à¦¾à§à¦¤à¦¾à§,,,Sexual Harassments,Violence
à¦¨à¦¾à¦à¦¾ à¦¹à¦¿à¦² à¦¥à§à¦à§ à¦à¦¾à¦à¦¿à¦¨ à¦¹à¦¿à¦²à§à¦° à¦ªà§à¦°à¦¤à§à¦¯à¦¨à§à¦¤ à¦à¦²à¦¾à¦à¦¾à§ à¦à¦¤à§à¦¤à§ à¦à¦ à¦¸à§à¦¤à§à¦°à§à¦ à¦ªà§à¦°à¦§à¦¾à¦¨à¦¤ à¦à¦¨à§à¦¨à¦¤ à¦à¦¸à§à¦¤à§à¦°à¦ªà¦¾à¦¤à¦¿ à¦¢à§à¦à§à¦à§à¥¤,,,Sexual Harassments,Sexual Harassments
à¦®à¦¿à§à¦¾à¦¨à¦®à¦¾à¦°à§à¦° à¦¶à¦¾à¦¨à¦¦à§à¦° à¦à¦¸à§à¦¤à§à¦°à¦­à¦¾à¦¨à§à¦¡à¦¾à¦° à¦¦à§à¦à¦²à§ à¦à¦¨à§à¦ à¦¦à§à¦¶à§à¦° à¦¸à¦¶à¦¸à§à¦¤à§à¦° à¦¬à¦¾à¦¹à¦¿à¦¨à§à¦ à¦à¦®à¦à§ à¦¯à¦¾à¦¬à§à¥¤,,,Sexual Harassments,Sexual Harassments
"à¦¯à¦¦à¦¿ à¦ªà§à¦°à¦¶à§à¦¨ à¦à¦°à¦¾ à¦¹à§, à¦à¦¸à¦¬ à¦à¦¸à§à¦¤à§à¦° à¦¤à¦¾à¦°à¦¾ à¦à§à¦¥à¦¾à§ à¦ªà§à¦², à¦¤à¦¾à¦¹à¦²à§ à¦à¦¤à§à¦¤à¦° à¦à§à¦à¦à¦¤à§ à¦¹à¦¬à§ à¦ªà¦¾à¦¶à§à¦° à¦à¦²à¦¾à¦à¦¾à¦° à¦à§à¦¨à¦¾à¦¦à§à¦° à¦à¦¾à¦à§à¥¤",,,Sexual Harassments,Sexual Harassments
à¦à¦à¦à¦­à¦¾à¦¬à§ à¦à¦¤à§à¦¤à§ à¦¨à¦¾à¦à¦¾ à¦ à¦²à§à¦¸à¦¾à¦ à¦ªà¦¾à¦¹à¦¾à§à§ à¦¦à¦¿à¦²à§à¦²à¦¿à¦° à¦ªà§à¦°à¦¤à¦¿à¦ªà¦à§à¦·à¦¦à§à¦° à¦¸à¦¹à¦¾à§à¦¤à¦¾ à¦à¦¿à§à§à¦à§à¥¤ à¦°à¦¾à¦à¦¾à¦®à¦¾à¦à¦¿à¦¤à§ à¦¢à§à¦à§à¦à¦¿à¦² à¦¢à¦¾à¦à¦¾à¦° à¦ªà§à¦°à¦¤à¦¿à¦ªà¦à§à¦·à¦¦à§à¦° âà¦à¦ªà¦¹à¦¾à¦°âà¥¤,,,Sexual Harassments,Sexual Harassments
à¦ à¦à¦à§à¦à¦²à§à¦° à¦à§à¦¨à§à¦¦à§à¦°à§à§ à¦°à¦¾à¦·à§à¦à§à¦°à¦à§à¦²à§ à¦à§à¦°à¦¿à¦²à¦¾ à¦à¦ªà¦¦à¦²à¦à§à¦²à§à¦° à¦à¦à¦à¦¿à¦à§ à¦¦à¦®à¦¨à§à¦° à¦à¦¨à§à¦¯ à¦à¦ªà¦°à¦à¦¿à¦à§ à¦¨à¦¿à¦à§ à¦¥à§à¦à§à¦ à¦¸à¦¹à¦¾à§à¦¤à¦¾ à¦¦à§à§à¥¤,,,Sexual Harassments,Sexual Harassments
à¦®à¦£à¦¿à¦ªà§à¦°à§ à¦à¦à¦¸à¦®à§ à¦®à§à¦à¦¤à§à¦à¦¦à§à¦° à¦¦à¦®à¦¨ à¦à¦°à¦¤à§ à¦à¦¿à§à§ à¦à§à¦à¦¿à¦¦à§à¦° à¦à¦¿à¦à§ à¦à§à¦°à¦¿à¦²à¦¾ à¦§à¦¾à¦°à¦¾à¦à§ à¦¸à¦¹à¦¾à§à¦¤à¦¾ à¦¦à§à¦à§à¦¾ à¦¹à§à§à¦à¦¿à¦²à¥¤ à¦à¦à¦¨ à¦¹à¦à§à¦à§ à¦à¦²à§à¦à§à¦à¦¾,,,Sexual Harassments,Sexual Harassments
à¦®à¦¾à¦¨à¦¬ à¦ªà¦¾à¦à¦¾à¦°à¦ à¦à§à¦°à¦¿à¦²à¦¾ à¦à¦°à§à¦¥à§à¦° à¦à¦ à¦¬à§ à¦à§à¦¸à¥¤,,,Harmful,Sexual Harassments
"à¦¤à¦¬à§ à¦à¦¤à§ à¦¬à¦¿à¦­à¦¿à¦¨à§à¦¨ à¦¦à§à¦¶à§à¦° à¦¸à§à¦®à¦¾à¦¨à§à¦¤à¦°à¦à§à¦·à§à¦°à¦¾à¦ à¦¬à§ à¦à¦à§à¦à§ à¦à§ à¦à¦°à¦à§à¥¤ à¦à¦¤à§ à¦°à¦à§à¦·à§à¦¦à§à¦° à¦¸à¦à§à¦à§ à¦à§à¦°à¦¿à¦²à¦¾ à¦¦à¦²à¦à§à¦²à§à¦° à¦à§à¦°à§à¦à¦à¦¾à¦°à§à¦° à¦¯à§ à¦¸à¦®à§à¦ªà¦°à§à¦ à¦¹à§, à¦¸à§à¦à¦¾ à¦à¦¸à§à¦¤à§à¦° à¦à§à¦°à¦¾à¦à¦¾à¦²à¦¾à¦¨à¦à§ à¦¸à¦¹à¦ à¦à¦°à§ à¦¦à§à§à¥¤",,,Sexual Harassments,Sexual Harassments
à¦¦à¦à§à¦·à¦¿à¦£ à¦à¦¶à¦¿à§à¦¾à§ à¦à§à¦¨ âà¦à§à¦°à¦¿à¦·à§à¦à¦¾à¦¨ à¦°à¦¾à¦·à§à¦à§à¦°à§à¦°â à¦à§à¦à§à¦à¦¨,,,Sexual Harassments,Sexual Harassments
à¦à¦¤ à¦à§à¦²à¦¾à¦ à¦®à¦¾à¦¸à§ à¦à¦¾à¦¤à§à¦°à¦à¦¨à¦¤à¦¾à¦° à¦à¦¨à§à¦¦à§à¦²à¦¨ à¦¦à¦®à¦¨ à¦à¦°à¦¤à§ à¦¶à§à¦ à¦¹à¦¾à¦¸à¦¿à¦¨à¦¾ à¦¸à¦°à¦à¦¾à¦° à¦à¦¨à§à¦à¦¾à¦°à¦¨à§à¦ à¦¶à¦¾à¦à¦¡à¦¾à¦à¦¨ à¦à¦°à§ à¦¦à§à§,,,Sexual Harassments,Sexual Harassments
à¦¦à¦à§à¦·à¦¿à¦£ à¦à¦¶à¦¿à§à¦¾à¦° à¦à§à¦¨à§ à¦¦à§à¦¶à§ à¦à§à¦°à¦¿à¦·à§à¦à§à§ à¦¬à¦¿à¦¶à§à¦¬à¦¾à¦¸à§à¦° à¦®à¦¾à¦¨à§à¦·à§à¦° à¦¸à¦à¦à§à¦¯à¦¾ à§§à§¦ à¦¶à¦¤à¦¾à¦à¦¶à¦ à¦¨à§à¥¤,,,Sexual Harassments,Sexual Harassments
à¦¶à§à¦°à§à¦²à¦à§à¦à¦¾à¦° à¦¬à¦¾à¦à¦°à§ à¦¬à¦¾à¦à¦¿ à¦¸à¦¾à¦¤à¦à¦¿ à¦¦à§à¦¶à§ à§« à¦¶à¦¤à¦¾à¦à¦¶à§à¦° à¦¨à¦¿à¦à§à¥¤ à¦¤à¦¾à¦°à¦ªà¦°à¦ à¦à¦ à¦à¦à§à¦à¦²à¦à§à§à§ à¦à¦à¦à¦¾ à¦à§à¦°à¦¿à¦·à§à¦à¦¾à¦¨ à¦°à¦¾à¦·à§à¦à§à¦°à§à¦° à¦à§à¦à§à¦à¦¨ à¦à¦à§ à¦¬à¦¹à§à¦¦à¦¿à¦¨ à¦§à¦°à§à¥¤,,,Sexual Harassments,Sexual Harassments
à¦¦à§à¦¶à§à¦° à¦à¦¨à§à¦ à¦ªà§à¦°à¦­à¦¾à¦¬à¦¶à¦¾à¦²à§ à¦¬à§à¦¯à¦à§à¦¤à¦¿ à¦®à¦¾à¦à§à¦®à¦§à§à¦¯à§ à¦ à¦à§à¦à§à¦à¦¨à§à¦° à¦à¦¥à¦¾ à¦à¦¤ à¦à§à¦°à§à¦¤à§à¦¬ à¦¦à¦¿à§à§ à¦¬à¦²à§à¦¨ à¦¯à§ à¦¤à¦¾à¦¤à§ à¦à¦à¦-à¦à¦¨à§à¦®à¦¾à¦¨à§à¦° à¦¶à¦¾à¦à¦¾-à¦ªà§à¦°à¦¶à¦¾à¦à¦¾ à¦à¦°à¦ à¦¬à¦¾à§à§à¥¤,,,Sexual Harassments,Sexual Harassments
à¦¬à¦¾à¦¸à§à¦¤à¦¬à§ à¦ à¦°à¦à¦® à¦à¦à¦à¦¾ à¦à¦²à§à¦ªà¦¿à¦¤ à¦°à¦¾à¦·à§à¦à§à¦°à§à¦° à¦¸à¦¤à§à¦¯à¦¤à¦¾ à¦à¦¤à¦à§à¦à§? à¦¨à¦¾à¦à¦¿ à¦à¦à¦¾ à¦¶à§à¦§à§ à¦¸à¦à¦à§à¦¯à¦¾à¦à§à¦°à§à¦¦à§à¦° à¦à§à¦à§ à¦¦à§à¦à¦¾à¦¨à§à¦° à¦°à¦¾à¦à¦¨à§à¦¤à¦¿à¦ à¦à§à¦¶à¦²à¦®à¦¾à¦¤à§à¦°?,,,Sexual Harassments,Sexual Harassments
"à¦¦à¦à§à¦·à¦¿à¦£ à¦à¦¶à¦¿à§à¦¾à§ à¦à§à¦°à¦¿à¦·à§à¦à¦¾à¦¨ à¦§à¦°à§à¦®à§à¦° à¦ªà§à¦°à¦à¦¾à¦° à¦ à¦ªà§à¦°à¦¸à¦¾à¦° à¦¶à§à¦°à§ à¦à§à¦°à¦¾à¦²à¦¾, à¦¤à¦¾à¦®à¦¿à¦²à¦¨à¦¾à§à§à¦° à¦¦à¦¿à¦à§à¥¤ à¦à§à¦ à¦à§à¦ à¦ à¦à§à¦·à§à¦¤à§à¦°à§ à¦¤à¦à§à¦·à¦¶à§à¦²à¦¾à¦° à¦à¦¥à¦¾à¦ à¦¬à¦²à§à¥¤",,,Sexual Harassments,Sexual Harassments
à¦ªà§à¦°à§à¦¨à§ à¦¤à¦à§à¦·à¦¶à§à¦²à¦¾ à¦à¦à¦¨ à¦ªà§à§à¦à§ à¦ªà¦¾à¦à¦¿à¦¸à§à¦¤à¦¾à¦¨à§à¦° à¦ªà¦¾à¦à§à¦à¦¾à¦¬à§à¥¤ à¦à¦° à¦®à¦§à§à¦¯à§ à¦à§à¦°à¦¾à¦²à¦¾à§ à¦à¦à¦¨ à¦ªà§à¦°à¦¾à§ à§¨à§¦ à¦¶à¦¤à¦¾à¦à¦¶ à¦à¦¨à¦¸à¦à¦à§à¦¯à¦¾ à¦à§à¦°à¦¿à¦·à§à¦à¦¾à¦¨à¥¤ à¦¤à¦¾à¦®à¦¿à¦²à¦¨à¦¾à§à§à¦¤à§ à¦¸à§à¦à¦¾ à§¬ à¦¶à¦¤à¦¾à¦à¦¶à§à¦° à¦®à¦¤à§à¥¤ à¦ªà¦¾à¦à¦¿à¦¸à§à¦¤à¦¾à¦¨à§ à§§ à¦¶à¦¤à¦¾à¦à¦¶à§à¦° à¦à¦®à¥¤,,,Sexual Harassments,Sexual Harassments
à¦à§à¦°à¦¿à¦·à§à¦à¦¾à¦¨ à¦°à¦¾à¦·à§à¦à§à¦°à§à¦° à¦à§à¦à§à¦à¦¨à¦à¦¾ à¦à¦¬à¦¶à§à¦¯ à¦à¦¸à¦¬ à¦ªà¦°à¦¿à¦¸à¦à¦à§à¦¯à¦¾à¦¨ à¦¥à§à¦à§ à¦¤à§à¦°à¦¿ à¦¹à§à¦¨à¦¿à¥¤ à¦ à¦à§à¦à§à¦à¦¨à§à¦° à¦­à¦°à¦à§à¦¨à§à¦¦à§à¦° à¦¦à¦à§à¦·à¦¿à¦£ à¦à¦¶à¦¿à§à¦¾à¦° à¦à¦¤à§à¦¤à¦°-à¦ªà§à¦°à§à¦¬à¦¾à¦à§à¦à¦²à§à§ à¦à¦¨à¦ªà¦¦à¦à§à¦²à§à¥¤,,,Sexual Harassments,Sexual Harassments
"à¦®à¦¿à§à¦¾à¦¨à¦®à¦¾à¦°à§à¦° à¦¸à¦¨à§à¦¨à¦¿à¦¹à¦¿à¦¤ à¦à¦à§à¦à¦²à¦ à¦¤à¦¾à¦¤à§ à¦¯à§à¦à§à¦¤ à¦¹à§à§à¦à§à¥¤ à¦à¦¤à§à¦¤à¦°âà¦ªà§à¦°à§à¦¬ à¦à¦¨à¦ªà¦¦à¦à§à¦²à§à¦° à¦®à¦§à§à¦¯à§ à¦®à§à¦à¦¾à¦²à§ (à§­à§§ à¦¶à¦¤à¦¾à¦à¦¶), à¦®à¦¿à¦à§à¦°à¦¾à¦® (à§®à§­ à¦¶à¦¤à¦¾à¦à¦¶) à¦à¦¬à¦ à¦¨à¦¾à¦à¦¾à¦²à§à¦¯à¦¾à¦¨à§à¦¡à§ (à§®à§® à¦¶à¦¤à¦¾à¦à¦¶) à¦à§à¦°à¦¿à¦·à§à¦à¦¾à¦¨à¦°à¦¾ à¦¸à¦à¦à§à¦¯à¦¾à¦à¦°à¦¿à¦·à§à¦ à¥¤",,,Sexual Harassments,Harmful
"à¦à¦ à¦¤à¦¿à¦¨ à¦à¦¨à¦ªà¦¦ à¦¯à§ à¦²à¦¾à¦à§à§à¦¾, à¦¤à¦¾ à¦¨à§, à¦¤à¦¬à§ à¦à¦¾à¦à¦¾à¦à¦¾à¦à¦¿à¥¤ à¦®à¦¿à§à¦¾à¦¨à¦®à¦¾à¦°à§à¦° à¦à¦¿à¦¨ à¦à¦¸à§à¦à§à¦ à¦à¦¦à§à¦° à¦à¦¾à¦à§à¦° à¦à¦¨à¦ªà¦¦à¥¤ à¦à¦¿à¦¨ à¦à¦²à¦¾à¦à¦¾à§ à§¯à§¬ à¦¶à¦¤à¦¾à¦à¦¶ à¦®à¦¾à¦¨à§à¦· à¦à¦à¦ à¦§à¦°à§à¦®à¦¾à¦¬à¦²à¦®à§à¦¬à§à¥¤",,,Sexual Harassments,Sexual Harassments
à¦¦à¦à§à¦·à¦¿à¦£ à¦à¦¶à¦¿à§à¦¾à§ à¦à¦¾à¦°à¦à¦¿ à¦à¦¾à§à¦à¦¾ à¦¹à¦²à§ à¦à§à¦°à¦¿à¦·à§à¦à¦¾à¦¨à¦ªà§à¦°à¦§à¦¾à¦¨à¥¤ à¦à¦¾à¦°à¦à¦¿ à¦à¦¾à§à¦à¦¾à¦¤à§à¦ à¦à§à¦°à¦¿à¦·à§à¦à¦§à¦°à§à¦®à¦¾à¦¬à¦²à¦®à§à¦¬à§ à¦°à¦¾à¦à¦¨à§à¦¤à¦¿à¦¬à¦¿à¦¦à¦¦à§à¦° à¦°à¦¾à¦à§à¦¯ à¦à¦¾à¦²à¦¾à¦¨à§à¦° à¦à¦­à¦¿à¦à§à¦à¦¤à¦¾ à¦à¦à§à¥¤ à¦¤à¦¬à§ à¦à¦¨à¦ªà¦¦à¦à§à¦²à§ à¦à§à¦¤à¦¨à§ à¦ à¦²à§à¦à¦¸à¦à¦à§à¦¯à¦¾à§ à¦à§à¦à¥¤,,,Sexual Harassments,Violence
"à¦à¦ à¦à¦¾à¦°à¦à¦¿ à¦à¦²à¦¾à¦à¦¾à¦° à¦ªà¦¾à¦¶à¦¾à¦ªà¦¾à¦¶à¦¿ à¦®à¦£à¦¿à¦ªà§à¦° à¦ à¦à¦°à§à¦£à¦¾à¦à¦²à¦à§à¦ à¦¯à¦¦à¦¿ à¦à¦²à§à¦²à§à¦à¦¯à§à¦à§à¦¯à¦¸à¦à¦à§à¦¯à¦ à¦à§à¦°à¦¿à¦·à§à¦à¦¾à¦¨ à¦à¦¨à¦¸à¦à¦à§à¦¯à¦¾à¦° (à§ªà§§ à¦ à§©à§¦ à¦¶à¦¤à¦¾à¦à¦¶) à¦à¦¾à¦°à¦£à§ à¦à¦¾à¦à§ à¦à¦¾à¦¨à¦¾ à¦¹à§, à¦¤à¦¾à¦¹à¦²à§ à¦¬à§à¦¶ à¦¬à§ à¦à¦à¦à¦¾ à¦¬à¦²à§ à¦¤à§à¦°à¦¿ à¦¹à§à¥¤ à¦à§à¦¤à¦¨à§ à¦¯à¦¾ à¦¦à§à¦ à¦²à¦¾à¦ à¦¬à¦°à§à¦à¦à¦¿à¦²à§à¦®à¦¿à¦à¦¾à¦°à¦ à¦à¦¾à§à¦¿à§à§ à¦¯à¦¾à§à¥¤",,,Sexual Harassments,Violence
"à¦®à¦¿à¦à§à¦°à¦¾à¦® à¦ à¦à¦¿à¦¨à¦¸à¦à¦²à¦à§à¦¨ à¦¬à¦¾à¦à¦²à¦¾à¦¦à§à¦¶à§à¦° à¦¬à¦¾à¦¨à§à¦¦à¦°à¦¬à¦¾à¦¨à§à¦° à¦¸à§à¦®à¦¾à¦¨à§à¦¤à¦¬à¦°à§à¦¤à§ à¦à¦ªà¦à§à¦²à¦¾à¦à§à¦²à§à§ (à¦°à§à¦®à¦¾, à¦¥à¦¾à¦¨à¦à¦¿, à¦°à§à§à¦¾à¦à¦à§à¦¿) à¦à§à¦°à¦¿à¦·à§à¦à¦§à¦°à§à¦®à¦¾à¦¬à¦²à¦®à§à¦¬à§à¦¦à§à¦° à¦à¦²à§à¦²à§à¦à¦¯à§à¦à§à¦¯ à¦à¦ªà¦¸à§à¦¥à¦¿à¦¤à¦¿à¦° à¦à¦¾à¦°à¦£à§ à¦¬à¦¿à¦·à§à¦à¦¾ à¦¢à¦¾à¦à¦¾à§à¦ à¦®à¦¨à§à¦¯à§à¦à§à¦° à¦¬à¦¿à¦·à§ à¦¹à§à§à¦à§à¥¤ ",,,Sexual Harassments,Violence
à¦¬à¦¾à¦¨à§à¦¦à¦°à¦¬à¦¾à¦¨à§ à¦à§à¦°à¦¿à¦·à§à¦à¦¾à¦¨ à¦à¦¨à¦¸à¦à¦à§à¦¯à¦¾ à§§à§¦ à¦¶à¦¤à¦¾à¦à¦¶à§à¦° à¦®à¦¤à§à¥¤,,,Sexual Harassments,Sexual Harassments
à¦ªà¦¾à¦°à¦®à¦¾à¦£à¦¬à¦¿à¦ à¦à¦¸à§à¦¤à§à¦°à§à¦° à¦¸à¦à¦à§à¦¯à¦¾ à¦¬à¦¾à§à¦¾à¦¬à§ à¦à¦¤à§à¦¤à¦° à¦à§à¦°à¦¿à§à¦¾: à¦à¦¿à¦® à¦à¦-à¦à¦¨,,,Harmful,Violence
à¦à¦¤à§à¦¤à¦° à¦à§à¦°à¦¿à§à¦¾à¦à§ à¦à¦°à¦ à¦¸à¦°à§à¦¬à¦¤à§à¦­à¦¾à¦¬à§ à¦¤à¦¾à¦° à¦ªà¦¾à¦°à¦®à¦¾à¦£à¦¬à¦¿à¦ à¦¸à¦à§à¦·à¦®à¦¤à¦¾ à¦ªà§à¦°à¦¸à§à¦¤à§à¦¤ à¦à¦°à¦¤à§ à¦¹à¦¬à§à¥¤ à¦à¦à¦ à¦¸à¦à§à¦à§ à¦°à¦¾à¦·à§à¦à§à¦°à§à¦° à¦¨à¦¿à¦°à¦¾à¦ªà¦¤à§à¦¤à¦¾à¦° à¦à¦§à¦¿à¦à¦¾à¦° à¦¨à¦¿à¦¶à§à¦à¦¿à¦¤ à¦à¦°à¦¾à¦° à¦à¦¨à§à¦¯ à¦¯à§à¦à§à¦¨à§ à¦¸à¦®à§ à¦à¦à¦¿ à¦¸à¦ à¦¿à¦à¦­à¦¾à¦¬à§ à¦¬à§à¦¯à¦¬à¦¹à¦¾à¦° à¦à¦°à¦¾à¦° à¦ªà§à¦°à¦¸à§à¦¤à§à¦¤à¦¿ à¦¨à¦¿à¦¤à§ à¦¹à¦¬à§à¥¤,,,Sexual Harassments,Sexual Harassments
à¦¯à§à¦à§à¦¤à¦°à¦¾à¦·à§à¦à§à¦° à¦ à¦¤à¦¾à¦° à¦à¦¨à§à¦¸à¦¾à¦°à§à¦¦à§à¦° à¦¸à§à¦·à§à¦ à¦¬à¦¿à¦­à¦¿à¦¨à§à¦¨ à¦¹à§à¦®à¦à¦¿ à¦®à§à¦à¦¾à¦¬à¦¿à¦²à¦¾à¦° à¦à¦¨à§à¦¯ à¦¤à¦¾à¦à¦° à¦¦à§à¦¶à§à¦° à¦à¦à¦à¦¿ à¦¶à¦à§à¦¤à¦¿à¦¶à¦¾à¦²à§ à¦¸à¦¾à¦®à¦°à¦¿à¦ à¦à¦ªà¦¸à§à¦¥à¦¿à¦¤à¦¿ à¦ªà§à¦°à§à§à¦à¦¨à¥¤,,,Sexual Harassments,Sexual Harassments
à¦®à¦¾à¦°à§à¦à¦¿à¦¨ à¦¨à¦¿à¦°à§à¦¬à¦¾à¦à¦¨ à¦à¦à¦°à§à¦ªà§à¦° à¦à§à¦¶à¦²à¦à¦¤ à¦à¦¬à¦¸à§à¦¥à¦¾à¦¨ à¦à¦²à§à¦à§ à¦¦à§à¦¬à§,,,Sexual Harassments,Violence
"à¦à¦à¦°à§à¦ªà§à§ à¦¨à§à¦¤à¦¾à¦¦à§à¦° à¦à¦¦à§à¦¬à¦¿à¦à§à¦¨ à¦¹à¦à§à¦¾à¦° à¦à¦¥à¦¾ à¦¯à§ à¦à§à¦°à¦¾à¦®à§à¦ª à¦à¦¿à¦¤à§ à¦à§à¦²à§ à¦à§ à¦¹à¦¬à§? à¦à§à¦°à¦¾à¦®à§à¦ªà§à¦° à¦¸à¦à§à¦à§ à¦«à¦¿à¦°à§ à¦à¦¸à¦¬à§ à¦¨à¦¤à§à¦¨ à¦¬à¦¾à¦£à¦¿à¦à§à¦¯à¦¯à§à¦¦à§à¦§, à¦à¦à¦à§à¦°à§à¦¨à¦à§ à¦ªà¦°à¦¿à¦¤à§à¦¯à¦¾à¦ à¦à¦°à¦¾, à¦à¦®à¦¨à¦à¦¿ à¦¨à§à¦¯à¦¾à¦à§ à¦à§à§à§ à¦¯à¦¾à¦à§à¦¾à¦° à¦®à¦¤à§ à¦­à§à¦¤à¦¿à¦à¦° à¦¬à§à¦¯à¦¾à¦ªà¦¾à¦°?",,,Sexual Harassments,Sexual Harassments
à¦¡à§à¦¨à¦¾à¦²à§à¦¡ à¦à§à¦°à¦¾à¦®à§à¦ª à¦¨à¦¿à¦°à§à¦¬à¦¾à¦à¦¨à§ à¦¹à¦¿à¦¸à¦¾à¦¬-à¦¨à¦¿à¦à¦¾à¦¶à§ à¦à¦° à¦à¦à¦¿à§à§ à¦¨à§à¦à¥¤ à¦à¦ à¦ªà¦°à¦¿à¦¬à¦°à§à¦¤à¦¨à§à¦° à¦«à¦²à§ à¦à¦à¦°à§à¦ªà§à§à¦°à¦¾ à¦à¦à¦¨ à¦à¦°à¦ à¦­à¦¾à¦²à§ à¦à§à¦¨à§ à¦¬à¦¿à¦à¦²à§à¦ª à¦­à¦¬à¦¿à¦·à§à¦¯à¦¤à§à¦° à¦à¦¥à¦¾ à¦­à¦¾à¦¬à¦¤à§ à¦ªà¦¾à¦°à¦à§à¥¤,,,Violence,Sexual Harassments
"à¦à¦®à¦²à¦¾ à¦¹à§à¦¯à¦¾à¦°à¦¿à¦¸ à¦à¦¿à¦¤à¦²à§à¦ à¦¸à¦¬à¦à¦¿à¦à§ à¦à§ à¦¬à¦¾à¦à¦¡à§à¦¨à§à¦° à¦ªà§à¦°à¦¶à¦¾à¦¸à¦¨à§à¦° à¦®à¦¤à§à¦ à¦à¦²à¦¬à§, à¦à¦®à¦¨ à¦­à¦¾à¦¬à¦¾à¦à¦¾ à¦¹à¦¬à§ à¦¬à§à¦à¦¾à¦®à¦¿à¥¤ à¦¬à¦¾à¦¸à§à¦¤à¦¬à¦¤à¦¾ à¦¹à¦²à§, à¦¯à¦¾ à¦à¦¸à¦à§, à¦¤à¦¾à¦° à¦à¦¨à§à¦¯ à¦à¦à¦°à§à¦ª à¦ªà§à¦°à¦¸à§à¦¤à§à¦¤ à¦¨à§à¥¤",,,Sexual Harassments,Violence
"à¦¯à§à¦¦à§à¦§ à¦¯à¦¤à¦ à¦¬à¦¾à§à¦à§, à¦®à¦¾à¦°à§à¦à¦¿à¦¨ à¦à¦°à§à¦®à¦à¦°à§à¦¤à¦¾à¦°à¦¾ à¦à¦à¦à§à¦°à§à¦¨à§à¦° à¦¬à¦°à§à¦¤à¦®à¦¾à¦¨ à¦à¦à¦²à¦¾à¦¬à¦¸à§à¦¥à¦¾ à¦­à¦¾à¦à¦¾à¦° à¦¬à§à¦¯à¦¾à¦ªà¦¾à¦°à§ à¦à¦¸à§à¦¥à¦¾ à¦¹à¦¾à¦°à¦¿à§à§ à¦«à§à¦²à¦à§à¦¨à¥¤",,,Sexual Harassments,Sexual Harassments
"à¦°à¦¾à¦¶à¦¿à§à¦¾à¦° à¦à§à¦°à¦¸à§à¦ à¦à¦à§à¦à¦²à§ à¦à¦à¦à§à¦°à§à¦¨ à¦à¦à§à¦°à¦®à¦£ à¦à¦°à¦à§à¥¤ à¦à¦¿à¦¨à§à¦¤à§ à§¨à§¦à§¨à§¨ à¦¸à¦¾à¦²à§ à¦¤à¦¾à¦°à¦¾ à¦¯à§ à¦à¦à§à¦à¦² à¦¹à¦¾à¦°à¦¿à§à§à¦à§, à¦¤à¦¾ à¦ªà§à¦¨à¦°à§à¦¦à§à¦§à¦¾à¦° à¦à¦°à¦¾ à¦¦à¦¿à¦¨ à¦¦à¦¿à¦¨ à¦à¦°à¦ à¦à¦¸à¦®à§à¦­à¦¬ à¦¹à§à§ à¦à¦ à¦à§à¥¤",,,Sexual Harassments,Sexual Harassments
à¦à§à¦°à¦¾à¦®à§à¦ªà§à¦° à¦¦à¦¾à§à¦®à§à¦à§à¦¤à¦¿ à¦°à¦¾à§: à¦à¦à¦¨ à¦à¦¿ à¦à¦à¦¨ à¦­à¦¾à¦à¦¾à¦° à¦à¦¨à§à¦¯,,,Sexual Harassments,Sexual Harassments
à¦¬à§à¦¯à¦à§à¦¤à¦¿à¦à¦¤à¦­à¦¾à¦¬à§ à¦à¦à¦à§à¦°à§à¦¨à§à¦° à¦¨à§à¦¤à¦¾à¦°à¦¾ à¦¹à§à¦¤à§ à¦à¦¶à¦¾ à¦à¦°à¦à§à¦¨ à¦¯à§ à¦¯à§à¦à§à¦¤à¦°à¦¾à¦·à§à¦à§à¦° à¦¤à¦¾à¦à¦¦à§à¦° à¦à¦²à§à¦à¦¨à¦¾à¦° à¦à§à¦¬à¦¿à¦²à§ à¦ à§à¦²à§ à¦¦à§à¦¬à§à¥¤,,,Sexual Harassments,Sexual Harassments
"à¦à¦à¦°à§à¦ªà§à§à¦°à¦¾ à¦à¦à¦¨à§ âà¦¯à¦¤ à¦¦à¦¿à¦¨ à¦¸à¦®à§ à¦²à¦¾à¦à§â à¦à¦à¦à§à¦°à§à¦¨à¦à§ à¦¸à¦®à¦°à§à¦¥à¦¨ à¦à¦°à¦¾à¦° à¦à¦¥à¦¾ à¦¬à¦²à¦à§à¦¨, à¦¤à¦¾à¦à¦¦à§à¦° à¦à¦¨à§à¦¯ à¦à¦à¦¾ à¦¹à¦¬à§ à¦à¦ à¦¬à§ à¦§à¦¾à¦à§à¦à¦¾à¥¤",,,Sexual Harassments,Sexual Harassments
"à¦¯à¦¾-à¦ à¦à¦à§à¦ à¦¨à¦¾ à¦à§à¦¨, à¦à¦à¦°à§à¦ªà§à§à¦¦à§à¦° à¦à¦¨à§à¦¯ à¦à§à¦¯à¦¾à¦²à§à¦à§à¦ à¦¹à¦²à§ à¦°à¦¾à¦¶à¦¿à§à¦¾à¦° à¦¶à¦°à§à¦¤à§ à¦¯à§à¦¦à§à¦§à§ âà¦¶à¦¾à¦¨à§à¦¤à¦¿â à¦ªà§à¦°à¦¤à¦¿à¦¹à¦¤ à¦à¦°à¦¾à¥¤",,,Sexual Harassments,Sexual Harassments
à¦à§à¦°à¦¾à¦®à§à¦ª à¦¸à¦¬ à¦à¦®à¦¦à¦¾à¦¨à¦¿à¦¤à§ à§§à§¦ à¦¶à¦¤à¦¾à¦à¦¶ à¦¶à§à¦²à§à¦ à¦à¦¬à¦ à¦à§à¦¨ à¦¥à§à¦à§ à¦à¦¸à¦¾ à¦ªà¦£à§à¦¯à§à¦° à¦à¦ªà¦° à¦à¦¨à§à¦¤à¦¤ à§¬à§¦ à¦¶à¦¤à¦¾à¦à¦¶ à¦¨à¦¤à§à¦¨ à¦¶à§à¦²à§à¦ à¦à¦°à§à¦ªà§à¦° à¦à¦¥à¦¾ à¦¬à¦²à¦à§à¦¨à¥¤ à¦¸à¦à§à¦à§ à¦¬à¦¾à¦à¦¡à§à¦¨ à¦ªà§à¦°à¦¶à¦¾à¦¸à¦¨à§à¦° à¦¦à§à¦à§à¦¾ à¦¬à¦¿à¦§à¦¿à¦¨à¦¿à¦·à§à¦§ à¦¤à§ à¦¥à¦¾à¦à¦à§à¦à¥¤,,,Sexual Harassments,Sexual Harassments
à¦à§à¦¨à§à¦° à¦ªà¦£à§à¦¯à§à¦° à¦à¦ªà¦° à¦¬à¦¹à¦¾à¦² à¦®à¦¾à¦°à§à¦à¦¿à¦¨ à¦¶à§à¦²à§à¦ à¦à¦¬à¦ à¦à§à¦°à¦¾à¦®à§à¦ª à¦ªà§à¦°à¦¶à¦¾à¦¸à¦¨à§à¦° à¦¨à¦¿à¦à¦¸à§à¦¬ à¦¶à§à¦²à§à¦ à¦ªà§à¦°à§à§à¦à§à¦° à¦à¦¾à¦ªà§ à¦à¦à¦°à§à¦ªà§à¦° à¦à¦¬à¦¸à§à¦¥à¦¾ à¦¹à¦¬à§ à¦à§à¦¬ à¦à¦ à¦¿à¦¨à¥¤,,,Sexual Harassments,Sexual Harassments
à¦à¦®à¦²à¦¾à¦° à¦à§à¦¨ à¦¨à§à¦¤à¦¿ à¦¬à¦¾à¦à¦¡à§à¦¨à§à¦° à¦à§à§à§ à¦¨à¦°à¦® à¦¹à¦¬à§ à¦¨à¦¾à¥¤,,,Sexual Harassments,Sexual Harassments
à¦¯à§à¦à§à¦¤à¦°à¦¾à¦·à§à¦à§à¦°à§ à¦à§à¦¨à¦¬à¦¿à¦°à§à¦§à§ à¦à¦à¦®à¦¤à§à¦¯ à¦¬à§à¦¶ à¦¦à§à§à¥¤ à¦à§à§à¦à¦à¦¿ à¦ªà§à¦°à¦à¦¾à¦¶à§à¦¯ à¦¬à¦¿à¦¬à§à¦¤à¦¿à¦¤à§ à¦à¦®à¦²à¦¾ à¦¤à¦¾à¦à¦à§à¦¾à¦¨à§à¦° à¦ªà¦à§à¦·à§ à¦à§à¦°à¦¾à¦²à§ à¦¸à¦®à¦°à§à¦¥à¦¨ à¦à¦¾à¦¨à¦¿à§à§à¦à§à¦¨à¥¤,,,Sexual Harassments,Sexual Harassments
à¦à§à¦¨ à¦®à¦¾à¦°à§à¦à¦¿à¦¨ à¦à¦°à§à¦¥à¦¨à§à¦¤à¦¿à¦¤à§ à¦¨à¦¿à¦®à§à¦¨à¦®à¦¾à¦¨à§à¦° à¦ªà¦£à§à¦¯ à¦à¦¾à¦²à¦¾à¦¸ à¦à¦°à¦à§à¥¤,,,Sexual Harassments,Sexual Harassments
à¦¬à¦¾à¦à¦¡à§à¦¨ à¦à¦¿à¦²à§à¦¨ à¦à¦à¦²à¦¾à¦¨à§à¦à¦¿à¦ à¦à¦à§à¦à¦²à§à¦° à¦ªà¦à§à¦·à§ à¦à¦ªà¦¸à¦¹à§à¦¨à¥¤ à¦à¦®à¦²à¦¾ à¦¤à¦¾ à¦¨à¦¨à¥¤,,,Harmful,Sexual Harassments
à¦à¦®à¦²à¦¾à¦° à¦®à¦¾à¦°à§à¦à¦¿à¦¨ à¦ªà¦°à¦°à¦¾à¦·à§à¦à§à¦°à¦¨à§à¦¤à¦¿à¦° à¦à§à¦à¦ à¦à¦à¦°à§à¦ª à¦¥à§à¦à§ à¦à¦¶à¦¿à§à¦¾à¦° à¦¦à¦¿à¦à§ à¦¸à¦°à§ à¦¯à¦¾à¦¬à§ à¦¬à¦²à§ à¦®à¦¨à§ à¦¹à§à¥¤,,,Sexual Harassments,Sexual Harassments
"à¦à¦à¦°à§à¦ªà§à§à¦°à¦¾ à¦¯à¦à¦¨ à¦ªà§à¦°à¦¤à¦¿à¦°à¦à§à¦·à¦¾à§ à¦à¦°à¦ à¦¬à¦¿à¦¨à¦¿à§à§à¦à§à¦° à¦à¦¥à¦¾ à¦¬à¦²à§, à¦¤à¦à¦¨ à¦¤à¦¾à¦¦à§à¦° à¦¨à¦¿à¦à§à¦¦à§à¦° à¦à¦¿à¦à§à¦à¦¾à¦¸à¦¾ à¦à¦°à¦¾ à¦à¦à¦¿à¦¤ à¦¯à§ à¦¤à¦¾à¦°à¦¾ à¦à¦¿ à¦¶à§à¦§à§ à¦à§à¦°à¦¾à¦®à§à¦ªà¦à§ à¦¶à¦¾à¦¨à§à¦¤ à¦à¦°à¦¾à¦° à¦à§à¦·à§à¦à¦¾ à¦à¦°à¦à§, à¦¨à¦¾à¦à¦¿ à¦¨à¦¿à¦à§à¦¦à§à¦° à¦¦à§à¦°à§à¦à¦®à§à§à¦¾à¦¦à¦¿ à¦¨à¦¿à¦°à¦¾à¦ªà¦¤à§à¦¤à¦¾ à¦¨à¦¿à§à§ à¦à§à¦°à§à¦¤à§à¦¬ à¦¦à¦¿à§à§ à¦­à¦¾à¦¬à¦à§?",,,Sexual Harassments,Sexual Harassments
à¦à¦à¦°à§à¦ªà§à§à¦¦à§à¦° à¦à¦¤à¦à§à¦à¦¿à¦¤ à¦¨à¦¾ à¦¹à§à§ à¦¤à¦¾à¦¦à§à¦° à¦¬à§ à¦­à§ à¦®à§à¦à¦¾à¦¬à¦¿à¦²à¦¾ à¦à¦°à¦¤à§ à¦ªà§à¦°à¦¸à§à¦¤à§à¦¤ à¦¹à¦¤à§ à¦¹à¦¬à§à¥¤ à¦¸à§à¦ à¦­à§ à¦¹à¦²à§ à¦à¦à¦à§à¦°à§à¦¨ à¦ à¦à§à¦¨ à¦¨à¦¿à§à§à¥¤,,,Sexual Harassments,Violence
à¦à§à¦ à¦¸à¦¦à¦¸à§à¦¯à¦°à¦¾à¦·à§à¦à§à¦°à¦à§à¦²à§ à¦¸à¦®à§à¦­à¦¬à¦¤ à¦¯à§à¦à§à¦¤à¦°à¦¾à¦·à§à¦à§à¦°à§à¦° à¦¸à¦à§à¦à§ à¦¦à§à¦¬à¦¿à¦ªà¦à§à¦·à§à§ à¦à§à¦à§à¦¤à¦¿à¦à§à¦²à§ à¦à¦¾à¦²à§ à¦°à¦¾à¦à¦¬à§ à¦¨à¦¾à¥¤ à¦¬à§ à¦¦à§à¦¶à¦à§à¦²à§à¦° à¦¦à¦¾à§à¦¿à¦¤à§à¦¬ à¦¹à¦¬à§ à¦¤à¦à¦¨ à¦à§à¦ à¦¦à§à¦¶à¦à§à¦²à§à¦à§ à¦¶à¦¾à¦¨à§à¦¤ à¦à¦°à¦¾à¥¤,,,Sexual Harassments,Sexual Harassments
à¦¦à§à¦¶à§à¦° à¦®à¦¾à¦¨à§à¦· à¦à¦à¦¦à¦²à§à¦° à¦¶à¦¾à¦¸à¦¨à§ à¦à¦¤à¦¿à¦·à§à¦ à¦¹à§à§ à¦à§à¦à§ à¦à¦° à¦¬à§à¦¶à§à¦¯à§à¦° à¦à§à¦²à§ à¦¬à§à¦¯à¦¬à¦¸à¦¾ à¦ à¦¿à¦ à¦°à¦¾à¦à¦¾à¦° à¦à¦¨à§à¦¯à¦¿ à¦¸à¦°à¦à¦¾à¦°à§à¦° à¦¸à¦¾à¦¥à§ à¦à¦¤à¦¾à¦¤ à¦à¦°à§ à¦¹à¦¿à§à¦¾à¦²à§ à¦à§à¦¦à¦¾à¦à§à¦à§,,,Sexual Harassments,Sexual Harassments
à¦®à¦¾à¦¨à¦¬à¦¿à¦ à¦à¦¾à¦°à¦£à§ à¦¤à¦¾à¦¦à§à¦°à¦à§ à¦¬à¦¾à¦à¦²à¦¾à¦¦à§à¦¶à§ à¦à¦¶à§à¦°à§ à¦¦à§à¦à§à¦¾ à¦à¦¬à¦ à¦¶à¦°à¦£à¦¾à¦°à§à¦¥à§ à¦¶à¦¿à¦¬à¦¿à¦°à§ à¦¥à¦¾à¦à¦¾à¦° à¦¬à§à¦¯à¦¬à¦¸à§à¦¥à¦¾ à¦à¦°à¦¾ à¦ªà§à¦°à§à§à¦à¦¨ à¦ªà¦¾à¦¶à¦¾à¦ªà¦¾à¦¶à¦¿ à¦à¦¾à¦¤à¦¿à¦¸à¦à¦ à¦ à¦ à¦¬à§à¦¯à¦¾à¦ªà¦¾à¦°à§ à¦¬à¦¾à¦à¦²à¦¾à¦¦à§à¦¶ à¦¸à¦°à¦à¦¾à¦°à¦à§ à¦ªà¦°à¦¾à¦®à¦°à§à¦¶ à¦¦à¦¿à§à§à¦à§à¦¨ à¦à¦¤à¦à¦¬ à¦à¦¾à¦¤à¦¿à¦¸à¦à¦ à¦¤à¦¾à¦¦à§à¦° à¦à¦¾à¦à§à¦¾ à¦ªà¦¡à¦¾à¦° à¦¬à§à¦¯à¦ªà¦¾à¦°à§ à¦à¦¬à¦¶à§à¦¯à¦ à¦¸à¦¾à¦¹à¦¾à¦¯à§à¦¯ à¦ à¦¸à¦¹à¦¯à§à¦à¦¿à¦¤à¦¾ à¦¹à¦¾à¦¤ à¦¬à¦¾à§à¦¾à¦¬à§à¦¨   à¦à¦¶à¦¾à¦à¦°à¦¿ à¦¬à¦¾à¦à¦²à¦¾à¦¦à§à¦¶ à¦¸à¦°à¦à¦¾à¦° à¦ à¦¬à§à¦¯à¦¾à¦ªà¦¾à¦°à§ à¦à¦¤à¦¿à¦¬à¦¾à¦à¦ à¦­à§à¦®à¦¿à¦à¦¾ à¦°à¦¾à¦à¦¬à§à¦¨ à¦à¦¬à¦ à¦¨à¦¿à¦°à¦¿à¦¹ à¦¨à¦¿à¦°à¦¾à¦ªà¦°à¦¾à¦¦ à¦°à§à¦¹à¦¿à¦à§à¦à¦¾ à¦à¦¬à¦¾à¦² à¦¬à§à¦¦à§à¦¦à¦¾ à¦¬à¦¨à¦¿à¦¤à¦¾à¦¦à§à¦° à¦à§à¦¬à¦¨ à¦°à¦à§à¦·à¦¾à§ à¦à¦à¦¿à§à§ à¦à¦¸à¦¬à§à¦¨,,,Sexual Harassments,Sexual Harassments
à¦¹à¦¾à¦¸à¦¿à¦¨à¦¾ à¦à¦¸à¦¾à¦° à¦ªà¦° à¦à¦¨à§à¦¨à¦¤à¦¿ à¦¹à§à§à¦à§ à¦®à¦¨à§à¦¤à§à¦¦à§à¦° à¦ªà§à¦°à§à¦· à¦à¦à§à¦ à¦¯à§à¦®à¦¨ à¦°à§à¦² à¦®à¦¨à§à¦¤à§ à§¬à§« à¦¬à¦à¦° à¦ªà¦° à¦­à¦¿à¦¬à¦¾à¦¹ à¦à¦°à¦¾à¦²à§à¦¨ à¦¹à¦¾à¦¸à¦¿à¦¨à¦¾,,,Sexual Harassments,Sexual Harassments
à¦ªà¦¾à¦ªà¦¨ à¦¨à¦¾à¦¨à§à¦¨à§ à¦¦à§à¦ à¦°à¦¾à¦à¦¾à¦à¦¾à¦°à§à¦°à§ à¦à§à¦¤à¦¾à¦° à¦®à¦¾à¦²à¦¾ à¦à¦²à¦¾à§ à¦¦à¦¿à§à§ à¦¦à§à¦¶ à¦¥à§à¦à§ à¦¤à¦¾à§à¦¿à§à§ à¦¦à§à¦à§à¦¾ à¦à¦à¦¿à¦¤,,,Violence,Sexual Harassments
à¦®à¦¾à¦à¦¾à¦²à¦«à¦² à¦à§à¦¤à§ à¦à§à¦¨ à¦¸à§à¦¬à¦¾à¦¦ à¦¨à¦¾à¦   à¦à¦ªà¦¨à¦¿ à¦à¦à¦à¦¾ à¦®à¦¾à¦à¦¾à¦²à¦«à¦²,,,Sexual Harassments,Sexual Harassments
à¦¸à¦¾à¦¹à¦¸à§ à¦à¦¥à¦¾à¦° à¦à¦¨à§à¦¯ à¦§à¦¨à§à¦¯à¦¬à¦¾à¦¦ à¦¸à§à¦ à¦¸à¦¬ à¦à¦®à§à¦¨à§à¦ à¦à¦¾à¦°à¦¿ à¦°à¦¾ à¦­à§à¦¬à§à¦à§ à¦°à§à¦¹à¦¿à¦à§à¦à¦¾ à¦°à¦¾ à¦¤à¦¾à¦¦à§à¦° à¦¬à¦¾à§à¦¿à¦¤à§à¦ à¦à¦à§ à¦à¦¶à§à¦°à§ à¦¨à¦¿à¦¬à§ à¦¤à¦¾à¦ à¦¸à§à¦ à¦¸à¦¬ à¦à¦®à§à¦¨à§à¦ à¦à¦¾à¦°à§ à¦­à¦¿à¦¤à§ à¦¹à§à§ à¦à§à¦à§ à¦¤à¦¾à¦°à¦¾ à¦à¦¾à¦¨à§ à¦¨à¦¾ à¦¶à¦°à¦¨à¦¾à¦°à§à¦¥à§ à¦¶à¦¿à¦¬à¦¿à¦° à¦à¦¿ à¦à¦¿à¦¨à¦¿à¦¸ à¦¸à§à¦à¦¾à¦¨à§ à¦à§ à¦¥à¦¾à¦à§ à¦à§ à¦¤à¦¾à¦¦à§à¦° à¦à¦¾à¦à§à¦¾à¦° à¦¬à§à¦¬à¦¸à§à¦¥à¦¾ à¦à¦°à§ à¦®à§à¦¸à¦²à¦¿à¦® à¦¦à§à¦¶ à¦¤à§à¦°à¦¸à§à¦à§ à¦ªà§à¦°à¦¾à§ à¦²à¦¾à¦ à¦¶à¦°à¦¨à¦¾à¦°à§à¦¥à§ à¦à¦à§ à¦¤à¦¾à¦°à¦¾ à¦¶à¦°à¦¨à¦¾à¦°à§à¦¥à§ à¦à§à¦®à§à¦ªà§à¦ à¦¥à¦¾à¦à§ à¦¤à§à¦°à¦¸à§à¦à§à¦° à¦¸à¦°à¦à¦¾à¦° à¦à¦¬à¦ à¦à¦¨à§à¦¤à¦°à§à¦à¦¾à¦¤à¦¿à¦ à¦¦à¦¾à¦¤à¦¾ à¦°à¦¾ à¦¤à¦¾à¦¦à§à¦° à¦à¦¾à¦¬à¦¾à¦° à¦à¦° à¦¬à§à¦¬à¦¸à§à¦¥à¦¾ à¦à¦°à§,,,Sexual Harassments,Violence
à¦¬à¦à¦° à¦§à¦°à§ à¦¦à§à¦¶à§ à¦§à¦°à§à¦·à¦¨ à¦¹à¦¤à§à¦¯à¦¾ à¦à¦¾à¦²à¦¿à¦¯à¦¼à§ à¦¯à¦¾à¦à§à¦à§ à¦à¦à¦²à¦¿ à¦¨à¦¾à¦®à¦ à¦®à¦¾à¦«à¦¿à¦¯à¦¼à¦¾à¦²à§à¦ à¦¤à¦¾à¦°à¦¾ à¦à¦¿ à¦°à¦¾à¦à¦¾à¦à¦¾à¦° à¦¨à¦¾,,,Sexual Harassments,Sexual Harassments
à¦à¦¿à¦°à§ à¦°à¦¨à¦¿ à¦¤à§à¦ à¦à¦¿ à¦®à¦¾à¦¹à¦¿à¦° à¦ à¦à¦¾à¦¤à§à¦° à¦¹à¦à§à¦¾à¦° à¦¯à§à¦à§à¦¯à¦¤à¦¾ à¦°à¦¾à¦à¦¿à¦¸ à¦¨à¦¾,,,Sexual Harassments,Sexual Harassments
à¦¤à§à¦¾à¦®à¦¾à¦° à¦®à¦¤ à¦à¦¾à¦®à¦¾ à¦¤à¦¿ à¦®à§à¦¸ à¦²à¦¿à¦® à¦¦à§à¦° à¦¦à§à¦¾à§à¦¾ à¦ªà§à¦° à§à§à¦¾à¦à¦¨ à¦¨à¦¾à¦  à¦¤à§à¦¾ à¦¦à§à¦° à¦à¦¨à§à¦¤à¦°à§ à¦à¦¾ à¦²à§à¦¾ à¦¦à¦¾à¦ à¦à¦¾à¦°à¦¨ à¦¤à§à¦¾à¦°à¦¾ à¦ªà¦¾ à¦à¦¿ à¦ à¦°à¦¾à¦à¦¾à¦à¦¾ à¦¦à§à¦° à¦° à¦à§à¦¤à§à¦¾ à¦¤à§à¦¾ à¦¦à§à¦° à¦¶ à¦°à¦¿ à¦°à§ à¦®à§à¦¸à¦¾à¦¨  à¦¤à§à¦¾à¦¦à§à¦° à¦°à¦¾à¦à¦¾à¦à¦¾à¦° à¦¬à¦¾à¦ª à¦¦à§à¦° à¦¥à§ à¦à§ à¦« à¦°à¦¿à¦¦à¦ à¦¦à§à¦¦à¦¿à¦¨ à¦®à§à¦¸à§à¦¦ à¦à§à¦¨ à¦­à¦²à¦¿ à¦à¦¾à¦°à¦¨ à¦¤à¦¿ à¦¨à¦¿ à¦à¦à¦à¦¨ à¦®à§ à¦à§à¦¤à¦¿ à¦¯à§à¦¦à§à¦§à¦¾ à¦ à¦à¦¾ à¦²à§à¦®,,,Sexual Harassments,Violence
à¦°à¦¾à¦à¦¾à¦à¦¾à¦°à¦°à¦¾ à¦®à¦¿à¦à¦¿à¦² à¦à¦°à¦à§ à¦¤à¦à¦£ à¦à¦¸à¦²à¦¾à¦® à¦ªà¦¿à§ à¦¦à¦² à¦à§à¦²à§ à¦à§à¦¥à¦¾à§ à¦à¦ à¦¤à§à¦®à¦¾à¦¦à§à¦° à¦¦à¦°à¦à¦¾à¦°,,,Sexual Harassments,Harmful
à¦°à¦¾à¦à¦¾à¦à¦¾à¦°à¦¦à§à¦° à¦®à¦¨à§à¦¤à§à¦°à§ à¦¬à¦¾à¦¨à¦¾à¦¨à§à¦° à¦¦à¦¾à§à§ à¦¤à¦¾à¦° à¦à¦°à¦ à¦à¦ à¦¿à¦¨ à¦¬à¦¿à¦à¦¾à¦° à¦¬à¦¾à¦à¦¿ à¦à¦à§,,,Sexual Harassments,Violence
à¦ªà¦¾à¦°à§à¦¥ à¦¸à¦¾à¦²à¦¾à¦° à¦ªà§à¦¤ à¦¹à¦²à§ à¦¹à¦¾à¦¸à¦¿à¦¨à¦¾à¦° à¦¬à§ à¦¦à¦¾à¦²à¦¾à¦²  à¦ªà¦¾à¦°à§à¦¥ à¦à§ à¦¬à¦¿à¦à¦¨à¦ªà¦¿à¦° à¦¯à§à¦ à¦¥à§à¦à§ à¦¬à¦¾à¦¦ à¦¦à§à¦à§à¦¾ à¦¹à¦,,,Sexual Harassments,Hateful
à¦à¦¾à¦®à¦¾à¦¤ à¦¶à¦¿à¦¬à¦¿à¦° à¦¹à¦¿à¦¸à¦¾à¦¬à§ à¦à¦¾à¦²à¦¿à§à§ à¦¦à¦¿à§à§à¦¨ à¦à¦à¦®à§à¦²à§à¦à¦¤ à¦«à§à¦°à§à¦¸à§à¦¤à¦¾ à¦¤à¦¾à¦à¦¨à¦¾,,,Sexual Harassments,Sexual Harassments
à¦ªà¦°à¦¿à¦à¦²à§à¦ªà¦¿à¦¤ à¦­à¦¾à¦¬à§ à¦°à§à¦¬à§à¦² à¦¨à¦¾à¦¸à¦¿à¦° à¦à¦¬à¦ à¦à¦² à¦à¦®à¦¿à¦¨à§à¦° à¦à§à¦¯à¦¾à¦°à¦¿à§à¦¾à¦° à¦§à§à¦¬à¦à¦¸ à¦à¦°à§ à¦¦à¦¿à¦à§à¦à§ à¦ªà¦¾à¦ªà¦¨à¦­à¦¾à¦à¦¾ à¦à¦° à¦¤à¦¾à¦° à¦à§à¦¹à¦ªà¦¾à¦²à¦¿à¦¤ à¦¶à§à¦¤à¦¾à¦¨ à¦à§à¦²à§ à¦à¦°à¦¾à¦ à¦à¦à¦§à¦°à¦¨à§à¦° à¦°à¦¾à¦à¦¾à¦à¦¾à¦° à¦¦à§à¦¶à§à¦° à¦¶à¦¤à§à¦°à§ à¦à§à¦°à¦¿à¦à§à¦ à¦ªà§à¦°à§à¦®à§à¦¦à§à¦° à¦à¦¾à¦à§ à¦à¦¦à§à¦° à¦¨à§à¦à¦°à¦¾ à¦°à¦¾à¦à¦¨à§à¦¤à¦¿à¦° à¦®à§à¦à§à¦¶ à¦à¦¸à§à¦¤à§ à¦à¦¸à§à¦¤à§ à¦à¦®à§à¦®à§à¦à¦¿à¦¤ à¦¹à¦à§à¦à§ à¦à¦°à¦¾ à¦¹à§à¦¤à§ à¦¬à§à¦à¦¤à§ à¦ªà¦¾à¦°à¦à§à¦¨à¦¾ à¦à¦®à¦°à¦¾ à¦¬à¦¾à¦à¦¾à¦²à¦¿à¦°à¦¾ à¦à¦®à¦¨ à¦à¦à¦à¦¾ à¦à¦¾à¦¤à¦¿ à¦®à¦¾à¦¥à¦¾à§ à¦¤à§à¦²à§ à¦¨à¦¾à¦à¦¤à§ à¦¯à§à¦®à¦¨ à¦ªà¦¾à¦°à¦¿ à¦®à§à¦à§à¦¶ à¦à§à¦²à§à¦²à§à¦ à¦à§à¦¤à§à¦ªà§à¦à¦¾ à¦à¦°à¦¤à§à¦ à¦ªà¦¾à¦°à¦¿,,,Sexual Harassments,Offensive
à¦¬à¦¾à¦ª à¦¬à§à¦à¦¾ à¦®à¦¿à¦²à§ à¦¨à¦¤à§à¦¨ à¦¦à¦¾à¦²à¦¾à¦²à§ à¦¶à§à¦°à§ à¦à¦°à¦à¦¿à¦²à§,,,Sexual Harassments,Sexual Harassments
à¦¤à¦¾à¦¹à¦²à§ à¦®à¦¨à§ à¦¹à§ à¦¶à¦¿à¦¬à¦¿à¦° à¦¹à¦¬à§,,,Sexual Harassments,Sexual Harassments
à¦®à¦¾à¦¹à¦¿ à¦¬à¦¿ à¦à§à¦§à§à¦°à§ à¦à¦à¦²à¦¾ à¦¹à¦¯à¦¼à§ à¦à¦à¦¨ à¦à§à¦¤à§à¦¤à¦¾à¦° à¦®à¦¤à§ à¦à§à¦ à¦à§à¦ à¦à¦°à¦¤à§à¦à§,,,Sexual Harassments,Sexual Harassments
à¦®à¦à¦¨à§à¦² à¦°à¦¾à¦à¦¨à§à¦¤à¦¿à¦à¦­à¦¾à¦¬à§ à¦à¦°à¦¿à¦¤à§à¦°à¦¹à§à¦¨,,,Sexual Harassments,Sexual Harassments
à¦¨à¦¾ à¦¬à¦¾à¦à¦²à¦¾à¦¦à§à¦¶à§ à¦¯à¦¾ à¦à¦¿à¦à§ à¦¹à§ à¦¸à¦¬ à¦à¦¿à¦à§ à¦à¦¾à¦®à¦¾à¦¤ à¦ à¦¶à¦¿à¦¬à¦¿à¦°à¦°à¦¾à¦ à¦à¦°à§,,,Sexual Harassments,Sexual Harassments
à¦ªà§à¦°à¦à§à¦¤à¦ªà¦à§à¦·à§ à¦à¦ªà¦¨à¦¿ à¦°à¦¾à¦à¦¨à§à¦¤à¦¿à¦à¦­à¦¾à¦¬à§ à¦à§à§à¦¾à¦¨à§à¦¤ à¦à¦°à¦¿à¦¤à§à¦°à¦¹à§à¦¨,,,Sexual Harassments,Violence
à¦¬à¦à¦° à¦§à¦°à§ à¦¦à§à¦¶à§ à¦§à¦°à§à¦·à¦¨ à¦¹à¦¤à§à¦¯à¦¾ à¦à¦¾à¦²à¦¿à¦¯à¦¼à§ à¦¯à¦¾à¦à§à¦à§ à¦à¦à¦²à¦¿ à¦¨à¦¾à¦®à¦ à¦®à¦¾à¦«à¦¿à¦¯à¦¼à¦¾à¦²à§à¦ à¦¤à¦¾à¦°à¦¾ à¦à¦¿ à¦°à¦¾à¦à¦¾à¦à¦¾à¦° à¦¨à¦¾,,,Sexual Harassments,Sexual Harassments
à¦¸à§ à¦¤à§ à¦¬à¦°à¦¿à¦¶à¦¾à¦²à§à¦° à¦à§à¦²à§ à¦à¦¿à¦¨à§à¦¤à§ à¦à§à¦®à¦¨ à¦à¦°à§ à¦¨à¦¿à¦à§à¦° à¦¬à¦¿à¦­à¦¾à¦à¦à§ à¦¹à¦¾à¦°à¦¿à§à§ à¦¦à¦¿à¦² à¦¸à§ à¦¤à§ à¦¬à§ à¦°à¦¾à¦à¦¾à¦à¦¾à¦° à¦¸à¦¾à¦¬à¦¿à¦¬à¦°,,,Sexual Harassments,Violence
à¦ªà¦¾à¦°à§à¦¥ à¦°à¦¹à¦®à¦¾à¦¨ à¦ªà§à¦°à§à¦ªà§à¦°à¦¿ à¦¬à¦¿ à¦à¦¨ à¦ªà¦¿à¦° à¦¦à¦¾à¦²à¦¾à¦² à¦¹à§à§ à¦à¦¿à§à¦¾à¦à§,,,Violence,Violence
à¦¡à¦ à¦à¦¾à¦®à¦¾à¦² à¦¹à§à¦¸à§à¦¨ à¦­à¦¾à¦°à¦¤à§à¦° à¦¦à¦¾à¦²à¦¾à¦² à¦¹à¦¯à¦¼à§ à¦¬à¦¿à¦à¦¨à¦ªà¦¿à¦à§ à¦§à§à¦¬à¦à¦¸ à¦à¦°à¦¤à§ à¦à¦¸à§à¦à§,,,Sexual Harassments,Sexual Harassments
à¦à¦°à§ à¦°à¦¾à¦à¦¾à¦à¦¾à¦°à§ à¦®à¦¾à¦¨à¦¿ à¦¬à§à¦à¦¸ à¦¨à¦¾à¦à¦¿ à¦¡à¦¾à¦¨à§à¦¡à¦¿à¦° à¦¬à¦¾à¦à¦à¦¾ à¦à¦¬à¦¾à¦° à¦¬à§ à¦¬à§ à¦à¦¥à¦¾ à¦¬à¦²à¦ à¦ªà¦¾à¦à¦² à¦à¦¾à¦à¦² à¦à§à¦¤à¦¤à¦¾,,,Sexual Harassments,Violence
à§¨ à¦¸à¦¾à¦²à¦¾à¦°à§  à¦¬à§à¦§à§ à¦à¦¾à¦®à¦¾ à¦à¦¾à¦ªà¦¡à¦¼ à¦à§à¦²à§ à¦ªà¦¾à¦à¦¾à¦° à¦®à¦§à§à¦¯à§ à¦à§à¦°à¦¶ à¦à§à¦°à¦¶ à¦à¦°à§ à¦®à¦¾à¦°à¦¤à§ à¦¹à¦¬à§  à¦¬à§à¦¤ à¦¦à¦¿à§à§,,,Sexual Harassments,Sexual Harassments
à¦§à¦¨à§à¦¯à¦¬à¦¾à¦¦ à¦¨à§à¦¾à¦¦à¦¿à¦à¦¨à¦¤ à¦à¦° à¦ à¦§à¦¨à§à¦¯à¦¬à¦¾à¦¦ à¦à¦¾à¦¨à¦¾à¦ à¦¶à¦¿à¦¬à¦¿à¦° à¦­à¦¾à¦à¦¦à§à¦à§ à¦à¦¾à¦²à¦¿à§à§ à¦à¦¾à¦,,,Sexual Harassments,Sexual Harassments
à¦à¦ à¦à¦¾à¦à¦à¦¿à¦° à¦à§à¦²à§ à¦°à¦¾à¦à¦¾à¦à¦¾à¦° à¦¸à¦¬à¦¾à¦ à¦¤à§ à¦à§à¦¤à§à¦¤à¦¾à¦²à§à¦ à¦à¦°à§ à¦à¦ à¦à¦¥à¦¾ à¦¤à§à¦ à¦à¦¾à¦¨à¦¿à¦¸ à¦¨à¦¾,,,Sexual Harassments,Sexual Harassments
à¦®à¦¾à¦¹à¦¿ à¦¬à¦¿ à¦¦à§à¦ à¦¬à¦¾à¦¬ à¦¬à§à¦à¦¾ à¦®à¦¿à¦²à§ à§§à¦à¦¾ à¦à¦¸à¦¨ à¦ªà¦¾à¦¬à§à¦¨à¦¾ à¦¤à¦¾à¦° à¦à¦¬à¦¾à¦° à¦¬à§ à¦¬à§ à¦à¦¥à¦¾,,,Violence,Violence
à¦°à¦¾à¦à¦¾à¦à¦¾à¦° à¦¦à§à¦° à¦à¦ à¦«à§à¦à¦¾ à¦à¦² à¦¦à§à¦à§à¦¾ à¦¯à¦¾à¦¬à§ à¦¨à¦¾,,,Sexual Harassments,Sexual Harassments
à¦®à¦¾à¦¹à¦¿ à¦¬à¦°à§à¦¤à¦®à¦¾à¦¨ à¦°à¦¾à¦à¦¨à§à¦¤à¦¿à¦¤à§ à¦à¦à§à¦¾à¦®à§ à¦²à§à¦à§à¦° à¦à¦¾à¦®à¦à¦¾à¦®à§ à¦à¦°à¦¤à§à¦à§,,,Harmful,Violence
à¦¦à§à¦°à§ à¦à¦¿à§à¦¾ à¦®à¦° à¦¤à§à¦°à¦¾ à¦¨à¦¾à¦à¦°à¦¿à¦ à¦à¦¸ à¦à¦à¦¨ à¦à¦° à¦¤à¦à¦¨ à¦¯à¦¦à¦¿ à¦à§à¦ à¦¸à¦°à¦à¦¾à¦° à¦¬à¦¾ à¦à§à¦·à¦®à¦¤à¦¾à¦¸à§à¦¨ à¦¦à¦² à¦à§à¦²à§à¦à§ à¦¨à¦¿à§à§ à¦®à¦¤à¦¾à¦®à¦¤ à¦¦à§à§ à¦¤à¦à¦¨ à¦¤à§à¦°à¦¾ à¦à¦° à¦¤à¦¾à¦à§ à¦¨à¦¾à¦à¦°à¦¿à¦ à¦¬à¦²à¦¬à¦¿ à¦¨à¦¾ à¦¹à§ à¦¬à¦²à¦¬à¦¿ à¦°à¦¾à¦à¦¾à¦à¦¾à¦° à¦¨à§ à¦¬à¦²à¦¬à¦¿ à¦¦à§à¦¶à¦¦à§à¦°à§à¦¹à§ à¦¨à§à¦¤à§ à¦¬à¦²à¦¬à¦¿ à¦¦à¦²à§à§ à¦²à§à¦,,,Sexual Harassments,Sexual Harassments
à¦à§à¦¤à§à¦¤à¦¾à¦²à§à¦ à¦à¦ à¦¸à§à¦ à¦²à§à¦ à¦¯à¦¾à¦° à¦à§à¦¤à¦¾à¦° à¦¬à¦¾à¦°à¦¿ à¦à¦¾à¦à§à¦¾à¦° à¦ªà¦° à¦ à¦à¦°à§ à¦à§à¦¤à§ à¦à¦¾à¦à¦¤à§à¦à§,,,Sexual Harassments,Sexual Harassments
à¦®à¦¾à¦¹à¦¿ à¦®à¦¾à¦°à§à¦à¦¾à§ à§§à§«à§¦à¦à¦¸à¦¨ à¦à¦¾à¦   à¦à¦à¦¨ à¦¬à§à¦¶à¦¿ à¦à¦°à§ à¦à¦¾,,,Sexual Harassments,Sexual Harassments
à¦¸à¦°à¦à¦¾à¦°à§à¦° à¦à¦¨à§à¦§à¦¨à§ à¦°à¦¿à¦à¦¾à¦°à§à¦­ à¦à§à¦°à¦¿ à¦¹à¦¯à¦¼à§à¦à§ à¦à¦à¦¥à¦¾ à¦¸à¦¤à§à¦¯  à¦à¦¿à¦¨à§à¦¤à§ à¦à¦ªà¦¨à¦¿ à¦¯à¦¦à¦¿ à¦¬à¦²à§à¦¨ à¦à¦à¦à¦¥à¦¾ à¦¤à¦¾à¦¹à¦²à§ à¦¸à¦°à¦à¦¾à¦° à¦à¦ªà¦¨à¦¾à¦à§ à¦¹à¦¯à¦¼à¦¤à§ à¦à¦à§à¦à¦¿ à¦¨à¦¯à¦¼à¦¤à§ à¦°à¦¾à¦à¦¾à¦à¦¾à¦° à¦¬à¦²à§ à¦à§à¦²à§ à¦¢à§à¦à¦¿à¦¯à¦¼à§ à¦¦à¦¿à¦¬à§,,,Sexual Harassments,Sexual Harassments
à¦¤à§à¦¾à¦®à¦¾à¦° à¦®à¦¤ à¦à¦¾à¦®à¦¾ à¦¤à¦¿ à¦®à§à¦¸ à¦²à¦¿à¦® à¦¦à§à¦° à¦¦à§à¦¾à§à¦¾ à¦ªà§à¦° à§à§à¦¾à¦à¦¨ à¦¨à¦¾à¦  à¦¤à§à¦¾ à¦¦à§à¦° à¦à¦¨à§à¦¤à¦°à§ à¦à¦¾ à¦²à§à¦¾ à¦¦à¦¾à¦ à¦à¦¾à¦°à¦¨ à¦¤à§à¦¾à¦°à¦¾ à¦ªà¦¾ à¦à¦¿ à¦ à¦°à¦¾à¦à¦¾à¦à¦¾ à¦¦à§à¦° à¦° à¦à§à¦¤à§à¦¾ à¦¤à§à¦¾ à¦¦à§à¦° à¦¶ à¦°à¦¿ à¦°à§ à¦®à§à¦¸à¦¾à¦¨  à¦¤à§à¦¾à¦¦à§à¦° à¦°à¦¾à¦à¦¾à¦à¦¾à¦° à¦¬à¦¾à¦ª à¦¦à§à¦° à¦¥à§ à¦à§ à¦« à¦°à¦¿à¦¦à¦ à¦¦à§à¦¦à¦¿à¦¨ à¦®à§à¦¸à§à¦¦ à¦à§à¦¨ à¦­à¦²à¦¿ à¦à¦¾à¦°à¦¨ à¦¤à¦¿ à¦¨à¦¿ à¦à¦à¦à¦¨ à¦®à§ à¦à§à¦¤à¦¿ à¦¯à§à¦¦à§à¦§à¦¾ à¦ à¦à¦¾ à¦²à§à¦®,,,Sexual Harassments,Violence
à¦à¦¾à¦®à¦¾à¦¤ à¦à¦¿ à¦¤à§à¦° à¦®à¦¾ à¦¬à§à¦¨à¦°à§ à¦à§à¦¦à¦à§ à¦®à¦¾à¦¦à¦¾à¦° à¦à§à¦¦,,,Sexual Harassments,Sexual Harassments
à¦ªà§à¦¥à¦¿à¦¬à§à¦° à¦®à¦¾à¦à§ à¦¸à¦¬à¦à§à§à§ à¦à¦­à¦¦à§à¦° à¦à¦° à¦à¦¾à¦¨à§à¦¾à¦° à¦¬à¦²à¦¤à§ à¦à¦à¦à¦¾ à¦¦à§à¦¶à¦ à¦°à§à§à¦à§ à¦¤à¦¾à¦° à¦¨à¦¾à¦® à¦ªà¦¾à¦à¦¿à¦¸à§à¦¤à¦¾à¦¨ à¦à¦° à¦¬à¦¾à¦à¦à¦¾à¦²à§ à¦à¦ à¦à¦¾à¦¨à§à¦¾à¦° à¦à¦®à§à¦¨à§à¦à§ à¦²à¦¿à¦à§à¦à§ à¦à¦¾à¦à¦¾ à¦«à§à¦°à¦¤ à¦¦à¦¿à¦¤à§ à¦à¦à¦¹à¦² à¦à¦®à¦¾à¦¦à§à¦° à¦¬à¦¾à¦à¦²à¦¾à¦¦à§à¦¶ à¦à¦° à¦°à¦¾à¦à¦¾à¦à¦¾à¦° à¦¤à¦¬à§ à¦à¦®à¦¾à¦° à¦®à¦¤à§ à¦¯à¦¾à¦°à¦¾ à¦ªà¦¾à¦à¦¿à¦¦à§à¦° à¦¸à§à¦°à§ à¦à¦¾à¦¨à¦à¦¾à§ à¦¤à¦¾à¦¦à§à¦° à¦ªà¦¾à¦à¦¿à¦¸à§à¦¤à¦¾à¦¨ à¦à¦²à§ à¦¯à¦¾à¦à§à¦¾ à¦à¦à¦¿à¦¤ à¦à¦®à¦°à¦¾ à¦¬à¦¿à¦°à§à¦°à¦à¦¾à¦¤à¦¿ à¦¹à¦¾à¦°à¦¤à§ à¦¶à¦¿à¦à¦¿à¦¨à§ à¦¬à¦¿à¦à§à§ à¦¹à§à§à¦à¦¿ à¦¸à§à¦à¦¾à¦ à¦¯à¦¾à¦¨à¦¾ à¦à¦à§ à¦¤à¦¾à¦¦à§à¦° à¦¸à§à¦ à¦¸à¦¾à¦¹à¦¸ à¦¨à§à¦ à¦à¦¾à¦à¦¾ à¦à¦¾à¦à§à¦¾à¦° à¦à§à¦¤à§à¦¤à¦¾ à¦¶à§à¦§à§ à¦à§à¦ à¦à§à¦ à¦ à¦à¦°à¦¤à§ à¦¯à¦¾à¦¨à§ à¦à¦° à¦à§à¦¤à§à¦¤à¦¾à¦à§ à¦à¦¿à¦­à¦¾à¦¬à§ à¦à¦·à¦¦ à¦¦à¦¿à¦¤à§ à¦¹à§ à¦­à¦¾à¦à¦¾à¦²à¦¿à¦°à¦¾ à¦¯à¦¾à¦¨à§,,,Violence,Offensive
à¦¤à§à¦ à¦¬à¦¿ à¦à¦¨ à¦ªà¦¿à¦à§ à¦à§à¦° à¦¬à¦² à¦¡à¦¾à¦à¦¾à¦¤ à¦¬à¦² à¦¤à¦¾à¦¤à§ à¦à¦®à¦¾à¦° à¦à¦¿ à¦à¦¸à§ à¦¯à¦¾à§  à¦¤à§à¦¦à§à¦° à¦à¦ à¦à¦à¦à¦¾ à¦¸à¦®à¦¸à§à¦¯à¦¾  à¦¤à§à¦¦à§à¦° à¦¬à¦¿à¦°à§à¦¦à§à¦§à§ à¦à§à¦ à¦à¦¿à¦à§ à¦¬à¦²à¦²à§ à¦°à¦¾à¦à¦¾à¦à¦¾à¦° à¦à¦° à¦¬à¦¿ à¦à¦¨ à¦ªà¦¿ à¦¹à§à§ à¦¯à¦¾à§  à¦¤à§à¦¦à§à¦° à¦¹à¦¿à¦¸à§à¦à§à¦°à¦¿ à¦¸à¦¬à¦¾à¦ à¦à¦¾à¦¨à§ à¦¦à¦¾à¦²à¦¾à¦²à¦¿ à¦¬à¦¾à¦¦ à¦¦à¦¿à§à§ à¦­à¦¾à¦²à§ à¦¹à§à§ à¦¯à¦¾,,,Sexual Harassments,Sexual Harassments
à¦¤à§à¦¦à§à¦° à¦à¦¾à¦°à¦¨à§à¦ à¦à¦¾à¦®à¦¾à§à¦¾à¦¤ à¦à¦ à¦¸à¦¾à¦§à¦¾à¦°à¦¾à¦£ à¦®à¦¾à¦¨à§à¦·à§à¦° à¦ªà§à¦°à¦¿à§ à¦¦à¦²à§ à¦ªà¦°à¦¿à¦¨à¦¤ à¦¹à§à§à¦à§   à¦ªà§à¦°à¦®à¦¾à¦¨ à¦à¦¾à¦à¦²à§ à¦¨à¦¿à¦°à¦ªà§à¦à§à¦· à¦¨à¦¿à¦°à§à¦¬à¦¾à¦à¦¨ à¦¦à¦¿à§à§ à¦¦à§à¦à¦¤à§ à¦ªà¦¾à¦°à¦¿à¦¸,,,Violence,Violence
à¦à¦®à§à¦°à§à¦° à¦à§à§à¦¾à¦°à§ à¦à¦à¦à¦¾ à¦¬à¦¾à¦à§à¦à¦¾ à¦à§à¦²à§ à¦¬à¦¸à¦²à§ à¦¸à§à¦ à¦°à¦¾à¦à¦¾à¦à¦¾à¦° à¦¹à§à§ à¦¯à¦¾à¦¬à§,,,Violence,Violence
à¦¤à§à¦¦à§à¦° à¦®à¦¤ à¦¤à¦à¦¿à¦à¦¨à¦¦à§à¦° à¦ªà§à¦¥à¦¿à¦¬à§ à¦à¦¾à¦°à¦¾ à¦à¦°à¦¤à§ à¦à¦®à§à¦°à¦¿à¦à¦¾ à¦­à¦¾à¦°à¦¤ à¦à¦° à¦à¦à¦°à¦¾à¦à¦² à¦à¦à§à¦²à¦¿ à¦¬à§à¦¯à¦¬à¦¹à¦¾à¦° à¦à¦°à¦¬à§ à¦¶à¦¾à¦²à¦¾ à¦°à¦¾à¦à¦¾à¦à¦¾à¦°,,,Sexual Harassments,Sexual Harassments
à¦¦à§à¦à¦¦à¦¿à¦¨à§à¦ à¦°à¦¾à¦à¦¾à¦à¦¾à¦° à¦¹à§à§ à¦à§à¦²à§   à¦à¦®à¦¾à¦°à§ à¦à¦®à¦¿à¦° à¦¬à¦¾à¦¨à¦¾à¦à¦²à§ à¦ à¦¦à§à¦à¦¾ à¦¯à¦¾à¦¬à§ à¦à¦ à¦à¦¾à¦¨à§à§à¦¾à¦°à§à¦° à¦¬à¦¾à¦à§à¦à¦¾à¦°à¦¾ à¦à¦®à¦¾à¦à§ à¦°à¦¾à¦à¦¾à¦à¦¾à¦° à¦¬à¦²à¦¬à§ à¦à¦¸à¦²à§ à¦¸à¦¾à¦à¦¬à¦¾à¦¦à¦¿à¦ à¦à¦° à¦à¦à§à¦¾à¦®à§ à¦²à§à¦ à¦¹à¦²à§ à¦¸à§à¦²à¦¿à¦® à¦à¦¸à¦®à¦¾à¦¨à§à¦° à¦­à¦¾à¦·à¦¾à§,,,Sexual Harassments,Sexual Harassments
à¦¤à¦¾à¦¹à¦²à§ à¦®à¦¨à§ à¦¹à¦¯à¦¼ à¦à¦¾à¦®à¦¾à¦¤ à¦¶à¦¿à¦¬à¦¿à¦°à§à¦° à¦²à§à¦    à¦ à¦¸à¦¬ à¦à¦¥à¦¾ à¦¬à¦²à§ à¦¬à¦²à§ à¦à¦ à¦¦à§à¦¶à§à¦° à¦ à¦à¦¬à¦¸à§à¦¥à¦¾,,,Sexual Harassments,Sexual Harassments
à¦°à¦¾à¦à¦¾à¦à¦¾à¦° à¦¸à¦®à¦¾à¦¬à§à¦¶ à¦à¦°à¦¤à§ à¦ªà¦¾à¦°à§à¦¨ à¦¸à§à¦à¦¾ à¦®à¦¨à§à¦¦ à¦¨à§  à¦à¦ªà¦¨à¦¾à¦°à¦¾à¦¤à§ à¦°à¦¾à¦à¦¾à¦à¦¾à¦°à¦¦à§à¦° à¦®à¦¨à§à¦¤à§à¦°à§ à¦¬à¦¾à¦¨à¦¾à¦à¦à§à¦¨  à¦à¦à¦¨ à¦®à§à¦à§à¦¤à¦¿à¦¯à§à¦¦à§à¦§à¦¾ à¦¸à¦®à¦¾à¦¬à§à¦¶ à¦à¦°à§ à¦®à§à¦à§à¦¤à¦¿à¦¯à§à¦¦à§à¦§à¦à§ à¦à¦ªà¦®à¦¾à¦¨ à¦à¦¾à§à¦¾ à¦à¦° à¦à¦¿à¦à§à¦ à¦¨à§,,,Sexual Harassments,Sexual Harassments
à¦«à§à¦²à¦¬à¦¾à§à¦¿à§à¦¾ à¦à¦²à§à¦ à¦¨à¦¿à§à§ à¦à¦²à§à¦à¦¨à¦¾à¦° à¦¦à¦¾à¦¬à§ à¦°à¦¾à¦à¦¿   à¦à¦²à§à¦à¦¿à¦¤ à¦°à¦¾à¦à¦¾à¦à¦¾à¦° à¦®à§à¦¸à¦²à§à¦® à¦à¦¦à§à¦¦à¦¿à¦¨ à¦à¦¡à¦­à§à¦à§à¦ à¦à¦®à§à¦ªà¦¿ à¦à§à¦¨ à¦¯à§à¦à§à¦¤à¦¿à¦¤à§ à¦¹à¦¾à¦à¦¾à¦° à¦¤à¦¿à¦¨à¦¶ à¦à¦¾à¦¤à§à¦°à§à¦° à¦à¦®à§à¦ªà¦¿à¦ à¦­à§à¦à§à¦¤ à¦«à§à¦²à¦¬à¦¾à§à¦¿à§à¦¾ à¦¬à¦¿à¦¶à§à¦¬à¦¬à¦¿à¦¦à§à¦¯à¦¾à¦²à§ à¦à¦²à§à¦ à¦¬à¦¾à¦¦ à¦¦à¦¿à§à§ à¦à¦¾à¦¤à§à¦°à§à¦° à¦¨à¦¬à§à¦¯ à¦à¦¾à¦²à§ à¦à¦°à¦¾ à¦®à¦¹à¦¿à¦²à¦¾ à¦à¦²à§à¦ à¦¸à¦°à¦à¦¾à¦°à§ à¦à¦°à¦²à§à¦¨ à¦¤à¦¾à¦° à¦¬à¦¿à¦¸à§à¦¤à¦¾à¦°à¦¿à¦¤ à¦à¦²à§à¦à¦¨à¦¾ à¦¹à§à¦,,,Sexual Harassments,Sexual Harassments
à¦®à¦à¦¬à§à¦² à¦à§à¦¨ à¦à¦ à¦¯à¦¾à¦¬à§ à¦¯à¦¤ à¦à¦¾à¦®à¦¾à§à¦¾à¦¤ à¦¨à§à¦¤à¦¾à¦° à¦«à¦¾à¦¸à¦¿ à¦¹à§à§à¦à§ à¦¤à¦¾à¦°à¦¾ à¦à§à¦ à¦°à¦¾à¦à¦¾à¦à¦¾à¦° à¦¬à¦¾ à¦à§à¦¨ à¦à¦ªà¦°à¦¾à¦§à¦¿ à¦à¦¿à¦²à¦¨à¦¾ à¦¦à§à¦· à¦à¦à¦à¦¾à¦ à¦à§à¦°à¦à¦¨à§à¦° à¦¶à¦¾à¦¸à¦¨ à¦à¦¾à§à§à¦®à§à¦° à¦à¦¾à¦ à¦à¦°à¦à¦¿à¦² à¦à¦¤à¦¿à¦¹à¦¾à¦¸à§ à¦à¦°à¦¾ à¦à¦¿à¦¨à¦¤à§ à¦à¦®à¦° à¦à¦®à¦²à¦¾à¦¨,,,Sexual Harassments,Violence
à¦¦à§à¦°à§ à¦à¦¿à§à¦¾ à¦®à¦° à¦¤à§à¦°à¦¾ à¦¨à¦¾à¦à¦°à¦¿à¦ à¦à¦¸ à¦à¦à¦¨ à¦à¦° à¦¤à¦à¦¨ à¦¯à¦¦à¦¿ à¦à§à¦ à¦¸à¦°à¦à¦¾à¦° à¦¬à¦¾ à¦à§à¦·à¦®à¦¤à¦¾à¦¸à§à¦¨ à¦¦à¦² à¦à§à¦²à§à¦à§ à¦¨à¦¿à§à§ à¦®à¦¤à¦¾à¦®à¦¤ à¦¦à§à§ à¦¤à¦à¦¨ à¦¤à§à¦°à¦¾ à¦à¦° à¦¤à¦¾à¦à§ à¦¨à¦¾à¦à¦°à¦¿à¦ à¦¬à¦²à¦¬à¦¿ à¦¨à¦¾ à¦¹à§ à¦¬à¦²à¦¬à¦¿ à¦°à¦¾à¦à¦¾à¦à¦¾à¦° à¦¨à§ à¦¬à¦²à¦¬à¦¿ à¦¦à§à¦¶à¦¦à§à¦°à§à¦¹à§ à¦¨à§à¦¤à§ à¦¬à¦²à¦¬à¦¿ à¦¦à¦²à§à§ à¦²à§à¦,,,Sexual Harassments,Sexual Harassments
à¦¤à§à¦®à¦¿ à¦²à¦¿à¦à§ à¦¯à¦¾ à¦ à¦¬à§à¦¨  à¦à¦¤à§à¦¤ à¦°à§à¦«à¦¾à¦°à§à¦¨à§à¦¸ à¦²à¦¾à¦à¦¬à§ à¦à¦¨à¦¬à¦à§à¦¸à§ à¦à¦¸à¦²à§ à¦ªà¦¾à¦¬à§  à¦à¦¾à¦¨à¦à§à¦° à¦à¦¾à¦°à¦ à¦°à¦¾à¦à¦¾à¦à¦¾à¦° à¦¦à§à¦° à¦à§à¦¸à§à¦à¦¿ à¦¸à¦¾à¦« à¦à¦²à§ à¦à¦²à¦¬à§  à¦¬à§à¦à§à¦¾ à¦à¦¬à¦²à¦¿à¦¸ à¦à§à¦²à¦¾ à¦à§à¦²à§à¦à§ à¦à¦° à¦¨à¦¬à§à¦¯ à¦à¦¬à¦²à¦¿à¦¶ à¦à§à¦²à¦¿ à¦à§à¦²à¦¬à§ à¦¨à¦¾ à¦¡à¦¾à¦¾à¦à¦°à§à¦à§à¦ à¦¶à§à¦¯à§à¦  à¦à§à¦°à¦¿à¦à¦¾à¦° à¦­à¦°à¦¬à§ à¦ªà¦¾à¦à¦¾à§ à¦à¦¾à¦ª à¦¦à¦¿à¦¬à¦¾ à¦®à¦¾à¦¥à¦¾ à¦à¦¿à¦à¦à§ à¦ªà§à¦¬à§ à¦à§à¦¤à§à¦¤à¦¾à¦¦à§à¦° à¦­à§à¦°à¦¿à¦­à§à¦ à¦à¦° à¦à§à¦à§à¦¨ à¦°à§à¦¡à¦¿ à¦¹à¦à§à¦à§  à¦­à¦¾à¦¬à¦¨à¦¾ à¦¬à¦¾ à¦­à§à§à¦° à¦à¦¿à¦à§à¦ à¦¨à¦¾à¦ à¦¬à§à¦¨,,,Sexual Harassments,Sexual Harassments
à¦®à¦¾à¦¹à§à¦¬à¦¿ à¦à¦à¦à¦¾ à¦­à§à¦¦à¦§à¦¬ à¦à¦¸à§à¦à¦ªà¦¿à¦,,,Sexual Harassments,Sexual Harassments
à¦à¦ à¦ªà§à¦²à¦¿à¦¶ à¦®à¦¨à§ à¦¹à§ à¦¶à¦¿à¦¬à¦¿à¦° à¦à¦¾à¦®à¦¾à¦¤ à¦à¦° à¦à¦°à§à¦®à§ à¦¸à§ à¦¯à¦¦à¦¿ à¦¨à¦¿à¦à§ à¦à¦°à§à¦®à§ à¦¨à¦¾à¦ à¦¹à§ à¦¤à¦¬à§ à¦¤à¦¾à¦° à¦à¦²à¦¾à¦à¦¾à¦° à¦à§à¦ à¦à¦¾à¦®à¦¾à¦¤ à¦à¦°à§  à¦­à¦¾à¦¬ à¦®à§à¦°à§à¦¤à¦¿ à¦à¦°à§à¦à¦¨à§ à¦à¦­à¦¾à¦¬à§à¦ à¦à¦¾à¦ à¦à¦°à¦¤à§ à¦¹à¦¬à§  à¦à¦¿ à¦¬à¦²à§à¦¨ à¦¸à¦¬à¦¾à¦,,,Sexual Harassments,Sexual Harassments
à¦à¦à¦à¦¾à¦° à¦ªà¦¿à¦à¦¨à§ à¦à¦¿à¦¨à§à¦¤à§ à¦¶à¦¿à¦¬à¦¿à¦°à§à¦° à¦¹à¦¾à¦¤ à¦à¦à§ à¦®à¦¾à¦®à§,,,Sexual Harassments,Sexual Harassments
à¦à¦à¦à§ à¦ªà¦¾à¦° à¦à¦à§à¦¾à¦®à§à¦²à§ à¦¸à¦à¦¬à¦¾à¦¦ à¦¸à¦®à§à¦®à§à¦²à¦¨ à¦à¦°à§ à¦¬à¦²à¦¬à§ à¦à¦ à¦à§à¦²à§ à¦à§à¦¨à§à¦¦à¦¿à¦¨ à¦à¦à§à¦¾à¦®à§à¦²à§à¦à§ à¦à¦¿à¦²à§ à¦¨à¦¾ à¦à¦®à§à¦ à¦à§à¦²à¦¾à¦° à¦à¦¾à¦®à¦¾à§à¦¾à¦¤ à¦¶à¦¿à¦¬à¦¿à¦°à§à¦° à¦¸à¦­à¦¾à¦ªà¦¤à¦¿ à¦à¦¿à¦²à§,,,Sexual Harassments,Sexual Harassments
à¦¬à¦¿ à¦¨ à¦ªà¦¿ à¦° à¦ªà¦¾à¦à¦²à¦¦à§à¦° à¦à¦¬à¦¾à¦° à¦¬à§à¦¦à§à¦§à¦¿ à¦¹à¦¬à§,,,Sexual Harassments,Offensive
à¦¸à§à¦ à¦°à¦¾à¦à¦¾à¦à¦¾à¦° à¦¬à¦¾à¦¹à¦¿à¦¨à§ à¦à¦° à¦à¦à§à¦à§ à¦¬à¦¾à¦¹à¦¿à¦¨à§ à¦¬à¦à§à¦à¦¬à¦¨à§à¦§à§ à¦à¦¨à§à¦¯à¦¾ à¦¶à§à¦· à¦à¦°à§ à¦¦à¦¿à§à§à¦à§ à¦à¦à¦à§à¦² à¦à¦à¦¨ à¦à¦° à¦à§à¦¨ à¦à¦¨ à¦¬à¦¾à¦¹à¦¿à¦¨à§ à¦¨à§à¦ à¦à¦ªà¦¨à¦¾à¦¦à§à¦° à¦¸à¦¾à¦¥à§ à¦¤à¦¾à¦ à¦¦à§à¦¶à§à¦° à¦®à¦¾à¦¨à§à¦· à¦¬à§à¦à§à¦à§à¦à§ à¦à¦à¦à§à¦²,,,Sexual Harassments,Sexual Harassments
à¦¬à¦¾à¦à¦²à¦¾à¦° à¦à¦¨à¦à¦¨ à¦­à¦¾à¦°à¦¤à§à¦° à¦ªà¦¾à¦¶à§à¦¬à§ à¦à¦à¦¨à§à¦ à¦¥à¦¾à¦à¦¬à§ à¦¨à¦¾ à¦¥à¦¾à¦à¦¬à§ à¦à¦à§à¦¾à¦®à§ à¦²à§à¦ à¦à¦à§à¦¾à¦®à§ à¦²à§à¦ à¦®à¦¨à§ à¦à¦°à§ à¦¬à¦¾à¦à¦²à¦¾à¦¦à§à¦¶à¦à¦¾ à¦à¦à§à¦¾à¦®à§ à¦²à§à¦ à¦à¦° à¦ªà§à¦¤à§à¦¿à¦ à¦¸à¦®à§à¦ªà¦à¦¿ à¦à¦à¦¾ à¦¤à¦¾à¦¦à§à¦° à¦­à§à¦² à¦§à¦¾à¦°à¦¨à¦¾ à¦¬à¦¾à¦à¦²à¦¾à¦¦à§à¦¶à¦° à¦®à¦¾à¦²à¦¿à¦ à¦à§à¦à¦¿ à¦à¦¨à¦à¦¨ à¦à¦®à¦¤à¦¾à§ à¦¥à¦¾à¦à¦¾à¦° à¦à¦¨à§à¦¯ à¦­à¦¾à¦°à¦¤à§à¦° à¦¦à¦¾à¦²à¦¾à¦²à§ à¦à¦°à¦à§ à¦à¦à§à¦¾à¦®à§ à¦²à§à¦ à¦à¦®à¦°à¦¾ à¦¯à§à¦¦à§à¦¬ à¦à¦°à§ à¦¦à§à¦¶ à¦¸à§à¦¬à¦¾à¦§à§à¦¨ à¦à¦°à§à¦à¦¿ à¦­à¦¾à¦°à¦¤à§à¦° à¦à§à¦²à¦¾à¦®à§ à¦à¦°à¦¾à¦° à¦à¦¨à§à¦¯ à¦¨à§ à¦à¦à§à¦¾à¦®à§ à¦²à§à¦ à¦¬à¦¾à¦à¦²à¦¾à¦° à¦¨à¦¬à§à¦¯ à¦°à¦¾à¦à¦¾à¦à¦¾à¦° à¦°à§à¦à§ à¦¦à¦¾à§à¦¾à¦¨ à¦à¦ à¦¨à¦¬à§à¦¯ à¦°à¦¾à¦à¦¾à¦à¦¾à¦°à¦¦à§à¦° à¦¬à¦¿à¦°à§à¦¦à§à¦¬à§,,,Sexual Harassments,Harmful
à¦¦à§à¦¶à§ à¦à§à¦²à§à¦ à¦¤à§à¦à§ à¦«à¦¾à¦¸à¦¿ à¦¦à¦¿à¦¬à§  à¦®à¦¾à¦¦à¦¾à¦°à¦à§à¦¦  à¦à§à¦°à§à¦° à¦®à¦¤ à¦²à¦¨à§à¦¡à¦¨à§ à¦¬à¦¸à§ à¦à¦à¦¿à¦¸ à¦à§à¦¨ à¦¸à¦¾à¦¹à¦¸ à¦¥à¦¾à¦à¦²à§ à¦¦à§à¦¶à§ à¦à§,,,Sexual Harassments,Sexual Harassments
à¦®à¦¾à§à¦¾à¦¨à¦®à¦¾à¦°à§ à¦®à§à¦¸à¦²à¦¿à¦® à¦¹à¦¤à§à¦¯à¦¾à¦° à¦ªà§à¦°à¦¤à¦¿à¦¬à¦¾à¦¦à§ à¦¶à¦¿à¦¬à¦¿à¦°à§à¦° à¦¬à¦¿à¦à§à¦·à§à¦­ à¦®à¦¿à¦à¦¿à¦² à¦à§à¦°à§à¦«à¦¤à¦¾à¦°,,,Sexual Harassments,Sexual Harassments
à¦®à¦¾à¦¹à¦¿ à¦¯à§ à¦¬à§à¦¯à¦à§à¦¤à¦¿ à¦à¦à¦à¦¾ à¦®à§à¦®à§à¦¬à¦¾à¦° à¦¹à¦à§à¦¾à¦° à¦¯à§à¦à§à¦¯ à¦¨à¦¾ à¦¬à§à¦à¦¾ à¦¬à§à¦¶à¦¿ à¦ªà¦à¦° à¦ªà¦à¦° à¦à¦°à§,,,Sexual Harassments,Sexual Harassments
à¦à¦ªà¦¨à¦¾à¦° à¦à§à¦°à¦¾ à¦¯à§à¦à§à¦¤à¦¿à¦à¦¾ à¦°à¦¾à¦à¦¾à¦à¦¾à¦°à¦¦à§à¦° à¦¯à§à¦à§à¦¤à¦¿à¦° à¦®à¦¤à§ à¦®à¦¨à§ à¦¹à§  à¦à¦à¦¾à¦¤à§à¦¤à¦°à§ à¦­à¦¾à¦°à¦¤ à¦¯à¦¦à¦¿ à¦à¦®à¦¨ à¦¯à§à¦à§à¦¤à¦¿ à¦¦à¦¿à¦¤ à¦¤à¦¾à¦¹à¦²à§ à¦à§à¦®à¦¨ à¦¹à¦¤à§  à¦­à§à¦¬à§à¦à§à¦¨ à¦à¦¿,,,Sexual Harassments,Sexual Harassments
à¦¤à¦¾à¦°à§à¦ à¦à§à¦°à¦¾à¦à§ à¦¦à§à¦¶à§ à¦«à¦¿à¦°à¦¾à¦¨à§à¦° à¦®à¦¤ à¦à§à¦¡à¦¼ à¦à¦à¦¨ à¦¸à§à¦¬à¦¾à¦§à§à¦¨à¦¤à¦¾ à¦¬à¦¿à¦°à§à¦§à§ à¦°à¦¾à¦à¦¾à¦à¦¾à¦°à¦¦à§à¦° à¦à¦à§ à¦¬à¦²à§à¦¤à§ à¦®à¦¨à§ à¦¹à§ à¦¨à¦¾ à¦à¦¾à¦°à¦£ à¦¦à§à¦¶à§à¦° à¦®à¦¾à¦¨à§à¦·à§à¦° à¦à¦¾à¦à§ à¦¤à¦¾à¦¦à§à¦° à¦®à§à¦à§à¦¶à¦¤à§ à¦à§à¦²à§ à¦à§à¦à§ à¦¯à§ à¦¤à¦¾à¦° à¦¬à¦¾à¦ª à¦à¦¿à¦² à¦ªà¦¾à¦à¦¿à¦¦à§à¦° à¦¬à¦¾à¦à¦²à¦¾à¦¦à§à¦¶à§ à¦à¦à§à¦¨à§à¦,,,Sexual Harassments,Sexual Harassments
à¦à¦¦à§à¦° à¦à§ à¦°à¦¾à¦à¦¾à¦à¦¾à¦° à¦à¦ªà¦¾à¦§à¦¿ à¦¦à§à¦à§à¦¾ à¦¹à¦,,,Sexual Harassments,Sexual Harassments
à¦¨à¦¾à¦°à¦¾à§à¦£à¦à¦à§à¦ à¦¸à¦¿à¦à¦¿ à¦¨à¦¿à¦°à§à¦¬à¦¾à¦à¦¨à§ à¦°à¦¾à¦à¦¾à¦à¦¾à¦°à¦¦à§à¦° à¦ªà¦à§à¦·à§ à¦¨à§ à¦®à§à¦à§à¦¤à¦¿à¦¯à§à¦¦à§à¦§à§à¦° à¦ªà¦à§à¦·à§à¦° à¦¶à¦à§à¦¤à¦¿à¦à§ à¦­à§à¦¾à¦ à¦¦à¦¿à¦¨,,,Sexual Harassments,Sexual Harassments
à¦°à¦¾à¦à¦¾à¦à¦¾à¦° à¦ à¦à¦à§à¦à¦¿ à¦à¦¾à¦¨à§à§à¦¾à¦°à¦¦à§à¦° à¦¸à¦¿à¦¨à§à¦¡à¦¿à¦à§à¦ à¦¨à¦¾à¦à¦¿ à¦¸à¦°à§à¦¬à¦¶à¦à§à¦¤à¦¿à¦®à¦¾à¦¨ à¦®à¦¹à¦¾à¦ªà§à¦°à¦­à§à¦à§à¦ à¦à¦¿à¦¨à¦¤à§ à¦ªà¦¾à¦°à§ à¦¤à¦¾à¦°à¦¾,,,Sexual Harassments,Violence
à¦à¦®à¦°à¦¾ à¦à¦¾à¦à¦°à§ à¦à¦¾à¦®à¦¾à¦¤à§à¦° à¦à¦®à¦¿à¦° à¦¹à¦à¦¤à§ à¦¦à¦¿à¦®à§à¦¨à¦¾   à¦à¦®à¦¿à¦° à¦¹à¦à¦²à§à¦ à¦°à¦¾à¦à¦¾à¦à¦¾à¦° à¦¬à¦¾à¦¨à¦¾à¦à§à¦¾ à¦¦à¦¿à¦®à§   à¦¤à¦¾à¦°à¦ªà¦° à¦®à§à¦¹à¦¾à¦¹à¦¾à¦¹à¦¾,,,Harmful,Harmful
à¦¹à¦¾à¦à¦¿à¦¨à¦¾ à¦¸à§à¦¬à§à¦°à¦¾à¦à¦¾à¦° à¦®à§à¦à§à¦¤ à¦¬à¦¾à¦à¦²à¦¾à¦¦à§à¦¶ à¦à¦¾à¦ à¦¨à¦¿à¦°à¦ªà¦à§à¦·à§ à¦¨à¦¿à¦°à§à¦¬à¦¾à¦à¦¨ à¦à¦¾à¦,,,Sexual Harassments,Sexual Harassments
à¦°à¦¾à¦à¦¾à¦à¦¾à¦°à§à¦° à¦¸à¦¨à§à¦¤à¦¾à¦¨à¦°à¦¾ à¦à¦à¦¾à¦ à¦ªà§à¦°à¦®à¦¾à¦¨ à¦¯à§ à¦à¦²à§à¦²à¦¾ à¦ªà¦¾à¦ à¦¤à¦¾à¦à§ à¦¬à¦¾à¦à¦à¦¿à§à§ à¦°à¦¾à¦à¦¬à§à¦¨ à¦à¦¨à¦¶à¦¾ à¦à¦²à§à¦²à¦¾à¦¹à§à¦°,,,Sexual Harassments,Sexual Harassments
à¦à¦ à¦à¦à¦¨à¦¾à¦° à¦à¦¨à§à¦¤à¦°à¦¾à¦²à§ à¦à¦¾à¦®à¦¾à§à¦¾à¦¤ à¦¶à¦¿à¦¬à¦¿à¦°à§à¦° à¦­à§à¦®à¦¿à¦à¦¾ à¦°à§à§à¦à§  à¦à§à¦ à¦°à¦¾à¦ à¦à¦°à¦¬à§à¦¨ à¦¨à¦¾ à¦à¦à¦à§ à¦«à¦¾à¦¨ à¦à¦°à¦²à¦¾à¦®,,,Sexual Harassments,Sexual Harassments
à¦­à¦¾à¦ à¦à§à¦¤à§à¦¤à¦¾à¦²à¦¿à¦à§à¦° à¦¦à¦¾à¦²à¦¾à¦²à¦¿ à¦à¦¾à¦°à§à¦¨ à¦¸à¦¤à§à¦¤à¦à§ à¦ªà§à¦°à¦à¦¾à¦¶ à¦à¦°à§à¦¨ à¦à¦¾à¦¤à¦¿à¦° à¦à¦¨à¦ à¦¹à¦² à¦à¦¿à§à¦¾à¦à¦° à¦°à¦¹à¦®à¦¾à¦¨,,,Sexual Harassments,Harmful
à¦à¦à§à¦° à¦¸à§à¦¨à¦¾ à¦à¦à¦¿à¦²à§ à¦ªà¦¾à¦à¦² à¦à¦° à¦à¦à¦¨ à¦à¦à¦¾ à¦ªà¦¾à¦à¦² à¦¨à¦¿à¦à¦à¦ªà§à¦ªà¦¾à¦° à¦à§ à¦²à¦¿à¦à§à¦à§ à¦à¦ à¦¸à¦¾à¦²à¦¾à§ à¦à¦à¦à¦¿ à¦à¦¾à¦à¦² à¦¶à¦¾à¦²à¦¾à¦° à¦ªà§ à¦à¦ à¦¸à§à¦¨à¦¾ à¦­à¦¾à¦°à¦¤ à¦à§à¦¦à§à¦¨à¦¾ à¦®à¦¾à¦¦à¦¾à¦° à¦à§à¦¦ à¦à¦ à¦°à¦à¦® à¦²à¦¿à¦à¦²à§ à¦¤à§à¦° à¦¨à¦¿à¦à¦ à¦ªà§à¦ªà¦¾à¦°à§ à¦à¦¾à§à§ à¦à§à¦¤à¦¾ à¦®à¦¾à¦°à¦¿ à¦à¦¾à¦¨à¦à¦¿à¦° à¦à§à¦²à§ à¦à¦°à¦¾ à¦¬à§ à¦ªà¦¾à§ à¦¬à¦²à§ à¦¸à§à¦¨à¦¾ à¦¬à¦¾à¦¤à¦¿à¦² à¦à¦°à§à¦à§ à¦¤à§à¦ à¦¶à¦¾à¦²à¦¾ à¦¬à§à¦à§à¦¸ à¦¨à¦¾à¦ à¦à¦°à¦¾ à¦à¦®à¦¾à¦¦à§à¦° à¦¸à¦¾à¦¥à§à¦ à¦ªà¦¾à¦°à§à¦¨à¦¾à¦ à¦à¦°à¦¤à§ à¦­à¦¾à¦°à¦¤ à¦­à¦¾à¦°à¦¤à§à¦° à¦à¦à¦à¦¿ à¦¬à¦¾à¦² à¦à¦° à¦°à¦¾à¦à¦¾à¦à¦¾à¦° à¦¸à¦®à¦¾à¦¨ à¦à¦¥à¦¾ à¦®à¦¾à¦¦à¦¾à¦° à¦à§à¦¦,,,Sexual Harassments,Sexual Harassments
à¦®à¦¾à¦¹à¦¿ à¦¤à§à¦ à¦à¦¾à¦¨à¦à¦¿à¦° à¦ªà§à¦²à¦¾ à¦¤à§à¦° à¦¬à¦¾à¦ª à¦®à¦¾à¦à¦¿à¦° à¦ªà§à¦²à¦¾ à¦¶à¦¾à¦²à¦¾ à¦¦à¦¾à¦²à¦¾à¦²,,,Harmful,Violence
à¦à¦ à¦à¦¾à¦à¦à¦¿à¦° à¦à§à¦²à§ à¦°à¦¾à¦à¦¾à¦à¦¾à¦° à¦¸à¦¬à¦¾à¦ à¦¤à§ à¦à§à¦¤à§à¦¤à¦¾à¦²à§à¦ à¦à¦°à§ à¦à¦ à¦à¦¥à¦¾ à¦¤à§à¦ à¦à¦¾à¦¨à¦¿à¦¸ à¦¨à¦¾,,,Sexual Harassments,Sexual Harassments
à¦¤à§à¦ à¦à§à¦à¦¾ à¦­à§à¦ à¦ªà¦¾à¦¬à¦¿ à¦°à§ à¦¬à¦¿à¦à¦¨à¦ªà¦¿ à¦à¦° à¦¸à¦¾à¦¥à§ à¦¨à¦¾ à¦¥à¦¾à¦à¦²à§   à¦¤à¦° à¦®à¦¤ à¦¬à§à¦¾à§à¦¾à¦¦à¦¬ à¦¨à¦¾à¦ à¦ªà¦¾à¦¥,,,Sexual Harassments,Violence
à¦¸à¦°à¦à¦¾à¦°à¦°à§ à¦à¦¸à¦²à§ à¦¬à¦²à¦¦à§ à¦à§à¦¦à§ à¦¤à¦¾à¦ à¦à¦®à¦¨ à¦à¦à¦¾à¦® à¦à§ à¦à¦¾à¦® à¦¶à§à¦°à§ à¦à¦°à¦à§  à¦à¦¤à§à¦¦à¦¿à¦¨ à¦¶à§à¦¨à¦²à¦¾à¦® à¦¨à¦¾ à¦¤à¦¾à¦° à¦¨à¦¾à¦® à¦°à¦¾à¦à¦¾à¦à¦¾à¦°à§ à¦à¦à§ à¦à¦à¦¨ à¦¬à§à¦à¦¾ à¦®à¦¾à¦¤à§à¦° à¦¬à¦¸à¦²à§ à¦à§à§à¦¾à¦°à§ à¦à¦° à¦¶à§à¦°à§ à¦¹à¦²à§ à¦¤à¦¦à¦¨à§à¦¤,,,Sexual Harassments,Sexual Harassments
à¦¬à¦¾à¦² à¦à§à¦§à§à¦°à§ à¦à¦¤à§ à¦à¦¥à¦¾ à¦¬à¦²à§ à¦à§à¦¯à¦¾à¦¨  à¦¸à¦°à¦à¦¾à¦°à§à¦° à¦¦à¦¾à¦²à¦¾à¦²,,,Sexual Harassments,Harmful
à¦¶à¦¾à¦²à¦¾ à¦¤à§à¦ à¦¹à¦²à¦¿ à¦à¦¾à¦ à¦¿ à¦°à¦¾à¦à¦¾à¦à¦¾à¦°à§ à¦à¦à¦²à¦¾à¦¦,,,Sexual Harassments,Sexual Harassments
à¦¸à¦¾à¦®à¦¨à§ à¦à§à¦¤à¦¾ à¦ªà§à¦à¦¾ à¦à¦ªà§à¦à§à¦·à¦¾ à¦à¦°à¦¤à§à¦à§ à¦®à¦¾à¦¹à¦¿,,,Sexual Harassments,Sexual Harassments
à¦à¦®à¦¿ à¦°à¦¾à¦à¦¾à¦à¦¾à¦°à§à¦° à¦¯à¦¦à¦¿ à¦à§à¦²à§ à¦¹à§ à¦¤à§à¦° à¦®à¦¾à¦à§ à¦à¦¿à¦à¦¾à¦à¦¸ à¦¤à§à¦ à¦à¦¾à¦° à¦à§à¦²à§,,,Sexual Harassments,Violence
à¦®à¦¾à¦¹à¦¿à¦° à¦à¦à¦°à¦£à§ à¦à¦¾à¦à¦²à§à¦° à§© à¦¨à¦¾à¦®à§à¦¬à¦¾à¦° à¦¬à¦¾à¦à§à¦à¦¾à¦° à¦®à¦¤ à¦²à¦¾à¦à¦à§,,,Sexual Harassments,Sexual Harassments
à¦ªà¦¾à¦ à¦°à¦¾à¦à¦¾à¦à¦¾à¦°à§à¦° à¦§à¦°à§à¦·à¦£à¦à¦¾à¦¤ à¦²à§à¦à§à¦° à¦à¦¾à¦ à¦à¦à¦¾,,,Sexual Harassments,Sexual Harassments
à¦à¦ªà¦¨à¦¾à¦°à¦¾ à¦¦à§à¦¶à¦à§ à¦­à¦¾à¦²à¦¬à¦¾à¦¸à§à¦¨ à¦¨à¦¾  à¦à¦ªà¦¨à¦¾à¦°à¦¾ à¦à¦¨à¦à§ à¦²à§à¦­à¦¿,,,Sexual Harassments,Sexual Harassments
à¦à¦¸à¦¿ à¦à¦ à¦¦à¦¾à§à¦¿à¦¤à§à¦¬ à¦ªà¦¾à¦²à¦¨ à¦à¦°à¦¤à§ à¦ªà¦¾à¦°à§ à¦¨à¦¾,,,Sexual Harassments,Sexual Harassments
à¦¨à§à¦¾à¦¦à¦¿à¦à¦¨à§à¦¤ à¦¦à§à¦à¦à¦¿ à¦à¦²à§à¦ à¦ªà¦¾à¦²à§à¦ à¦¨à¦¿à¦à¦ à¦¦à§à§  à¦­à¦¾à¦°à¦¤à§à¦° à¦§à¦¾à¦°à§à¦à¦¾à¦à§à¦ à¦¨à§à¦ à¦ªà¦¾à¦à¦¿à¦¸à§à¦¤à¦¾à¦¨  à¦¶à§à¦§à§ à¦¨à§à¦¾à¦¦à¦¿à¦à¦¨à§à¦¤à§à¦° à¦¹à§à¦¦à§à§ à¦ªà¦¾à¦à¦¿à¦¸à§à¦¤à¦¾à¦¨ à¦à¦¿à¦ à¦¨à§à¦¾à¦¦à¦¿à¦à¦¨à§à¦¤ à¦à¦¿à¦ à¦°à¦¾à¦à¦¾à¦à¦¾à¦°à§à¦° à¦ªà§à¦ªà¦¾à¦° à¦¨à§à¦¾à¦¦à¦¿à¦à¦¨à§à¦¤,,,Sexual Harassments,Violence
à¦à§à¦¤à§à¦¤à¦¾à¦²à§à¦à§à¦° à¦à¦¾à¦à§ à¦à¦®à¦¾à¦° à¦ªà§à¦°à¦¶à§à¦¨ à¦ªà§à¦²à¦¿à¦¶ à¦®à¦°à¦²à§ à¦à¦¨à¦à¦¨ à¦à¦¤ à¦à§à¦¶à¦¿ à¦¹à§ à¦à§à¦¨,,,Sexual Harassments,Sexual Harassments
à¦à¦à§à¦¾à¦®à§à¦²à§à¦ à¦à§à¦¤à¦¨à¦¾à¦¬à¦¾à¦ à¦¬à§à¦¯à¦¬à¦¸à¦¾à§à§à¦°à¦¾ à¦à§à¦¥à¦¾à§  à¦¬à¦¾à¦à¦²à¦¾à¦¦à§à¦¶à§à¦° à¦¦à§à¦¶à¦ªà§à¦°à§à¦®à¦¿à¦ à¦®à§à¦à§à¦¤à¦¿à¦¯à§à¦¦à§à¦§à¦¾à¦°à¦¾ à¦®à¦°à¦²à§ à¦à¦à§à¦¾à¦®à§à¦²à§à¦ à¦à¦° à¦à¦¿  à¦à¦à§à¦¾à¦®à§à¦²à§à¦ à¦à¦° à¦à§à¦¤à¦¨à¦¾ à¦¶à§à¦§à§ à¦à¦à§à¦¾à¦®à§à¦²à§à¦ à¦®à§à¦à§à¦¤à¦¿à¦¯à§à¦¦à§à¦§à¦¾ à¦¹à¦¿à¦¨à§à¦¦à§ à¦®à§à¦à§à¦¤à¦¿à¦¯à§à¦¦à§à¦§à¦¾ à¦­à¦¾à¦°à¦¤à§à§ à¦®à§à¦à§à¦¤à¦¿à¦¯à§à¦¦à§à¦§à¦¾ à¦¦à§à¦° à¦à¦¨à§à¦¯ à¦à§à¦¤à¦¨à¦¾ à¦à¦¾à¦¡à¦¾ à¦¹à§à§ à¦¯à¦¾à§  à¦¯à§à¦®à¦¨ à¦à¦à§à¦¾à¦®à§à¦²à§à¦ à¦°à¦¾à¦à¦¾à¦à¦¾à¦° à¦¹à¦¾à¦¸à¦¿à¦¨à¦¾à¦° à¦¬à§à§à¦¾à¦ à¦à§à¦¤à¦¨à¦¾à¦° à¦ à§à¦²à¦¾à§ à¦à¦à¦¨ à¦­à§à§à¦¾ à¦®à§à¦à§à¦¤à¦¿à¦¯à§à¦¦à§à¦§à¦¾ à¦¹à§à§à¦à§à¦à§,,,Sexual Harassments,Sexual Harassments
à¦¶à§à¦ à¦¹à¦¾à¦¸à¦¿à¦¨à¦¾ à¦°à¦¾à¦à¦¾à¦à¦¾à¦°à§à¦° à¦¬à¦à§à¦à¦¾ à¦¤à§à¦° à¦¬à§à¦¦à¦¾ à¦ªà¦¾à¦à¦¾à¦®à§ à¦®à¦¾à¦à¦¿ à¦à§à¦à¦¦à§à¦¦à¦¾ à¦¤à§à¦° à¦®à¦¾à¦à¦¿à¦¬à¦¾à¦ à¦®à¦à¦¿à¦¬à§à¦° à¦à¦¾à¦¨à¦¡à§ à¦°à¦¾à¦à¦à¦¾      à¦ªà¦°à§ à¦à¦¯à¦¼ à¦°à§ à¦¦à¦¿à¦¯à¦¼à¦¾ à¦¤à§à¦° à¦¬à§à¦¦à¦¾ à¦à¦¾à¦à¦¾à¦®à§   à¦à¦° à¦¤à§à¦° à¦à§à¦¤à§à¦¤à¦¾ à¦²à§à¦ à¦¤à§à¦°à§ à¦à¦¾à¦à¦à§à¦à¦¾ à¦à¦¾à¦à¦¬à§,,,Sexual Harassments,Sexual Harassments
à¦¯à¦¾à¦°à¦¾ à¦à¦¾à¦®à¦¾à§à¦¾à¦¤ à¦à¦¸à¦²à¦¾à¦®à¦¿à¦° à¦¨à¦¤à§à¦¨ à¦à¦®à§à¦° à¦à¦¨à¦¾à¦¬ à¦®à¦à¦¬à§à¦² à¦à¦¹à¦®à§à¦¦ à¦à§ à¦°à¦¾à¦à¦¾à¦à¦¾à¦°à§à¦° à¦à¦®à¦¾à¦¨à§à¦¡à¦¾à¦° à¦¬à¦²à§ à¦à¦ªà§à¦°à¦ªà§à¦°à¦à¦¾à¦° à¦à¦°à¦à§à¦¨ à¦à§ à¦°à§à¦à¦¿à¦ªà§à¦°à§à¦¨ à¦­à¦¾à¦·à¦¾ à¦¬à§à¦¯à¦¬à¦¹à¦¾à¦° à¦à¦°à¦à§à¦¨,,,Sexual Harassments,Sexual Harassments
à¦¶à¦¾à¦²à¦¾ à¦¬à¦¾à¦ª à¦¬à§à¦à¦¾ à¦¦à§à¦à¦¨à¦ à¦°à¦¾à¦à¦¨à§à¦¤à¦¿à¦ à¦à¦¤à¦¿à¦®,,,Sexual Harassments,Violence
à¦à§à¦¯à¦¾à¦à¦¨à¦¿ à¦à§à¦¨à¦¾à¦°à§à¦² à¦ªà¦¦à¦¤à§à¦¯à¦¾à¦ à¦à¦°à¦²à§ à¦°à¦¾à¦à¦¾à¦à¦¾à¦°à¦¦à§à¦° à¦«à¦¾à¦¸à¦¿ à¦¦à§à¦¬à§ à¦à§,,,Violence,Violence
à¦à¦¾à¦°à¦ à¦®à¦¾à¦¨à§à¦ à¦¬à¦¿à¦à¦¨à¦ªà¦¿,,,Sexual Harassments,Sexual Harassments
à¦¬à¦²à¦¦  à¦¨à¦¿à¦à§à¦°à§ à¦¨à¦à§à¦¾à¦¬à¦à¦¾à¦¦à¦¾ à¦¸à¦²à¦¿à¦®à§à¦²à§à¦²à¦¾à¦¹ à¦®à¦¨à§ à¦à¦°à§,,,Sexual Harassments,Sexual Harassments
à¦®à§à¦¨à¦¾à¦«à§à¦ à¦¸à¦¾à¦°à¦¾ à¦à¦¾ à¦à§à¦¬à¦¨ à¦à¦¾à¦®à¦¾à¦¤ à¦¶à¦¿à¦¬à¦¿à¦°à§à¦° à¦à¦¿à¦¬à¦¤ à¦à¦°à§ à¦à§à¦à§,,,Sexual Harassments,Sexual Harassments
à¦®à¦¾à¦¹à¦¿ à¦à§ à¦à¦°à§ à¦à¦à§ à¦¬à¦¾à¦¦ à¦¦à§à§à¦¾ à¦¦à¦°à¦à¦¾à¦° à¦à¦¿à¦² à¦¸à¦¾à¦²à¦¾ à¦à§à¦²à¦ª,,,Sexual Harassments,Sexual Harassments
à¦¤à§à¦°à¦¾ à¦¯à¦¾à¦°à¦¾ à¦¬à¦¾à¦à¦²à¦¾à¦° à¦®à¦¾à¦à§ à¦¨à¦¿à§à§ à¦à¦¥à¦¾ à¦¬à¦²à¦à§ à¦¤à§à¦¦à§à¦° à¦¬à¦¿à¦à¦¾à¦° à¦à¦¦à§à¦¶à§à¦° à¦®à¦¾à¦à¦¿à¦¤à§à¦ à¦¹à¦¬à§ à¦¤à§à¦°à¦¾ à¦à¦¾à¦à§ à¦à¦¿ à¦¬à¦²à¦à§ à¦¶à¦¾à¦®à§à¦® à¦à¦¸à¦®à¦¾à¦¨ à¦¤à¦¿à¦¨à¦¿ à¦®à§à¦à¦¿à¦¬ à¦¸à§à¦¨à¦¾  à¦¬à¦¾à¦à¦²à¦¾à¦° à¦¸à¦¾à¦¹à¦¸à§ à¦¸à¦¨à§à¦¤à¦¾à¦¨  à¦¦à§à¦¶à¦°à¦¤à§à¦¨ à¦¶à§à¦ à¦¹à¦¾à¦¸à¦¿à¦¨à¦¾à¦° à¦¸à¦¾à¦¹à¦¸à§ à¦à¦°à§à¦®à§ à¦¸à¦¬à¦¾à¦à¦à§ à¦¬à¦²à¦à¦¿ à¦à¦¾à¦à§ à¦à¦¤à¦¿à¦¹à¦¾à¦¸ à¦à¦¾à¦¨à§à¦¨  à¦¬à¦¾à¦à¦²à¦¾à¦° à¦®à¦¾à¦à¦¿à¦¤à§ à¦°à¦¾à¦à¦¾à¦à¦¾à¦¦à§à¦° à¦ à¦¾à¦à¦ à¦¹à¦¬à§ à¦¨à¦¾ à¦°à¦¾à¦à¦¾à¦à¦¾à¦°à¦°à¦¾ à¦¸à¦¾à¦¬à¦§à¦¾à¦¨,,,Sexual Harassments,Sexual Harassments
à¦°à¦¨à¦¿ à¦®à¦¾à¦¦à¦¾à¦°à¦à§à¦¦ à¦à¦¾à¦à¦ª à¦²à§à¦,,,Sexual Harassments,Sexual Harassments
à¦à¦¾à¦¨à¦à¦¿ à¦®à¦¾à¦à¦¿à¦°à§ à¦ªà§à¦²à§ à¦à§à¦à¦¿ à¦à§à¦à¦¿ à¦à¦°à§ à¦à§à¦à§ à¦à§à¦¤à§à¦¤à¦¾ à¦¦à¦¿à§à§ à¦à¦¾à¦à§à¦¾à¦¤à¦¾à¦®,,,Violence,Sexual Harassments
à¦à¦®à¦¿ à¦¬à§à¦à¦¿ à¦¨à¦¾ à¦°à§à¦¹à¦¿à¦à§à¦à¦¾à¦¦à§à¦° à¦à¦¨à§à¦¯ à¦à¦¦à§à¦¶à§à¦° à¦®à¦¾à¦¨à§à¦·à§à¦° à¦à¦¤ à¦à§à¦²à§à¦²à¦¾ à¦à¦¿à¦²à§à¦²à¦¿ à¦à§à¦¯à¦¾   à¦à§à¦ à¦¬à¦²à§ à¦°à§à¦¹à¦¿à¦à§à¦à¦¾à¦°à¦¾ à¦à¦®à¦¾à¦¦à§à¦° à¦à¦¾à¦¤à¦¿ à¦­à¦¾à¦ à¦à§à¦ à¦¬à¦²à§ à¦à¦¾à¦®à¦¾à¦¤à¦¿ à¦­à¦¾à¦ à¦à§à¦ à¦¬à¦²à§ à¦¬à¦¾à¦®à¦¾à¦¤à¦¿ à¦­à¦¾à¦  à¦à¦¿à¦¨à§à¦¤à§ à¦à¦®à¦¿ à¦¬à¦²à¦¿ à¦°à§à¦¹à¦¿à¦à§à¦à¦¾à¦°à¦¾ à¦à¦®à¦¾à¦° à¦à§à¦¦à¦¿à¦° à¦­à¦¾à¦  à¦¯à§ à¦²à§à¦ à¦¨à¦¿à¦à§à¦° à¦¦à§à¦¶à§à¦° à¦¨à¦¿à¦°à§à¦¯à¦¾à¦¤à¦¿à¦¤ à¦¸à¦¾à¦à¦à¦¤à¦¾à¦²à¦à§à¦·à§à¦ à§ à¦à¦¿à¦à¦¬à¦¾ à¦¸à¦à¦à§à¦¯à¦¾à¦²à¦à§à¦¦à§à¦° à¦à¦¨à§à¦¯ à¦ªà§à¦°à¦¤à¦¿à¦¬à¦¾à¦¦ à¦¨à¦¾ à¦à¦°à§ à¦°à§à¦¹à¦¿à¦à§à¦à¦¾à¦¦à§à¦° à¦à¦¨à§à¦¯ à¦à¦¿à¦²à§à¦²à¦¾ à¦ªà¦¾à¦²à§à¦²à¦¾ à¦à¦°à§ à¦¸à§ à¦¹à¦à¦² à¦°à¦¾à¦à¦¾à¦à¦¾à¦°à§à¦° à¦¦à§à¦§à¦­à¦¾à¦,,,Sexual Harassments,Offensive
à¦à¦¾à¦¤à¦¿à¦° à¦à¦¨à¦ à¦¬à§à¦à§ à¦¥à¦¾à¦à¦²à§ à¦¤à§à¦¦à§à¦° à¦®à¦¤ à¦¬à¦¾à¦à¦¨à¦à§ à¦¦à§à¦° à¦¸à¦¬ à¦²à¦¾à¦¥à¦¿ à¦®à§à¦°à§ à¦­à¦¾à¦°à¦¤ à¦ªà¦¾à¦ à¦¾à¦¤à§  à¦à¦¨à§à¦¦à¦¿à¦°à¦¾ à¦à¦¾à¦¨à§à¦§à§ à¦¸à§à¦¨à¦¾ à¦«à¦¿à¦°à¦¿à§à§ à¦¨à§à§à¦¨à¦¿ à¦¦à§à¦à§ à¦¬à¦à§à¦à¦¬à¦¬à§à¦§à§ à¦¦à§à¦¶à§ à¦à¦¸à§à¦ à¦à¦¦à§à¦°à¦à§ à¦¦à§à¦¶à§ à¦¯à¦¾à¦à§à¦¾à¦° à¦¨à¦¿à¦°à§à¦¦à§à¦¶ à¦¦à¦¿à§à§à¦à¦¿à¦²à§  à¦ à¦¶à§à¦ à¦¸à¦¾à¦¹à§à¦¬ à¦¨à¦¿à¦à§à¦ à¦ªà¦¾à¦à¦¿à¦¸à§à¦¤à¦¾à¦¨à¦¿ à¦à¦¿à§à§ à¦­à§à¦à§à¦à§à¦° à¦¸à¦¾à¦¥à§ à¦à§à¦²à¦¾à¦à§à¦²à¦¿ à¦à¦°à§à¦à¦¿à¦²à§  à¦à¦à¦¨ à¦¤à§à¦¦à§à¦° à¦®à¦¤ à¦à¦à§à¦¨à§à¦à¦°à¦¾ à¦à¦¾à¦¤à¦¿à¦° à¦ªà¦¿à¦¤à¦¾à¦à§à¦ à¦°à¦¾à¦à¦¾à¦à¦¾à¦° à¦¬à¦¾à¦¨à¦¿à§à§ à¦«à§à¦²à¦¬à§,,,Sexual Harassments,Sexual Harassments
à¦¸à§à¦ à¦°à¦¾à¦à¦¾à¦à¦¾à¦°à§à¦° à¦à¦®à¦¾à¦¨à§à¦¡à¦¾à¦° à¦à¦à¦¾à¦ à¦à¦à¦¨ à¦à¦²à¦à§ à¦à¦¿à¦à§à¦ à¦à¦°à¦¾à¦° à¦¨à§à¦ à¦¬à¦¿à¦à¦¾à¦°à§à¦° à¦®à¦¾à¦²à¦¿à¦,,,Sexual Harassments,Sexual Harassments
à¦¯à¦¾à¦°à¦¾ à¦¦à§à¦¶ à¦ à¦®à¦¾à¦¨à§à¦·à§à¦° à¦à¦¨à§à¦¯ à¦°à¦¾à¦à¦¨à¦¿à¦¤à¦¿ à¦à¦°à§ à¦¤à¦¾à¦°à¦¾ à¦à§à¦¨ à¦¤à¦¾à¦°à§à¦ à¦à¦¿à§à¦¾à¦° à¦®à¦¤ à¦¹à¦¬à§ à¦¨à¦¾,,,Sexual Harassments,Sexual Harassments
à¦°à¦¾à¦à¦¾à¦à¦¾à¦° à¦¹à¦²à§ à¦°à¦¾à¦à¦¾à¦à¦¾à¦° à¦¹à¦¬à§ à¦¬à¦¾à¦¦ à¦¦à¦¿à¦²à§ à¦­à§à¦² à¦¹à¦¬à§ à¦¦à§à¦¨à¦¿à§à¦¾à§ à¦à§à¦¸à¦¬à§à¦° à¦à¦¾à§à¦à¦¾ à¦­à§à¦² à¦à¦°à¦¿à¦²à§ à¦®à¦¾à¦¸à§à¦² à¦¦à¦¿à¦¤à§ à¦¹à¦¬à§ à¦à¦¥à¦¾ à¦à§à¦²à¦¿ à¦ à¦¿à¦,,,Sexual Harassments,Sexual Harassments
à¦à¦¨à¦¸à§à¦¬à¦¾à¦¸à§à¦¥à§à¦¯ à¦¸à¦®à§à¦ªà¦°à§à¦à¦¿à¦¤ à¦²à¦à§à¦·à§à¦¯ à¦à¦°à§à¦à¦¨à§ à¦¬à§à¦¶à§à¦¬à¦¿à¦ à¦à¦à¦¶à§à¦¦à¦¾à¦°à¦¿à¦¤à§à¦¬ à¦ªà§à¦°à¦¤à¦¿à¦·à§à¦ à¦¾à¦° à¦à¦¹à§à¦¬à¦¾à¦¨ à¦ªà§à¦°à¦§à¦¾à¦¨à¦®à¦¨à§à¦¤à§à¦°à§ à¦¶à§à¦ à¦¹à¦¾à¦¸à¦¿à¦¨à¦¾à¦°,,,Sexual Harassments,Violence
à¦¨à¦¿à¦°à§à¦¬à¦¾à¦à¦¨à§ à¦à¦à¦ à¦ªà¦°à§à¦¯à¦¬à§à¦à§à¦·à¦à¦¦à§à¦° à¦¸à§à¦¬à¦¾à¦à¦¤ à¦à¦¾à¦¨à¦¾à¦¨à§ à¦¹à¦¬à§ : à¦à¦¬à¦¾à§à¦¦à§à¦² à¦à¦¾à¦¦à§à¦°,,,Violence,Sexual Harassments
à¦¢à¦¾à¦à¦¾ à¦®à§à¦¡à¦¿à¦à§à¦² à¦à¦²à§à¦ à¦¹à¦¾à¦¸à¦ªà¦¾à¦¤à¦¾à¦²à¦à§ à§ª à¦¹à¦¾à¦à¦¾à¦° à¦¶à¦¯à§à¦¯à¦¾à¦° à¦à¦§à§à¦¨à¦¿à¦ à¦¹à¦¾à¦¸à¦ªà¦¾à¦¤à¦¾à¦²à§ à¦ªà¦°à¦¿à¦£à¦¤ à¦à¦°à¦¾ à¦¹à¦¬à§ : à¦ªà§à¦°à¦§à¦¾à¦¨à¦®à¦¨à§à¦¤à§à¦°à§ à¦¶à§à¦ à¦¹à¦¾à¦¸à¦¿à¦¨à¦¾,,,Sexual Harassments,Sexual Harassments
à¦¦à§à¦¶à§à¦° à¦­à¦¾à¦¬à¦®à§à¦°à§à¦¤à¦¿ à¦à§à¦·à§à¦¨à§à¦¨ à¦¹à§ à¦à¦®à¦¨ à¦à§à¦¨ à¦¸à¦à¦¬à¦¾à¦¦ à¦ªà§à¦°à¦à¦¾à¦° à¦¨à¦¾ à¦à¦°à¦¤à§ à¦¸à¦¾à¦à¦¬à¦¾à¦¦à¦¿à¦à¦¦à§à¦° à¦ªà§à¦°à¦¤à¦¿ à¦ªà§à¦°à¦§à¦¾à¦¨à¦®à¦¨à§à¦¤à§à¦°à§ à¦¶à§à¦ à¦¹à¦¾à¦¸à¦¿à¦¨à¦¾à¦° à¦à¦¹à¦¬à¦¾à¦¨,,,Sexual Harassments,Sexual Harassments
à¦®à¦¾à¦°à§à¦à¦¿à¦¨ à¦à¦°à§à¦®à¦à¦°à§à¦¤à¦¾à¦¦à§à¦° à¦¬à¦¾à¦à¦²à¦¾à¦¦à§à¦¶ à¦¸à¦«à¦° à¦¦à§à¦ à¦¦à§à¦¶à§à¦° à¦¸à¦®à§à¦ªà¦°à§à¦ à¦à¦°à§ à¦¦à§à¦¢à¦¼ à¦à¦°à¦¾à¦° à¦¬à¦¾à¦°à§à¦¤à¦¾à¦ à¦¬à¦¹à¦¨ à¦à¦°à§ : à¦¡. à¦¹à¦¾à¦à¦¾à¦¨ à¦®à¦¾à¦¹à¦®à§à¦¦,,,Sexual Harassments,Harmful
à¦¦à§à¦¶à§-à¦¬à¦¿à¦¦à§à¦¶à§ à¦®à¦¾à¦¨à§à¦·à§à¦° à¦ªà¦¾à¦¶à§ à¦¦à¦¾à¦à§à¦¾à¦¨à§à§ à¦¸à¦¶à¦¸à§à¦¤à§à¦° à¦¬à¦¾à¦¹à¦¿à¦¨à§à¦° à¦ªà§à¦°à¦¶à¦à¦¸à¦¾ à¦à¦°à§à¦à§à¦¨ à¦ªà§à¦°à¦§à¦¾à¦¨à¦®à¦¨à§à¦¤à§à¦°à§ à¦¶à§à¦ à¦¹à¦¾à¦¸à¦¿à¦¨à¦¾,,,Sexual Harassments,Sexual Harassments
à¦¬à¦¿à¦à¦¨à¦ªà¦¿à¦¸à¦¹ à¦¸à¦®à¦®à¦¨à¦¾ à¦¦à¦²à¦à§à¦²à§ à¦¨à¦¿à¦°à§à¦¬à¦¾à¦à¦¨à§ à¦à¦à§à¦à¦¨à§ à¦¸à¦à¦à¦¾à¦¤à§à¦° à¦à¦à§à¦°à¦¾à¦¨à§à¦¤ à¦à¦°à¦à§ : à¦à¦¬à¦¾à§à¦¦à§à¦² à¦à¦¾à¦¦à§à¦°,,,Sexual Harassments,Sexual Harassments
à¦¬à¦¾à¦à¦²à¦¾à¦¦à§à¦¶à§à¦° à¦¸à¦à¦¸à§à¦à§à¦¤à¦¿à¦à§ à¦¬à¦¿à¦¶à§à¦¬ à¦à¦à§à¦à¦¨à§ à¦¤à§à¦²à§ à¦§à¦°à¦¤à§ à¦à¦¾à¦ à¦à¦°à¦à§ à¦¸à¦°à¦à¦¾à¦° : à¦ªà§à¦°à¦§à¦¾à¦¨à¦®à¦¨à§à¦¤à§à¦°à§ à¦¶à§à¦ à¦¹à¦¾à¦¸à¦¿à¦¨à¦¾,,,Sexual Harassments,Sexual Harassments
à¦¬à¦¿à¦à¦¨à¦ªà¦¿ à¦·à§à¦¯à¦¨à§à¦¤à§à¦° à¦¨à¦¿à¦°à§à¦­à¦° à¦°à¦¾à¦à¦¨à§à¦¤à¦¿à¦ à¦¦à¦²: à¦à¦¬à¦¾à§à¦¦à§à¦² à¦à¦¾à¦¦à§à¦°,,,Violence,Sexual Harassments
à¦à¦¨à¦à¦£ à¦¥à§à¦à§ à¦¬à¦¿à¦à§à¦à¦¿à¦¨à§à¦¨ à¦¨à¦¾ à¦à¦°à§ à¦­à¦¿à¦­à¦¿à¦à¦à¦ªà¦¿à¦¦à§à¦° à¦¸à¦°à§à¦¬à§à¦¾à¦à§à¦ à¦¨à¦¿à¦°à¦¾à¦ªà¦¤à§à¦¤à¦¾ à¦¨à¦¿à¦¶à§à¦à¦¿à¦¤ à¦à¦°à¦¤à§ à¦¹à¦¬à§ : à¦ªà¦¿à¦à¦¿à¦à¦°à¦à§ à¦°à¦¾à¦·à§à¦à§à¦°à¦ªà¦¤à¦¿ à¦®à§. à¦¸à¦¾à¦¹à¦¾à¦¬à§à¦¦à§à¦¦à¦¿à¦¨,,,Sexual Harassments,Sexual Harassments
à¦ªà¦¬à¦¿à¦¤à§à¦° à¦¹à¦ à¦ªà¦¾à¦²à¦¨ à¦¶à§à¦·à§ à¦¦à§à¦¶à§ à¦«à¦¿à¦°à§à¦à§à¦¨ à¦°à¦¾à¦·à§à¦à§à¦°à¦ªà¦¤à¦¿ à¦®à§. à¦¸à¦¾à¦¹à¦¾à¦¬à§à¦¦à§à¦¦à¦¿à¦¨,,,Sexual Harassments,Sexual Harassments
à¦ªà§à¦°à¦§à¦¾à¦¨à¦®à¦¨à§à¦¤à§à¦°à§ à¦¶à§à¦ à¦¹à¦¾à¦¸à¦¿à¦¨à¦¾à¦° à¦¸à¦à§à¦à§ à¦¸à§à¦à¦¨à§à¦¯ à¦¸à¦¾à¦à§à¦·à¦¾à¦¤ à¦à¦°à§à¦à§à¦¨ à¦¬à¦¿à¦¶à§à¦¬à¦à¦¾à¦ª à¦à§à§ à¦à¦°à§à¦à§à¦¨à§à¦à¦¿à¦¨à¦¾à¦° à¦à§à¦²à¦°à¦à§à¦·à¦ à¦®à¦¾à¦°à§à¦à¦¿à¦¨à§à¦,,,Sexual Harassments,Sexual Harassments
âà¦¸à§à¦®à¦¾à¦°à§à¦ à¦¬à¦¾à¦à¦²à¦¾à¦¦à§à¦¶â à¦à§à¦¤à§ à¦à¦¨à¦ªà§à¦°à¦¤à¦¿à¦¨à¦¿à¦§à¦¿à¦¦à§à¦° à¦à¦à§à¦¯à¦¬à¦¦à§à¦§à¦­à¦¾à¦¬à§ à¦à¦¾à¦ à¦à¦°à¦¾à¦° à¦à¦¹à§à¦¬à¦¾à¦¨ à¦ªà§à¦°à¦§à¦¾à¦¨à¦®à¦¨à§à¦¤à§à¦°à§ à¦¶à§à¦ à¦¹à¦¾à¦¸à¦¿à¦¨à¦¾à¦°,,,Sexual Harassments,Sexual Harassments
à¦à¦®à¦¾à¦° à¦²à¦à§à¦·à§à¦¯ à¦¦à§à¦¶à¦¬à¦¾à¦¸à§à¦° à¦­à¦¾à¦à§à¦¯ à¦ªà¦°à¦¿à¦¬à¦°à§à¦¤à¦¨ à¦à¦°à¦¾ : à¦ªà§à¦°à¦§à¦¾à¦¨à¦®à¦¨à§à¦¤à§à¦°à§ à¦¶à§à¦ à¦¹à¦¾à¦¸à¦¿à¦¨à¦¾,,,Sexual Harassments,Sexual Harassments
"à¦à¦¾à¦°à§ à¦ªà§à¦°à§à¦¸à¦à§à¦°à¦¿à¦ªà¦¶à¦¨à§ à¦¨à§, à¦à¦à¦¾à¦®à§ à¦à¦¾à¦¤à§à§ à¦¨à¦¿à¦°à§à¦¬à¦¾à¦à¦¨ à¦¹à¦¬à§ à¦¸à¦à¦¬à¦¿à¦§à¦¾à¦¨ à¦à¦¨à§à¦¯à¦¾à§à§ : à¦à¦¬à¦¾à§à¦¦à§à¦² à¦à¦¾à¦¦à§à¦°",,,Violence,Violence
à¦à¦¦ à¦à§à¦à¦¿ à¦¶à§à¦·à§ à¦à¦ à¦à§à¦²à§à¦à§ à¦¸à¦°à¦à¦¾à¦°à¦¿ à¦à¦«à¦¿à¦¸-à¦à¦¦à¦¾à¦²à¦¤,,,Sexual Harassments,Sexual Harassments
à¦¬à¦¿à¦¦à§à¦¶à§ à¦ªà§à¦°à¦­à§à¦¦à§à¦° à¦¤à§à¦·à§à¦ à¦à¦°à¦¤à§ à¦à¦à§à¦¾à¦®à§ à¦²à§à¦ à¦°à¦¾à¦à¦¨à§à¦¤à¦¿ à¦à¦°à§ à¦¨à¦¾ : à¦à¦¬à¦¾à§à¦¦à§à¦² à¦à¦¾à¦¦à§à¦°,,,Sexual Harassments,Sexual Harassments
à¦¬à¦¿à¦à¦¨à¦ªà¦¿ à¦¯à§ à¦à¦¨à§à¦¨à§à¦¨-à¦à¦à§à¦°à¦à¦¤à¦¿à¦° à¦¬à¦¿à¦°à§à¦§à§ à¦¤à¦¾à¦° à¦ªà§à¦°à¦®à¦¾à¦£ à¦¹à¦à§à¦à§ à¦¬à§à¦°à¦¿à¦à¦¸ à¦à§à¦à§à¦° à¦¬à¦¿à¦°à§à¦§à§à¦¤à¦¾ à¦à¦°à¦¾ : à¦¡. à¦¹à¦¾à¦à¦¾à¦¨ à¦®à¦¾à¦¹à¦®à§à¦¦,,,Sexual Harassments,Hateful
à¦à¦à¦¾à¦®à§ à¦¨à¦¿à¦°à§à¦¬à¦¾à¦à¦¨à§ à¦à¦¬à¦¾à¦°à¦ à¦¨à§à¦à¦¾ à¦®à¦¾à¦°à§à¦à¦¾à§ à¦­à§à¦ à¦à¦¾à¦à¦²à§à¦¨ à¦ªà§à¦°à¦§à¦¾à¦¨à¦®à¦¨à§à¦¤à§à¦°à§ à¦¶à§à¦ à¦¹à¦¾à¦¸à¦¿à¦¨à¦¾,,,Sexual Harassments,Sexual Harassments
à¦¦à§à¦¶à¦¿-à¦¬à¦¿à¦¦à§à¦¶à¦¿ à¦·à§à¦¯à¦¨à§à¦¤à§à¦° à¦¥à§à¦à§ à¦¦à§à¦¶à¦°à¦à§à¦·à¦¾à¦° à¦à¦¨à§à¦¯ à¦à¦¦à§ à¦¤à¦¥à§à¦¯ à¦ à¦¸à¦®à§à¦ªà§à¦°à¦à¦¾à¦°à¦®à¦¨à§à¦¤à§à¦°à§à¦° à¦ªà§à¦°à¦¾à¦°à§à¦¥à¦¨à¦¾,,,Sexual Harassments,Sexual Harassments
à¦¯à¦¥à¦¾à¦¯à¦¥ à¦§à¦°à§à¦®à§à§ à¦®à¦°à§à¦¯à¦¾à¦¦à¦¾à§ à¦¸à¦¾à¦°à¦¾à¦¦à§à¦¶à§ à¦ªà¦¬à¦¿à¦¤à§à¦° à¦à¦¦à§à¦² à¦à¦à¦¹à¦¾ à¦à¦¦à¦¯à¦¾à¦ªà¦¿à¦¤ à¦¹à¦à§à¦à§,,,Sexual Harassments,Sexual Harassments
à¦à¦¦à§à¦² à¦à¦à¦¹à¦¾à¦° à¦à§à¦¤à¦¨à¦¾à§ à¦à¦¦à§à¦¬à§à¦¦à§à¦§ à¦¹à§à§ à¦®à¦¾à¦¨à¦¬à¦à¦¾à¦¤à¦¿à¦° à¦à¦²à§à¦¯à¦¾à¦£à§ à¦à¦¾à¦ à¦à¦°à¦¾à¦° à¦à¦¹à§à¦¬à¦¾à¦¨ à¦ªà§à¦°à¦§à¦¾à¦¨à¦®à¦¨à§à¦¤à§à¦°à§ à¦¶à§à¦ à¦¹à¦¾à¦¸à¦¿à¦¨à¦¾à¦°,,,Sexual Harassments,Sexual Harassments
à¦à¦¦à¦¯à¦¾à¦¤à§à¦°à¦¾ à¦¨à¦¿à¦°à¦¾à¦ªà¦¦ à¦ à¦¨à¦¿à¦°à§à¦¬à¦¿à¦à§à¦¨à§ à¦¹à§à§à¦à§ : à¦à¦¬à¦¾à§à¦¦à§à¦² à¦à¦¾à¦¦à§à¦°,,,Sexual Harassments,Sexual Harassments
à¦®à§à¦à§à¦¤à¦¿à¦¯à§à¦¦à§à¦§à¦à¦¾à¦²à§à¦¨ à¦®à¦¾à¦¨à¦¬à¦¤à¦¾à¦¬à¦¿à¦°à§à¦§à§ à¦à¦ªà¦°à¦¾à¦§à§ à¦¯à¦¶à§à¦°à§à¦° à¦¬à¦¾à¦à¦¾à¦°à¦ªà¦¾à§à¦¾à¦° à§ª à¦à¦¨à§à¦° à¦®à§à¦¤à§à¦¯à§à¦¦à¦¨à§à¦¡,,,Sexual Harassments,Sexual Harassments
à¦¬à¦¾à¦à¦²à¦¾à¦¦à§à¦¶à§à¦° à¦¶à¦¾à¦¨à§à¦¤à¦¿à¦°à¦à§à¦·à§à¦¦à§à¦° à¦ªà§à¦¶à¦¾à¦¦à¦¾à¦°à¦¿à¦¤à§à¦¬à§à¦° à¦­à§à§à¦¸à§ à¦ªà§à¦°à¦¶à¦à¦¸à¦¾ à¦à¦¾à¦¤à¦¿à¦¸à¦à¦à§à¦°,,,Sexual Harassments,Sexual Harassments
à¦°à¦¾à¦¶à¦¿à§à¦¾ à¦à¦¾à§à¦à§à¦¨ à¦à§à¦¾à¦à¦¨à¦¾à¦° à¦ªà§à¦°à¦§à¦¾à¦¨,,,Sexual Harassments,Sexual Harassments
à¦¸à¦¿à¦à¦¿ à¦à¦°à¦ªà§à¦°à§à¦¶à¦¨ à¦¨à¦¿à¦°à§à¦¬à¦¾à¦à¦¨ à¦ªà§à¦°à¦®à¦¾à¦£ à¦à¦°à§à¦à§ à¦à¦à§à¦¾à¦®à§ à¦²à§à¦ à¦¸à¦°à¦à¦¾à¦°à§à¦° à¦à¦§à§à¦¨à§ à¦¨à¦¿à¦°à§à¦¬à¦¾à¦à¦¨ à¦¸à§à¦·à§à¦ à§ à¦¹à§ : à¦ªà§à¦°à¦§à¦¾à¦¨à¦®à¦¨à§à¦¤à§à¦°à§ à¦¶à§à¦ à¦¹à¦¾à¦¸à¦¿à¦¨à¦¾,,,Sexual Harassments,Sexual Harassments
à¦¬à¦¿à¦à¦¨à¦ªà¦¿à¦à§ à¦à§à¦¨à§à¦¦à§à¦° à¦à¦°à§ à¦à¦¬à¦°à§à¦¤à¦¿à¦¤ à¦à¦à¦£à¦¤à¦¾à¦¨à§à¦¤à§à¦°à¦¿à¦ à¦°à¦¾à¦à¦¨à§à¦¤à¦¿à¦ à¦à¦ªà¦¶à¦à§à¦¤à¦¿ à¦¸à§à¦·à§à¦ à§ à¦¨à¦¿à¦°à§à¦¬à¦¾à¦à¦¨à§à¦° à¦ªà§à¦°à¦§à¦¾à¦¨ à¦¬à¦¾à¦§à¦¾ : à¦à¦¬à¦¾à§à¦¦à§à¦² à¦à¦¾à¦¦à§à¦°,,,Sexual Harassments,Sexual Harassments
à¦¸à¦à¦¬à¦¿à¦§à¦¾à¦¨ à¦à¦¨à§à¦¯à¦¾à§à§ à¦¸à¦®à§à¦®à¦¤à§à¦ à¦à¦¾à¦¤à§à§ à¦¨à¦¿à¦°à§à¦¬à¦¾à¦à¦¨ à¦à¦¨à§à¦·à§à¦ à¦¿à¦¤ à¦¹à¦¬à§ -à¦ªà§à¦°à¦§à¦¾à¦¨à¦®à¦¨à§à¦¤à§à¦°à§ à¦¶à§à¦ à¦¹à¦¾à¦¸à¦¿à¦¨à¦¾,,,Sexual Harassments,Harmful
à¦à§à¦¸à§à¦ à¦à¦¾à¦°à§à¦¡à§à¦° à¦à¦¨à§à¦¯ à¦ªà¦¾à¦à¦à¦à¦¿ à¦à¦¤à§à¦¯à¦¾à¦§à§à¦¨à¦¿à¦ à¦à¦¾à¦¹à¦¾à¦ à¦à¦®à¦¿à¦¶à¦¨ à¦à¦°à§à¦à§à¦¨ à¦ªà§à¦°à¦§à¦¾à¦¨à¦®à¦¨à§à¦¤à§à¦°à§ à¦¶à§à¦ à¦¹à¦¾à¦¸à¦¿à¦¨à¦¾,,,Sexual Harassments,Sexual Harassments
à¦¬à¦¾à¦à¦²à¦¾à¦¦à§à¦¶ à¦à¦à¦¨à§ à¦¬à¦¾à¦à¦°à§à¦° à¦¹à¦¸à§à¦¤à¦à§à¦·à§à¦ªà§à¦° à¦à¦¾à¦à§ à¦®à¦¾à¦¥à¦¾ à¦¨à¦¤ à¦à¦°à¦¬à§ à¦¨à¦¾ : à¦ªà§à¦°à¦§à¦¾à¦¨à¦®à¦¨à§à¦¤à§à¦°à§ à¦¶à§à¦ à¦¹à¦¾à¦¸à¦¿à¦¨à¦¾,,,Sexual Harassments,Sexual Harassments
"à¦¤à¦¾à¦°à§à¦£à§à¦¯à§à¦° à¦¸à¦®à¦¾à¦¬à§à¦¶à§à¦° à¦¨à¦¾à¦®à§ à¦¬à¦¿à¦à¦¨à¦ªà¦¿ à¦¤à¦°à§à¦£à¦¦à§à¦° à¦à¦¤à¦¿à¦¹à¦¾à¦¸, à¦à¦¤à¦¿à¦¹à§à¦¯ à¦ à¦¸à¦à¦¸à§à¦à§à¦¤à¦¿ à¦§à§à¦¬à¦à¦¸à§à¦° à¦¶à¦¿à¦à§à¦·à¦¾ à¦¦à¦¿à¦à§à¦à§ : à¦¡. à¦¹à¦¾à¦à¦¾à¦¨ à¦®à¦¾à¦¹à¦®à§à¦¦",,,Sexual Harassments,Harmful
à¦¦à§à¦°à§à¦¨à§à¦¤à¦¿à¦° à¦¬à¦¿à¦°à§à¦¦à§à¦§à§ à¦¸à¦à§à¦¤à¦¨à¦¤à¦¾ à¦¬à§à¦¦à§à¦§à¦¿à¦¤à§ à¦à¦¾à¦ à¦à¦°à¦¤à§ à¦¦à§à¦¦à¦à§à¦° à¦ªà§à¦°à¦¤à¦¿ à¦°à¦¾à¦·à§à¦à§à¦°à¦ªà¦¤à¦¿à¦° à¦à¦¹à§à¦¬à¦¾à¦¨,,,Sexual Harassments,Sexual Harassments
à¦¬à¦¿à¦¶à§à¦¬à§à¦° à¦­à¦¬à¦¿à¦·à§à¦¯à¦¤ à¦ªà§à¦°à¦à¦¨à§à¦®à§à¦° à¦¬à¦¿à¦à¦¾à¦¶à§ à¦¬à§à¦¶à§à¦¬à¦¿à¦ à¦à¦¦à§à¦¯à§à¦à§à¦° à¦à¦¹à¦¬à¦¾à¦¨ à¦ªà§à¦°à¦§à¦¾à¦¨à¦®à¦¨à§à¦¤à§à¦°à§ à¦¶à§à¦ à¦¹à¦¾à¦¸à¦¿à¦¨à¦¾à¦°,,,Sexual Harassments,Sexual Harassments
âà¦à§à¦¾à¦°à§à¦²à§à¦¡ à¦à¦¬ à¦à§à¦¾à¦°à§à¦ à¦¸à¦¾à¦®à¦¿à¦ : à¦¸à§à¦¶à§à¦¯à¦¾à¦² à¦à¦¾à¦¸à§à¦à¦¿à¦¸ à¦«à¦° à¦à¦²â à¦ à¦¯à§à¦ à¦¦à¦¿à¦¤à§ à¦¸à§à¦à¦à¦¾à¦°à¦²à§à¦¯à¦¾à¦¨à§à¦¡à§à¦° à¦à§à¦¨à§à¦­à¦¾à¦° à¦à¦¦à§à¦¦à§à¦¶à§ à¦ªà§à¦°à¦§à¦¾à¦¨à¦®à¦¨à§à¦¤à§à¦°à§ à¦¶à§à¦ à¦¹à¦¾à¦¸à¦¿à¦¨à¦¾à¦° à¦¢à¦¾à¦à¦¾ à¦¤à§à¦¯à¦¾à¦,,,Sexual Harassments,Violence
à¦¬à¦¾à¦à¦²à¦¾à¦¦à§à¦¶à¦à§ à¦à§à¦ à¦à¦° à¦ªà§à¦à¦¨à§à¦° à¦¦à¦¿à¦à§ à¦¨à¦¿à§à§ à¦¯à§à¦¤à§ à¦ªà¦¾à¦°à¦¬à§ à¦¨à¦¾ : à¦ªà§à¦°à¦§à¦¾à¦¨à¦®à¦¨à§à¦¤à§à¦°à§ à¦¶à§à¦ à¦¹à¦¾à¦¸à¦¿à¦¨à¦¾,,,Sexual Harassments,Sexual Harassments
à¦¸à§à¦¾à¦¬à¦¿à¦¨ à¦¤à§à¦²à§à¦° à¦¦à¦¾à¦® à¦²à¦¿à¦à¦¾à¦°à§ à§§à§¦ à¦à¦¾à¦à¦¾ à¦à¦®à¦²à§à¥¤ à§§à§« à¦¦à¦¿à¦¨à§à¦° à¦®à¦§à§à¦¯à§ à¦¦à¦¾à¦® à¦à¦°à§ à¦à¦®à¦¤à§ à¦ªà¦¾à¦°à§ : à¦¬à¦¾à¦£à¦¿à¦à§à¦¯ à¦¸à¦à¦¿à¦¬,,,Harmful,Hateful
"à§§à§§ à¦à§à¦¨ à¦à§à¦¬à¦² à¦à¦¨à¦¨à§à¦¤à§à¦°à§ à¦¶à§à¦ à¦¹à¦¾à¦¸à¦¿à¦¨à¦¾à¦° à¦à¦¾à¦°à¦¾à¦®à§à¦à§à¦¤à¦¿ à¦¦à¦¿à¦¬à¦¸ à¦¨à§, à¦à¦£à¦¤à¦¨à§à¦¤à§à¦°à§à¦°à¦ à¦®à§à¦à§à¦¤à¦¿ à¦¦à¦¿à¦¬à¦¸ : à¦¡. à¦¹à¦¾à¦à¦¾à¦¨ à¦®à¦¾à¦¹à¦®à§à¦¦",,,Harmful,Harmful
"à¦¯à§à¦à§à¦¤à¦°à¦¾à¦à§à¦¯à§à¦° à¦¬à¦¿à¦¨à¦¿à§à§à¦à¦à¦¾à¦°à§à¦¦à§à¦° à¦¬à¦¾à¦à¦²à¦¾à¦¦à§à¦¶à§à¦° à¦¤à§à¦², à¦à§à¦¯à¦¾à¦¸à¦¸à¦¹ à¦¬à¦¿à¦­à¦¿à¦¨à§à¦¨ à¦à¦¾à¦¤à§ à¦¬à¦¿à¦¨à¦¿à§à§à¦à§à¦° à¦à¦¹à§à¦¬à¦¾à¦¨ à¦°à¦¾à¦·à§à¦à§à¦°à¦ªà¦¤à¦¿à¦°",,,Sexual Harassments,Sexual Harassments
à¦ªà§à¦°à¦§à¦¾à¦¨à¦®à¦¨à§à¦¤à§à¦°à§ à¦¶à§à¦ à¦¹à¦¾à¦¸à¦¿à¦¨à¦¾à¦° à¦¨à§à¦¤à§à¦¤à§à¦¬à§ à¦¬à¦°à§à¦¤à¦®à¦¾à¦¨ à¦¸à¦°à¦à¦¾à¦°à¦ à¦¨à¦¿à¦°à§à¦¬à¦¾à¦à¦¨à¦à¦¾à¦²à§à¦¨ à¦¸à¦°à¦à¦¾à¦°à§à¦° à¦¦à¦¾à§à¦¿à¦¤à§à¦¬ à¦ªà¦¾à¦²à¦¨ à¦à¦°à¦¬à§ : à¦¡. à¦¹à¦¾à¦à¦¾à¦¨ à¦®à¦¾à¦¹à¦®à§à¦¦,,,Sexual Harassments,Violence
à¦¬à¦¿à¦à¦¨à¦ªà¦¿à¦° à¦¸à¦¾à¦¥à§ à¦à¦²à§à¦à¦¨à¦¾à¦° à¦¬à§à¦¯à¦¾à¦ªà¦¾à¦°à§ à¦à¦à¦¨à¦ à¦¸à¦¿à¦¦à§à¦§à¦¾à¦¨à§à¦¤ à¦¹à§à¦¨à¦¿ : à¦à¦¬à¦¾à§à¦¦à§à¦² à¦à¦¾à¦¦à§à¦°,,,Sexual Harassments,Violence
à¦à¦¤à¦¿à¦¹à¦¾à¦¸à¦¿à¦ à¦à§ à¦¦à¦«à¦¾ à¦¦à¦¿à¦¬à¦¸à§ à¦¬à¦à§à¦à¦¬à¦¨à§à¦§à§à¦° à¦ªà§à¦°à¦¤à¦¿à¦à§à¦¤à¦¿à¦¤à§ à¦ªà§à¦°à¦§à¦¾à¦¨à¦®à¦¨à§à¦¤à§à¦°à§ à¦¶à§à¦ à¦¹à¦¾à¦¸à¦¿à¦¨à¦¾à¦° à¦¶à§à¦°à¦¦à§à¦§à¦¾ à¦¨à¦¿à¦¬à§à¦¦à¦¨,,,Sexual Harassments,Sexual Harassments
à¦à¦²à¦¬à¦¾à§à§ à¦ªà¦°à¦¿à¦¬à¦°à§à¦¤à¦¨à§à¦° à¦ªà§à¦°à¦­à¦¾à¦¬ à¦¥à§à¦à§ à¦¬à¦¾à¦à¦²à¦¾à¦¦à§à¦¶à¦à§ à¦°à¦à§à¦·à¦¾à§ à¦à¦¾à¦ à¦²à¦¾à¦à¦¾à¦¨ : à¦ªà§à¦°à¦§à¦¾à¦¨à¦®à¦¨à§à¦¤à§à¦°à§ à¦¶à§à¦ à¦¹à¦¾à¦¸à¦¿à¦¨à¦¾,,,Sexual Harassments,Harmful
à¦à¦à¦à§à¦°à§à¦¨à§à¦° à¦¬à§ à¦§à¦°à¦£à§à¦° à¦à¦à¦à¦¿ à¦¹à¦¾à¦®à¦²à¦¾ à¦¬à§à¦¯à¦°à§à¦¥ à¦à¦°à§ à¦¦à¦¿à§à§à¦à§ à¦°à¦¾à¦¶à¦¿à§à¦¾à¥¤à§¨à§«à§¦ à¦à¦à¦à§à¦°à§à¦¨à§à§ à¦¸à§à¦¨à¦¾ à¦¨à¦¿à¦¹à¦¤ à¦¦à¦¾à¦¬à¦¿ à¦®à¦¸à§à¦à§à¦°,,,Sexual Harassments,Sexual Harassments
à¦¬à¦¿à¦à¦¾à¦°à¦¹à§à¦¨à¦¤à¦¾à¦° à¦¸à¦à¦¸à§à¦à§à¦¤à¦¿ à¦¥à§à¦à§ à¦¬à§à¦° à¦¹à§à§ à¦¦à§à¦¶à§ à¦à¦à¦¨à§à¦° à¦¶à¦¾à¦¸à¦¨ à¦ªà§à¦°à¦¤à¦¿à¦·à§à¦ à¦¾ à¦à¦°à§à¦à§ à¦à¦à§à¦¾à¦®à§ à¦²à§à¦ à¦¸à¦°à¦à¦¾à¦° : à¦ªà§à¦°à¦§à¦¾à¦¨à¦®à¦¨à§à¦¤à§à¦°à§ à¦¶à§à¦ à¦¹à¦¾à¦¸à¦¿à¦¨à¦¾,,,Sexual Harassments,Sexual Harassments
à¦¤à§à¦¬à§à¦° à¦¤à¦¾à¦ªà¦ªà§à¦°à¦¬à¦¾à¦¹à§à¦° à¦à¦¾à¦°à¦£à§ à¦¦à§à¦¶à§à¦° à¦¸à¦à¦² à¦¸à¦°à¦à¦¾à¦°à¦¿ à¦ªà§à¦°à¦¾à¦¥à¦®à¦¿à¦ à¦¬à¦¿à¦¦à§à¦¯à¦¾à¦²à§ à¦à¦à¦¾à¦®à§à¦à¦¾à¦² à¦¥à§à¦à§ à§® à¦à§à¦¨ à¦ªà¦°à§à¦¯à¦¨à§à¦¤ à¦¬à¦¨à§à¦§ à¦¥à¦¾à¦à¦¬à§ : à¦ªà§à¦°à¦¾à¦¥à¦®à¦¿à¦ à¦ à¦à¦£à¦¶à¦¿à¦à§à¦·à¦¾ à¦®à¦¨à§à¦¤à§à¦°à¦£à¦¾à¦²à§,,,Sexual Harassments,Sexual Harassments
à¦à¦à¦à§à¦°à§à¦¨à§à¦° à¦¦à¦¿à¦¨à¦¿à¦ªà§à¦°à§ à¦¶à¦¹à¦°à§à¦° à¦à¦¬à¦¾à¦¸à¦¿à¦ à¦à¦²à¦¾à¦à¦¾à§ à¦¬à¦¿à¦®à¦¾à¦¨ à¦¹à¦¾à¦®à¦²à¦¾à§ à§¨à§¦ à¦à¦¨ à¦à¦¹à¦¤,,,Sexual Harassments,Sexual Harassments
à¦¨à¦¤à§à¦¨ à¦¯à¦¾à¦¤à§à¦°à§à¦¬à¦¾à¦¹à§ à¦à§à¦°à§à¦¨ à¦à¦¿à¦²à¦¾à¦¹à¦¾à¦à¦¿ à¦à¦à§à¦¸à¦ªà§à¦°à§à¦¸à§à¦° à¦à¦¦à§à¦¬à§à¦§à¦¨ à¦à¦°à§à¦à§à¦¨ à¦ªà§à¦°à¦§à¦¾à¦¨à¦®à¦¨à§à¦¤à§à¦°à§ à¦¶à§à¦ à¦¹à¦¾à¦¸à¦¿à¦¨à¦¾,,,Sexual Harassments,Sexual Harassments
à§¨à§¦à§¨à§©-à§¨à§ª à¦à¦°à§à¦¥ à¦¬à¦à¦°à§à¦° à¦ªà§à¦°à¦¸à§à¦¤à¦¾à¦¬à¦¿à¦¤ à¦¬à¦¾à¦à§à¦ à¦®à¦¨à§à¦¤à§à¦°à¦¿à¦¸à¦­à¦¾à§ à¦à¦¨à§à¦®à§à¦¦à¦¨,,,Harmful,Harmful
à§¨à§¦à§¨à§©-à§¨à§ª à¦à¦°à§à¦¥à¦¬à¦à¦°à§à¦° à¦ªà§à¦°à¦¸à§à¦¤à¦¾à¦¬à¦¿à¦¤ à¦¬à¦¾à¦à§à¦à§ à¦°à¦¾à¦·à§à¦à§à¦°à¦ªà¦¤à¦¿à¦° à¦¸à¦®à§à¦®à¦¤à¦¿,,,Sexual Harassments,Violence
à¦¦à§à¦¶à§à¦° à¦¸à¦°à§à¦¬à§à¦¾à¦à§à¦ à¦à¦¦à¦¾à¦²à¦¤à§à¦° à¦°à¦¾à§à¦à§ à¦«à¦°à¦®à¦¾à§à§à¦¶à¦¿ à¦¬à¦²à§ à¦®à¦¿à¦°à§à¦à¦¾ à¦«à¦à¦°à§à¦² à¦à¦¦à¦¾à¦²à¦¤ à¦à¦¬à¦®à¦¾à¦¨à¦¨à¦¾ à¦à¦°à§à¦à§à¦¨ : à¦à¦¬à¦¾à§à¦¦à§à¦² à¦à¦¾à¦¦à§à¦°,,,Sexual Harassments,Sexual Harassments
à¦®à¦¾à¦°à§à¦à¦¿à¦¨ à¦­à¦¿à¦¸à¦¾ à¦¨à§à¦¤à¦¿ à¦¬à¦¿à¦à¦¨à¦ªà¦¿à¦° à¦à¦ªà¦°à¦ à¦¬à§ à¦à¦¾à¦ª à¦¤à§à¦°à¦¿ à¦à¦°à§à¦à§ : à¦¤à¦¥à§à¦¯ à¦ à¦¸à¦®à§à¦ªà§à¦°à¦à¦¾à¦°à¦®à¦¨à§à¦¤à§à¦°à§ à¦¡. à¦¹à¦¾à¦à¦¾à¦¨ à¦®à¦¾à¦¹à¦®à§à¦¦,,,Harmful,Hateful
à¦à¦¾à¦¨à¦¾ à¦¤à§à¦¤à§à§ à¦®à§à§à¦¾à¦¦à§ à¦¤à§à¦°à¦¸à§à¦à§à¦° à¦ªà§à¦°à§à¦¸à¦¿à¦¡à§à¦¨à§à¦ à¦¨à¦¿à¦°à§à¦¬à¦¾à¦à¦¿à¦¤ à¦¹à§à§à¦à§à¦¨ à¦°à¦¿à¦¸à§à¦ª à¦¤à¦¾à¦à§à§à¦ª à¦à¦°à¦¦à§à§à¦¾à¦¨à¥¤ à¦à¦­à¦¿à¦¨à¦¨à§à¦¦à¦¨ à¦à¦¾à¦¨à¦¿à§à§à¦à§à¦¨ à¦¬à¦¿à¦¶à§à¦¬ à¦¨à§à¦¤à§à¦¬à§à¦¨à§à¦¦,,,Sexual Harassments,Hateful
"à¦¬à¦¾à¦à¦²à¦¾à¦¦à§à¦¶ à¦¶à¦¾à¦¨à§à¦¤à¦¿à¦¤à§ à¦¬à¦¿à¦¶à§à¦¬à¦¾à¦¸ à¦à¦°à§, à¦¸à¦à¦à¦¾à¦¤à§ à¦¨à§à¥¤ à¦¬à¦¿à¦¶à§à¦¬ à¦¶à¦¾à¦¨à§à¦¤à¦¿ à¦ªà§à¦°à¦¤à¦¿à¦·à§à¦ à¦¾à§ à¦à¦¾à¦ à¦à¦°à§ à¦¯à¦¾à¦à§à¦à§ à¦¬à¦¾à¦à¦²à¦¾à¦¦à§à¦¶ : à¦ªà§à¦°à¦§à¦¾à¦¨à¦®à¦¨à§à¦¤à§à¦°à§ à¦¶à§à¦ à¦¹à¦¾à¦¸à¦¿à¦¨à¦¾",,,Sexual Harassments,Harmful
à¦ªà§à¦²à¦¿à¦¶à¦à§ à¦à¦°à§ à¦à¦¨à¦¬à¦¾à¦¨à§à¦§à¦¬ à¦¹à¦à§à¦¾à¦° à¦¨à¦¿à¦°à§à¦¦à§à¦¶ à¦°à¦¾à¦·à§à¦à§à¦°à¦ªà¦¤à¦¿à¦°,,,Sexual Harassments,Sexual Harassments
à¦¤à§à¦°à¦¸à§à¦à§à¦° à¦ªà§à¦°à§à¦¸à¦¿à¦¡à§à¦¨à§à¦ à¦¨à¦¿à¦°à§à¦¬à¦¾à¦à¦¨à§ à¦¦à§à¦¬à¦¿à¦¤à§à§ à¦¦à¦«à¦¾à§ à¦­à§à¦à¦à§à¦°à¦¹à¦£ à¦à¦²à¦à§à¥¤ à¦¸à§à¦¬à¦¿à¦§à¦¾à¦à¦¨à¦ à¦à¦¬à¦¸à§à¦¥à¦¾à¦¨à§ à¦à¦°à¦¦à§à§à¦¾à¦¨,,,Sexual Harassments,Sexual Harassments
"à¦¬à¦¾à¦à¦²à¦¾à¦¦à§à¦¶ à¦¸à¦à¦à¦¾à¦¤ à¦à¦¾à§ à¦¨à¦¾,à¦à¦¨à¦à¦£à§à¦° à¦à§à¦¬à¦¨à¦¯à¦¾à¦¤à§à¦°à¦¾à¦° à¦®à¦¾à¦¨à§à¦° à¦à¦¨à§à¦¨à¦¤à¦¿ à¦à¦¾à§ : à¦ªà§à¦°à¦§à¦¾à¦¨à¦®à¦¨à§à¦¤à§à¦°à§ à¦¶à§à¦ à¦¹à¦¾à¦¸à¦¿à¦¨à¦¾",,,Sexual Harassments,Harmful
à¦à¦¾à¦¤à¦¾à¦° à¦¥à§à¦à§ à¦¦à§à¦¶à§ à¦«à¦¿à¦°à§à¦à§à¦¨ à¦ªà§à¦°à¦§à¦¾à¦¨à¦®à¦¨à§à¦¤à§à¦°à§ à¦¶à§à¦ à¦¹à¦¾à¦¸à¦¿à¦¨à¦¾,,,Sexual Harassments,Sexual Harassments
à¦¨à¦¿à¦°à§à¦¬à¦¾à¦à¦¨à§ à¦¬à¦¾à¦§à¦¾ à¦¦à¦¿à¦²à§ à¦ªà§à¦°à¦¤à¦¿à¦¹à¦¤ à¦à¦°à¦¾ à¦¹à¦¬à§ : à¦à¦¬à¦¾à§à¦¦à§à¦² à¦à¦¾à¦¦à§à¦°,,,Sexual Harassments,Sexual Harassments
"à¦®à¦¾à¦°à§à¦à¦¿à¦¨ à¦­à¦¿à¦¸à¦¾ à¦¨à§à¦¤à¦¿ : à¦¬à¦¿à¦à¦¨à¦ªà¦¿ à¦à¦¬à¦¾à¦° âà¦¸à¦à§à¦¤à¦¨â à¦¹à¦¬à§, à¦à¦¶à¦¾ à¦ªà¦°à¦°à¦¾à¦·à§à¦à§à¦°à¦®à¦¨à§à¦¤à§à¦°à§à¦°",,,Sexual Harassments,Violence
à¦à¦¾à¦à§à¦ªà§à¦° à¦¸à¦¿à¦à¦¿ à¦à¦°à¦ªà§à¦°à§à¦¶à¦¨à§à¦° à¦¨à¦¿à¦°à§à¦¬à¦¾à¦à¦¨ à¦à¦¾à¦²à¥¤ à¦¸à¦à¦² à¦ªà§à¦°à¦¸à§à¦¤à§à¦¤à¦¿ à¦¸à¦®à§à¦ªà¦¨à§à¦¨,,,Sexual Harassments,Sexual Harassments
à¦à¦à¦¾à¦®à§ à¦¸à¦¾à¦§à¦¾à¦°à¦£ à¦¨à¦¿à¦°à§à¦¬à¦¾à¦à¦¨ à¦à¦¬à¦¶à§à¦¯à¦ à¦¸à§à¦·à§à¦ à§ à¦ à¦¨à¦¿à¦°à¦ªà§à¦à§à¦·à¦­à¦¾à¦¬à§ à¦à¦¨à§à¦·à§à¦ à¦¿à¦¤ à¦¹à¦¬à§ : à¦ªà§à¦°à¦§à¦¾à¦¨à¦®à¦¨à§à¦¤à§à¦°à§ à¦¶à§à¦ à¦¹à¦¾à¦¸à¦¿à¦¨à¦¾,,,Harmful,Harmful
à¦¸à§à¦®à¦¾à¦¨à§à¦¤ à¦¹à¦¤à§à¦¯à¦¾ à¦¬à¦¨à§à¦§à§ à¦¬à¦¿à¦à¦¿à¦¬à¦¿à¦à§ à¦à¦°à§ à¦¤à§à¦ªà¦° à¦¹à¦¤à§ à¦°à¦¾à¦·à§à¦à§à¦°à¦ªà¦¤à¦¿à¦° à¦à¦¹à§à¦¬à¦¾à¦¨,,,Sexual Harassments,Sexual Harassments
à¦¬à¦¿à¦à¦¨à¦ªà¦¿ à¦à¦à¦¨à§ à¦¹à¦¤à§à¦¯à¦¾ à¦ à¦·à¦¡à¦¼à¦¯à¦¨à§à¦¤à§à¦°à§à¦° à¦°à¦¾à¦à¦¨à§à¦¤à¦¿ à¦ªà¦°à¦¿à¦¹à¦¾à¦° à¦à¦°à§à¦¨à¦¿ : à¦¤à¦¥à§à¦¯ à¦ à¦¸à¦®à§à¦ªà§à¦°à¦à¦¾à¦° à¦®à¦¨à§à¦¤à§à¦°à§ à¦¡. à¦¹à¦¾à¦à¦¾à¦¨ à¦®à¦¾à¦¹à¦®à§à¦¦,,,Sexual Harassments,Sexual Harassments
à¦¤à§à¦¤à§à§ à¦à¦¾à¦¤à¦¾à¦° à¦à¦à§à¦¨à¦®à¦¿à¦ à¦«à§à¦°à¦¾à¦®à§ à¦¯à§à¦ à¦¦à¦¿à¦¤à§ à¦¦à§à¦¹à¦¾à¦° à¦à¦¦à§à¦¦à§à¦¶à§ à¦¢à¦¾à¦à¦¾ à¦¤à§à¦¯à¦¾à¦ à¦à¦°à§à¦à§à¦¨ à¦ªà§à¦°à¦§à¦¾à¦¨à¦®à¦¨à§à¦¤à§à¦°à§ à¦¶à§à¦ à¦¹à¦¾à¦¸à¦¿à¦¨à¦¾,,,Sexual Harassments,Sexual Harassments
à¦¨à¦¤à§à¦¨ à¦à¦°à§ à¦®à¦¾à¦°à§à¦à¦¿à¦¨ à¦¨à¦¿à¦·à§à¦§à¦¾à¦à§à¦à¦¾à¦° à¦à§à¦¨à§ à¦à¦¾à¦°à¦£ à¦¨à§à¦ : à¦ªà¦°à¦°à¦¾à¦·à§à¦à§à¦°à¦®à¦¨à§à¦¤à§à¦°à§,,,Sexual Harassments,Sexual Harassments
à¦à¦à§à¦¾à¦®à§ à¦²à§à¦ à¦¸à¦­à¦¾à¦ªà¦¤à¦¿ à¦ à¦ªà§à¦°à¦§à¦¾à¦¨à¦®à¦¨à§à¦¤à§à¦°à§ à¦¶à§à¦ à¦¹à¦¾à¦¸à¦¿à¦¨à¦¾à¦° à¦à¦¤à¦¿à¦¹à¦¾à¦¸à¦¿à¦ à¦¸à§à¦¬à¦¦à§à¦¶ à¦ªà§à¦°à¦¤à§à¦¯à¦¾à¦¬à¦°à§à¦¤à¦¨ à¦¦à¦¿à¦¬à¦¸ à¦à¦,,,Sexual Harassments,Sexual Harassments
à¦¦à¦à§à¦·à¦¿à¦£ à¦ à¦¦à¦à§à¦·à¦¿à¦£ à¦ªà§à¦°à§à¦¬ à¦à¦¶à¦¿à§à¦¾à¦° à¦¦à§à¦¶à¦à§à¦²à§à¦° à¦à¦°à§à¦¥à¦¨à§à¦¤à¦¿à¦ à¦¸à¦¹à¦¯à§à¦à¦¿à¦¤à¦¾à¦° à¦à¦ªà¦° à¦à§à¦°à§à¦¤à§à¦¬à¦¾à¦°à§à¦ª à¦ªà§à¦°à¦§à¦¾à¦¨à¦®à¦¨à§à¦¤à§à¦°à§ à¦¶à§à¦ à¦¹à¦¾à¦¸à¦¿à¦¨à¦¾à¦°,,,Sexual Harassments,Sexual Harassments
à¦à§à¦°à§à¦£à¦¿à¦à§ âà¦®à§à¦à¦¾â à¦®à§à¦à¦¾à¦¬à¦¿à¦²à¦¾à§ à¦¸à¦¬ à¦§à¦°à¦¨à§à¦° à¦ªà§à¦°à¦¸à§à¦¤à§à¦¤à¦¿ à¦¨à¦¿à§à§à¦à§ à¦¸à¦°à¦à¦¾à¦° : à¦ªà§à¦°à¦§à¦¾à¦¨à¦®à¦¨à§à¦¤à§à¦°à§ à¦¶à§à¦ à¦¹à¦¾à¦¸à¦¿à¦¨à¦¾,,,Sexual Harassments,Sexual Harassments
à¦¦à§à¦¶à§à¦° à¦à¦¨à§à¦¨à§à¦¨à§à¦° à¦§à¦¾à¦°à¦¾ à¦¸à¦®à§à¦¨à§à¦¨à¦¤ à¦°à¦¾à¦à¦¤à§ à¦ªà§à¦°à¦à§à¦¶à¦²à§à¦¦à§à¦° à¦ªà§à¦°à¦¤à¦¿ à¦ªà§à¦°à¦§à¦¾à¦¨à¦®à¦¨à§à¦¤à§à¦°à§ à¦¶à§à¦ à¦¹à¦¾à¦¸à¦¿à¦¨à¦¾à¦° à¦à¦¹à§à¦¬à¦¾à¦¨,,,Sexual Harassments,Sexual Harassments
à¦¬à¦à§à¦à§à¦ªà¦¸à¦¾à¦à¦° à¦¸à§à¦·à§à¦ à¦à¦­à§à¦° à¦¨à¦¿à¦®à§à¦¨à¦à¦¾à¦ªà¦à¦¿ à¦à§à¦°à§à¦£à¦¿à¦à§ à¦®à§à¦à¦¾à§ à¦ªà¦°à¦¿à¦£à¦¤à¥¤à¦à¦¾à¦° à¦¸à¦®à§à¦¦à§à¦°à¦¬à¦¨à§à¦¦à¦°à¦à§ à¦¦à§à¦ à¦¨à¦®à§à¦¬à¦° à¦¦à§à¦°à¦¬à¦°à§à¦¤à§ à¦¹à§à¦à¦¶à¦¿à§à¦¾à¦°à¦¿ à¦¸à¦à¦à§à¦¤,,,Sexual Harassments,Violence
à¦¬à¦¿à¦¶à§à¦¬à¦¬à§à¦¯à¦¾à¦ªà§ à¦¸à¦°à§à¦¬à¦à¦¨à§à¦¨ à¦¸à§à¦¬à¦¾à¦¸à§à¦¥à§à¦¯ à¦¸à§à¦¬à¦¾ à¦¨à¦¿à¦¶à§à¦à¦¿à¦¤à§ à¦§à¦¨à§ à¦¦à§à¦¶à¦à§à¦²à§à¦à§ à¦à¦à¦¿à¦¯à¦¼à§ à¦à¦¸à¦¤à§ à¦¹à¦¬à§-à¦ªà§à¦°à¦§à¦¾à¦¨à¦®à¦¨à§à¦¤à§à¦°à§ à¦¶à§à¦ à¦¹à¦¾à¦¸à¦¿à¦¨à¦¾,,,Sexual Harassments,Sexual Harassments
à¦ªà§à¦°à¦¥à¦®à¦¬à¦¾à¦°à§à¦° à¦®à¦¤à§ à¦¢à¦¾à¦à¦¾à§ à¦®à¦°à¦¿à¦¶à¦¾à¦¸à§à¦° à¦ªà§à¦°à§à¦¸à¦¿à¦¡à§à¦¨à§à¦ à¦ªà§à¦¥à§à¦¬à§à¦°à¦¾à¦ à¦¸à¦¿à¦ à¦°à§à¦ªà¦¨,,,Sexual Harassments,Sexual Harassments
à¦¦à§à¦¶à¦¬à¦°à§à¦£à§à¦¯ à¦ªà¦°à¦®à¦¾à¦£à§ à¦¬à¦¿à¦à§à¦à¦¾à¦¨à§ à¦¡. à¦à¦® à¦ à¦à§à¦¾à¦à§à¦¦ à¦®à¦¿à§à¦¾à¦° à§§à§ªà¦¤à¦® à¦®à§à¦¤à§à¦¯à§à¦¬à¦¾à¦°à§à¦·à¦¿à¦à§ à¦à¦,,,Sexual Harassments,Sexual Harassments
à¦¤à¦¿à¦¨ à¦¦à§à¦¶à§ à¦¦à§âà¦¸à¦ªà§à¦¤à¦¾à¦¹à§à¦° à¦¸à¦«à¦° à¦¶à§à¦·à§ à¦¦à§à¦¶à§ à¦«à¦¿à¦°à§à¦à§à¦¨ à¦ªà§à¦°à¦§à¦¾à¦¨à¦®à¦¨à§à¦¤à§à¦°à§ à¦¶à§à¦ à¦¹à¦¾à¦¸à¦¿à¦¨à¦¾,,,Sexual Harassments,Sexual Harassments
à¦à¦à¦¾à¦®à§ à¦¨à¦¿à¦°à§à¦¬à¦¾à¦à¦¨à§ à¦à¦¨à¦à¦£ à¦à¦à§à¦¾à¦®à§ à¦²à§à¦à¦à§ à¦­à§à¦ à¦¦à§à¦¬à§ : à¦ªà§à¦°à¦§à¦¾à¦¨à¦®à¦¨à§à¦¤à§à¦°à§ à¦¶à§à¦ à¦¹à¦¾à¦¸à¦¿à¦¨à¦¾,,,Sexual Harassments,Sexual Harassments
à¦¬à¦¿à¦¶à§à¦¬à¦¾à¦à§à¦à¦£à§ à¦¶à§à¦ à¦¹à¦¾à¦¸à¦¿à¦¨à¦¾à¦° à¦à¦à§à¦à¦¾à¦¸à¦¨ à¦ à¦¸à¦°à¦à¦¾à¦°à§à¦° à¦ªà§à¦°à¦¤à¦¿ à¦¸à¦®à¦°à§à¦¥à¦¨ à¦à¦¨à§à¦§à¦¾à¦¬à¦¨à§ à¦¬à§à¦¯à¦°à§à¦¥ à¦¹à¦²à§ à¦¬à¦¿à¦à¦¨à¦ªà¦¿ à¦­à§à¦² à¦à¦°à¦¬à§ : à¦¡. à¦¹à¦¾à¦à¦¾à¦¨ à¦®à¦¾à¦¹à¦®à§à¦¦,,,Sexual Harassments,Violence
à¦¸à¦à¦à¦¾à¦¤à¦®à¦¯à¦¼ à¦¸à§à¦¦à¦¾à¦¨ à¦¥à§à¦à§ à¦¦à§à¦¶à§ à¦«à¦¿à¦°à§à¦à§à¦¨ à§§à§©à§« à¦¬à¦¾à¦à¦²à¦¾à¦¦à§à¦¶à¦¿,,,Sexual Harassments,Sexual Harassments
à¦¤à¦¤à§à¦¤à§à¦¬à¦¾à¦¬à¦§à¦¾à§à¦ à¦¸à¦°à¦à¦¾à¦° à¦¨à¦¿à§à§ à¦¬à¦¿à¦¦à§à¦¶à¦¿ à¦à§à¦¨ à¦à¦¾à¦ª à¦¨à§à¦ : à¦à¦¬à¦¾à§à¦¦à§à¦² à¦à¦¾à¦¦à§à¦°,,,Sexual Harassments,Sexual Harassments
à¦­à§à¦à¦¾à¦¨à¦à§ à¦¬à¦¾à¦à¦²à¦¾à¦¦à§à¦¶à§ à¦à¦à¦à¦¿ à¦à¦°à§à¦¥à¦¨à§à¦¤à¦¿à¦ à¦à¦à§à¦à¦² à¦¸à§à¦¥à¦¾à¦ªà¦¨à§à¦° à¦ªà§à¦°à¦¸à§à¦¤à¦¾à¦¬ à¦ªà§à¦°à¦§à¦¾à¦¨à¦®à¦¨à§à¦¤à§à¦°à§ à¦¶à§à¦ à¦¹à¦¾à¦¸à¦¿à¦¨à¦¾à¦°,,,Sexual Harassments,Sexual Harassments
à¦¸à¦°à¦à¦¾à¦° à¦à¦¬à¦¾à¦§ à¦ à¦¸à§à¦·à§à¦ à§à¦­à¦¾à¦¬à§ à¦à¦à¦¾à¦®à§ à¦¨à¦¿à¦°à§à¦¬à¦¾à¦à¦¨ à¦à¦°à¦¤à§ à¦à¦¾à§ : à¦ªà§à¦°à¦§à¦¾à¦¨à¦®à¦¨à§à¦¤à§à¦°à§ à¦¶à§à¦ à¦¹à¦¾à¦¸à¦¿à¦¨à¦¾,,,Sexual Harassments,Sexual Harassments
à¦¶à§à¦­ à¦¬à§à¦¦à§à¦§ à¦ªà§à¦°à§à¦£à¦¿à¦®à¦¾ à¦à¦à¥¤ à¦¬à§à¦¦à§à¦§à¦§à¦°à§à¦®à¦¾à¦¬à¦²à¦®à§à¦¬à§à¦¦à§à¦° à¦¶à§à¦­à§à¦à§à¦à¦¾ à¦à¦¾à¦¨à¦¿à§à§à¦à§à¦¨ à¦°à¦¾à¦·à§à¦à§à¦°à¦ªà¦¤à¦¿ à¦ à¦ªà§à¦°à¦§à¦¾à¦¨à¦®à¦¨à§à¦¤à§à¦°à§,,,Sexual Harassments,Violence
à¦à¦à§à¦¨à¦¿-à¦¸à¦¨à§à¦¤à§à¦°à¦¾à¦¸à§ à¦ à¦à¦¦à§à¦° à¦¹à§à¦à§à¦®à¦¦à¦¾à¦¤à¦¾à¦¦à§à¦° à¦¬à¦¿à¦à¦¾à¦° à¦¹à¦¬à§ : à¦¡. à¦¹à¦¾à¦à¦¾à¦¨ à¦®à¦¾à¦¹à¦®à§à¦¦,,,Sexual Harassments,Sexual Harassments
à¦à§à¦¾à¦¶à¦¿à¦à¦à¦¨ à¦¸à¦«à¦° à¦¶à§à¦·à§ à¦à¦ à¦²à¦¨à§à¦¡à¦¨ à¦¯à¦¾à¦à§à¦à§à¦¨ à¦ªà§à¦°à¦§à¦¾à¦¨à¦®à¦¨à§à¦¤à§à¦°à§ à¦¶à§à¦ à¦¹à¦¾à¦¸à¦¿à¦¾à¦¨à¥¤à¦¯à§à¦ à¦¦à¦¿à¦¬à§à¦¨ à¦°à¦¾à¦à¦¾ à¦¤à§à¦¤à§à§ à¦à¦¾à¦°à§à¦²à¦¸à§à¦° à¦à¦­à¦¿à¦·à§à¦à§,,,Sexual Harassments,Violence
à¦à¦à§à¦¨à¦¿à¦¸à¦¨à§à¦¤à§à¦°à¦¾à¦¸à§à¦°à¦¾ à¦¯à§à¦¨ à¦à¦à¦¨à¦ à¦à§à¦·à¦®à¦¤à¦¾à§ à¦«à¦¿à¦°à¦¤à§ à¦¨à¦¾ à¦ªà¦¾à¦°à§ : à¦¦à§à¦¶à¦¬à¦¾à¦¸à§à¦à§ à¦¸à¦¤à¦°à§à¦ à¦¥à¦¾à¦à¦¾à¦° à¦à¦¹à§à¦¬à¦¾à¦¨ à¦ªà§à¦°à¦§à¦¾à¦¨à¦®à¦¨à§à¦¤à§à¦°à§ à¦¶à§à¦ à¦¹à¦¾à¦¸à¦¿à¦¨à¦¾à¦°,,,Sexual Harassments,Harmful
à¦à¦à¦à§à¦°à§à¦¨à§ à§« à¦®à¦¾à¦¸à§ à¦°à¦¾à¦¶à¦¿à§à¦¾à¦° à§§ à¦²à¦à§à¦· à¦¸à§à¦¨à§à¦¯ à¦¹à¦¤à¦¾à¦¹à¦¤ à¦¹à§à§à¦à§ : à¦¯à§à¦à§à¦¤à¦°à¦¾à¦·à§à¦à§à¦°,,,Sexual Harassments,Sexual Harassments
à¦¸à¦à¦² à¦à¦°à§à¦®à¦à¦°à§à¦¤à¦¾-à¦à¦°à§à¦®à¦à¦¾à¦°à§à¦¦à§à¦° à¦¦à¦¾à§à¦¿à¦¤à§à¦¬ à¦ªà¦¾à¦²à¦¨à§ à¦¸à§à¦¬à¦à§à¦à¦¤à¦¾ à¦ à¦à¦¬à¦¾à¦¬à¦¦à¦¿à¦¹à¦¿ à¦¨à¦¿à¦¶à§à¦à¦¿à¦¤ à¦à¦°à¦¾à¦° à¦¨à¦¿à¦°à§à¦¦à§à¦¶ à¦°à¦¾à¦·à§à¦à§à¦°à¦ªà¦¤à¦¿à¦°,,,Sexual Harassments,Sexual Harassments
à¦°à§à¦¹à¦¿à¦à§à¦à¦¾ à¦¸à¦®à¦¸à§à¦¯à¦¾ à¦¸à¦®à¦¾à¦§à¦¾à¦¨à§ à¦­à¦¾à¦°à¦¤à¦à§ à¦à¦§à¦¿à¦à¦¤à¦° à¦à¦¾à¦°à§à¦¯à¦à¦° à¦ªà¦¦à¦à§à¦·à§à¦ª à¦à§à¦°à¦¹à¦£à§à¦° à¦à¦¹à§à¦¬à¦¾à¦¨ à¦°à¦¾à¦·à§à¦à§à¦°à¦ªà¦¤à¦¿à¦°,,,Sexual Harassments,Sexual Harassments
à¦¬à¦¾à¦à¦²à¦¾à¦¦à§à¦¶ à¦ à¦¬à¦¿à¦¶à§à¦¬à¦¬à§à¦¯à¦¾à¦à¦à§à¦° à§¨à§¨à§« à¦à§à¦à¦¿ à¦®à¦¾à¦°à§à¦à¦¿à¦¨ à¦¡à¦²à¦¾à¦°à§à¦° à¦à¦£à¦à§à¦à§à¦¤à¦¿ à¦¸à§à¦¬à¦¾à¦à§à¦·à¦°,,,Sexual Harassments,Violence
à¦ªà§à¦°à¦§à¦¾à¦¨à¦®à¦¨à§à¦¤à§à¦°à§ à¦¶à§à¦ à¦¹à¦¾à¦¸à¦¿à¦¨à¦¾ à¦à¦ à¦¬à¦¿à¦¶à§à¦¬ à¦¬à§à¦¯à¦¾à¦à¦à§à¦° à§«à§¦ à¦¬à¦à¦°à§à¦° à¦à¦à¦¶à§à¦¦à¦¾à¦°à¦¿à¦¤à§à¦¬à§à¦° à¦à¦¨à§à¦·à§à¦ à¦¾à¦¨à§ à¦¯à§à¦ à¦¦à¦¿à¦¬à§à¦¨,,,Sexual Harassments,Sexual Harassments
à¦¨à¦¿à¦ à¦¸à§à¦¬à¦¾à¦°à§à¦¥à§ à¦¬à¦¿à¦à¦¨à¦ªà¦¿à¦à§ à¦²à¦¾à¦ à¦¿à¦¯à¦¼à¦¾à¦² à¦¬à¦¾à¦¹à¦¿à¦¨à§ à¦¹à¦¿à¦¸à§à¦¬à§ à¦¬à§à¦¯à¦¬à¦¹à¦¾à¦° à¦à¦°à¦¤à§ à¦à¦¾à¦¨ à¦¦à¦²à¦à¦¿à¦° à¦­à¦¾à¦°à¦ªà§à¦°à¦¾à¦ªà§à¦¤ à¦à§à§à¦¾à¦°à¦®à§à¦¯à¦¾à¦¨ : à¦¤à¦¥à§à¦¯ à¦ à¦¸à¦®à§à¦ªà§à¦°à¦à¦¾à¦°à¦®à¦¨à§à¦¤à§à¦°à§ à¦¡. à¦¹à¦¾à¦à¦¾à¦¨ à¦®à¦¾à¦¹à¦®à§à¦¦,,,Sexual Harassments,Violence
à¦¬à¦¾à¦à¦²à¦¾à¦¦à§à¦¶ à¦à¦¿à¦à§à¦à¦¾ à¦¸à§à¦¬à¦¸à§à¦¤à¦¿à¦° à¦à¦¨à§à¦¯ à¦à¦à¦à¦®à¦à¦«à§à¦° à¦à¦£ à¦¨à¦¿à§à§à¦à§ : à¦ªà§à¦°à¦§à¦¾à¦¨à¦®à¦¨à§à¦¤à§à¦°à§ à¦¶à§à¦ à¦¹à¦¾à¦¸à¦¿à¦¨à¦¾,,,Harmful,Sexual Harassments
à¦¸à¦®à§à¦¦à§à¦§ à¦¬à¦¿à¦¶à§à¦¬ à¦à§à¦¤à§ à¦¬à§à¦¶à§à¦¬à¦¿à¦ à¦ªà§à¦°à¦à§à¦·à§à¦à¦¾à¦° à¦à¦ªà¦° à¦à§à¦°à§à¦¤à§à¦¬à¦¾à¦°à§à¦ª à¦ªà§à¦°à¦§à¦¾à¦¨à¦®à¦¨à§à¦¤à§à¦°à§ à¦¶à§à¦ à¦¹à¦¾à¦¸à¦¿à¦¨à¦¾à¦°,,,Sexual Harassments,Sexual Harassments
à¦¬à¦à§à¦à¦¬à¦¾à¦à¦¾à¦°à§ à¦à¦à§à¦¨à¦¿à¦à¦¾à¦¨à§à¦¡à§ à¦à§à¦·à¦¤à¦¿à¦à§à¦°à¦¸à§à¦¤à¦¦à§à¦° à§¯ à¦à§à¦à¦¿ à¦à¦¾à¦à¦¾ à¦à¦¦ à¦à¦ªà¦¹à¦¾à¦° à¦¦à¦¿à¦²à§à¦¨ à¦ªà§à¦°à¦§à¦¾à¦¨à¦®à¦¨à§à¦¤à§à¦°à§ à¦¶à§à¦ à¦¹à¦¾à¦¸à¦¿à¦¨à¦¾,,,Sexual Harassments,Sexual Harassments
à¦à¦¤à¦¿à¦¹à¦¾à¦¸à¦¿à¦ à¦®à§à¦à¦¿à¦¬à¦¨à¦à¦° à¦¦à¦¿à¦¬à¦¸à§ à¦¬à¦à§à¦à¦¬à¦¨à§à¦§à§à¦° à¦ªà§à¦°à¦¤à¦¿ à¦ªà§à¦°à¦§à¦¾à¦¨à¦®à¦¨à§à¦¤à§à¦°à§ à¦¶à§à¦ à¦¹à¦¾à¦¸à¦¿à¦¨à¦¾à¦° à¦¶à§à¦°à¦¦à§à¦§à¦¾ à¦¨à¦¿à¦¬à§à¦¦à¦¨,,,Sexual Harassments,Sexual Harassments
à¦à¦ à¦®à¦¾à¦²à¦¾à¦à¦¨à¦°à¦¾ à¦¬à¦¾à¦à¦à¦¾à¦²à¦¿à¦¦à§à¦° à¦¸à¦¾à¦«à¦²à§à¦¯ à¦¦à§à¦à§ à¦¹à¦¿à¦à¦¸à¦¾ à¦à¦°à§ à¦¬à¦¾à¦¹à¦¿à¦° à¦¦à§à¦¶à§ à¦¬à¦¾à¦à¦²à¦¾à¦¦à§à¦¶à§à¦¦à§à¦° à¦¦à§à¦à¦¤à§ à¦ªà¦¾à¦°à§à¦¨à¦¾ à¦à¦ à¦à¦à¦à¦¿ à¦®à¦¾à¦ à¦à¦¾à¦¤à¦¿ à¦¸à§à¦¤à¦°à¦¾à¦ à¦¸à¦¾à¦¬à¦§à¦¾à¦¨,,,Sexual Harassments,Sexual Harassments
à¦¸à¦¾à¦²à¦¾ à¦ªà¦¾à¦à¦² à¦¹à¦¿à¦¨à§à¦¦à§ à¦°à¦¾ à¦¬à¦¾à¦à¦²à¦¾à¦¦à§à¦¶à§ à¦¯à§à¦­à¦¾à¦¬à§ à¦¶à¦¾à¦¨à§à¦¤à¦¿à¦¤à§ à¦¥à¦¾à¦à§ à¦­à¦¾à¦°à¦¤à§à¦ à¦à¦­à¦¾à¦¬à§ à¦¥à¦¾à¦à§ à¦¨à¦¾,,,Sexual Harassments,Sexual Harassments
à¦¸à¦¬ à¦à¦¿à¦­à¦¿ à¦¨à¦¾à¦à§à¦¯ à¦¶à¦¿à¦²à§à¦ªà§à¦°à¦¾à¦ à¦à§à¦à§à¦°à§à¦° à¦¦à¦² à¦­à¦¾à¦°à¦¤à§à¦° à¦¨à¦¾à¦à¦ à¦à§à¦²à§ à¦¬à¦¾à¦à¦²à¦¾à¦° à¦®à¦¾ à¦¬à§à¦¨à¦¦à§à¦° à¦à¦¾à¦°à¦¾à¦ª à¦à¦°à¦¾ à¦¬à§à¦à§à¦¨à¦¾ à¦¸à§ à¦¬à§à¦à§à¦¨à¦¾ à¦ªà¦¾à¦à¦¿ à¦¸à¦¿à¦°à¦¿à§à¦¾à¦²à§à¦° à¦¸à¦®à§ à¦¶à¦¿à¦²à§à¦ª à¦à¦¿ à¦¨à¦¿à¦à§ à¦¢à§à¦à¦¾à¦¨à§ à¦à¦¿à¦²   à¦à¦ à¦®à¦¾à¦²à¦¾à¦à¦¨ à¦à¦à§à¦à¦²   à¦¯à¦¦à¦¿ à¦¬à¦¨à§à¦§ à¦¹à§ à¦¤à¦¬à§ à¦­à¦¾à¦°à¦¤à§ à¦¸à¦¿à¦°à¦¿à§à¦¾à¦²à§à¦° à¦¸à¦®à§ à¦à¦à§ à¦®à¦¾à¦²à¦¾à¦à¦¨à¦¦à§à¦° à¦®à§à¦ à¦à§à¦²à¦¾ à¦¨à¦¾à¦¸à§à¦¤à¦¿à¦ à¦¤à§à¦à¦¿à¦° à¦¬à¦°à§à¦¤à¦®à¦¾à¦¨à§ à¦¬à¦¾à¦à¦²à¦¾à¦° à¦à¦¿à¦­à¦¿ à¦¨à¦¾à¦à¦à§ à¦®à§à§à§ à¦¶à¦¿à¦²à§à¦ªà§à¦¦à§à¦° à¦¡à§à¦°à§à¦¸à§à¦° à¦à¦¾à¦¹à¦¿à¦¨à§ à¦¦à§à¦à¦²à§ à¦­à¦¾à¦°à¦¤à¦à§à¦ à¦¹à¦¾à¦° à¦®à¦¾à¦¨à¦¾à§ à¦à¦à§à¦²à§ à¦ªà¦°à¦¿à¦¬à¦°à§à¦¤à¦¨ à¦à¦°,,,Sexual Harassments,Violence
à¦¸à§ à¦à¦¨à§à¦§ à¦¨à§à¦à§à¦¾à¦° à¦à¦¨à§à¦¯ à¦®à¦¾à¦²à¦¾à¦à¦¨à¦°à¦¾ à¦¦à§à¦°à§,,,Sexual Harassments,Sexual Harassments
à¦¤à¦¸à¦²à¦¿à¦®à¦¾ à¦¨à¦¾à¦¸à¦°à¦¿à¦¨à§à¦° à¦®à¦¤ à¦¤à§à¦®à¦¿ à¦ à¦à¦¾à¦à¦¾ à¦ªà¦¾à¦ à¦à¦¾à¦«à§à¦°,,,Sexual Harassments,Sexual Harassments
à¦¤à¦¾à¦°à¦¿à¦« à¦¹à¦¾à¦¸à¦¾à¦¨ à¦°à§à¦¨à§à¦¡à¦¿à§à¦¾à¦¤à§ à¦à¦¿ à¦¤à§à¦°à§ à¦®à¦¾à¦à§ à¦­à¦¾à¦¡à¦¾ à¦¦à§à¦  à¦®à¦¾à¦²à¦¾à¦à¦¨à§à¦° à¦¬à¦¾à¦à§à¦à¦¾ à¦®à§à¦¸à§à¦²à¦¿à¦®à¦¦à§à¦° à¦ªà§à¦°à¦¤à¦¿ à¦¦à¦°à¦¦ à¦¨à¦¾à¦ à¦¶à¦¾à¦²à¦¾ à¦®à§à¦¨à¦¾à¦«à§à¦ à¦®à¦¾à¦¦à¦¾à¦°à¦¿à¦à§à¦¦,,,Sexual Harassments,Sexual Harassments
à¦®à¦¾à¦²à¦¾à¦à¦¨ à¦°à§ à¦¦à¦° à¦à¦° à¦®à¦¾à¦¥à¦¾ à¦à¦¾à¦ ,,,Sexual Harassments,Violence
à¦à¦ à¦®à¦¾à¦²à¦¾à¦à¦¨à§à¦° à¦à¦ à¦®à¦¾à¦²à§à¦° à¦ªà§à¦à¦¿à¦à¦¿ à¦®à¦¾à¦°,,,Sexual Harassments,Sexual Harassments
à¦à¦²à§à¦²à¦¾à¦¹ à¦®à§à¦¯à¦¾à¦à¦¿à¦ à¦à¦° à¦®à¦¤à§ à¦à¦¾à¦ à¦à¦°à§ à¦¨à¦¾ à¦à¦²à§à¦²à¦¾à¦¹ à¦­à§à§à¦¾,,,Sexual Harassments,Sexual Harassments
à¦®à§à¦¸à¦²à¦¿à¦® à¦­à¦¾à¦à¦°à¦¾ à¦à¦¾à¦²à¦¿à§à§ à¦¯à¦¾à¦¨  à¦¦à¦¿à¦¨à¦¤à§ à¦à¦à¦¨ à¦à¦ªà¦¨à¦¾à¦¦à§à¦°  à¦®à¦¾à¦²à¦¾à¦à¦¨ à¦¬à¦²à§ à¦à¦¾à¦²à¦¿ à¦¦à¦¿à¦¬à§à¦¨ à¦®à§à¦°à§à¦¤à¦¿ à¦­à¦¾à¦à¦¬à§à¦¨ à¦®à¦¨à§à¦¦à¦¿à¦° à¦­à¦¾à¦à¦¬à§à¦¨ à¦¹à¦¿à¦¨à§à¦¦à§à¦¦à§à¦° à¦¬à¦¾à¦°à¦¿à¦¤à§ à¦à¦à§à¦¨ à¦¦à¦¿à¦¬à§à¦¨ à¦²à§à¦ à¦à¦°à¦¬à§à¦¨ à¦¸à¦¾à¦°à¦¿à¦°à¦¿à¦ à¦­à¦¾à¦¬à§ à¦¨à¦¿à¦°à§à¦à¦¾à¦¤à¦¨ à¦à¦°à¦¬à§à¦¨ à¦à¦° à¦à¦¿ à¦¬à¦¾à¦à¦¿ à¦à¦à§ à¦¸à§à¦à¦¾ à¦¥à¦¾à¦à¦²à§ à¦à¦°à§ à¦«à§à¦²à§à¦¨  à¦à¦¾à¦°à¦¨ à¦¦à§à¦¶à¦à¦¾ à¦à¦ªà¦¨à¦¾à¦¦à§à¦°  à¦à¦à¦à¦¨ à¦®à¦¨à§à¦¤à§à¦°à§ à¦¹à§à§ à¦ªà§à¦°à¦¾ à¦à¦¾à¦¤à¦¿à¦à§ à¦®à¦¾à¦²à¦¾à¦à¦¨ à¦¬à¦²à§ à¦à¦¾à¦²à¦¿ à¦¦à¦¿à¦¤à§ à¦ªà¦¾à¦°à§ à¦à¦° à¦¦à¦¿à¦¨à§à¦° à¦®à¦¤à§ à¦à¦à§à¦à§à¦¬à¦² à¦¸à¦¤à§à¦¤à¦à¦¾à¦à§ à¦®à¦¿à¦¤à§à¦¥à§ à¦¬à¦²à¦¤à§ à¦ªà¦¾à¦°à§ à¦¤à¦à¦¨ à¦à¦à¦¾à¦ à¦ªà§à¦°à¦®à¦¾à¦¨ à¦à¦°à§ à¦à¦®à¦¾à¦¦à§à¦° à¦¸à¦°à¦à¦¾à¦° à¦à¦ªà¦¨à¦¾à¦¦à§à¦° à¦¸à¦¾à¦¥à§à¦ à¦à¦à§ à¦¸à¦¾à¦¥à§ à¦à¦à§ à¦à¦®à¦¾à¦¦à§à¦° à¦®à¦¾à¦¨à¦¨à¦¿à§ à¦ªà§à¦°à¦§à¦¾à¦¨ à¦®à¦¨à§à¦¤à§à¦°à§à¦,,,Sexual Harassments,Offensive
à¦¶à§à§à§à¦°à§à¦° à¦¬à¦¾à¦à§à¦à¦¾ à¦®à§à¦¸à¦²à¦¿à¦®à¦°à¦¾,,,Sexual Harassments,Sexual Harassments
à¦à¦¾à¦ à¦®à§à¦²à§à¦²à¦¾ à¦à¦¾à¦à§à¦° à¦¨à¦¾à¦à¦à§à¦° à¦à§à¦¤à¦¾à¦° à¦¸à¦®à¦¾à¦¨ à¦®à§à¦²à§à¦¯ à¦¤à§à¦° à¦¨à¦¾à¦,,,Sexual Harassments,Sexual Harassments
à¦à¦°à§à¦° à¦®à§à¦¤à§à¦° à¦ªà§à¦à¦¾à¦°à¦¿  à¦à¦²à¦à¦ à¦¨à¦¾à¦°à§à¦¦à§à¦° à¦®à§à¦°à§à¦¤à¦¿à¦° à¦ªà§à¦à¦¾à¦°à¦¿,,,Sexual Harassments,Sexual Harassments
à¦¦à§à¦°à§à¦à¦¾ à¦®à¦¾ à¦à§ à¦¤à¦à¦¨ à¦¸à§à¦ à¦®à§à¦¸à¦²à¦¿ à¦à¦²à§ à¦à§à¦°à§ à¦à§à¦°à§ à¦à§à¦¦à¦¤à§ à¦²à¦¾à¦à¦²à§,,,Sexual Harassments,Sexual Harassments
à¦à¦¹à§à¦¦à¦¿à¦°à¦¾ à¦à¦¨à§à¦ à¦­à§à¦à¦à¦°,,,Harmful,Sexual Harassments
à¦¨à¦¬à¦¿ à¦®à¦¾à¦à¦¿ à¦à§à¦¦à¦¾à¦° à¦à¦®,,,Sexual Harassments,Sexual Harassments
à¦®à¦¾à¦²à¦¾à¦à¦¨ à¦à¦¾ à¦¬à¦¾à¦à§à¦à¦¾ à¦à§à§à¦¿ à¦¨à§à¦¹à§ à¦à¦à§à¦à¦¾ à¦¯à§ à¦­à§ à¦à¦à§à¦à¦¾ à¦ à¦­à§ à¦¶à§à§à¦¾à¦°à§à¦° à¦¬à¦¾à¦à§à¦à¦¾,,,Sexual Harassments,Harmful
à¦®à§à¦¹à¦®à§à¦®à¦¦ à¦¯à¦à¦¨ à¦¬à¦¾à¦à§à¦à¦¾ à¦®à§à§à§ à¦à§à§à¦¶à¦¾à¦à§ à¦¬à¦¿à¦à¦¾à¦¨à¦¾à§ à¦¨à¦¿à§à§ à¦¯à¦¾à§ (à¦à¦à¦¾à¦à§ à¦à¦®à¦¿ à¦¬à¦¿à§à§ à¦¬à¦²à¦¬à§ à¦¨à¦¾)  à¦¸à§à¦à¦¾ à¦²à§à¦à§à¦à¦¾à¦®à¦¿  à¦¸à§à¦à¦¾ à¦¶à¦¿à¦¶à§à¦à¦¾à¦®à¦¿à¦¤à¦¾  à¦¸à§à¦à¦¾ à¦§à¦°à§à¦·à¦£,,,Sexual Harassments,Sexual Harassments
à¦à¦ à¦¶à¦¾à¦²à¦¾ à¦®à¦¾à¦²à¦¾à¦à¦¨à§à¦° à¦¬à¦¾à¦à¦à§à¦à¦¾à¦¬à¦²à§ à¦à¦¿ à¦°à§,,,Sexual Harassments,Violence
à¦à¦ à¦®à¦¾à¦¦à¦¾à¦°à¦à§à¦¦ à¦¯à§ à¦²à§à¦à¦à§ à¦¦à§à¦à¦¾à¦²à¦¿ à¦¸à§ à¦®à§à¦¸à¦²à¦¿à¦®à¦¨à¦¾ à¦¸à§ à¦à¦¹à§à¦¦à¦¿ à¦¸à§ à¦¦à¦¾à§à¦¿ à¦°à§à¦à§ à¦à¦ à¦¸à¦¬ à¦¨à¦¾à¦à¦ à¦à¦°à§ à¦à¦®à¦°à¦¾ à¦¸à¦¬ à¦¬à§à¦à¦¿,,,Sexual Harassments,Sexual Harassments
à¦¸à¦¾à¦²à¦¾ à¦®à¦¾à¦²à¦¾à¦à¦¨à§à¦° à¦¬à¦¾à¦à§à¦à¦¾ à¦°à§à¦¨à§à¦¡à¦¿à§à¦¾à¦° à¦¬à¦¾à¦à§à¦à¦¾ à¦à¦¾à¦¦à§à¦° à¦§à¦°à§à¦® à¦à¦° à¦¸à¦¬à¦¾à¦ à¦¯à¦¾à¦¨à§ à¦¤à§à¦à§ à¦§à¦°à§à¦® à¦¨à§à¦¤à¦¾ à¦à§à¦·à§à¦¨ à¦ à¦®à¦¾à¦à¦¿à¦° à¦ªà§à¦²à¦¾à§ à¦¤à§ à¦à¦¾à¦¤à§à§ à¦à§à¦à§à¦à¦¾ à¦à¦¬à¦¾à¦° à¦¤à§à¦°à¦¾ à¦à¦°à¦¸ à¦¯à§à¦¨ à¦ªà§à¦à¦¾   à¦¤à§à¦ à¦§à¦°à§à¦® à¦¨à§à¦¤à¦¾à¦°à¦¾ à¦¬à¦²à§ à¦¨à¦¾à¦°à§ à¦¹à¦à§à¦à§ à¦­à§à¦à§à¦° à¦¬à¦¸à§à¦¤à§ à¦¤à¦¾à¦° à¦®à¦¾à¦¨à§ à¦¤à§à¦° à¦®à¦¾ à¦¬à§à¦¨à¦¦à§à¦° à¦à¦¾à§à¦à¦¾ à¦«à¦¾à¦ à¦¸à¦¾à¦²à¦¾ à¦®à¦¾à¦²à¦¾à¦à¦¨à§à¦° à¦¬à¦¾à¦à§à¦à¦¾,,,Sexual Harassments,Harmful
à¦®à¦¾à¦²à¦¾à¦à¦¨à§à¦°à¦¾ à¦¤à§ à¦à§à¦° à¦à¦à¦¾à¦¤à§à¦°à§à¦° à¦ªà¦° à¦¬à¦¾à¦à¦²à¦¾à¦¦à§à¦¶à¦° à¦¸à¦¬ à¦®à§à¦²à¦¬à¦¾à¦¨ à¦¸à¦®à§à¦ªà¦¦ à¦à§à¦°à¦¿ à¦à¦°à§à¦à§ à¦°à¦¾à¦¤à¦¾à¦°à¦¾à¦¤à¦¿,,,Sexual Harassments,Sexual Harassments
à¦®à¦¾à¦²à¦¾à¦à¦¨à§à¦° à¦à§à¦·à§à¦ à¦¿ à¦¨à¦¾ à¦à§à¦²à¦²à§ à¦à¦¦à§à¦° à¦à§à¦°à¦¿à¦à§à¦à§à¦° à¦¸à¦°à§à¦¬à§à¦à§à¦ à¦¸à¦à¦¸à§à¦¥à¦¾ à¦¥à§à¦à§ à¦¬à¦¹à¦¿à¦·à§à¦à¦¾à¦° à¦à¦°à¦¾ à¦¹à¦à¦,,,Sexual Harassments,Sexual Harassments
à¦¤à§à¦° à¦¬à¦¾à¦¡à¦¼à¦¿à¦¤à§ à¦à¦ªà¦°à¦¿à¦à¦¿à¦¤ à¦®à§à¦¸à¦²à¦¿à¦® à¦¢à§à¦à§ à¦ªà¦¡à¦¼à¦²à§ à¦¤à§à¦ à¦à¦¿ à¦à¦°à¦¬à¦¿ à¦®à§à¦¦à§ à¦¶à§à¦à¦¾à¦ à¦à¦°à¦à§à¦à§,,,Sexual Harassments,Sexual Harassments
à¦¤à§à¦ à¦¯à¦¦à¦¿ à¦à§à¦¨à§ à¦®à¦¾à§à§à¦°à¦° à¦à¦°à§à¦­à§ à¦à¦¨à§à¦® à¦¹à¦à¦¤à§ à¦¤à¦¾à¦¹à¦²à§ à¦à¦¸à¦¬ à¦à¦¥à¦¾à¦¬à¦²à¦¤à¦¿ à¦¨à¦¾  à¦à¦¸à¦²à§ à¦¤à§à¦ à¦à¦à¦à¦¾ à¦¨à¦·à§à¦à¦¾ à¦à¦° à¦¯à¦¾à¦°à¦¾ à¦¨à¦·à§à¦à¦à¦¾ à¦¤à¦¾à¦¦à§à¦° à¦à§ à¦¨à¦·à§à¦à¦°à¦¾ à¦à§à¦¦à§ à¦à¦®à¦¾à¦¦à§à¦° à¦®à¦¤ à¦®à¦¾à¦¨à§à¦· à¦¨à¦¾  à¦à¦° à¦¤à¦°à§ à¦à¦¿ à¦à§à¦¦à¦¬à§ à¦¤à§à¦ à¦¤à§ à¦¹à¦¿à¦à¦°à¦¾ à¦¸à¦¾à¦²à¦¾ à¦®à¦¾à¦²à¦¾à¦à¦¨ à¦¤à¦° à¦®à¦¾à¦°à§ à¦à§à¦¦à¦¬à§ à¦¤à¦° à¦¬à§à¦¨à¦°à§ à¦à§à¦¦à¦¬à§ à¦¤à¦°à§ à¦«à§à¦à¦à¦¿ à¦®à¦¾à¦°à¦¬à§ à¦®à¦¾à¦à¦¿à¦° à¦«à§à¦¤ à¦à¦£à§à¦¶ à¦®à¦¾à¦²à¦¾à¦à¦¨à§à¦° à¦¬à¦¾à¦à§à¦à¦¾,,,Violence,Sexual Harassments
à¦à¦à¦à¦¾ à¦à§ à¦¤à¦°à¦¬à¦¾à¦ªà§à¦° à¦¦à§à¦¶ à¦¨à¦¾à¦à§ à¦à¦¾à¦®à¦¨à§à¦à¦¾à§ à¦¤à¦¾à¦à¦°à¦¬à¦¿ à¦¤à¦¦à§à¦°à¦®à¦¤ à¦®à¦¾à¦²à¦¾à¦à¦¨à¦¦à§à¦° à¦à§à¦¤à¦¾à¦¦à¦¿à§à¦¾ à¦à§à¦¦à¦¾ à¦¦à¦°à¦à¦¾à¦°,,,Violence,Sexual Harassments
à¦¸à¦¾à¦°à¦¾ à¦ªà§à¦¥à¦¿à¦¬à§ à¦à§à¦°à§ à¦à¦à¦à¦¾à¦ à¦®à¦¾à¦²à¦¾à¦à¦¨ à¦¦à§à¦¶ à¦à¦¨à§à¦¡à¦¿à§à¦¾ à¦¯à¦¾ à¦à¦°à§à¦° à¦®à§à¦¤ à¦à¦¾à§ à¦à¦°à§ à¦à¦°à§à¦° à¦à¦°à§à¦¤ à¦à¦°à§à¦à§à¦°à¦ à¦à¦¨à§à¦®à¦¾à§ à¦¨à¦¾ à¦à¦°à§ à¦¶à§à¦°à¦à¦¾ à¦¬à¦¾à¦à§à¦à¦¾ à¦¹à§ à¦ªà¦¾à¦à¦¿à¦¸à§à¦¤à¦¾à¦¨ à¦à¦¦à§à¦° à¦¸à¦¾à¦¤à§ à¦²à¦¾à¦à¦¤à§ à¦à§à¦²à¦¿ à¦à¦à¦¨ à¦¤à§ à¦à¦°à§à¦° à¦®à§à¦¤ à¦à§à¦à§à¦°à§à¦° à¦®à§à¦¤ à¦¬à¦¿à§à¦¾à¦²à§à¦° à¦®à§à¦¤ à¦¶à§à¦à¦°à§à¦° à¦®à§à¦¤ à¦¸à¦¬ à¦à§à¦¤à§ à¦¹à¦¬à§ à¦¤à¦¦à§à¦° à¦¡à¦¾à¦¨à§à¦¡à¦¿à¦° à¦¬à¦¾à¦à§à¦à¦¾à¦°à¦¾ à¦¬à¦¾à¦à§à¦° à¦¸à¦¾à¦¤à§ à¦²à¦¾à¦à¦¤à§ à¦¯à¦¾à¦ à¦¶à¦¿à§à¦¾à¦²à§à¦° à¦¬à¦¾à¦à§à¦à¦¾ à¦¹à¦à§à¦¾ à¦®à¦¾à¦²à¦¾à¦à¦¨à¦°à¦¾,,,Sexual Harassments,Sexual Harassments
à¦®à¦¾à¦²à¦¾à¦à¦¨à¦¦à§à¦° à¦¨à¦¾à¦à§ à¦®à§à¦à§ à¦®à¦¾à¦¥à¦¾à§ à¦ªà¦¾à¦à¦¾à§ à¦¬à§à¦à§ à¦ªà¦¿à¦ à§ à¦¸à¦¬ à¦à¦¾à§à¦à¦¾à§ à¦à§à¦²à¦¿ à¦à¦°,,,Violence,Violence
à¦¯à¦¤à§à¦¦à¦¿à¦¨ à¦­à¦¾à¦°à¦¤à§à¦° à¦à¦°à¦¿à¦¤à§à¦° à¦¨à¦¾ à¦¬à¦¦à¦²à¦¾à¦¬à§ à¦¤à¦¤à§à¦¦à¦¿à¦¨ à¦à¦¦à§à¦¶à§à¦° à¦®à¦¾à¦¨à§à¦· à¦¤à¦¾à¦¦à§à¦° à¦à§à¦¨à¦¾ à¦à¦°à§ à¦¯à¦¾à¦¬à§ à¦®à¦¾à¦²à¦¾à¦à¦¨à¦°à¦¾ à¦à¦ªà¦°à§ à¦¬à¦¨à§à¦§à§à¦¤à§à¦¬à§à¦° à¦à¦¥à¦¾ à¦¬à¦²à§ à¦à¦¥à¦ à¦¸à§à¦¯à§à¦ à¦ªà§à¦²à§à¦ à¦¬à¦¾à¦à¦²à¦¾à¦¦à§à¦¶à¦° à¦à§à¦·à¦¤à¦¿ à¦à¦°à§ à¦ªà¦¾à¦à¦¿à¦¸à§à¦¤à¦¾à¦¨ à¦à¦®à¦¾à¦¦à§à¦° à¦à§à¦·à¦¤à¦¿ à¦à¦°à§à¦à¦¿à¦² à¦¤à¦¾à¦°à¦¾ à¦à¦®à¦¾à¦¦à§à¦° à¦¦à§à¦¶à§à¦° à¦¸à¦®à§à¦ªà¦¦ à¦ªà¦¶à§à¦à¦¿à¦® à¦ªà¦¾à¦à¦¿à¦¸à§à¦¤à¦¾à¦¨à§ à¦¨à¦¿à§à§ à¦à§à¦à¦¿à¦² à¦à¦° à¦­à¦¾à¦°à¦¤ à¦à¦®à¦¾à¦¦à§à¦° à¦à¦à¦à¦¾à¦° à¦ªà¦° à¦à¦à¦à¦¾ à¦à§à¦·à¦¤à¦¿ à¦à¦°à§à¦ à¦à¦²à¦à§ à¦à¦°à¦¾ à¦®à§à¦à§à¦¤à¦¿ à¦¯à§à¦¦à§à¦§à§à¦° à¦ªà¦° à¦ªà¦¾à¦à¦¿à¦¸à§à¦¤à¦¾à¦¨à§à¦° à¦«à§à¦²à§ à¦¯à¦¾à¦à§à¦¾ à¦¸à¦à¦² à¦¸à¦®à¦°à¦¾à¦¸à§à¦¤à§à¦° à¦¨à¦¿à§à§ à¦à§à¦à¦¿à¦² à¦¤à¦¿à¦¨ à¦¬à¦¿à¦à¦¾ à¦à¦°à¦¿à¦¡à§à¦°à§ à¦¤à¦¾à¦°à¦¾ à¦à¦®à¦¾à¦¨à¦¬à¦¿à¦ à¦­à¦¾à¦¬à§ à¦°à¦¾à¦¤à§ à¦¬à¦¨à§à¦§ à¦°à¦¾à¦à¦¾à¦° à¦à¦¨à§à¦¯ à¦à¦¿à¦à¦¿à§à¦¸à¦¾à¦° à¦à¦­à¦¾à¦¬à§ à¦à¦®à¦¾à¦° à¦¦à§à¦¶à§à¦° à¦à¦¸à¦à¦ à¦¨à¦¾à¦à¦°à¦¿à¦ à¦ªà§à¦°à¦¾à¦¨ à¦¹à¦¾à¦°à¦¿à§à§à¦à§ à¦«à¦¾à¦°à¦¾à¦à§à¦à¦¾ à¦¦à¦¿à§à§ à¦à¦¾à¦®à¦¾à¦° à¦ªà¦¦à§à¦®à¦¾ à¦®à¦°à§à¦­à§à¦®à¦¿ à¦¬à¦¾à¦¨à¦¿à§à§à¦à§ à¦à¦°à¦¾ à¦¤à¦¿à¦¸à§,,,Sexual Harassments,Offensive
à¦¤à§à¦°à¦¾ à¦¤ à¦¸à¦¬ à¦à¦¾à¦¨à¦¤à¦¾ à¦à¦¤à¦ à¦à¦¾à¦¨à¦¤à¦¾ à¦¤ à¦¹à¦¿à¦¨à§à¦¦à§ à¦¦à§à¦° à¦à§à¦¨ à¦¤à¦¾à¦°à¦¾à¦à¦¿à¦¸ à¦¸à¦¾à¦²à¦¾ à¦®à§à¦²à§à¦²à¦¾,,,Sexual Harassments,Sexual Harassments
à¦¹à¦¯à¦°à¦¤ à¦¬à§à¦¦à§à¦§  à¦¶à¦¾à¦²à¦¾ à¦à¦¾à¦à¦²,,,Sexual Harassments,Sexual Harassments
à¦¸à¦¾à¦¨à¦¿ à¦¤à§à¦®à¦¿à¦¤à§ à¦¬à¦²à¦²à§ à¦à§à¦¨ à¦§à¦°à§à¦® à¦¬à¦¿à¦°à§à¦§à§ à¦¨à¦¾ à¦¤à¦¾à¦¹à¦²à§ à¦¦à§à¦à¦¤à§ à¦ªà¦¾à¦à§à¦à¦¿ à¦à§à¦à§à¦¯à¦¾à¦¤ à¦à¦à¦à¦¾ à¦à¦¸à¦²à¦¾à¦® à¦¬à¦¿à¦°à§à¦§à§,,,Sexual Harassments,Violence
à¦à¦à¦¬à¦¾à¦° à¦¦à§à¦°à§à¦à¦¾ à¦®à¦¾à¦° à¦à§à¦¦à§ à¦ªà§à¦°à¦à¦¨à§à¦¡ à¦à§à¦²à¦à§à¦¤à§ à¦à¦°à¦®à§à¦­ à¦¹à¦² à¦¬à§à¦¯à¦¸à¦¾à¦²à§à§ à¦¸à§à¦ à¦¸à¦®à§à§ à¦à§à¦¨à§ à¦ªà§à¦°à§à¦· à¦¸à¦¿à¦²à§à¦¨à¦¾ à¦à¦à¦¤à§à¦¯à¦¾ à¦¦à§à¦°à§à¦à¦¾ à¦®à¦¾ à¦à¦¿ à¦à¦°à¦¿ à¦à¦°à¦¿ à¦¬à¦²à§ à¦à¦¿à¦²à§à¦²à¦¾à¦¤à§ à¦à¦°à¦®à§à¦¬ à¦à¦°à¦²,,,Sexual Harassments,Sexual Harassments
à¦à¦°à¦¾ à¦®à§à¦¸à¦²à¦¿à¦® à¦¸à§à¦à§à¦ à¦ à¦¶à§à§à§à¦°à§à¦° à¦®à¦¤à§ à¦®à§à¦¸à¦²à¦¿à¦® à¦¶à§à¦°à§à¦° à¦¬à¦¾à¦à¦¾ à¦à¦®à§à¦® à¦¦à§à¦¬à§ à¦à¦° à¦à¦¨à§à¦¯ à¦à¦¾à¦à¦¾à§ à¦à¦¾à¦«à§à¦° à¦¹à¦¤à§à¦¯à¦¾à§ à¦ªà¦¾à¦ à¦¾à¦¬à§,,,Sexual Harassments,Sexual Harassments
à¦¹à¦¿à¦à¦²à¦¾à¦° à¦à¦à¦à¦¨ à¦¸à¦¤à§à¦¯à¦¿à¦à¦¾à¦°à§à¦° à¦²à§à¦ à¦¯à§ à¦à¦¹à§à¦¦à§ à¦¸à¦¬ à¦¶à§à¦· à¦à¦°à¦¾à¦° à¦ªà§à¦°à¦¤à¦¿à¦à§à¦à¦¾ à¦à¦°à§,,,Sexual Harassments,Sexual Harassments
à¦®à¦¾à¦²à¦¾à¦à¦¨ à¦à¦¾ à¦¬à¦¾à¦à¦à¦¾ à¦ à¦à¦¾ à¦¹à¦¾à¦¿à¦¸à¦¨à¦¾à¦° à¦¬à¦¾à¦à¦²à¦¾ à¦¨à§ à¦ªà¦¾à¦¿à¦à¦¸à§à¦¤à¦¾à¦¨ à¦à¦° à¦à¦à¦¾ à¦ªà¦¦à§à¦®à¦¾ à¦¨à¦¦à§ à¦¨à§ à¦ªà¦¾à¦¿à¦à¦¸à¦¤à¦¾à¦¨ à¦à¦® à§à¦² à¦«à¦¾à¦°à¦¾à¦à§à¦à¦¾ à¦à¦¾à¦²à§ à¦à¦° à§à¦¤ à¦ªà¦¾à¦° à¦¿à¦à¦² à¦¤à§à¦° à¦à§ à¦®à¦¾à¦¤à¦¾à¦°à¦¾,,,Sexual Harassments,Violence
à¦¶à¦¾à¦²à¦¾ à¦®à¦¾à¦²à¦¾à¦à¦¨à§à¦° à¦¬à¦¾à¦à§à¦à¦¾ à¦à¦¬à¦¾à¦° à¦¶à§à¦°à§à¦·à§à¦  à¦¶à¦¿à¦à§à¦·à¦,,,Sexual Harassments,Sexual Harassments
à¦à¦¨à§à¦¡à¦¿à§à¦¾à¦° à¦¹à¦¿à¦¨à§à¦¦à§à¦°à¦¾ à¦¶à§à¦¨ à¦®à§à¦¸à¦²à¦¿à¦®à¦¦à§à¦° à¦¸à¦¾à¦¥à§ à¦­à¦¾à¦² à¦¬à§à¦¯à¦¾à¦¬à¦¹à¦¾à¦° à¦à¦° à¦¨à¦¾à¦à¦²à§ à¦à¦ªà¦¾à¦²à§ à¦¦à§à¦à¦ à¦à¦à§,,,Sexual Harassments,Sexual Harassments
à¦à§à¦¤à§à¦¤à¦¾à¦° à¦¬à¦¾à¦à§à¦à¦¾ à¦¤à§à¦¦à§à¦°à¦à§ à¦à¦ à¦à¦¨à§à¦¯à¦ à¦®à¦¾à¦²à¦¾à¦à¦¨ à¦¬à¦²à§,,,Sexual Harassments,Sexual Harassments
à¦¨à¦¾à¦à¦®à§à¦² à¦à¦¸à¦²à¦¾à¦® à¦à¦¾à¦¨ à¦¹à¦à§à¦à§ à¦®à¦¾à¦²à¦¾à¦à¦¨ à¦¦à§à¦° à¦¨à¦¾à¦®à§à¦¬à¦¾à¦° à¦à§à¦¾à¦¨ à¦¦à¦¾à¦²à¦¾à¦²,,,Violence,Violence
à¦®à¦¾à¦²à¦¾à¦à¦¨à¦¦à§à¦° à¦à¦ à¦à¦§à¦ªà¦¤à¦¨à§ à¦à¦®à¦°à¦¾ à¦à§à¦¶à¦¿,,,Sexual Harassments,Violence
à¦à§à¦¤à§à¦¤à¦¾à¦° à¦¬à¦¾à¦à§à¦à¦¾ à¦¬à¦¾à¦à¦²à¦¾à¦¦à§à¦¶ à¦¸à¦¾à¦®à§à¦ªà§à¦°à¦¦à¦¾à§à¦¿à¦ à¦¦à§à¦¶  à¦¸à¦¾à¦®à¦¨à§ à¦à§ à¦¤à§à¦° à¦¸à¦¾à¦®à§à¦ªà§à¦°à¦¦à¦¾à§à¦¿à¦à¦¤à¦¾ à¦¤à§à¦° à¦®à¦¾à§à§à¦°,,,Sexual Harassments,Harmful
à¦à§à¦à§à¦°à§ à¦à¦¨à§à¦ à¦¸à§à¦à§à¦¸ à¦¤à¦¾à¦ à¦à¦°à¦¬à¦¿à¦°à¦¾ à¦à§à¦à§à¦° à¦à¦¾à¦¯à¦¼à§ à¦à¦à§à¦° à¦à¦§à¦¿à¦ à¦¬à¦¿à§à§ à¦à¦°à§,,,Sexual Harassments,Sexual Harassments
à¦­à¦¾à¦°à¦¤à§à§ à¦®à¦¾à¦¦à¦¾à¦° à¦à§à¦¦ à¦à§à¦°à§ à¦à¦¾à¦²à¦¿ à¦ªà§à¦à¦à¦¿ à¦®à¦¾à¦°à¦¾à¦° à¦¦à¦°à¦à¦¾à¦° à¦à¦¦à§à¦°à¦à§ à¦à¦¬à¦¾à¦° à¦à¦¿à¦¸à§à¦° à¦¸à¦¾à¦¹à¦¾à¦¯à§à¦¯ à¦à¦°à¦à§ à¦¸à¦°à¦à¦¾à¦°   à¦¸à¦°à¦à¦¾à¦° à¦à¦¿à¦à§ à¦à¦¾à¦à¦à§ à¦¨à¦¾à¦à¦¿ à¦®à¦¾à¦²à¦¾à¦à¦¨à¦°à¦¾ à¦¦à§à¦¨à¦¿à§à¦¾à¦° à¦¸à¦¬à¦à§à§à§ à¦¨à¦¿à¦à§à¦·à§à¦ à¦à¦¾à¦¤à¦¿,,,Sexual Harassments,Sexual Harassments
à¦à¦à§à¦¯à¦à¦¾à¦à§ à¦§à§à¦¬à¦à¦¸ à¦à¦°à¦à§ à¦¶à§à¦¤à¦¾à¦¨ à¦®à¦à¦¨à§à¦² à¦à¦¸à¦²à¦¾à¦®,,,Sexual Harassments,Sexual Harassments
à¦ªà§à¦à¦à¦¾ à¦®à¦à¦¿à¦¬ à¦¦à§à¦¶ à¦¸à¦¾à¦§à§à¦¨ à¦à¦¾à§ à¦¨à¦¾ à¦¬à¦¾à¦à¦¨à¦à§à¦¦ à¦à§à§à§à¦à§ à¦à¦®à¦¤à¦¾ à¦®à¦à¦¿à¦° à¦¹à¦²à§ à¦¬à¦¾à¦à¦²à¦¾à¦° à¦¬à§ à¦°à¦¾à¦à¦¾à¦à¦¾,,,Sexual Harassments,Sexual Harassments
à¦ à¦¹à¦à§à¦à§ à¦¦à§à¦¶ à¦à§à¦°  à¦®à¦¾à¦¦à¦¾à¦°à¦à§à¦¦ à¦à¦¾à¦¨à¦à¦¿à¦° à¦ªà§à¦²à¦¾ à¦à¦¾à¦°à¦ à¦à§à¦°à§à¦° à¦®à¦¾à¦° à¦­à¦° à¦à¦²à¦¾,,,Sexual Harassments,Sexual Harassments
à¦à¦¨à¦¿ à¦°à¦¾à¦à¦¾à¦à¦¾à¦° à¦à¦à¦¨ à¦¹à¦²à§à¦¨ à¦à¦¾à¦®à¦¾à¦¯à¦¼à¦¾à¦¤à§à¦° à¦à¦®à¦¿à¦° à¦¹à¦à¦¯à¦¼à¦¾à¦° à¦à¦à§ à¦à¦ à¦à¦¥à¦¾ à¦à§à¦ à¦¬à¦²à§à¦¨à¦¨à¦¿ à¦¨à¦¾à¦à¦à§ à¦ à¦à¦¿à¦¨à§à¦®à¦¾à¦¤à§ à¦¯à§à¦¬à¦¾à¦¬à§ à¦à¦°à¦¿à¦¤à§à¦° à¦¤à§à¦°à¦¿ à¦à¦°à¦¾ à¦¹à§ à¦à¦à¦¾à¦¨à§ à¦ à¦¤à¦¾à¦° à¦ªà§à¦°à¦¤à¦¿ à¦ªà¦²à¦¨ à¦¦à§à¦à¦¾ à¦¯à¦¾à¦à§à¦à§,,,Violence,Sexual Harassments
à¦®à¦¨à§à¦à§ à¦à§à¦°à§à¦° à¦ªà§à¦²à¦¾ à¦ªà¦¾à¦°à§à¦¥ à¦¬à¦¿à§à¦¾à¦¦à¦ª,,,Sexual Harassments,Sexual Harassments
à¦¤à§à¦®à¦°à¦¾ à¦à§à¦¨ à¦¦à§à¦¶à§ à¦¥à¦¾à¦à§ à¦à¦¥à¦¾ à¦à¦¥à¦¾ à¦·à§à¦¯à¦¨à§à¦¤à§à¦° à¦à§à¦à§ à¦à¦¿ à¦¬à¦¾à¦² à¦à¦à§ à¦¤à§à¦®à¦¾à¦° à¦¦à§à¦¶à§,,,Sexual Harassments,Harmful
à¦¸à§à¦à¦¹à¦¾à¦à¦¿à¦¨à¦¾ à¦à¦à§à¦²à¦¾ à¦¦à§à¦à¦¬à§à¦¨à¦¾ à¦¦à§à¦à¦¬à§à¦¶à§à¦¦à§ à¦à¦¥à¦¾ à¦à¦¾à¦°à§à¦à§à¦¨ à¦®à¦¿à¦°à¦¾à¦ à¦à¦¥à¦¾à¦à¦¾à¦°à§ à¦à§à¦¨ à¦°à¦¾à¦à¦¾à¦à¦¾à¦° à¦à§à§à§ à¦¦à§à§à§ à¦à§à¦¨à§ à¦à¦¾à¦à¦¨à¦¾à¦,,,Sexual Harassments,Violence
à¦à¦ªà¦¨à¦¾à¦°à¦¾ à¦®à¦¾à¦®à¦¾ à¦­à¦¾à¦à§à¦¨à§ à¦à¦ªà¦¨à¦¾à¦°à¦¾ à¦ à¦¿à¦à¦ à¦à¦à§à¦¨ à¦¦à§à¦¶à§à¦° à¦à¦¨à¦à¦£à§à¦° à¦à§à§à¦¾ à¦®à¦¾à¦°à¦¾ à¦¸à¦¾à¦°à¦¾,,,Sexual Harassments,Violence
à¦à¦®à¦¨ à¦à¦ªà§à¦°à¦¿à§ à¦¸à¦¤à§à¦¯ à¦à¦¤à¦¿à¦¹à¦¾à¦¸ à¦¤à§à¦²à§ à¦§à¦°à¦¾à¦° à¦à¦¨à§à¦¯ à¦à§ à¦¹à§ à¦°à¦¾à¦à¦¾à¦à¦¾à¦° à¦¨à§ à¦¤à§à¦¾ à¦­à¦¾à¦°à¦¤ à¦¬à¦¿à¦°à§à¦¾à¦§à§ à¦¬à¦¾ à¦ªà¦¾à¦à¦¿à¦¸à§à¦¥à¦¾à¦¨à¦ªà¦¨à§à¦¥à¦¿ à¦à¦ªà¦¾à¦§à¦¿ à¦¬à¦¹à¦¨ à¦à¦°à¦¤à§ à¦¹à¦¤à§ à¦ªà¦¾à¦°à§ à¦¬à¦²à§ à¦à¦¿à¦²à§à¦¨ à¦¬à¦¾à¦à§à¦à¦¾à¦²à§à¦¦à§à¦° à¦à§à¦ à¦¦à¦¾à¦¬à¦¾à§à¦¾ à¦°à¦¾à¦ à¦¤à§ à¦ªà¦¾à¦°à§ à¦¨à¦¿ à¦ªà¦¾à¦°à¦¬à§à¦¨à¦¾ à¦®à¦¤ à¦à¦¦à¦®à§à¦¯ à¦¸à¦¾à¦¹à¦¸à§ à¦¦à§à¦°à¦ à¦à§à¦ à¦¦à¦¾à¦¬à¦¾à§à¦¾ à¦°à¦¾à¦ à¦¤à§ à¦ªà¦¾à¦° à¦¬à§à¦¨à¦¾ à¦à¦¨à¦¶à¦¾à¦à¦¾à¦²à§à¦²à¦¾à¦¹à§,,,Sexual Harassments,Sexual Harassments
à¦®à¦¾à¦¹à¦¿ à¦¬à¦¿ à¦à§à¦§à§à¦°à§ à¦à¦à¦¯à¦¼à¦¾à¦®à§ à¦²à§à¦à§à¦° à¦¦à¦¾à¦²à¦¾à¦²,,,Sexual Harassments,Sexual Harassments
à¦à¦¾à¦®à¦¾à¦¤à§à¦° à¦à¦ à¦à¦à¦¨à¦¿à¦¯à¦¼à¦¨à§à¦° à¦à¦¾ à¦­à§à¦ à¦à¦à§ à¦¤à§à¦¦à§à¦° à¦¬à¦¾à¦ª à¦¬à§à¦à¦¾à¦° à¦¸à¦¾à¦°à¦¾ à¦¬à¦¾à¦à¦²à¦¾à¦¦à§à¦¶à§ à¦¸à§à¦ à¦­à§à¦ à¦à¦à§à¦¨à¦¿,,,Sexual Harassments,Sexual Harassments
à¦à¦à§ à¦¨à¦¿à¦à§à¦¦à§à¦° à¦à¦°à¦¿à¦¤à§à¦° à¦ à¦¿à¦ à¦à¦°à§ à¦¤à¦¾à¦°à¦ªà¦° à¦à¦¨à§à¦¯à¦¦à§à¦° à¦¸à¦®à¦¾à¦²à§à¦à¦¨à¦¾ à¦à¦°à§à¦¨,,,Violence,Sexual Harassments
à¦à¦¾à¦²à¦¾ à¦ªà¦¾à¦à¦¿à¦¸à§à¦¤à¦¾à¦¨à§à¦¦à§à¦° à¦à¦¨à§à¦¯ à¦¬à¦¾à¦¶ à¦¦à¦¿à§à¦¾ à¦¦à¦¾à¦ à¦­à¦° à¦¦à¦¿à§à¦¾ à¦¹à¦¾à¦à¦¬à§ à¦¤à§ à¦à¦­à¦¾à¦¬à§ à¦à¦à§ à¦«à¦¹à¦¿à¦¨à§à¦¨à¦¿ à¦°à¦¾à¦à¦¾à¦à¦¾à¦° à¦­à§à¦à¦¿à¦à§à¦¤à§à¦¤à¦¾à¦° à¦¦à¦²,,,Sexual Harassments,Harmful
à¦¬à¦¿à¦à¦¨à¦ªà¦¿ à¦à¦¾à¦®à¦¾à¦²à§à¦° à¦ªà¦¾ à¦à¦¾à¦à¦¤à§ à¦à§à¦à§ à¦¯à§à¦¨à§ à¦à¦à¦¨à§à¦° à¦²à¦¡à¦¼à¦¾à¦ à¦à¦°à§ à¦à¦¾à¦²à§à¦¦à¦¾ à¦à¦¿à¦¯à¦¼à¦¾ à¦à§ à¦¬à§à¦° à¦à¦°à§,,,Sexual Harassments,Sexual Harassments
à¦°à¦¾à¦à¦¾à¦à¦¾à¦°à§à¦° à¦ªà¦à§à¦·à§ à¦¨à¦¿à¦°à§à¦¬à¦¾à¦à¦¨à§ à¦¦à¦¾à§à¦¾à§à¦¾ à¦à¦¬à¦¾à¦° à¦ªà§à¦°à§à¦¸à§à¦à¦¿à¦ à¦à§à¦¦à¦¾à¦à¦¤à¦¾à¦à¦¸  à¦¶à¦¾à¦²à¦¾ à¦à§à¦à§à¦°à¦à¦¾à¦¨à¦¾,,,Sexual Harassments,Violence
à¦¦à¦¾à¦²à¦¾à¦² à¦®à¦¾à¦¦à¦¾à¦°à¦¿ à¦à¦¾à¦®à¦¾à¦¤à§à¦° à¦à¦à¦à¦¾ à¦à¦¸à¦¨à§à¦° à¦¹à¦¾à¦« à¦­à§à¦à§ à¦ à¦ªà¦¾à¦¬à§ à¦¨à¦¾,,,Violence,Violence
à¦à¦¿à¦à§ à¦²à¦¿à¦à¦²à§à¦ à¦à¦¿à§à¦¾ à¦ªà¦°à¦¿à¦¬à¦¾à¦° à¦¬à¦¿à¦à¦¨à¦ªà¦¿ à¦°à¦¾à¦à¦¾à¦à¦¾à¦° à¦¶à¦¿à¦¬à¦¿à¦° à¦à¦¾à¦®à¦¾à¦¤ à¦à¦°à§ à¦­à¦¾à¦ à¦à¦à¦¾ à¦à¦¨à¦¤à¦¨à§à¦¤à§à¦°à¦¦à§à¦¶ à¦¸à¦¬à¦¾à¦à¦à§ à¦¬à¦²à¦¾à¦° à¦à¦§à¦¿à¦à¦¾à¦° à¦¦à¦¿à§à§à¦à§ à¦¤à¦¾à¦ à¦à¦®à¦¿ à¦¬à¦²à§à¦à¦¿  à¦¤à¦¾à¦¤à§ à¦à¦ªà¦¨à¦¾à¦¦à§à¦° à¦à¦¾à¦ à¦à¦²à§ à¦à§à¦¨  à¦à§à¦°à§à¦° à¦®à¦¨ à¦ªà§à¦²à¦¿à¦¶ à¦ªà§à¦²à¦¿à¦¶ à¦¤à¦¾à¦ à¦¨à¦¾,,,Sexual Harassments,Violence
à¦à¦¾à¦à§à¦¾à¦®à¦¿à¦²à§à¦ à¦à¦¾à¦à¦¾à¦° à¦à¦¾à¦à¦²à§à¦ à¦à§à¦¨ à¦¦à¦¿à¦¨ à¦¶à¦¿à¦à¦¾à¦° à¦à¦°à¦¨à¦¾  à¦à¦à¦¾ à¦¹à¦²à§ à¦à¦¾à¦ªà¦¾à¦¬à¦¾à¦ à¦à¦¾à¦à§à¦¾à¦®à¦¿à¦²à§à¦à§à¦° à¦¨à¦¿à¦¤à¦¿,,,Sexual Harassments,Sexual Harassments
à¦¹à¦¿à¦²à¦¾à¦°à§à¦° à¦¸à¦¾à¦¥à§ à¦à¦¾à¦®à¦¾à¦¤ à¦¶à¦¿à¦¬à¦¿à¦°à§à¦° à¦à¦¿ à¦¸à¦®à¦ªà¦°à¦,,,Sexual Harassments,Sexual Harassments
à¦®à¦à¦¿à¦¬ à¦à¦à¦à¦¨ à¦¸à§à¦¬à¦¾à¦°à§à¦¥à¦ªà¦°   à¦ à¦ªà§à¦°à¦§à¦¾à¦£à¦®à¦¨à§à¦¤à§à¦°à§ à¦¹à¦à§à¦¾à¦° à¦à¦¨à§à¦¯ à¦¸à¦¬ à¦à¦°à¦à§,,,Sexual Harassments,Sexual Harassments
à¦¸à¦¾à¦²à¦¾ à¦à§à¦¤à§à¦¤à¦¾à¦²à§à¦à§à¦° à¦¦à¦¾à¦²à¦¾à¦² à¦¸à¦®à§à§à¦° à¦à¦¨à§à¦ à¦¸à¦°,,,Sexual Harassments,Sexual Harassments
à¦à¦®à¦¿ à¦à¦¿à¦à§ à¦¬à¦²à¦¬à§ à¦¨à¦¾ à¦¬à¦²à¦²à§à¦ à¦¤à§ à¦à¦¬à¦¾à¦° à¦°à¦¾à¦à¦¾à¦à¦¾à¦° à¦¹à§à§ à¦¯à§à¦¤à§ à¦ªà¦¾à¦°à¦¿,,,Sexual Harassments,Sexual Harassments
à¦¯à§à¦ à¦¦à¦²à¦à¦ à¦¹à§à¦ à¦®à¦¾à¦¨à§ à¦¬à¦¾à¦à¦²à¦¾à¦¦à§à¦¶à§ à¦à¦ à¦à¦à§à¦¾à¦®à§à¦²à§à¦ à¦à¦° à¦à¦ à¦à§à¦¤à§à¦¤à¦¾à¦²à§à¦ à¦à¦¾à§à¦¾ à¦à¦° à¦à¦à§ à¦à§,,,Sexual Harassments,Sexual Harassments
à¦à¦à¦¸à§ à¦à¦°à§à¦à¦à¦¨ à¦à¦¾à¦¹à¦¿à¦¦ à¦®à¦¾à¦¨à¦¿à¦  à¦à¦ªà¦¨à¦¾à¦° à¦¨à¦¿à¦à§à¦° à¦¦à§à¦¶à§ à¦¯à§ à¦ªà§à¦°à¦¤à¦¿à¦¨à¦¿à§à¦¤ à¦®à¦¾à¦¨à§à¦· à¦à§à¦¨ à¦¹à¦à§à¦à§ à¦¸à§à¦à¦¾ à¦¦à§à¦à§à¦¨  à¦¤à§à¦°à¦¸à§à¦à§ à¦¸à§à¦¨à¦¾ à¦à¦­à§à¦¯à§à¦¤à§à¦¥à¦¾à¦¨ à¦à¦¾à¦°à§à¦°à¦¾ à¦à¦¨à§à¦¯à¦¾à§ à¦à¦°à§à¦à§ à¦¤à¦¾à¦° à¦¶à¦¾à¦¸à§à¦¤à¦¿ à¦¤à¦¾à¦¦à§à¦° à¦ªà§à¦¤à§à¦ à¦¹à¦¬à§  à¦¯à§à¦­à¦¾à¦¬à§ à¦ªà§à§à§à¦à§ à¦à¦®à¦¾à¦¦à§à¦° à¦¦à§à¦¶à§à¦° à¦°à¦¾à¦à¦¾à¦à¦¾à¦°à¦°à¦¾,,,Sexual Harassments,Sexual Harassments
à¦®à§à¦¯à¦¾à¦¶à§à¦° à¦à§à¦¯à¦¾à¦ªà¦à§à¦¨à§à¦¸à¦¿ à¦¨à¦¿à§à§ à¦¯à¦¾à¦¦à§à¦° à¦à§à¦²à¦à¦¾à¦¨à§ à¦¤à¦¾à¦°à¦¾ à¦°à¦¾à¦à¦¾à¦à¦¾à¦°,,,Sexual Harassments,Sexual Harassments
à¦¯à¦¾à¦° à¦à¦°à§ à¦°à¦¾à¦à¦¾à¦à¦¾à¦°à§à¦° à¦¬à¦¸à¦¬à¦¾à¦¸ à¦¸à§à¦à¦¯à§ à¦à¦¿à¦¨à¦¾ à¦¬à¦²à§à¦­à¦¨à§à¦¡ à¦²à§à¦,,,Violence,Sexual Harassments
à¦°à§à¦¹à¦¿à¦à§à¦à¦¾à¦¦à§à¦° à¦¸à¦ à¦¿à¦ à¦¨à§à¦¤à§à¦°à§à¦¤à§à¦¬ à¦¦à§à¦à§à¦¾à¦° à¦à¦¨à§à¦¯ à¦à¦à¦à¦¨ à¦¨à§à¦¤à¦¾ à¦¦à¦°à¦à¦¾à¦° à¦¯à§ à¦à¦¿à¦¨à¦¾ à¦¤à¦¾à¦¦à§à¦° à¦à¦¾à¦à§à¦¾ à¦ªà¦¾à¦à§à¦¾à¦° à¦¦à¦¾à¦¬à¦¿ à¦à§à¦²à§ à¦à¦¨à§à¦¤à¦°à§à¦à¦¾à¦¤à¦¿à¦ à¦®à¦¹à¦²à§ à¦¤à§à¦²à§ à¦§à¦°à¦¤à§ à¦ªà¦¾à¦°à¦¬à§  à¦¸à¦¾à¦² à¦¥à§à¦à§à¦à¦¤à§ à¦¬à¦¾à¦à¦²à¦¾à¦¦à§à¦¶ à¦à¦¶à§à¦°à§ à¦ªà§à¦°à¦¶à§à¦°à§ à¦¦à¦¿à§à§à¦à§ à¦¤à¦¾à¦¤à§ à¦²à¦¾à¦­ à¦à¦¿ à¦¹à¦²à§  à¦¬à¦°à¦ à¦¤à¦¾à¦¦à§à¦° à¦à§à¦¬à¦¨à¦à¦¾à¦ à¦¶à¦°à¦¨à¦¾à¦°à§à¦¥à§ à¦¶à¦¿à¦¬à¦¿à¦° à¦¨à¦¾à¦®à¦ à¦à¦° à¦à¦à¦à¦¾ à¦à§à¦² à¦à¦¾à¦¨à¦¾à§ à¦¬à¦¨à§à¦¦à¦¿ à¦¹à§à§ à¦à§à¦²,,,Sexual Harassments,Sexual Harassments
à¦¹à¦¾à¦¨à¦¿à¦« à¦¸à¦¾à¦¹à§à¦¬ à¦à§à¦¤à§à¦¤à¦¾à¦²à§à¦ à¦à§à§ à¦¹à¦¤à§ à¦¸à§à¦¨à¦¾à¦¬à¦¾à¦¹à¦¿à¦¨à§à¦° à¦¦à¦°à¦à¦¾à¦° à¦¨à¦¾à¦,,,Sexual Harassments,Sexual Harassments
à¦à¦à§ à¦²à§à¦¾ à¦¬à¦¿ à¦à¦¨ à¦ªà¦¿ à¦° à¦¬à¦¿à¦°à§ à¦¦à§à¦§à§ à¦®à¦¾ à¦¹à¦¿à¦° à¦à¦à§à¦°à¦¾à¦¨à§à¦¤,,,Sexual Harassments,Sexual Harassments
à¦à¦¿à§à¦¾ à¦à¦à¦à¦¾ à¦à§à¦à¦¾à¦° à¦¬à¦¾à¦à§à¦à¦¾ à¦®à¦¾à¦¦à¦¾à¦° à¦à§à¦¦,,,Sexual Harassments,Sexual Harassments
à¦à§à¦à§à¦° à¦¬à¦¾à¦² à¦à¦à¦à¦¿à¦ à¦ªà¦¾à§à¦° à¦¯à§à¦à§à¦¨à¦¾ à¦à¦¿à¦ à¦à¦¾à§ à¦à§à¦à§à¦° à¦¬à¦¾à¦²,,,Sexual Harassments,Sexual Harassments
à¦®à¦¾à¦¹à¦¿ à¦¶à§à§à§à¦°à§à¦° à¦¬à¦¾à¦à§à¦à¦¾ à¦à¦à¦¿à¦¸à§à¦à¦¿à¦ à¦à§à§à¦° à¦à¦à§à¦¨à§à¦,,,Sexual Harassments,Sexual Harassments
à¦¸à¦¾à¦²à¦¾à¦° à¦ªà§à¦¤à§à¦°à¦¾ à¦¤à§à¦¦à§à¦° à¦¦à§à§à¦¾à§ à¦¦à§à§à¦¾à§ à¦ªà¦¿à¦ à¦¾  à¦¸à¦¬ à¦ à¦¿à¦ à¦¹à§à§ à¦¯à¦¾à¦¬à§,,,Sexual Harassments,Violence
à¦®à¦¾à¦¹à¦¿ à¦à¦¿ à¦à¦°à¦à¦¿à¦¨à¦²à§ à¦¬à¦¿ à¦à§à¦§à§à¦°à§à¦° à¦à§à¦²à§ à¦à¦¨à§à¦® à¦¨à¦¿à§à§ à¦¸à¦¨à§à¦¦à§à¦¹ à¦à¦à§,,,Sexual Harassments,Sexual Harassments
à¦¬à¦¿à¦à¦¨à¦ªà¦¿ à¦à¦¾à¦®à¦¾à§à¦¾à¦¤à§à¦¯à¦¾ à¦°à¦¾à¦à¦¾à¦à¦¾à¦°à§à¦° à¦²à¦¤à¦¾ à¦¸à¦¨à§à¦¤à¦¾à¦¨à§à¦°à¦¾ à¦¬à§à¦¶à¦¿ à¦²à¦¾à¦«à¦¾à¦à¦¸à¦¨à¦¾ à¦¸à¦¾à¦®à¦¨à§ à¦à§ à¦ à§à¦ à¦¬à§à¦à§à¦à§ à¦¹à¦¾à¦¤à§ à¦§à¦°à¦¿à§à§ à¦¦à¦¿à¦¬à§,,,Sexual Harassments,Sexual Harassments
à¦®à¦¾à¦¹à¦¿ à¦¬à¦¾à¦à§à¦à§à¦§à§à¦°à§ à¦«à¦¾à¦²à¦¤à§ à¦²à§à¦ à¦®à¦¾à¦¹à¦¿,,,Sexual Harassments,Sexual Harassments
à¦¤à§à¦®à¦¿ à¦²à¦¿à¦à§ à¦¯à¦¾ à¦ à¦¬à§à¦¨  à¦à¦¤à§à¦¤ à¦°à§à¦«à¦¾à¦°à§à¦¨à§à¦¸ à¦²à¦¾à¦à¦¬à§ à¦à¦¨à¦¬à¦à§à¦¸à§ à¦à¦¸à¦²à§ à¦ªà¦¾à¦¬à§  à¦à¦¾à¦¨à¦à§à¦° à¦à¦¾à¦°à¦ à¦°à¦¾à¦à¦¾à¦à¦¾à¦° à¦¦à§à¦° à¦à§à¦¸à§à¦à¦¿ à¦¸à¦¾à¦« à¦à¦²à§ à¦à¦²à¦¬à§  à¦¬à§à¦à§à¦¾ à¦à¦¬à¦²à¦¿à¦¸ à¦à§à¦²à¦¾ à¦à§à¦²à§à¦à§ à¦à¦° à¦¨à¦¬à§à¦¯ à¦à¦¬à¦²à¦¿à¦¶ à¦à§à¦²à¦¿ à¦à§à¦²à¦¬à§ à¦¨à¦¾ à¦¡à¦¾à¦¾à¦à¦°à§à¦à§à¦ à¦¶à§à¦¯à§à¦  à¦à§à¦°à¦¿à¦à¦¾à¦° à¦­à¦°à¦¬à§ à¦ªà¦¾à¦à¦¾à§ à¦à¦¾à¦ª à¦¦à¦¿à¦¬à¦¾ à¦®à¦¾à¦¥à¦¾ à¦à¦¿à¦à¦à§ à¦ªà§à¦¬à§ à¦à§à¦¤à§à¦¤à¦¾à¦¦à§à¦° à¦­à§à¦°à¦¿à¦­à§à¦ à¦à¦° à¦à§à¦à§à¦¨ à¦°à§à¦¡à¦¿ à¦¹à¦à§à¦à§  à¦­à¦¾à¦¬à¦¨à¦¾ à¦¬à¦¾ à¦­à§à§à¦° à¦à¦¿à¦à§à¦ à¦¨à¦¾à¦ à¦¬à§à¦¨,,,Sexual Harassments,Sexual Harassments
à¦à¦¤ à¦¦à¦¿à¦¨ à¦°à¦¾à¦à¦¾à¦à¦¾à¦° à¦à¦¿à¦² à¦¨à¦¾ à¦à¦®à¦¿à¦° à¦¹à¦à¦à§ à¦à¦à¦¨ à¦à§à¦° à¦à¦°à§ à¦°à¦¾à¦à¦¾à¦à¦¾à¦° à¦¬à¦¾à¦¨à¦¾à¦¤à§ à¦¹à¦¬à§,,,Sexual Harassments,Sexual Harassments
à¦à¦¨à¦à¦£à§à¦° à¦à¦¾à¦à¦¾ à¦à§ à¦¦à¦¿à¦¬à§  à¦à¦ à¦¶à§à¦¤à¦¾à¦¨à¦à§ à¦à¦¾à§ à¦¦à¦¿à¦²à§ à¦¦à§à¦¶à§ à¦à¦à¦¨ à¦¬à¦²à¦¤à§ à¦à¦¿à¦à§ à¦¥à¦¾à¦à¦¬à§ à¦¨à¦¾  à¦¹à¦¾à¦à¦¾à¦° à¦¹à¦¾à¦à¦¾à¦° à¦à§à¦à¦¿ à¦à¦¾à¦à¦¾ à¦²à§à¦à¦ªà¦¾à¦ à¦à¦°à§à¦à§ à¦¯à¦¾à¦°à¦¾ à¦¤à¦¾à¦¦à§à¦° à¦à§à¦¨ à¦¶à¦¾à¦¸à§à¦¤à¦¿ à¦¦à§à¦à§à¦¾ à¦¹à¦¬à§ à¦¨à¦¾  à¦¬à¦¿à¦¦à§à¦¶à§ à¦¹à¦¾à¦à¦¾à¦° à¦¹à¦¾à¦à¦¾à¦° à¦à§à¦à¦¿ à¦à¦¾à¦à¦¾ à¦ªà¦¾à¦ à¦¿à§à§ à¦¦à¦¿à§à§à¦à§ à¦à¦¦à§à¦° à¦à§à¦¨ à¦¶à¦¾à¦¸à§à¦¤à¦¿ à¦¹à¦¬à§ à¦¨à¦¾  à¦¦à§à¦¶à§à¦° à¦à¦°à§à¦¥à¦¨à§à¦¤à¦¿à¦à§ à¦§à§à¦¬à¦à¦¸ à¦à¦°à§à¦à§ à¦à¦¨à¦à¦£à¦à§ à¦®à§à¦°à§à¦à§  à¦à¦à§à¦²à§ à¦°à¦¾à¦à¦¾à¦à¦¾à¦° à¦¥à§à¦à§à¦ à¦à¦¾à¦°à¦¾à¦ª,,,Sexual Harassments,Sexual Harassments
à¦à¦à¦¾à¦ à¦¹à¦²à§ à¦¬à¦¾à¦à¦²à¦¾à¦¦à§à¦¶ à¦ªà§à¦¶à¦¾ à¦à§à¦à§à¦° à¦°à¦¾à¦à¦¾à¦à¦¾à¦° à¦¥à¦¾à¦à¦¬à§ à¦­à¦¾à¦à¦°à§,,,Violence,Violence
à¦à¦®à¦¿ à¦¦à§à¦à§à¦à¦¿ à¦¨à¦¾à¦®à¦¾à¦ à¦¨à¦¾ à¦ªà¦°à¦²à§ à¦à¦¾à¦¤à§à¦° à¦¶à¦¿à¦¬à¦¿à¦° à¦¥à§à¦à§ à¦¬à¦¾à¦¦ à¦¦à§à§à¦¾ à¦¹à§ à¦°à§à¦à¦¾ à¦¨à¦¾ à¦°à¦¾à¦à¦²à§ à¦¶à¦¿à¦¬à¦¿à¦° à¦¥à§à¦à§ à¦¬à¦¾à¦¦ à¦¦à§à§à¦¾ à¦¹à§ à¦à§à¦°à¦à¦¨ à¦¹à¦¾à¦¦à¦¿à¦¸ à¦ªà¦¾à¦  à¦¨à¦¾ à¦à¦°à¦²à§ à¦¬à¦¾à¦¦ à¦¦à§à¦à§à¦¾ à¦¹à§ à¦à¦­à¦à¦¿à¦à¦¿à¦ à¦à¦°à¦²à§ à¦¬à¦¾à¦¦ à¦¦à§à¦à§à¦¾ à¦¹à§ à¦ªà§à¦°à§à¦® à¦à¦°à¦²à§ à¦à§à§à¦à¦®à¦¾à¦¸à§à¦° à¦à¦¨à§à¦¯ à¦«à§à¦¨ à¦¬à§à¦­à¦¾à¦à¦°à¦¾ à¦¨à¦¿à§à§ à¦¯à¦¾à§ à¦¶à¦¾à¦¸à¦¨ à¦à¦°à¦¾à¦° à¦à¦¨à§à¦¯ à¦à¦ à¦ªà¦°à§à¦¯à¦¨à¦¤à§à¦® à¦à¦®à¦¿ à¦¦à§à¦à¦¿ à¦¨à¦¾à¦ à¦à§à¦¨ à¦¶à¦¿à¦¬à¦¿à¦° à¦à¦°à¦¾ à¦à§à¦²à§ à¦à§à¦¨ à¦®à§à§à§à¦à§ à¦¡à¦¿à¦¸à¦à¦¾à¦°à§à¦¬ à¦à¦°à¦à§ à¦à¦®à¦¿ à¦¦à§à¦à¦¿ à¦¨à¦¾à¦ à¦à§à¦¨ à¦à¦¾à¦¦à¦¾à¦¬à¦¾à¦à¦ à¦¶à¦¿à¦¬à¦¿à¦° à¦à¦°à¦à§ à¦¦à§à¦à¦¿ à¦¨à¦¾à¦ à¦à§à¦¨ à¦à§à¦¨à§à¦¡à¦¾à¦°à¦¬à¦¾à¦à¦¿ à¦à¦°à¦à§ à¦¤à¦¾à¦°à¦ªà¦°à¦ à¦¯à¦¤ à¦¦à§à¦· à¦¨à¦¨à¦¦à§ à¦à§à¦· à¦à¦¦à§à¦¶à§ à¦à§à¦¨à¦¿à¦° à¦¸à¦®à¦¾à¦¦à¦° à¦¨à§à¦ à¦¤à¦¾à¦ à¦à§à¦¨à¦¿ à¦à¦¦à§à¦¶à§ à¦à¦¨à§à¦® à¦¨à¦¿à§à§à¦ à¦²à¦¾à¦­ à¦¨à§à¦ à¦¸à¦¬à¦à§à§à§ à¦¬à§à¦à¦¥à¦¾ à¦¹à¦à§à¦à§ à¦¸à¦®à¦¾à¦à¦ªà¦¤à¦¿à¦°à¦¾ à¦¨à¦¿à¦à§à¦¦à§à¦° à¦°à¦à§à¦·à¦¾ à¦à¦°,,,Offensive,Offensive
à¦¤à¦¾à¦¹à¦²à§ à¦¶à¦¿à¦¬à¦¿à¦° à¦ à¦ªà§à¦°à¦¥à¦® à¦¬à¦¾à¦à¦²à¦¾à¦¦à§à¦¶à§à¦° à¦ªà¦à§à¦· à¦¹à§à§ à¦®à¦¾à§à¦¾à¦¨à¦®à¦¾à¦° à¦à¦° à¦®à§à¦¸à¦²à¦®à¦¾à¦¨ à¦¹à¦¤à§à¦¯à¦¾à¦° à¦ªà§à¦°à¦¤à¦¿à¦¬à¦¾à¦¦à§ à¦°à¦¾à¦ à¦ªà¦¥à§ à¦¨à¦¾à¦®à¦² à¦¬à¦¾à¦à¦²à¦¾à¦¦à§à¦¶à§à¦° à¦à¦° à¦®à§à¦¸à¦²à¦¿à¦®à¦°à¦¾ à¦à§à¦¥à¦¾à§     à¦à¦¥à¦¾à§ à¦¨à¦¾ à¦¬à§ à¦¹à§à§ à¦à¦¾à¦à§ à¦¬à§ à¦¹à§à¦¨ à¦ªà§à¦²à¦¿à¦,,,Sexual Harassments,Sexual Harassments
à¦°à¦¾à¦à¦¾à¦à¦¾à¦°à§à¦° à¦¸à¦¨à§à¦¤à¦¾à¦¨à¦°à¦¾ à¦à¦à¦¾à¦ à¦ªà§à¦°à¦®à¦¾à¦¨ à¦¯à§ à¦à¦²à§à¦²à¦¾ à¦ªà¦¾à¦ à¦¤à¦¾à¦à§ à¦¬à¦¾à¦à¦à¦¿à§à§ à¦°à¦¾à¦à¦¬à§à¦¨ à¦à¦¨à¦¶à¦¾ à¦à¦²à§à¦²à¦¾à¦¹à§à¦°,,,Sexual Harassments,Sexual Harassments
à¦à§à¦¤à§à¦¤à¦¾à¦° à¦¬à¦¾à¦à§à¦à¦¾à¦°à¦¾ à¦à§à¦¤à§à¦¤à¦¾à¦²à§à¦à§à¦° à¦¦à¦¾à¦²à¦¾à¦²à¦°à¦¾ à¦¬à¦²à§ à¦¦à§à¦¶à§ à¦¨à¦¾ à¦à§ à¦à¦¨à§à¦¨à§à¦¨à§à¦° à¦à§à§à¦¾à¦° à¦¬à¦à¦¤à§à¦à§ à¦à¦à§à¦²à¦¾à¦° à¦¨à¦¾à¦® à¦à¦¿ à¦à¦¨à§à¦¨à§à¦¨,,,Sexual Harassments,Sexual Harassments
à¦ªà§à¦°à¦§à¦¾à¦¨à¦®à¦¨à§à¦¤à§à¦°à§ à¦¸à¦¾à¦¹à§à¦¬à¦¾ à¦à¦¾à¦¤à§à¦°à¦²à§à¦ à¦¬à¦²à¦¤à§ à¦²à¦à§à¦à¦¾ à¦²à¦¾à¦à§ à¦¨à¦¾ à¦¶à¦¿à¦¬à¦¿à¦° à¦¬à¦¾ à¦à¦¾à¦¤à§à¦°à¦¦à¦²à§à¦° à¦à¦ªà¦° à¦à¦¾à¦ªà¦¾à¦¨à§ à¦à§à¦·à§à¦à¦¾ à¦à¦²à¦¬à§,,,Sexual Harassments,Sexual Harassments
à¦°à¦¾à¦à¦¾à¦à¦¾à¦°à¦¦à§à¦° à¦®à¦¨à§à¦¤à§à¦°à§ à¦¬à¦¾à¦¨à¦¾à¦¨à§à¦° à¦¦à¦¾à§à§ à¦¤à¦¾à¦° à¦à¦°à¦ à¦à¦ à¦¿à¦¨ à¦¬à¦¿à¦à¦¾à¦° à¦¬à¦¾à¦à¦¿ à¦à¦à§,,,Sexual Harassments,Violence
à¦à¦ à¦¹à¦¬à§ à¦à¦¦à¦«à¦¾à¦¦à¦¾à¦° à¦¸à¦¨à§à¦¤à§à¦°à¦¾à¦¸à¦¿ à¦à§à¦°à¦¿à¦®à¦¿à¦¨à¦¾à¦² à¦¯à¦¾à¦° à¦à¦¥à¦¾ à¦à¦° à¦¬à¦¡à¦¿à¦²à§à¦à¦à§à§à§à¦ à¦¦à§à¦à¦²à§ à¦¬à§à¦à¦¾ à¦¯à¦¾à¦¬à§ à¦­à¦¬à¦¿à¦·à¦¤à§ à¦à¦¤ à¦¬à§ à¦à§à¦°à¦¿à¦®à¦¿à¦¨à¦¾à¦² à¦¹à¦¬à§,,,Sexual Harassments,Sexual Harassments
à¦à¦¤à§à¦¯à¦¾à¦à¦¾à¦°à§à¦° à¦¸à§à¦®à¦¾à¦¨à¦¾ à¦à¦¾à§à¦¿à§à§ à¦à§à¦à§ à¦à¦à§à¦¾à¦®à§à¦²à§à¦ à¦ªà¦¤à¦¨ à¦¹à¦¤à§à¦ à¦¹à¦¬à§ à¦à¦ªà¦¾à§ à¦¨à¦¾à¦,,,Sexual Harassments,Sexual Harassments
à¦¶à¦¾à¦²à¦¾ à¦¶à§à¦¯à¦¼à§à¦°à§à¦° à¦¬à¦¾à¦à§à¦à¦¾à¦° à¦à¦¬à¦¸à§à¦¥à¦¾ à¦¦à§à¦  à¦à¦¾à¦¨à¦à¦¿à¦° à¦ªà§à¦¤ à¦à¦¾à¦°à¦ à¦¸à¦¨à§à¦¤à¦¾à¦¨  à¦¤à¦° à¦®à¦¾ à¦§à¦°à§à¦·à¦¿à¦¤à¦¾ à¦ à¦®à§à¦°à§à¦ à¦¤à§à¦ à¦ à¦®à§à¦°à§à¦ à¦¬à§à¦¯à¦¼à¦¾à¦¦à¦¬à§à¦° à¦¬à¦¾à¦à§à¦à¦¾ à¦¬à§à¦¯à¦¼à¦¾à¦¦à¦¬,,,Harmful,Sexual Harassments
à¦¤à§à¦° à¦®à¦¾ à¦ªà¦¾à¦à¦¿à¦¸à§à¦¤à¦¾à¦¨à§à¦° à¦¸à§à¦¨à¦¾à¦¬à¦¾à¦¹à¦¿à¦¨à§à¦° à¦¸à¦à§à¦à§ à¦¬à¦¸à¦¬à¦¾à¦¸ à¦à¦°à¦¤ à¦¶à§à¦ à¦®à§à¦à¦¿à¦¬à¦° à¦¤à§à¦° à¦®à¦¾à¦à§ à¦¤à§à¦° à¦¬à¦¾à¦ªà§à¦° à¦¹à¦¾à¦¤à§ à¦«à¦¿à¦°à§ à¦¦à¦¿à¦¯à¦¼à§à¦à§ à¦à¦à¦¾ à¦à¦¿ à¦¤à§à¦®à¦¾à¦° à¦à¦¾à¦¨à¦¾à¦° à¦à¦¥à¦¾ à¦¨à¦¯à¦¼,,,Sexual Harassments,Sexual Harassments
à¦°à¦¾à¦à¦¾à¦à¦¾à¦° à¦¨à¦¾ à¦¹à¦²à§ à¦ à¦°à¦¾à¦à¦¾à¦à¦¾à¦° à¦¬à¦¾à¦¨à¦¿à§à§ à¦«à§à¦²à¦¬à§ à¦¦à¦¾à¦²à¦¾à¦² à¦®à¦¿à¦¡à¦¿à§à¦¾,,,Sexual Harassments,Violence
à¦¯à§ à¦¸à¦¬ à¦°à¦¾à¦à¦¾à¦à¦¾à¦°à§à¦° à¦¬à¦¾à¦à§à¦à¦¾à¦°à¦¾ à¦à¦ à¦²à¦¾à¦à¦­ à¦¯à§à¦ à¦¦à¦¿à§à§ à¦à¦à§ à¦¬à¦¾à¦à§ à¦à¦®à§à¦¨à§à¦ à¦à¦°à¦à§ à¦¸à¦¬ à¦à§à¦²à§ à¦à§ à¦à¦°à¦¾ à¦¹à¦¬à§ à¦à¦°,,,Sexual Harassments,Violence
à¦ªà¦¾à¦à¦¿à¦¸à§à¦¤à¦¾à¦¨ à¦ à¦¿à¦ à¦à¦¥à¦¾à¦ à¦¬à¦²à§à¦à§ à¦à¦¾à¦®à¦¾à§à¦¾à¦¤à§à¦° à¦ªà¦¿à¦à¦¨à§ à¦¬à¦à¦° à¦¯à§ à¦à¦¾à¦à¦¾ à¦à¦°à¦ à¦à¦°à§à¦à§ à¦¤à¦¾à¦¤à§ à¦ªà§à¦¤à§à¦ à¦ªà¦¾à¦°à§ à¦¤à¦¬à§ à¦¸à§ à¦à¦¾à¦à¦¾ à¦¬à¦¾à¦à¦²à¦¾à¦¦à§à¦¶à§à¦° à¦à¦¨à¦à¦¨ à¦¦à¦¿à¦¬à§ à¦¨à¦¾ à¦à¦¾à¦®à¦¾à§à¦¾à¦¤ à¦ à¦¬à¦¿ à¦à¦¨ à¦ªà¦¿à¦° à¦à¦¿à¦à§ à¦°à¦¾à¦à¦¾à¦à¦¾à¦° à¦¤à¦¾à¦°à¦¾ à¦¦à¦¿à¦¬à§,,,Sexual Harassments,Violence
à¦¦à§à¦ à¦à¦¾à¦¤à§à§ à¦¬à§à¦à¦®à¦¾à¦¨à¦à§ à¦¬à§à¦° à¦à¦°à§ à¦¦à§à§à¦¾à¦° à¦ªà¦° à¦à§à¦²à¦à¦¾à¦¨à§ à¦¶à§à¦°à§ à¦¹à§à§à¦à§,,,Sexual Harassments,Sexual Harassments
à¦°à¦¾à¦à¦¾à¦à¦¾à¦° à¦®à§à¦à§à¦¤ à¦à§à¦ªà¦¾à¦²à¦à¦à§à¦ à¦¦à§à¦à¦¤à§ à¦à¦¾à¦,,,Violence,Offensive
à¦¯à¦¤à¦¦à¦¿à¦¨ à¦ªà¦¦à§à¦®à¦¾ à¦®à§à¦à¦¨à¦¾ à¦¯à¦®à§à¦¨à¦¾ à¦°à¦¬à§ à¦¬à¦¹à¦®à¦¾à¦¨ à¦¤à§à¦®à¦¾à¦° à¦¹à¦¾à¦¤à§à¦ à¦à¦ à¦¬à¦¾à¦à¦²à¦¾ à¦à§à¦à¦¾à¦à¦¾à¦¤à§ à¦¦à§à¦à¦¤à§ à¦à¦¾à¦¯à¦¼ à¦¤à¦¾à¦°à§à¦ à¦à¦¿à§à¦¾ à¦°à¦¹à¦®à¦¾à¦¨,,,Sexual Harassments,Sexual Harassments
à¦¸à¦¾à¦²à§ à¦¯à§ à¦¬à¦¾à¦¬à§ à¦ªà¦¾à¦à¦¿à¦¸à§à¦¤à¦¾à¦¨ à¦°à¦¾à¦à¦¾à¦à¦¾à¦° à¦¬à¦¾à¦¹à§à¦¨à¦¿ à¦à¦¨à¦à¦£ à¦à¦ªà¦°à§ à¦¹à¦¾à¦®à¦²à§ à¦ªà§à§à¦à¦¿à¦²,,,Sexual Harassments,Sexual Harassments
à¦à¦¥à¦¾ à¦¹à¦à¦² à¦à¦¿à§à¦¾ à¦¦à§à¦¶à§à¦° à¦à¦²à¦¿à¦¤à§ à¦à¦²à¦¿à¦¤à§ à¦à¦¿à¦ªà¦¾à§ à¦à§à¦ªà¦¾à§ à¦®à¦¾à¦ à§ à¦à¦¾à¦à§ à¦à¦¾à¦²à§ à¦¬à¦¿à¦²à§ à¦°à¦¾à¦¨à§à¦¨à¦¾à¦à¦°à§ à¦à§à¦²à§à¦à§ à¦à¦¦à§à¦¯à¦¾à¦¨ à¦­à§à¦®à¦¿ à¦à¦°à¦£ à¦­à§à¦®à¦¿ à¦¤à§ à¦ªà¦à§à¦¾ à¦°à¦à¦à§ à¦¹à¦¾à¦à¦¾à¦°à§ à¦à§à¦¾à¦°à¦à§à¦² à¦¸à¦¿à¦®  à¦à¦¾à¦°à¦£ à¦à¦à¦à¦¾à¦ à¦¨à§à¦à¦à§à¦¾à¦°à§à¦ à¦à¦° à¦¬à¦¾à¦²à¦à¦¾à¦² à¦à¦¬à¦¸à§à¦¥à¦¾ à¦«à¦¾à¦ à¦«à¦¾à¦ à¦à¦¾à¦à¦¾ à¦à¦¾à¦à¦¨à§à¦° à¦§à¦¾à¦¨à§à¦¦à¦¾  à¦à¦° à¦¸à§à¦ à¦ªà¦°à¦¿à¦¤à§à¦¯à¦à§à¦¤ à¦¸à¦¿à¦® à¦à§à¦²à¦¾à¦¨ à¦°à§ à¦¦à§à¦¶à§à¦° à¦®à¦¾à¦à¦¿ à¦¥à§à¦à§ à¦à§à¦à¦¾à¦¤ à¦à¦°à¦¾à¦° à¦à¦¨à§à¦¯ à¦¬à¦¿à¦¶à¦¾à¦² à¦ªà¦¦à¦à§à¦·à§à¦ª à¦¨à¦¿à§à§à¦à§ à¦à¦°à§ à¦¬à¦¾à¦¹à¦¿à¦¨à§  à¦¸à§à¦ à¦¹à¦¾à¦à¦¾à¦° à¦¸à¦¾à¦² à¦à¦à§ à¦¥à§à¦à§  à¦¤à¦¾à¦ à¦¤à¦¾à¦°à¦¾ à¦®à¦¾à¦ à§à¦° à¦®à¦§à§à¦¯à§ à¦à¦¾à¦¸à§à¦° à¦à¦¿à¦ªà¦¾à§ à¦à§à¦¾à¦°à¦à§à¦² à¦¸à¦¿à¦® à¦à§à¦à§  à¦à¦¾ à¦ªà¦¾à¦à¦²à§ à¦à¦¾à¦¸ à¦¶à§à¦¦à§à¦§à¦¾ à¦®à§à¦à§ à¦ªà§à¦à§à¦¾ à¦¨à§à§  à¦à¦¦à§à¦¶à§ à¦¬à¦¾à¦à¦à¦¬à§ à¦¨à¦¾ à¦à§à¦ à¦°à¦¾à¦à¦¾à¦à¦¾à¦° à¦¥à§à¦à§à¦à§ à¦à§à¦¾à¦°à¦à§à¦² à¦¸à¦¿à¦® à¦«à¦¾à¦,,,Sexual Harassments,Offensive
à¦à¦ à¦à§à¦ à¦à¦¾à¦à¦¨à¦¿à¦ à¦®à¦¾à¦²à§à¦° à¦®à¦¤à§ à¦¯à§à¦à§à¦¨à§ à¦¸à¦®à§ à¦°à¦ à¦à¦²à§ à¦¯à§à¦¤à§ à¦ªà¦¾à¦°à§,,,Sexual Harassments,Sexual Harassments
à¦à¦° à¦¹à¦²à§à¦¾ à¦°à¦¾à¦à¦¾à¦à¦¾à¦° à¦à¦² à¦¬à¦¦à¦° à¦¬à¦¾à¦¹à¦¿à¦¨à§ à¦®à§à¦à§à¦° à¦²à¦¾à¦à¦¾à¦® à¦¨à¦¾à¦,,,Sexual Harassments,Sexual Harassments
à¦à¦ à¦à¦¾à¦à¦à¦¿à¦° à¦à§à¦²à§ à¦°à¦¾à¦à¦¾à¦à¦¾à¦° à¦¸à¦¬à¦¾à¦ à¦¤à§ à¦à§à¦¤à§à¦¤à¦¾à¦²à§à¦ à¦à¦°à§ à¦à¦ à¦à¦¥à¦¾ à¦¤à§à¦ à¦à¦¾à¦¨à¦¿à¦¸ à¦¨à¦¾,,,Sexual Harassments,Sexual Harassments
à¦¬à¦¿à¦¶à§à¦¬à¦à¦¿à§ à¦à¦° à¦ªà¦° à¦à¦¬à¦¾à¦° à¦à¦¾à¦¦à¦¿à¦à¦¾  à¦¹à¦¾à¦¸à¦¿à¦¨à¦¾ à¦¨à¦¿à¦à§à¦ à¦à¦à¦à¦¨ à¦¸à¦¨à§à¦¤à§à¦°à¦¾à¦¸à§à¦° à¦®à¦¦à¦¦ à¦¦à¦¾à¦¤à¦¾ à¦¨à¦¿à¦à§à¦° à¦à¦à¦²à§à¦° à¦¤à¦²à§ à¦¸à¦¨à§à¦¤à§à¦°à¦¾à¦¸à§ à¦à¦¨à§à¦® à¦¦à§à§  à¦à¦° à¦¦à§à¦¶à§ à¦¬à¦¿à¦¦à§à¦¶à§ à¦¨à¦¾à¦à¦ à¦à¦°à§ à¦¬à§à§à¦¾à§ à¦¸à¦¨à§à¦¤à§à¦°à¦¾à¦¸à§à¦¦à§à¦° à¦à¦¾à§à¦à¦¾ à¦¬à¦¾à¦à¦²à¦¾à¦° à¦®à¦¾à¦à¦¿à¦¤à§ à¦¹à¦¬à§à¦¨à¦¾  à¦¹à¦¾à¦¸à¦¿à¦¨à¦¾à¦° à¦à§à¦¤à§à¦¤à¦¾à¦²à§à¦ à¦à¦° à¦¸à¦¨à§à¦¤à§à¦°à¦¾à¦¸à§à¦°à¦¾ à¦à¦­à¦¾à¦¬à§à¦ à¦¦à§à¦¶à§ à¦¸à¦¨à§à¦¤à§à¦°à¦¾à¦¸à§ à¦à¦¾à¦°à§à¦¯à¦à§à¦°à¦® à¦à¦¾à¦²à¦¾à§  à¦à¦¥à¦ à¦¹à¦²à§à¦¦ à¦à§à¦¤à§à¦¤à¦¾ à¦®à¦¿à¦¡à¦¿à§à¦¾ à¦à¦ à¦¨à¦¿à¦à¦ à¦¸à¦¬à¦¾à¦° à¦¸à¦¾à¦®à¦¨à§ à¦¤à§à¦²à§ à¦§à¦°à§à¦¨à¦¾  à¦à¦ à¦à¦¾à¦ à¦à¦¾à¦¤à§à¦°à¦²à§à¦ à¦¨à¦¾ à¦à¦°à§ à¦¯à¦¦à¦¿ à¦à¦¾à¦¤à§à¦°à¦¦à¦² à¦à¦¿à¦à¦¬à¦¾ à¦à¦¾à¦¤à§à¦°à¦¶à¦¿à¦¬à¦¿à¦° à¦à¦°à¦¤ à¦¤à¦¾à¦¹à¦²à§ à¦®à¦¿à¦¡à¦¿à§à¦¾ à¦¨à¦¿à¦à§à¦ à¦¤à¦¦à¦¨à§à¦¤à§ à¦¨à§à¦®à§ à¦ªà¦°à¦¤  à¦à¦à¦¾ à¦¬à¦¾à¦à¦²à¦¾à¦¦à§à¦¶ à¦à¦¦à§à¦¶à§à¦° à¦®à¦¾à¦¨à§à¦· à¦¬à§à¦à¦¾ à¦¬à¦²à§ à¦¹à¦¾à¦¸à¦¿à¦¨à¦¾ à¦ à¦¤à¦¾à¦° à¦¸à¦¨à§à¦¤à§à¦°à¦¾à¦¸à§ à¦¦à¦² à¦à¦à§à¦¾à¦®à§à¦²à§à¦ à¦à¦à§à¦° à¦ªà¦° à¦à¦ à¦¸à¦¨à§à¦¤à§à¦°à¦¾à¦¸à§ à¦à¦°à§à¦® à¦à¦°à§ à¦ªà¦¾à¦° à¦ªà§à§à§,,,Sexual Harassments,Offensive
à¦à¦à¦à¦¾ à¦¨à¦¾à¦¬à¦¾à¦²à§à¦ à¦à§ à¦à¦¾à¦®à¦¾à¦¤à§à¦° à¦à§à§à¦¾à¦°à§ à¦¬à¦¸à¦¾à¦²à§à¦ à¦¸à§ à¦°à¦¾à¦à¦¾à¦à¦¾à¦°   à¦¹à¦¿ à¦¹à¦¿ à¦¹à¦¿ à¦­à¦¾à¦°à¦ªà§à¦°à¦¾à¦ªà§à¦¤ à¦¦à¦¾à§à¦¿à¦¤à§à¦¬ à¦ªà¦¾à¦²à¦¨ à¦à¦°à¦²à§à¦¨ à¦¤à¦¿à¦¨à¦¿ à¦à§ à¦¬à¦à¦° à¦à¦ à¦¤à¦à¦¨ à¦¤à§ à¦°à¦¾à¦à¦¾à¦à¦¾à¦° à¦¾à¦¹à¦²à§ à¦¨à¦¾,,,Sexual Harassments,Sexual Harassments
à¦¤à¦¬à§ à¦¦à¦°à¦à¦¾à¦° à¦¹à¦²à§ à¦à¦ à¦à¦à§à¦·à§à¦° à¦­à§à¦¤à¦° à¦¥à§à¦à§ à¦¬à¦¾à¦à¦°à§à¦° à¦à¦¾à¦à¦à§ à¦¡à¦¾à¦à¦¤à§ à¦ªà¦¾à¦°à¦¬à§à¦¨ à¦à¦¬à¦ à¦à§à¦ à¦­à§à¦¤à¦°à§ à¦à¦²à§ à¦¤à¦¾à¦à¦° à¦¸à¦à§à¦à§ à¦à¦¥à¦¾à¦¬à¦¾à¦°à§à¦¤à¦¾ à¦¬à¦²à¦¤à§ à¦ªà¦¾à¦°à¦¬à§à¦¨à¥¤,,,Violence,Violence
à¦¤à¦¬à§ à¦¸à§à¦¬à¦¾à¦®à§-à¦¸à§à¦¤à§à¦°à§ à¦¸à§à¦²à¦­ à¦à¦à¦°à¦£ à¦à¦¤à¦¿à¦à¦¾à¦« à¦à¦¬à¦¸à§à¦¥à¦¾à§ à¦¨à¦¿à¦·à¦¿à¦¦à§à¦§,,,Sexual Harassments,Sexual Harassments
"à¦à¦¤à¦¿à¦à¦¾à¦«à¦à¦¾à¦°à§à¦° à¦¬à¦¿à¦¶à§à¦· à¦¸à§à¦¬à¦¿à¦§à¦¾ à¦¹à¦²à§, à¦¯à§ à¦°à¦¾à¦¤à§à¦ à¦¶à¦¬à§ à¦à¦¦à¦° à¦¹à§à¦ à¦¨à¦¾ à¦à§à¦¨, à¦à¦¤à¦¿à¦à¦¾à¦«à¦à¦¾à¦°à§ à¦à¦¤à¦¿à¦à¦¾à¦«à¦°à¦¤ à¦¥à¦¾à¦à¦¾à§ à¦¤à¦¾ à¦ªà§à§à§ à¦¯à¦¾à¦¬à§à¦¨ ",,,Sexual Harassments,Sexual Harassments
"à¦¨à¦«à¦² à¦à¦¤à¦¿à¦à¦¾à¦« à¦®à¦¾à¦¨à¦¤ à¦à¦°à¦²à§ à¦¬à¦¾ à¦à¦°à¦®à§à¦­ à¦à¦°à§ à¦à§à§à§ à¦¦à¦¿à¦²à§, à¦¤à¦¾ à¦ªà§à¦°à§à¦£ à¦à¦°à¦¾ à¦à§à¦¾à¦à¦¿à¦¬",,,Harmful,Violence
à¦à¦¾à¦¨à§à¦¨à¦¾à¦¤à§ à¦¯à¦¾à¦à§à¦¾à¦° à¦¸à¦¹à¦ à¦®à¦¾à¦§à§à¦¯à¦®à¦à§à¦²à§ à¦à§à¦¨à§ à¦¨à¦¿à¦¨à¦ à§§- à¦ªà§à¦°à¦¤à§à¦¯à§à¦ à¦à¦¯à§à¦° à¦ªà¦° à¦à¦¾à¦²à§à¦®à¦¾ à¦¶à¦¾à¦¹à¦¾à¦¦à¦¤ à¦ªà¦¾à¦  à¦à¦°à§à¦¨,,,Sexual Harassments,Sexual Harassments
à¦¯à¦¾à¦à¦¾à¦¤ à¦à¦¦à¦¾à§à§à¦° à¦¸à¦¹à¦ à¦à¦ªà¦¾à§ à¦ à¦à¦¿à¦à§ à¦®à¦¾à¦¸à¦à¦²à¦¾ à¦¦à§à¦¬à§à¦¨à¦¦à¦¾à¦° à¦­à¦¾à¦ à¦ à¦¬à§à¦¨à§à¦°à¦¾! à¦à¦ªà¦¨à¦¾à¦° à¦®à¦¾à¦²à¦¿à¦à¦¾à¦¨à¦¾à¦§à§à¦¨ à¦¸à¦®à§à¦ªà¦¦ à¦à¦²à§à¦²à¦¾à¦¹à§ à¦ªà§à¦°à¦¦à¦¤à§à¦¤ à¦¨à§à§à¦¾à¦®à¦¤à¥¤,,,Sexual Harassments,Sexual Harassments
à¦ªà§à¦°à¦¥à¦®à¦¤ à¦à¦ªà¦¨à¦¾à¦° à¦®à¦¾à¦²à¦¿à¦à¦¾à¦¨à¦¾à¦§à§à¦¨ à¦¸à¦®à§à¦¦à§ à¦¸à¦®à§à¦ªà¦¦à§à¦° à¦®à¦§à§à¦¯ à¦¥à§à¦à§ à¦¯à§à¦¸à¦à¦² à¦¸à¦®à§à¦ªà¦¦à§à¦° à¦¯à¦¾à¦à¦¾à¦¤ à¦¦à¦¿à¦¤à§ à¦¹à§ à¦¨à¦¾ à¦¤à¦¾ à¦à¦²à¦¾à¦¦à¦¾ à¦à¦°à§ à¦«à§à¦²à§à¦¨,,,Sexual Harassments,Sexual Harassments
(à¦¹à§ à¦®à§à¦®à¦¿à¦¨ à¦¸à¦®à§à¦ªà§à¦°à¦¦à¦¾à§!) à¦¨à¦¾à¦®à¦¾à¦ à¦à¦¾à§à§à¦® à¦à¦°à§ à¦à¦¬à¦ à¦¯à¦¾à¦à¦¾à¦¤ à¦ªà§à¦°à¦¦à¦¾à¦¨ à¦à¦°à§,,,Sexual Harassments,Sexual Harassments
à¦¯à¦¾à¦° à¦¬à§à¦¯à¦¬à¦¹à¦¾à¦° à¦à¦²à§à¦²à¦¾à¦¹à¦° à¦¹à§à¦à§à¦® à¦à¦¨à§à¦¯à¦¾à§à§ à¦¹à¦à§à¦¾ à¦à¦¾à¦à¥¤ à¦¤à¦¾à¦ à¦¸à¦®à§à¦ªà¦¦ à¦¨à¦¿à¦ à¦ªà§à¦°à§à§à¦à¦¨à§ à¦¬à§à¦¯à¦¬à¦¹à¦¾à¦°à§à¦° à¦ªà¦¾à¦¶à¦¾à¦ªà¦¾à¦¶à¦¿ à¦à¦¹à¦¾à¦° à¦¸à¦ à¦¿à¦ à¦¯à¦¾à¦à¦¾à¦¤ à¦ªà§à¦°à¦¦à¦¾à¦¨ à¦à¦°à¦¾,,,Sexual Harassments,Sexual Harassments
à¦à¦ªà¦¨à¦¾à¦° à¦®à¦¾à¦²à¦¿à¦à¦¾à¦¨à¦¾à¦§à§à¦¨ à¦¸à¦®à§à¦ªà¦¦ à¦à¦²à§à¦²à¦¾à¦¹à§ à¦ªà§à¦°à¦¦à¦¤à§à¦¤ à¦¨à§à§à¦¾à¦®à¦¤,,,Violence,Violence
à¦¸à§ à¦¦à§à¦¨à¦¿à¦¯à¦¼à¦¾ à¦ à¦à¦à§à¦°à¦¾à¦¤à§ à¦à§à¦·à¦¤à¦¿à¦à§à¦°à¦¸à§à¦¤à¥¤ à¦à¦à¦¾à¦ à¦¤à§ à¦¸à§à¦¸à§à¦ªà¦·à§à¦ à¦à§à¦·à¦¤à¦¿,,,Sexual Harassments,Violence
"à¦¯à¦¿à¦¨à¦¿ à¦¸à§à¦·à§à¦à¦¿ à¦à¦°à§à¦à§à¦¨ à¦®à§à¦¤à§à¦¯à§ à¦ à¦à§à¦¬à¦¨, à¦¯à¦¾à¦¤à§ à¦¤à§à¦®à¦¾à¦¦à§à¦°à¦à§ à¦ªà¦°à§à¦à§à¦·à¦¾ à¦à¦°à§à¦¨ à¦à§ à¦¤à§à¦®à¦¾à¦¦à§à¦° à¦®à¦§à§à¦¯à§ à¦¶à§à¦°à§à¦·à§à¦ ?",,,Sexual Harassments,Sexual Harassments
"à¦­à§-à¦ªà§à¦·à§à¦ à§à¦° à¦¸à¦¬ à¦à¦¿à¦à§à¦à§à¦ à¦à¦®à¦¿ à¦ªà§à¦¥à¦¿à¦¬à§à¦° à¦¶à§à¦­à¦¾ à¦à¦°à§ à¦¦à¦¿à¦¯à¦¼à§à¦à¦¿, à¦®à¦¾à¦¨à§à¦·à¦à§ à¦ à¦ªà¦°à§à¦à§à¦·à¦¾ à¦à¦°à¦¾à¦° à¦à¦¨à§à¦¯ à¦¯à§, à¦¤à¦¾à¦¦à§à¦° à¦®à¦§à§à¦¯à§ à¦à§ à¦à¦°à§à¦®à§ à¦¶à§à¦°à§à¦·à§à¦ ",,,Sexual Harassments,Violence
"à¦¹à¦à¦°à¦¤  à¦à¦¨à¦¾à¦¸ à¦°à¦¾. à¦¥à§à¦à§ à¦¬à¦°à§à¦£à¦¿à¦¤, à¦¤à¦¿à¦¨à¦¿ à¦¬à¦²à§à¦¨- à¦¨à¦¬à§à¦à§ à¦¸à¦¾à¦²à§à¦²à¦¾à¦²à§à¦²à¦¾à¦¹à§ à¦à¦²à¦¾à¦à¦¹à¦¿ à¦à§à¦¾à¦¸à¦¾à¦²à§à¦²à¦¾à¦® à¦à¦à¦¨à§ âà¦à¦¿à¦à§à¦¾à¦¨â-à¦à¦° à¦à¦ªà¦° (à¦à§à¦¬à¦¿à¦² à¦¬à¦¾ à¦à§à¦¬à¦¿à¦²à§à¦° à¦®à¦¤ à¦à¦à¦à§ à¦à¦¿à¦à§à¦¤à§) à¦à¦¾à¦¬à¦¾à¦° à¦°à§à¦à§ à¦à¦¾à¦¨à¦¨à¦¿ à¦à¦¬à¦ âà¦¸à§à¦à¦°à§à¦à¦¾âà¦¤à§à¦ (à¦à§à¦ à¦à§à¦ à¦ªà¦¾à¦¤à§à¦°à¦¬à¦¿à¦¶à§à¦·) à¦¨à§à¥¤ à¦¤à¦¾à¦à¦° à¦à¦¨à§à¦¯ à¦à¦à¦¨à§ à¦ªà¦¾à¦¤à¦²à¦¾ à¦°à§à¦à¦¿à¦ à¦¤à§à¦°à¦¿ à¦à¦°à¦¾ à¦¹à§à¦¨à¦¿à¥¤ (à¦à¦¾à¦¤à¦¾à¦¦à¦¾ à¦¥à§à¦à§ à¦¬à¦°à§à¦£à¦¨à¦¾à¦à¦¾à¦°à§) à¦à¦à¦¨à§à¦¸ à¦à¦¾à¦¤à¦¾à¦¦à¦¾à¦à§ à¦à¦¿à¦à§à¦à§à¦¸ à¦à¦°à¦²à§à¦¨, à¦¤à¦¾à¦¹à¦²à§ à¦¤à¦¾à¦à¦°à¦¾ à¦à§à¦¸à§à¦° à¦à¦ªà¦° à¦à§à¦¤à§à¦¨? à¦¤à¦¿à¦¨à¦¿ à¦¬à¦²à¦²à§à¦¨, âà¦¸à§à¦«à¦°à¦¾âà¦° à¦à¦ªà¦°à¥¤",,,Sexual Harassments,Offensive
"à¦¸à§ à¦¯à§à¦à§ âà¦¸à§à¦«à¦°à¦¾â à¦à¦¿à¦² à¦à¦¾à¦®à§à¦¾à¦°à¥¤ à¦¤à¦¾à¦¤à§ à¦à¦à¦à¦¾ à¦¥à¦¾à¦à¦¤à¥¤ à¦à§à¦²à§ à¦¬à¦¿à¦à¦¾à¦²à§ à¦¦à¦¸à§à¦¤à¦°à¦à¦¾à¦¨, à¦à§à¦à¦¿à§à§ à¦«à§à¦²à¦²à§ à¦¸à¦«à¦°à§à¦° à¦ªà¦¾à¦¥à§à§ à¦°à¦¾à¦à¦¾à¦° à¦®à¦¤ à¦à§à¦ à¦¬à§à¦¯à¦¾à¦à¥¤ âà¦¸à§à¦«à¦°à¦¾âà¦¤à§ à¦¸à¦¾à¦§à¦¾à¦°à¦£à¦¤ à¦¶à§à¦à¦¨à¦¾ à¦à¦¾à¦¬à¦¾à¦° à¦°à§à¦à§ à¦à¦¾à¦à§à¦¾ à¦¹à¦¤à¥¤ ",,,Sexual Harassments,Sexual Harassments
"à¦à¦²à§à¦²à¦¾à¦¹ à¦¤à¦¾à§à¦¾à¦²à¦¾à¦° à¦¸à§à¦·à§à¦à¦¿ à¦¬à§à¦à¦¿à¦¤à§à¦°à§à¦¯à§à¦° à¦à¦¨à§à¦¯à¦¤à¦® à¦ªà§à¦°à¦¾à¦£à§ à¦à¦à¦¤à¥¤ à¦ªà§à¦°à¦¾à¦£à§à¦° à¦à¦¤à§ à¦à¦¤à§ à¦§à¦°à¦¨ à¦°à§à§à¦à§ à¦ªà§à¦¥à¦¿à¦¬à§à¦¤à§ à¦¯à¦¾ à¦®à¦¾à¦¨à§à¦·à¦à§ à¦ªà§à¦°à¦¤à¦¿ à¦®à§à¦¹à§à¦°à§à¦¤à§ à¦¬à¦¿à¦¸à§à¦®à¦¿à¦¤ à¦à¦°à§à¥¤ à¦ªà§à¦°à¦¾à¦£à¦¿à¦à¦à¦¤à¦à§ à¦ªà§à¦¥à¦ à¦à¦¾à¦¤à¦¿à¦¸à¦¤à§à¦¤à¦¾à¦° à¦¸à§à¦¬à§à¦à§à¦¤à¦¿ à¦¦à¦¿à§à§ à¦à§à¦°à¦à¦¨à§ à¦¬à¦²à§à¦¨, âà¦ªà§à¦¥à¦¿à¦¬à§à¦¤à§ à¦¬à¦¿à¦à¦°à¦£à¦¶à§à¦² à¦¯à¦¤ à¦ªà§à¦°à¦¾à¦£à§ à¦à¦à§ à¦à¦° à¦¯à¦¤ à¦ªà¦¾à¦à¦¿ à¦¦à§à¦ à¦¡à¦¾à¦¨à¦¾ à¦®à§à¦²à§ à¦à§à§ à¦¬à§à§à¦¾à§, à¦¤à¦¾à¦°à¦¾ à¦¸à¦¬à¦¾à¦ à¦¤à§à¦®à¦¾à¦¦à§à¦° à¦®à¦¤à§ à¦à¦à§à¦ à¦à¦¾à¦¤à¦¿à¥¤â",,,Sexual Harassments,Harmful
à¦ªà§à¦°à¦¾à¦£à§ à¦à¦à¦¤ à¦¨à¦¿à§à§ à¦®à¦¾à¦¨à§à¦·à§à¦° à¦à¦à§à¦°à¦¹ à¦°à§à§à¦à§ à¦à¦°à¦® à¦®à¦¾à¦¤à§à¦°à¦¾à§à¥¤ à¦­à§à¦à§à¦à¦° à¦¸à¦¬ à¦ªà§à¦°à¦¾à¦£à§à¦ à¦à¦à¦¨ à¦¬à¦¶à§ à¦à¦¨à§ à¦ªà§à¦·à¦à§à¦¨ à¦à¦¨à§à¦à§à¦à¥¤ à¦¶à¦à§à¦° à¦¬à¦¸à§ à¦ªà§à¦·à¦¾ à¦ªà§à¦°à¦¾à¦£à§à¦° à¦¤à¦¾à¦²à¦¿à¦à¦¾à§ à¦à§à¦à§à¦° à¦°à§à§à¦à§ à¦¶à§à¦°à§à¦· à¦à¦¬à¦¸à§à¦¥à¦¾à¦¨à§à¥¤,,,Sexual Harassments,Sexual Harassments
à¦à§à¦à§à¦° à¦¸à¦®à§à¦ªà¦°à§à¦à§ à¦à¦¸à¦²à¦¾à¦®à§à¦° à¦¬à¦¿à¦­à¦¿à¦¨à§à¦¨ à¦¨à¦¿à¦°à§à¦¦à§à¦¶à¦¨à¦¾ à¦°à§à§à¦à§à¥¤ à¦à§à¦¨à§ à¦ªà§à¦°à§à§à¦à¦¨ à¦à¦¾à§à¦¾ à¦à§à¦à§à¦° à¦ªà§à¦·à¦¾à¦° à¦ªà§à¦°à¦¤à¦¿ à¦¨à¦¿à¦°à§à§à¦¸à¦¾à¦¹à¦¿à¦¤ à¦à¦°à¦¾ à¦¹à§à§à¦à§ à¦à¦¸à¦²à¦¾à¦®à§à¥¤,,,Sexual Harassments,Sexual Harassments
"à¦°à¦¾à¦¸à§à¦²à§à¦²à§à¦²à¦¾à¦¹ à¦¸à¦¾. à¦¬à¦²à§à¦à§à¦¨, âà¦¯à§ à¦¬à§à¦¯à¦à§à¦¤à¦¿ à¦¶à¦¿à¦à¦¾à¦° à¦à¦°à¦¾ à¦¬à¦¾ à¦à¦¬à¦¾à¦¦à¦¿ à¦ªà¦¶à§ à¦ªà¦¾à¦¹à¦¾à¦°à¦¾ à¦à¦¥à¦¬à¦¾ à¦¶à¦¸à§à¦¯à¦à§à¦·à§à¦¤ à¦ªà¦¾à¦¹à¦¾à¦°à¦¾ à¦¦à§à¦à§à¦¾à¦° à¦à¦¦à§à¦¦à§à¦¶à§à¦¯ à¦à¦¾à§à¦¾â à¦à§à¦à§à¦° à¦²à¦¾à¦²à¦¨-à¦ªà¦¾à¦²à¦¨ à¦à¦°à§, à¦ªà§à¦°à¦¤à¦¿à¦¦à¦¿à¦¨ à¦à¦ à¦¬à§à¦¯à¦à§à¦¤à¦¿à¦° à¦¦à§à¦ à¦à¦¿à¦°à¦¾à¦¤ à¦ªà¦°à¦¿à¦®à¦¾à¦£ à¦¨à§à¦à¦¿ à¦à¦®à§ à¦¯à¦¾à§à¥¤",,,Sexual Harassments,Harmful
à¦à¦²à§à¦ªà¦¤à§à¦ à¦®à¦¾à¦²à¦¿à¦à§à¦° à¦à¦¨à§à¦à¦¤à§à¦¯ à¦ªà§à¦·à¦¨ à¦à¦°à§ à¦à§à¦à§à¦°à¥¤ à¦¤à¦¾à¦° à¦à¦ à¦à§à¦£à§à¦° à¦à§à¦¯à¦¾à¦¤à¦¿ à¦¦à§à¦¨à¦¿à§à¦¾ à¦à§à§à§à¥¤ à¦à§à¦à§à¦°à¦à§ à¦à¦¨à§à¦à§ à¦­à§à¦ à¦ªà¦¾à§à¥¤ à¦¬à¦¿à¦°à¦à§à¦¤à¦ à¦¹à§ à¦à§à¦à§à¦°à§à¦° à¦¡à¦¾à¦à§à¥¤ à¦¬à¦¿à¦¶à§à¦·à¦¤ à¦°à¦¾à¦¤à§ à¦à§à¦à§à¦°à§à¦° à¦¡à¦¾à¦à§ à¦à§à¦®à§à¦° à¦¸à¦®à¦¸à§à¦¯à¦¾ à¦¹à§ à¦à¦¨à§à¦à§à¦°à¥¤ à¦à¦¨à§à¦à§ à¦à¦¤à¦à§à¦à¦¿à¦¤à¦ à¦¹à¦¨à¥¤,,,Sexual Harassments,Offensive
à¦à¦®à¦¿ à¦à¦²à§à¦²à¦¾à¦¹à¦° à¦à¦¶à§à¦°à§ à¦ªà§à¦°à¦¾à¦°à§à¦¥à¦¨à¦¾ à¦à¦°à¦à¦¿à¥¤,,,Sexual Harassments,Sexual Harassments
"à¦¤à¦¿à¦¨à¦¿ à¦¬à¦²à§à¦¨, à¦°à¦¾à¦¸à§à¦²à§à¦²à§à¦²à¦¾à¦¹ à¦¸à¦¾à¦²à§à¦²à¦¾à¦²à§à¦²à¦¾à¦¹à§ à¦à¦²à¦¾à¦à¦¹à¦¿ à¦à§à¦¾à¦¸à¦¾à¦²à§à¦²à¦¾à¦® à¦¬à¦²à§à¦à§à¦¨, à¦¤à§à¦®à¦°à¦¾ à¦°à¦¾à¦¤à§ à¦à§à¦à§à¦°à§à¦° à¦à§à¦ à¦à§à¦ à¦¶à¦¬à§à¦¦ à¦¶à§à¦¨à¦¤à§ à¦ªà§à¦²à§ âà¦à¦à¦¯à§à¦¬à¦¿à¦²à§à¦²à¦¾à¦¹â à¦¬à¦²à¦¬à§à¥¤ à¦à¦¾à¦°à¦£, à¦¤à¦¾à¦°à¦¾ (à¦à§à¦à§à¦° à¦ à¦à¦¾à¦§à¦¾) à¦¯à¦¾ à¦¦à§à¦à¦¤à§ à¦ªà¦¾à§ à¦¤à§à¦®à¦°à¦¾ à¦¤à¦¾ à¦¦à§à¦à¦¤à§ à¦ªà¦¾à¦ à¦¨à¦¾à¥¤",,,Sexual Harassments,Violence
à¦°à¦¾à¦¸à§à¦² à¦¸à¦¾à¦²à§à¦²à¦¾à¦²à§à¦²à¦¾à¦¹à§ à¦à¦²à¦¾à¦à¦¹à¦¿ à¦à§à¦¾à¦¸à¦¾à¦²à§à¦²à¦¾à¦® à¦ªà§à¦°à§ à¦à¦®à§à¦®à¦¤à§ à¦®à§à¦¹à¦¾à¦®à§à¦®à¦¾à¦¦à§à¦° à¦à¦¨à§à¦¯ à¦à¦²à§à¦²à¦¾à¦¹ à¦¤à¦¾à§à¦¾à¦²à¦¾à¦° à¦ªà¦à§à¦· à¦¥à§à¦à§ à¦à¦²à§à¦¯à¦¾à¦£ à¦¨à¦¿à§à§ à¦à¦¸à§à¦à§à¦¨à¥¤ à¦¤à¦¿à¦¨à¦¿ à¦¤à¦¾à¦¦à§à¦°à¦à§ à¦¹à§à¦¦à¦¾à§à§à¦¤à§à¦° à¦¬à¦¾à¦£à§ à¦¶à§à¦¨à¦¿à§à§à¦à§à¦¨à¥¤,,,Sexual Harassments,Sexual Harassments
"à¦­à¦¾à¦²à§-à¦®à¦¨à§à¦¦à§à¦° à¦¶à¦¿à¦à§à¦·à¦¾ à¦¦à¦¿à§à§à¦à§à¦¨à¥¤ à¦¸à¦¬ à¦¸à¦®à§ à¦¸à¦°à¦² à¦¸à¦ à¦¿à¦ à¦ªà¦¥ à¦à¦¬à¦²à¦®à§à¦¬à¦¨ à¦à¦°à¦¤à§ à¦¬à¦²à§à¦à§à¦¨à¥¤ à¦¹à¦à¦°à¦¤ à¦à¦¬à§  à¦¯à¦¾à¦° à¦à§à¦¨à¦¦à§à¦¬ à¦à¦¬à¦¨ à¦à§à¦¨à¦¾à¦¦à¦¾à¦¹ à¦ à¦à¦¬à§ à¦à¦¬à§à¦¦à§à¦° à¦°à¦¹à¦®à¦¾à¦¨ à¦®à§à¦à¦¯ à¦à¦¬à¦¨à§ à¦à¦¾à¦¬à¦¾à¦² à¦°à¦¾. à¦¥à§à¦à§ à¦¬à¦°à§à¦£à¦¿à¦¤,",,,Sexual Harassments,Sexual Harassments
"à¦à¦²à§à¦²à¦¾à¦¹à¦à§ à¦¸à¦à¦°à¦à§à¦·à¦£ à¦à¦°à¦¬à§ à¦¤à§ à¦¤à¦¿à¦¨à¦¿ à¦¤à§à¦®à¦¾à¦à§ à¦¸à¦à¦°à¦à§à¦·à¦£ à¦à¦°à¦¬à§à¦¨, à¦à¦²à§à¦²à¦¾à¦¹à¦à§ à¦¸à§à¦®à¦°à¦£ à¦à¦°à¦²à§ à¦¤à¦¾à¦à¦à§ à¦¤à§à¦®à¦¾à¦° à¦¸à¦¾à¦®à¦¨à§à¦ à¦ªà¦¾à¦¬à§à¥¤",,,Sexual Harassments,Sexual Harassments
à¦¯à¦à¦¨ à¦à¦¿à¦à§ à¦à¦¾à¦à¦¬à§ à¦à¦²à§à¦²à¦¾à¦¹à¦° à¦à¦¾à¦à§à¦ à¦à¦¾à¦à¦¬à§; à¦¯à¦à¦¨ à¦¸à¦¾à¦¹à¦¾à¦¯à§à¦¯ à¦à¦¾à¦à¦¬à§ à¦à¦²à§à¦²à¦¾à¦¹à¦° à¦à¦¾à¦à§à¦ à¦¸à¦¾à¦¹à¦¾à¦¯à§à¦¯ à¦à¦¾à¦à¦¬à§à¥¤,,,Sexual Harassments,Sexual Harassments
"à¦¸à¦à¦² à¦®à¦¾à¦¨à§à¦· à¦¯à¦¦à¦¿ à¦¤à§à¦®à¦¾à¦° à¦à§à¦¨à§ à¦à¦ªà¦à¦¾à¦° à¦à¦°à¦¤à§ à¦à¦¾à§ à¦¤à¦¬à§ à¦à¦²à§à¦²à¦¾à¦¹ à¦¤à§à¦®à¦¾à¦° à¦à¦¨à§à¦¯ à¦¯à¦¾ à¦¨à¦¿à¦°à§à¦¦à¦¿à¦·à§à¦ à¦à¦°à§ à¦¦à¦¿à§à§à¦à§à¦¨, à¦¤à¦¾ à¦à¦¾à§à¦¾ à¦à¦° à¦à§à¦¨à§ à¦à¦ªà¦à¦¾à¦° à¦à¦°à¦¤à§ à¦ªà¦¾à¦°à¦¬à§ à¦¨à¦¾à¥¤",,,Sexual Harassments,Sexual Harassments
à¦à¦° à¦¯à¦¦à¦¿ à¦¸à¦à¦² à¦®à¦¾à¦¨à§à¦· à¦¤à§à¦®à¦¾à¦° à¦à§à¦¨à§ à¦à¦¨à¦¿à¦·à§à¦ à¦à¦°à¦¤à§ à¦à¦¾à§ à¦¤à¦¬à§ à¦à¦²à§à¦²à¦¾à¦¹ à¦¤à§à¦®à¦¾à¦° à¦à¦¨à§à¦¯ à¦¯à¦¾ à¦¨à¦¿à¦°à§à¦¦à¦¿à¦·à§à¦ à¦à¦°à§ à¦¦à¦¿à§à§à¦à§à¦¨ à¦¤à¦¾ à¦à¦¾à§à¦¾ à¦à¦° à¦à§à¦¨ à¦à¦¨à¦¿à¦·à§à¦ à¦à¦°à¦¤à§ à¦ªà¦¾à¦°à¦¬à§ à¦¨à¦¾à¥¤ à¦à¦²à¦® à¦¤à§à¦²à§ à¦¨à§à§à¦¾ à¦¹à§à§à¦à§ à¦à¦¬à¦ à¦ªà§à¦·à§à¦ à¦¾ à¦¶à§à¦à¦¿à§à§ à¦à§à¦à§à¥¤,,,Sexual Harassments,Violence
"à¦¹à¦¾à¦¦à¦¿à¦¸à§ à¦¬à¦°à§à¦£à¦¿à¦¤ à¦à¦²à§à¦²à¦¾à¦¹à¦à§ à¦¸à¦à¦°à¦à§à¦·à¦£ à¦à¦°à¦¾à¦° à¦à¦°à§à¦¥, à¦à¦²à§à¦²à¦¾à¦¹à¦° à¦¤à¦¾à¦à¦¹à§à¦¦ à¦ à¦à¦§à¦¿à¦à¦¾à¦° à¦¸à¦à¦°à¦à§à¦·à¦£à¥¤ à¦à¦²à§à¦²à¦¾à¦¹à¦° à¦à¦¦à§à¦¶ à¦¨à¦¿à¦·à§à¦§ à¦ à¦¶à¦°à§à§à¦¤à§à¦° à¦¬à¦¿à¦§à¦¿-à¦¬à¦¿à¦§à¦¾à¦¨à§à¦° à¦¸à§à¦®à¦¾à¦°à§à¦à¦¾ à¦¸à¦à¦°à¦à§à¦·à¦£à¥¤",,,Sexual Harassments,Violence
"à¦¤à¦¿à¦°à¦®à¦¿à¦à¦¿ à¦à¦¾à§à¦¾ à¦à¦¨à§à¦¯ à¦¬à¦°à§à¦£à¦¨à¦¾à§ à¦¬à¦²à¦¾ à¦¹à§à§à¦à§, à¦à¦²à§à¦²à¦¾à¦¹à¦à§ à¦¸à§à¦®à¦°à¦£ à¦à¦°à¦²à§ à¦¤à¦¾à¦à¦à§ à¦¤à§à¦®à¦¾à¦° à¦¸à¦¾à¦®à¦¨à§ à¦ªà¦¾à¦¬à§, à¦¤à§à¦®à¦¿ à¦¸à§à¦¬à¦à§à¦à¦² à¦à¦¬à¦¸à§à¦¥à¦¾à§ à¦à¦²à§à¦²à¦¾à¦¹à¦à§ à¦¸à§à¦®à¦°à¦£ à¦à¦°à¦²à§ à¦¤à¦¿à¦¨à¦¿ à¦¤à§à¦®à¦¾à¦à§ à¦à¦ à¦¿à¦¨ à¦à¦¬à¦¸à§à¦¥à¦¾à§ à¦¸à§à¦®à¦°à¦£ à¦à¦°à¦¬à§à¦¨à¥¤",,,Violence,Violence
"à¦¯à¦¾ à¦¤à§à¦®à¦¿ à¦ªà§à¦²à§ à¦¨à¦¾, à¦¤à¦¾ à¦¤à§à¦®à¦¾à¦° à¦ªà¦¾à¦¬à¦¾à¦° à¦à¦¿à¦² à¦¨à¦¾, à¦à¦° à¦¯à¦¾ à¦¤à§à¦®à¦¿ à¦ªà§à¦²à§ à¦¤à¦¾ à¦¤à§à¦®à¦¿ à¦¨à¦¾ à¦ªà§à§à§ à¦¥à¦¾à¦à¦¤à§ à¦¨à¦¾à¥¤",,,Sexual Harassments,Sexual Harassments
à¦§à§à¦°à§à¦¯à§à¦¯ à¦§à¦¾à¦°à¦£à§à¦° à¦«à¦²à§ (à¦à¦²à§à¦²à¦¾à¦¹à¦°) à¦¸à¦¾à¦¹à¦¾à¦¯à§à¦¯ à¦²à¦¾à¦­ à¦à¦°à¦¾ à¦¯à¦¾à§à¥¤ à¦à¦·à§à¦à§à¦° à¦ªà¦° à¦¸à§à¦¬à¦¾à¦à§à¦à¦¨à§à¦¦ à¦à¦¸à§à¥¤ à¦à¦ à¦¿à¦¨ à¦à¦¬à¦¸à§à¦¥à¦¾à¦° à¦ªà¦° à¦¸à§à¦¬à¦à§à¦à¦²à¦¤à¦¾ à¦à¦¸à§à¥¤,,,Sexual Harassments,Sexual Harassments
à¦à¦ à¦¬à¦à¦° à¦¬à§à¦¸à§ à¦®à¦¾à§à§à¦° à¦¸à¦à§à¦à§ à¦¨à¦¾à¦¨à¦¾à¦° à¦¬à¦¾à§à¦¿à¦° à¦¯à¦¾à¦à§à¦¾à¦° à¦ªà¦¥à§ à¦²à§à¦à§à¦°à¦¾à¦¦à§à¦° à¦à¦¬à¦²à§ à¦ªà§à§ à¦¤à¦¾à¦¦à§à¦° à¦à¦¾à¦«à§à¦²à¦¾à¥¤ à¦§à¦¨-à¦¸à¦®à§à¦ªà¦¦ à¦²à§à¦ à¦à¦°à§ à¦¯à¦¾à§à¦¿à¦¦à¦à§ à¦¦à¦¾à¦¸ à¦¹à¦¿à¦¸à§à¦¬à§ à¦¬à¦¨à§à¦¦à§ à¦à¦°à§ à¦®à¦à§à¦à¦¾à¦° à¦à¦à¦¾à¦ à¦¨à¦¾à¦®à¦ à¦®à§à¦²à¦¾à¦° à¦¬à¦¾à¦à¦¾à¦°à§ à¦¬à¦¿à¦à§à¦°à¦¿ à¦à¦°à§ à¦¦à§à§ à¦¡à¦¾à¦à¦¾à¦¤ à¦¦à¦²à¥¤,,,Sexual Harassments,Violence
à¦à¦¾à¦¦à¦¿à¦à¦¾ à¦°à¦¾.-à¦à¦° à¦­à¦¾à¦¤à¦¿à¦à¦¾ à¦¹à¦¾à¦à§à¦® à¦à¦¬à¦¨à§ à¦¹à¦¿à¦¯à¦¾à¦® à¦à¦¬à¦¨à§ à¦à§à§à¦¾à¦à¦²à¦¿à¦¦ à¦à¦à¦¾à¦ à¦®à§à¦²à¦¾ à¦¥à§à¦à§ à¦¯à¦¾à§à¦¿à¦¦à¦à§ à¦à¦¿à¦¨à§ à¦«à§à¦«à§à¦à§ à¦à¦ªà¦¹à¦¾à¦° à¦¦à§à¦¨à¥¤ à¦à¦¾à¦¦à¦¿à¦à¦¾ à¦­à¦¾à¦¤à¦¿à¦à¦¾à¦° à¦à¦¾à¦ à¦¥à§à¦à§ à¦à¦ªà¦¹à¦¾à¦° à¦ªà¦¾à¦à§à¦¾ à¦à¦ à¦¦à¦¾à¦¸à¦à§ à¦°à¦¾à¦¸à§à¦² à¦¸à¦¾.-à¦à¦° à¦¹à¦¾à¦¤à§ à¦¤à§à¦²à§ à¦¦à§à¦¨à¥¤,,,Sexual Harassments,Sexual Harassments
à¦°à¦¾à¦¸à§à¦²à§à¦° à¦à¦¾à¦à§ à¦ªà§à¦°à¦¤à¦¿à¦ªà¦¾à¦²à¦¿à¦¤ à¦¹à¦¤à§ à¦¥à¦¾à¦à¦²à§à¦¨ à¦¯à¦¾à§à¦¿à¦¦à¥¤ à¦¤à¦¾à¦à¦° à¦à¦¾à¦ à¦¥à§à¦à§ à¦¶à¦¿à¦à¦²à§à¦¨ à¦à¦¤à§à¦¤à¦® à¦à¦°à¦¿à¦¤à§à¦° à¦ à¦®à¦¾à¦¨à¦¬à¦¿à¦à¦à§à¦£à¥¤ à¦ªà¦°à¦¿à¦¬à¦¾à¦° à¦¹à¦¾à¦°à¦¿à§à§à¦ à¦à¦¨à¦¨à§à¦¦à§ à¦¸à¦®à§ à¦à¦¾à¦à¦¤à§ à¦²à¦¾à¦à¦²à§ à¦¤à¦¾à¦à¦°à¥¤,,,Sexual Harassments,Sexual Harassments
à¦à¦¦à¦¿à¦à§ à¦à§à¦²à§à¦à§ à¦¹à¦¾à¦°à¦¿à§à§ à¦à¦¸à§à¦¥à¦¿à¦° à¦¹à§à§ à¦à¦ à§à¦¨ à¦¯à¦¾à§à¦¿à¦¦à§à¦° à¦®à¦¾à¥¤ à¦¯à¦¾à§à¦¿à¦¦à§à¦° à¦¬à¦¾à¦¬à¦¾ à¦¸à¦®à§à¦­à¦¾à¦¬à§à¦¯ à¦¸à¦¬ à¦à¦¾à§à¦à¦¾à§ à¦à§à¦à¦à§à¦ à¦¸à¦¨à§à¦§à¦¾à¦¨ à¦ªà§à¦²à§à¦¨ à¦¨à¦¾à¥¤ à¦¸à§à¦ à¦¬à¦à¦° à¦¹à¦à§à¦° à¦®à§à¦¸à§à¦®à§ à¦¯à¦¾à§à¦¿à¦¦à§à¦° à¦à§à¦¤à§à¦°à§à¦° à¦à¦¿à¦à§ à¦²à§à¦ à¦®à¦à§à¦à¦¾à§ à¦à¦²à§à¦¨ à¦¹à¦ à¦à¦°à¦¤à§à¥¤ à¦à¦¾à¦¬à¦¾ à¦¤à¦¾à¦à§à¦¾à¦«à§à¦° à¦¸à¦®à§ à¦¹à¦ à¦¾à§ à¦¤à¦¾à¦à¦° à¦¸à¦à§à¦à§ à¦¦à§à¦à¦¾à¥¤ à¦¹à¦ à¦¶à§à¦·à§ à¦«à¦¿à¦°à§ à¦à¦¿à§à§ à¦¯à¦¾à§à¦¿à¦¦à§à¦° à¦¬à¦¾à¦¬à¦¾à¦à§ à¦¤à¦¾à¦° à¦¸à¦¨à§à¦§à¦¾à¦¨ à¦¦à¦¿à¦²à§à¦¨à¥¤,,,Sexual Harassments,Sexual Harassments
à¦¸à¦¨à§à¦§à¦¾à¦¨ à¦ªà§à§à§ à¦à§à¦²à§à¦° à¦®à§à¦à§à¦¤à¦¿à¦ªà¦£à§à¦° à¦à¦¨à§à¦¯ à¦¨à¦à¦¦ à¦à¦°à§à¦¥à¦¸à¦¹ à¦¨à¦¿à¦à§à¦° à¦­à¦¾à¦ à¦à¦¾à¦¬à¦à§ à¦¨à¦¿à§à§ à¦°à¦¾à¦¸à§à¦² à¦¸à¦¾.-à¦à¦° à¦à¦¾à¦à§ à¦à§à¦²à§à¦¨ à¦¤à¦¿à¦¨à¦¿à¥¤,,,Sexual Harassments,Sexual Harassments
"à¦¹à§ à¦à¦¬à¦¦à§à¦² à¦®à§à¦¤à§à¦¤à¦¾à¦²à¦¿à¦¬à§à¦° à¦¬à¦à¦¶à¦§à¦°! à¦à¦ªà¦¨à¦¾à¦°à¦¾ à¦à¦²à§à¦²à¦¾à¦¹à¦° à¦à¦°à§à¦° à¦ªà§à¦°à¦¤à¦¿à¦¬à§à¦¶à§à¥¤ à¦à¦¸à¦¹à¦¾à§à§à¦° à¦¸à¦¾à¦¹à¦¾à¦¯à§à¦¯à¦à¦¾à¦°à§, à¦à§à¦·à§à¦§à¦¾à¦°à§à¦¤à¦à§ à¦à¦¨à§à¦¨à¦¦à¦¾à¦¨à¦à¦¾à¦°à§ à¦ à¦à¦¶à§à¦°à§à¦ªà§à¦°à¦¾à¦¥à§à¦°à§à¦à§ à¦à¦¶à§à¦°à§ à¦¦à¦¾à¦¨à¦à¦¾à¦°à§à¥¤",,,Sexual Harassments,Violence
"à¦à¦ªà¦¨à¦¾à¦° à¦à¦¾à¦à§ à¦à¦®à¦¾à¦¦à§à¦° à¦à§à¦²à§ à¦à¦à§ à¦¤à¦¾à¦à§ à¦¨à¦¿à¦¤à§ à¦à¦¸à§à¦à¦¿, à¦¸à¦à§à¦à§ à¦®à§à¦à§à¦¤à¦¿à¦ªà¦£à¦ à¦à¦¨à§à¦à¦¿à¥¤ à¦à¦ªà¦¨à¦¿ à¦à¦à§à¦à¦¾à¦®à¦¤à§ à¦®à§à¦à§à¦¤à¦¿à¦ªà¦£ à¦¨à¦¿à§à§ à¦à¦®à¦¾à¦° à¦à§à¦²à§à¦à§ à¦¦à¦¿à§à§ à¦¦à¦¿à¦¨à¥¤",,,Sexual Harassments,Sexual Harassments
"à¦°à¦¾à¦¸à§à¦² à¦¸à¦¾. à¦¬à¦²à¦²à§à¦¨, à¦®à§à¦à§à¦¤à¦¿à¦ªà¦£à§à¦° à¦ªà§à¦°à§à§à¦à¦¨ à¦¨à§à¦, à¦¯à¦¾à§à¦¿à¦¦ à¦¯à¦¦à¦¿ à¦à¦ªà¦¨à¦¾à¦¦à§à¦° à¦¸à¦à§à¦à§ à¦¯à§à¦¤à§ à¦à¦¾à§ à¦¤à¦¾à¦¹à¦²à§ à¦¨à¦¿à§à§ à¦¯à¦¾à¦¨à¥¤ à¦à¦° à¦à¦®à¦¾à¦° à¦¸à¦à§à¦à§ à¦¥à§à¦à§ à¦¯à§à¦¤à§ à¦à¦¾à¦à¦²à§ à¦à¦¾à¦®à¦° à¦à¦¿à¦à§ à¦à¦°à¦¾à¦° à¦¨à§à¦à¥¤ à¦à¦°à¦ªà¦° à¦¤à¦¾à¦à¦à§ à¦¡à§à¦à§ à¦à¦¾à¦¨à¦¤à§ à¦à¦¾à¦à§à¦¾ à¦¹à¦²à§ à¦¬à¦¾à¦¬à¦¾à¦° à¦¸à¦à§à¦à§ à¦¯à¦¾à¦¬à§ à¦à¦¿ à¦¨à¦¾?",,,Offensive,Offensive
"à¦¤à¦¿à¦¨à¦¿ à¦®à§à¦¹à¦¾à¦®à§à¦®à¦¦ à¦¸à¦¾.-à¦à¦° à¦à¦¾à¦à§ à¦¥à§à¦à§ à¦¯à¦¾à¦à§à¦¾à¦° à¦¸à¦¿à¦¦à§à¦§à¦¾à¦¨à§à¦¤à§à¦° à¦à¦¥à¦¾ à¦à¦¾à¦¨à¦¾à¦²à§à¦¨à¥¤ à¦à¦¤à§ à¦¬à¦¾à¦¬à¦¾ à¦à¦·à§à¦ à¦ªà§à¦²à§à¦¨à¥¤ à¦¯à¦¾à§à¦¿à¦¦ à¦¬à¦¾à¦¬à¦¾à¦à§ à¦¬à¦²à¦²à§à¦¨, à¦à¦®à¦¿ à¦à¦ à¦¬à§à¦¯à¦à§à¦¤à¦¿à¦° à¦­à§à¦¤à¦° à¦à¦®à¦¨ à¦à¦¿à¦à§ à¦¦à§à¦à§à¦à¦¿ à¦¯à¦¾ à¦à¦¨à§à¦¯ à¦à¦¾à¦°à§ à¦®à¦¾à¦à§ à¦¦à§à¦à¦¿à¦¨à¦¿à¥¤",,,Harmful,Harmful
"à¦¯à¦¾à§à¦¿à¦¦à§à¦° à¦¸à¦¿à¦¦à§à¦§à¦¾à¦¨à§à¦¤à§à¦° à¦ªà¦° à¦°à¦¾à¦¸à§à¦² à¦¸à¦¾. à¦¤à¦¾à¦à¦à§ à¦¨à¦¿à§à§ à¦à¦¾à¦¬à¦¾à¦ªà§à¦°à¦¾à¦à§à¦à¦£à§ à¦à§à¦²à§à¦¨, à¦à¦ªà¦¸à§à¦¥à¦¿à¦¤ à¦à§à¦°à¦¾à¦à¦¶à¦¦à§à¦° à¦¸à¦¾à¦®à¦¨à§ à¦à§à¦·à¦£à¦¾ à¦¦à¦¿à¦²à§à¦¨, à¦¤à§à¦®à¦°à¦¾ à¦à§à¦¨à§ à¦°à§à¦à§, à¦à¦ à¦¥à§à¦à§ à¦¯à¦¾à§à¦¿à¦¦ à¦à¦®à¦¾à¦° à¦à§à¦²à§à¥¤ à¦¸à§ à¦¹à¦¬à§ à¦à¦®à¦¾à¦° à¦à¦¬à¦ à¦à¦®à¦¿ à¦¹à¦¬à§ à¦¤à¦¾à¦° à¦à¦¤à§à¦¤à¦°à¦¾à¦§à¦¿à¦à¦¾à¦°à§à¥¤",,,Sexual Harassments,Sexual Harassments
à¦®à¦à§à¦à¦¾à¦° à¦¬à¦¿à¦¶à¦¸à§à¦¤ à¦®à§à¦¹à¦¾à¦®à§à¦®à¦¦à§à¦° à¦à¦¾à¦ à¦¥à§à¦à§ à¦à¦®à¦¨ à¦à§à¦·à¦£à¦¾à§ à¦à§à¦¶à¦¿ à¦¹à¦²à§à¦¨ à¦¯à¦¾à§à¦¿à¦¦à§à¦° à¦¬à¦¾à¦¬à¦¾ à¦ à¦à¦¾à¦à¦¾à¥¤ à¦¤à¦¾à¦°à¦¾ à¦ªà§à¦°à¦¶à¦¾à¦¨à§à¦¤ à¦à¦¿à¦¤à§à¦¤à§ à¦«à¦¿à¦°à§ à¦à§à¦²à§à¦¨ à¦¨à¦¿à¦à§à¦° à¦à§à¦¤à§à¦°à§à¥¤ à¦à¦°à¦ªà¦° à¦¥à§à¦à§ à¦¯à¦¾à§à¦¿à¦¦à§à¦° à¦¨à¦¾à¦® à¦¹à¦²à§ à¦¯à¦¾à§à¦¿à¦¦ à¦à¦¬à¦¨à§ à¦®à§à¦¹à¦¾à¦®à§à¦®à¦¦à¥¤  à¦¸à¦¬à¦¾à¦ à¦¤à¦¾à¦à§ à¦®à§à¦¹à¦¾à¦®à§à¦®à¦¦à§à¦° à¦à§à¦²à§ à¦¹à¦¿à¦¸à§à¦¬à§à¦ à¦¸à¦®à§à¦¬à§à¦§à¦¨ à¦à¦°à¦¤à§ à¦²à¦¾à¦à¦²à§à¥¤,,,Sexual Harassments,Harmful
à¦à¦¬à¦¶à§à¦·à§ à¦à¦²à§à¦²à¦¾à¦¹ à¦¤à¦¾à§à¦¾à¦²à¦¾ à¦¸à§à¦°à¦¾ à¦à¦¹à¦¯à¦¾à¦¬à§à¦° â à¦¤à¦¾à¦¦à§à¦°à¦à§ à¦ªà¦¿à¦¤à¦¾à¦° à¦¨à¦¾à¦®à§à¦ à¦¡à¦¾à¦à§à¦¾â à¦à§à¦¾à¦¤ à¦¨à¦¾à¦à¦¿à¦²à§ à¦®à¦¾à¦§à§à¦¯à¦®à§ à¦§à¦°à§à¦®à¦ªà§à¦¤à§à¦° à¦à§à¦°à¦¹à¦£à§à¦° à¦ªà§à¦°à¦¥à¦¾ à¦¬à¦¾à¦¤à¦¿à¦² à¦à¦°à§à¦¨à¥¤ à¦à¦°à¦ªà¦° à¦¤à¦¿à¦¨à¦¿ à¦à¦¬à¦¾à¦° à¦¯à¦¾à§à¦¿à¦¦ à¦à¦¬à¦¨à§ à¦¹à¦¾à¦°à¦¿à¦¸à¦¾ à¦¨à¦¾à¦®à§ à¦ªà¦°à¦¿à¦à¦¿à¦¤à¦¿ à¦²à¦¾à¦­ à¦à¦°à§à¦¨à¥¤,,,Sexual Harassments,Sexual Harassments
à¦°à¦¾à¦¸à§à¦² à¦¸à¦¾. à¦¨à¦¬à§à§à¦¤ à¦²à¦¾à¦­à§à¦° à¦ªà¦° à¦¸à¦°à§à¦¬à¦ªà§à¦°à¦¥à¦® à¦à¦¸à¦²à¦¾à¦® à¦à§à¦°à¦¹à¦£à¦à¦¾à¦°à§à¦¦à§à¦° à¦à¦¾à¦¤à¦¾à¦°à§ à¦¨à¦¾à¦® à¦²à§à¦à¦¾à¦¨à§à¦° à¦¸à§à¦­à¦¾à¦à§à¦¯ à¦²à¦¾à¦­ à¦à¦°à§à¦¨ à¦¤à¦¿à¦¨à¦¿à¥¤ à¦¤à¦¿à¦¨à¦¿ à¦ªà§à¦°à§à¦· à¦¦à¦¾à¦¸à¦¦à§à¦° à¦®à¦§à§à¦¯à§ à¦ªà§à¦°à¦¥à¦® à¦à¦¸à¦²à¦¾à¦® à¦à§à¦°à¦¹à¦£à¦à¦¾à¦°à§à¥¤,,,Sexual Harassments,Offensive
"à¦ªà¦°à¦¬à¦°à§à¦¤à§à¦¤à§ à¦¤à¦¿à¦¨à¦¿ à¦°à¦¾à¦¸à§à¦² à¦¸à¦¾.-à¦à¦°  à¦¬à¦¿à¦¶à§à¦¬à¦¾à¦¸à¦­à¦¾à¦à¦¨ à¦à¦®à¦¿à¦¨, à¦¤à¦¾à¦à¦° à¦¸à§à¦¨à¦¾à¦¬à¦¾à¦¹à¦¿à¦¨à§à¦° à¦à¦®à¦¾à¦£à§à¦¡à¦¾à¦° à¦ à¦¤à¦¾à¦à¦° à¦à¦¨à§à¦ªà¦¸à§à¦¥à¦¿à¦¤à¦¿à¦¤à§ à¦®à¦¦à¦¿à¦¨à¦¾à¦° à¦à¦¸à§à¦¥à¦¾à§à§ à¦¤à¦¤à§à¦¤à§à¦¬à¦¾à¦¬à¦§à¦¾à§à¦à§à¦° à¦¦à¦¾à§à¦¿à¦¤à§à¦¬ à¦ªà¦¾à¦¨à¥¤",,,Violence,Violence
"à¦°à¦¾à¦¸à§à¦² à¦¸à¦¾. à¦¯à¦¾à§à¦¿à¦¦à¦à§ à¦¨à¦¿à¦à§à¦° à¦¸à¦¨à§à¦¤à¦¾à¦¨à§à¦° à¦®à¦¤à§ à¦­à¦¾à¦²à§à¦¬à¦¾à¦¸à¦¤à§à¦¨à¥¤ à¦¯à¦¾à§à¦¿à¦¦ à¦¦à§à¦°à§ à¦à§à¦¥à¦¾à¦ à¦à§à¦²à§ à¦¤à¦¿à¦¨à¦¿ à¦à§à¦à¦£à§à¦ à¦¿à¦¤ à¦¹à§à§ à¦à¦ à¦¤à§à¦¨, à¦«à¦¿à¦°à§ à¦à¦²à§ à¦ªà§à¦°à¦«à§à¦²à§à¦² à¦¹à¦¤à§à¦¨à¥¤ à¦¤à¦¾à¦à¦° à¦¸à¦à§à¦à§ à¦¯à§à¦­à¦¾à¦¬à§ à¦à¦¨à¦¨à§à¦¦à§ à¦¦à§à¦à¦¾ à¦à¦°à¦¤à§à¦¨ à¦à¦¨à§à¦¯ à¦à¦¾à¦°à§ à¦¸à¦à§à¦à§ à¦¸à¦¾à¦à§à¦·à¦¾à¦¤à§à¦° à¦¸à¦®à§ à¦°à¦¾à¦¸à§à¦²à¦à§ à¦à¦¤à§à¦à¦¾ à¦à§à¦¶à¦¿ à¦¦à§à¦à¦¾ à¦¯à§à¦¤à§ à¦¨à¦¾à¥¤",,,Offensive,Offensive
à¦¯à¦¾à§à¦¿à¦¦ à¦à¦¬à¦¨à§ à¦¹à¦¾à¦°à¦¿à¦¸à¦¾ à¦®à¦¦à¦¿à¦¨à¦¾à§ à¦«à¦¿à¦°à§ à¦à¦²à§à¥¤ à¦°à¦¾à¦¸à§à¦² à¦¸à¦¾. à¦¤à¦à¦¨ à¦à¦®à¦¾à¦° à¦à¦°à§à¥¤ à¦¸à§ à¦¦à¦°à¦à¦¾à§ à¦à§à¦¾ à¦¨à¦¾à§à¦²à§à¥¤ à¦°à¦¾à¦¸à§à¦² à¦¸à¦¾. à¦ªà§à¦°à¦¾à§ à¦à¦¾à¦²à¦¿ à¦à¦¾à§à§ à¦à¦ à§ à¦¦à¦¾à¦à§à¦¾à¦²à§à¦¨à¥¤  à¦¤à¦à¦¨ à¦¤à¦¾à¦à¦° à¦¦à§à¦¹à§ à¦¨à¦¾à¦­à§ à¦¥à§à¦à§ à¦¹à¦¾à¦à¦à§ à¦ªà¦°à§à¦¯à¦¨à§à¦¤ à¦à¦ à¦ªà§à¦°à¦¸à§à¦¥ à¦à¦¾à¦ªà§ à¦à¦¾à§à¦¾ à¦à¦° à¦à¦¿à¦à§ à¦à¦¿à¦² à¦¨à¦¾à¥¤ à¦ à¦à¦¬à¦¸à§à¦¥à¦¾à§ à¦à¦¾à¦ªà§ à¦à¦¾à¦¨à¦¤à§ à¦à¦¾à¦¨à¦¤à§ à¦¤à¦¿à¦¨à¦¿ à¦¦à¦°à¦à¦¾à¦° à¦¦à¦¿à¦à§ à¦¦à§à¦à§à§ à¦à§à¦²à§à¦¨à¥¤ à¦¤à¦¾à¦à¦° à¦¸à¦à§à¦à§ à¦à¦²à¦¾à¦à¦²à¦¿ à¦à¦°à¦²à§à¦¨ à¦ à¦à§à¦®à§ à¦à§à¦²à§à¦¨à¥¤ à¦à¦²à§à¦²à¦¾à¦¹à¦° à¦à¦¸à¦®! à¦à¦° à¦à¦à§ à¦¬à¦¾ à¦ªà¦°à§ à¦à¦®à¦¿ à¦à¦à¦¨à§ à¦°à¦¾à¦¸à§à¦² à¦¸à¦¾.-à¦à§ à¦à¦®à¦¨ à¦à¦¾à¦²à¦¿ à¦à¦¾à§à§ à¦¦à§à¦à¦¿à¦¨à¦¿à¥¤,,,Sexual Harassments,Sexual Harassments
à¦¯à¦¾à§à¦¿à¦¦à§à¦° à¦ªà§à¦°à¦¤à¦¿ à¦°à¦¾à¦¸à§à¦² à¦¸à¦¾.-à¦à¦° à¦­à¦¾à¦²à§à¦¬à¦¾à¦¸à¦¾à¦° à¦à¦¥à¦¾ à¦¸à¦¾à¦¹à¦¾à¦¬à¦¿à¦¦à§à¦° à¦®à¦¾à¦à§ à¦à§à¦¿à§à§ à¦ªà§à§à¥¤ à¦ à¦à¦¾à¦°à¦£à§ à¦¤à¦¾à¦à¦à§ à¦¸à¦¬à¦¾à¦ à¦¯à¦¾à§à¦¿à¦¦ à¦à¦² à¦¹à§à¦¬à§à¦¬ à¦¬à¦²à§ à¦¸à¦®à§à¦¬à§à¦§à¦¨ à¦à¦°à¦¤à§à¦¨à¥¤ à¦¤à¦¾à¦à¦à§ à¦¹à¦¿à¦¬à§à¦¬à§ à¦°à¦¾à¦¸à§à¦²à¦¿à¦²à§à¦²à¦¾à¦¹ à¦¬à¦¾ à¦°à¦¾à¦¸à§à¦² à¦¸à¦¾.-à¦à¦° à¦ªà§à¦°à§à¦¤à¦¿à¦­à¦¾à¦à¦¨ à¦à¦ªà¦¾à¦§à¦¿ à¦¦à§à¦à§à¦¾ à¦¹à§à¥¤,,,Sexual Harassments,Harmful
"à¦¹à¦à¦°à¦¤ à¦¹à¦¾à¦®à¦à¦¾ à¦°à¦¾. à¦à¦¸à¦²à¦¾à¦® à¦à§à¦°à¦¹à¦£ à¦à¦°à¦²à§ à¦¤à¦¾à¦à¦° à¦¸à¦à§à¦à§ à¦­à§à¦°à¦¾à¦¤à§ à¦¸à¦®à§à¦ªà¦°à§à¦ à¦ªà§à¦°à¦¤à¦¿à¦·à§à¦ à¦¾ à¦à¦°à§ à¦¦à§à¦¨ à¦°à¦¾à¦¸à§à¦² à¦¸à¦¾.à¥¤ à¦à¦®à§à¦®à§ à¦à§à¦®à¦¨ à¦¨à¦¾à¦®à§ à¦°à¦¾à¦¸à§à¦² à¦¸à¦¾.-à¦à¦° à¦à¦ à¦¦à¦¾à¦¸à§ à¦à¦¿à¦²à§à¦¨à¥¤ à¦à¦à¦¦à¦¿à¦¨ à¦¤à¦¿à¦¨à¦¿ à¦¸à¦¾à¦¹à¦¾à¦¬à¦¿à¦¦à§à¦° à¦¬à¦²à§à¦¨, à¦à§à¦ à¦¯à¦¦à¦¿ à¦à¦¾à¦¨à§à¦¨à¦¾à¦¤à¦¿ à¦à§à¦¨à§ à¦®à§à§à§à¦à§ à¦¬à¦¿à§à§ à¦à¦°à¦¤à§ à¦à¦¾à¦ à¦¤à¦¾à¦¹à¦²à§ à¦à¦®à§à¦®à§ à¦à§à¦®à¦¾à¦¨à¦à§ à¦¬à¦¿à§à§ à¦à¦°à§à¥¤",,,Sexual Harassments,Offensive
à¦ à¦à¦¥à¦¾ à¦¶à§à¦¨à§ à¦¯à¦¾à§à¦¿à¦¦ à¦¤à¦¾à¦à§ à¦¬à¦¿à§à§ à¦à¦°à§à¦¨à¥¤ à¦¤à¦¾à¦° à¦à¦°à§à¦­à§à¦ à¦à¦¨à§à¦® à¦à§à¦°à¦¹à¦£ à¦à¦°à§à¦¨ à¦ªà§à¦°à¦à§à¦¯à¦¾à¦¤ à¦®à§à¦¸à¦²à¦¿à¦® à¦¸à§à¦¨à¦¾à¦¨à¦¾à§à¦ à¦¸à¦¾à¦¹à¦¾à¦¬à§ à¦à¦¸à¦¾à¦®à¦¾ à¦à¦¬à¦¨à§ à¦¯à¦¾à§à¦¿à¦¦  à¦°à¦¾.à¥¤,,,Sexual Harassments,Sexual Harassments
à¦®à§à¦¤à¦¾à¦° à¦¯à§à¦¦à§à¦§à§ à¦¨à¦¬à§à¦à¦¿ à¦¯à¦¾à§à¦¿à¦¦ à¦à¦¬à¦¨à§ à¦¹à¦¾à¦°à¦¿à¦¸à¦¾ à¦°à¦¾.-à¦à§ à¦¸à§à¦¨à¦¾à¦ªà¦¤à¦¿ à¦¨à¦¿à¦¯à§à¦à§à¦¤ à¦à¦°à§à¦¨à¥¤ à¦à¦ à¦¯à§à¦¦à§à¦§à§ (à§®à¦® à¦¹à¦¿à¦à¦°à¦¿à¦¤à§) à¦¤à¦¿à¦¨à¦¿ à¦¶à¦¹à§à¦¦ à¦¹à¦¨à¥¤ à¦¶à¦¾à¦¹à¦¾à¦¦à¦¾à¦¤à§à¦° à¦à¦¥à¦¾ à¦¶à§à¦¨à§ à¦¨à¦¬à§à¦à¦¿ à¦¤à¦¾à¦à¦°  à¦¬à¦¾à§à¦¿à¦¤à§ à¦¯à¦¾à¦¨ à¦¸à¦®à¦¬à§à¦¦à¦¨à¦¾ à¦à§à¦à¦¾à¦ªà¦¨à§à¦° à¦à¦¨à§à¦¯à¥¤ à¦¬à¦¾à§à¦¿à¦¤à§ à¦à¦¿à§à§ à¦¤à¦¾à¦à¦° à¦®à§à§à§à¦° à¦à¦¾à¦¨à§à¦¨à¦¾ à¦¦à§à¦à§ à¦¤à¦¿à¦¨à¦¿ à¦¨à¦¿à¦à§à¦à§ à¦¸à¦à¦¬à¦°à¦£ à¦à¦°à¦¤à§ à¦ªà¦¾à¦°à§à¦¨à¦¨à¦¿à¥¤ à¦¤à¦¾à¦à¦° à¦à§à¦ à¦¦à¦¿à§à§à¦ à¦à¦¶à§à¦°à§ à¦à¦°à¦¤à§ à¦¶à§à¦°à§ à¦à¦°à§à¥¤,,,Sexual Harassments,Sexual Harassments
"à¦¦à¦¾à§à¦¿, à¦à§à¦à¦« à¦ªà§à¦°à§à¦·à§à¦° à¦ªà§à¦°à¦¾à¦à§à¦¤à¦¿à¦ à¦à¦¿à¦¹à§à¦¨à¥¤ à¦ªà¦°à¦¿à¦£à¦¤ à¦¬à§à¦¸à§ à¦ªà§à¦°à§à¦·à§à¦° à¦à§à¦¹à¦¾à¦°à¦¾à§ à¦¦à¦¾à§à¦¿ à¦à§à¦à¦« à¦à¦ à¦¤à§ à¦¦à§à¦à¦¾ à¦¯à¦¾à§à¥¤ à¦¸à¦®à§à§ à¦¸à¦®à§à§ à¦¤à¦¾ à¦¬à¦¾à§à¦¤à§ à¦¥à¦¾à¦à§à¥¤ à¦à¦¨à§à¦à§à¦ à¦¦à¦¾à§à¦¿-à¦à§à¦à¦« à¦à§à¦à§ à¦«à§à¦²à§à¦¨à¥¤ à¦à§à¦ à¦à§à¦ à¦°à§à¦à§ à¦¦à§à¦¨à¥¤",,,Sexual Harassments,Violence
"à¦§à¦°à§à¦®à§à§ à¦¬à¦¿à¦§à¦¾à¦¨à§ à¦°à¦¾à¦à¦¾à¦° à¦à¦¬à¦ à¦à§à¦à¦« à¦à§à¦ à¦à¦°à¦¾à¦° à¦à¦¥à¦¾ à¦¬à¦²à¦¾ à¦¹à§à§à¦à§à¥¤ à¦à¦²à§à¦²à¦¾à¦¹à¦° à¦°à¦¾à¦¸à§à¦² à¦¸à¦¾. -à¦à¦° à¦¦à¦¾à§à¦¿, à¦à§à¦à¦« à¦à¦¿à¦², à¦¨à¦¾ à¦à§à¦à§ à¦°à§à¦à§à¦¨ à¦à¦¬à¦ à¦à§à¦­à¦¾à¦¬à§ à¦¤à¦¾ à¦°à¦¾à¦à¦¾ à¦¯à§à¦¤à§ à¦ªà¦¾à¦°à§ à¦ à¦¬à¦¿à¦·à§à§ à¦à¦®à§à¦®à¦¤à¦à§ à¦¨à¦¿à¦°à§à¦¦à§à¦¶à¦¨à¦¾ à¦¦à¦¿à§à§à¦à§à¦¨à¥¤ à¦¬à¦¿à¦­à¦¿à¦¨à§à¦¨ à¦¹à¦¾à¦¦à¦¿à¦¸à§ à¦¤à¦¾à¦° à¦¨à¦¿à¦°à§à¦¦à§à¦¶à¦¨à¦¾ à¦¬à¦°à§à¦£à¦¿à¦¤ à¦¹à§à§à¦à§à¥¤",,,Violence,Violence
"à¦¹à¦¾à¦¨à¦¾à¦«à§ à¦à¦²à§à¦®à¦¦à§à¦° à¦®à¦¤à§, à¦¦à¦¾à¦¡à¦¼à¦¿ à¦°à¦¾à¦à¦¾ à¦à¦¯à¦¼à¦¾à¦à¦¿à¦¬à¥¤ à¦à¦ªà¦°à¦¦à¦¿à¦à§ à¦¸à§à¦¦à¦¿ à¦à¦°à¦¬ à¦ à¦à¦¨à§à¦¯à¦¾à¦¨à§à¦¯ à¦¹à¦¾à¦®à§à¦¬à¦²à§ à¦«à¦à§à¦¹à¦¦à§à¦° à¦®à¦¤à§, à¦¦à¦¾à¦¡à¦¼à¦¿ à¦°à¦¾à¦à¦¾ à¦«à¦°à¦à¥¤ à¦à¦° à¦¤à¦¾ à¦à¦¾à¦à¦¾ à¦à¦°à§à¦¥à¦¾à§ à¦®à§à¦£à§à¦¡à¦¨ à¦à¦°à¦¾ à¦¹à¦¾à¦°à¦¾à¦®à¥¤",,,Sexual Harassments,Violence
"à¦¤à¦¬à§ à¦à§à¦à¦« à¦à§à¦ à¦°à¦¾à¦à¦¤à§ à¦¹à§à¥¤ à¦à¦®à¦¾à¦® à¦¨à¦¬à¦¬à§à¦° à¦®à¦¤à§, à¦à§à¦à¦« à¦à§à¦à§ à¦à¦°à§ à¦°à¦¾à¦à¦¾ à¦¸à§à¦¨à§à¦¨à¦¾à¦¤à¥¤ à¦à¦ªà¦° à¦à¦à¦¦à¦² à¦«à¦à§à¦¹ à¦¬à¦²à§à¦à§à¦¨, à¦à¦à¦¾ à¦à¦¯à¦¼à¦¾à¦à¦¿à¦¬à¥¤",,,Harmful,Sexual Harassments
"à¦¹à¦à¦°à¦¤ à¦à¦¬à¦¨à§ à¦à¦®à¦° à¦°à¦¾. à¦¥à§à¦à§ à¦¬à¦°à§à¦£à¦¿à¦¤ à¦à¦ à¦¹à¦¾à¦¦à¦¿à¦¸à§ à¦°à¦¾à¦¸à§à¦²à§à¦²à§à¦²à¦¾à¦¹ à¦¸à¦¾. à¦¬à¦²à§à¦à§à¦¨, à¦¤à§à¦®à¦°à¦¾ à¦®à§à¦¶à¦°à¦¿à¦à¦¦à§à¦° à¦¬à¦¿à¦ªà¦°à§à¦¤ à¦à¦¾à¦ à¦à¦°, à¦¦à¦¾à¦¡à¦¼à¦¿ à¦²à¦®à§à¦¬à¦¾ à¦à¦°, à¦à¦° à¦à§à¦à¦« à¦à§à¦ à¦à¦°à¥¤",,,Sexual Harassments,Sexual Harassments
"à¦¸à¦¾à¦²à¦¤ à¦à¦¬à¦¨à§ à¦®à§à¦¹à¦¾à¦®à§à¦®à¦¦ (à¦°à¦¹à¦) ... à¦à¦¬à§ à¦¹à§à¦°à¦¾à§à¦°à¦¾ (à¦°à¦¾à¦) à¦¥à§à¦à§ à¦¬à¦°à§à¦£à¦¿à¦¤à¥¤ à¦¤à¦¿à¦¨à¦¿ à¦¬à¦²à§à¦¨, à¦°à¦¾à¦¸à§à¦²à§à¦²à§à¦²à¦¾à¦¹ à¦¸à¦¾à¦²à§à¦²à¦¾à¦²à§à¦²à¦¾à¦¹à§ à¦à¦²à¦¾à¦à¦¹à¦¿ à¦à§à¦¾à¦¸à¦¾à¦²à§à¦²à¦¾à¦® à¦¬à¦²à§à¦à§à¦¨, à¦à¦¦à¦® (à¦à¦²à¦¾à¦à¦¹à¦¿à¦¸ à¦¸à¦¾à¦²à¦¾à¦®) à¦ à¦®à§à¦¸à¦¾ (à¦à¦²à¦¾à¦à¦¹à¦¿à¦¸ à¦¸à¦¾à¦²à¦¾à¦®) à¦®à¦¿à¦²à¦¿à¦¤ à¦¹à¦²à§à¦¨à¥¤ à¦®à§à¦¸à¦¾ (à¦à¦²à¦¾à¦à¦¹à¦¿à¦¸ à¦¸à¦¾à¦²à¦¾à¦®) à¦à¦¦à¦® (à¦à¦²à¦¾à¦à¦¹à¦¿à¦¸ à¦¸à¦¾à¦²à¦¾à¦®) à¦à§ à¦¬à¦²à¦²à§à¦¨, à¦à¦ªà¦¨à¦¿ à¦¤à§ à¦¸à§ à¦¬à§à¦¯à¦¾à¦à§à¦¤à¦¿ à¦®à¦¾à¦¨à¦¬ à¦à¦¾à¦¤à¦¿à¦à§ à¦à¦·à§à¦à§à¦° à¦®à¦§à§à¦¯à§ à¦«à§à¦²à§à¦à§à¦¨ à¦à¦¬à¦ à¦¤à¦¾à¦¦à§à¦° à¦à¦¾à¦¨à§à¦¨à¦¾à¦¤ à¦¥à§à¦à§ à¦¬à¦¹à¦¿à¦·à§à¦à¦¾à¦° à¦à¦°à¦¿à§à§à¦à§à¦¨?",,,Offensive,Violence
"à¦à¦¦à¦® (à¦à¦²à¦¾à¦à¦¹à¦¿à¦¸ à¦¸à¦¾à¦²à¦¾à¦®) à¦¤à¦¾à¦à§ à¦¬à¦²à¦²à§à¦¨, à¦à¦ªà¦¨à¦¿ à¦¤à§ à¦¸à§ à¦¬à§à¦¯à¦¾à¦à§à¦¤à¦¿ à¦à¦ªà¦¨à¦¾à¦à§ à¦à¦²à§à¦²à¦¾à¦¹ à¦¤à¦¾âà¦à¦²à¦¾ à¦¤à¦¾à¦à¦° à¦°à¦¿à¦¸à¦¾à¦²à¦¾à¦¤ à¦à¦° à¦à¦¨à§à¦¯ à¦®à¦¨à§à¦¨à§à¦¤ à¦à¦°à§ à¦¨à¦¿à§à§à¦à§à¦¨, à¦à¦¬à¦ à¦¬à¦¾à¦à¦¾à¦ à¦à¦°à§à¦à§à¦¨ à¦à¦ªà¦¨à¦¾à¦à§ à¦¨à¦¿à¦à§à¦° à¦à¦¨à§à¦¯ à¦à¦¬à¦ à¦à¦ªà¦¨à¦¾à¦° à¦à¦ªà¦° à¦¤à¦¾à¦à¦°à¦¾à¦¤ à¦¨à¦¾à¦¯à¦¿à¦² à¦à¦°à§à¦à§à¦¨?",,,Sexual Harassments,Harmful
"à¦®à§à¦¸à¦¾ (à¦à¦²à¦¾à¦à¦¹à¦¿à¦¸ à¦¸à¦¾à¦²à¦¾à¦®) à¦¬à¦²à¦²à§à¦¨, à¦¹à§à¦¯à¦¾à¦à¥¤ à¦à¦¦à¦® (à¦à¦²à¦¾à¦à¦¹à¦¿à¦¸ à¦¸à¦¾à¦²à¦¾à¦®) à¦¬à¦²à¦²à§à¦¨, à¦à¦ªà¦¨à¦¿ à¦¤à¦¾à¦¤à§ à¦à¦¬à¦¶à§à¦¯à¦ à¦ªà§à§à§à¦à§à¦¨ à¦¯à§, à¦à¦®à¦¾à¦° à¦¸à§à¦·à§à¦à¦¿à¦° à¦à¦à§à¦ à¦à¦²à§à¦²à¦¾à¦¹ à¦¤à¦¾âà¦à¦²à¦¾ à¦¤à¦¾ à¦à¦®à¦¾à¦° à¦à¦¨à§à¦¯ à¦²à¦¿à¦ªà¦¿à¦¬à¦¦à§à¦§ à¦à¦°à§ à¦°à§à¦à§à¦à§à¦¨à¥¤ à¦®à§à¦¸à¦¾ (à¦à¦²à¦¾à¦à¦¹à¦¿à¦¸ à¦¸à¦¾à¦²à¦¾à¦®) à¦¬à¦²à¦²à§à¦¨, à¦¹à§à¦¯à¦¾à¦à¥¤ à¦°à¦¾à¦¸à§à¦²à§à¦²à§à¦²à¦¾à¦¹ à¦¸à¦¾à¦²à§à¦²à¦¾à¦²à§à¦²à¦¾à¦¹à§ à¦à¦²à¦¾à¦à¦¹à¦¿ à¦à§à¦¾à¦¸à¦¾à¦²à§à¦²à¦¾à¦® à¦¬à¦²à§à¦¨, à¦à¦­à¦¾à¦¬à§ à¦à¦¦à¦® (à¦à¦²à¦¾à¦à¦¹à¦¿à¦¸ à¦¸à¦¾à¦²à¦¾à¦®) à¦®à§à¦¸à¦¾ (à¦à¦²à¦¾à¦à¦¹à¦¿à¦¸ à¦¸à¦¾à¦²à¦¾à¦®) à¦à¦° à¦à¦ªà¦° à¦à§à§ à¦¹à¦²à§à¦¨à¥¤",,,Offensive,Offensive
"à¦à¦®à¦¿ à¦à¦¬à¦¶à§à¦¯à¦ à¦®à§à¦¸à¦¾à¦° à¦ªà§à¦°à¦¤à¦¿ à¦à¦¹à§ à¦¨à¦¾à¦¯à¦¿à¦² à¦à¦°à§à¦à§à¦à¦¿à¦²à§à¦® à¦ à¦®à¦°à§à¦®à§, à¦à¦®à¦¾à¦° à¦¬à¦¾à¦¨à§à¦¦à¦¾à¦¦à§à¦°à¦à§ à¦¨à¦¿à§à§ à¦°à¦à¦¨à§à¦¤à§ à¦¬à§à¦° à¦¹à¦ à¦à¦¬à¦ à¦¤à¦¾à¦¦à§à¦° à¦à¦¨à§à¦¯ à¦¸à¦®à§à¦¦à§à¦°à§à¦° à¦®à¦§à§à¦¯ à¦¦à¦¿à§à§ à¦à¦ à¦¶à§à¦à¦¨à§ à¦ªà¦¥ à¦¬à§à¦° à¦à¦°à§ à¦¨à¦¾à¦à¥¤",,,Sexual Harassments,Violence
à¦ªà¦¶à§à¦à¦¾à§ à¦¥à§à¦à§ à¦à¦¸à§ à¦¤à§à¦®à¦¾à¦à§ à¦§à¦°à§ à¦«à§à¦²à¦¾ à¦¹à¦¬à§ à¦ à¦à¦¶à¦à¦à¦¾ à¦à¦°à§à¦¨à¦¾à¥¤ à¦à¦¬à¦ à¦­à§ à¦à¦°à§à¦¨à¦¾à¥¤ à¦¤à¦¾à¦°à¦ªà¦° à¦«à¦¿à¦°à¦¾à¦à¦¨ à¦¤à¦¾à¦à¦° à¦¸à§à¦¨à¦¾à¦¬à¦¾à¦¹à¦¿à¦¨à§ à¦¸à¦¹ à¦¤à¦¾à¦¦à§à¦° à¦ªà¦¿à¦à¦¨à§ à¦§à¦¾à¦à§à¦¾ à¦à¦°à¦²à¥¤ à¦à¦° à¦¸à¦®à§à¦¦à§à¦° à¦¤à¦¾à¦¦à§à¦° à¦¸à¦®à§à¦ªà§à¦°à§à¦£à¦­à¦¾à¦¬à§ à¦¨à¦¿à¦®à¦à§à¦à¦¿à¦¤ à¦à¦°à¦²à¥¤ à¦à¦° à¦«à¦¿à¦°à¦¾à¦à¦¨ à¦¤à¦¾à¦à¦° à¦¸à¦®à§à¦ªà§à¦°à¦¦à¦¾à§à¦à§ à¦ªà¦¥à¦­à§à¦°à¦·à§à¦ à¦à¦°à§à¦à¦¿à¦² à¦à¦¬à¦ à¦¸à§à¦ªà¦¥ à¦¦à§à¦à¦¾à§à¦¨à¦¿,,,Sexual Harassments,Sexual Harassments
"à¦à§à¦¾à¦à§à¦¬ à¦à¦¬à¦¨à§ à¦à¦¬à§à¦°à¦¾à¦¹à¦¿à¦® (à¦°à¦¹à¦) ... à¦à¦¬à¦¨à§ à¦à¦¬à§à¦¬à¦¾à¦¸ (à¦°à¦¾à¦) à¦¥à§à¦à§ à¦¬à¦°à§à¦£à¦¿à¦¤à¥¤ à¦¤à¦¿à¦¨à¦¿ à¦¬à¦²à§à¦¨, à¦°à¦¾à¦¸à§à¦²à§à¦²à§à¦²à¦¾à¦¹ à¦¸à¦¾à¦²à§à¦²à¦¾à¦²à§à¦²à¦¾à¦¹à§ à¦à¦²à¦¾à¦à¦¹à¦¿ à¦à§à¦¾à¦¸à¦¾à¦²à§à¦²à¦¾à¦® à¦¯à¦à¦¨ à¦®à¦¦à¦¿à¦¨à¦¾à§ à¦à¦²à§à¦¨, à¦¤à¦à¦¨ à¦à¦¹à§à¦¦à¦¿à¦°à¦¾ à¦à¦¶à§à¦°à¦¾ (à¦à¦¶à§à¦°à¦¾/à¦à¦¸à§à¦°à¦¾/à¦à¦¸à§à¦°à¦¾)à¦° à¦¦à¦¿à¦¨ à¦¸à¦¾à¦à¦® (à¦°à§à¦¯à¦¾/à¦°à§à¦à¦¾/à¦¸à¦¿à§à¦¾à¦®/à¦à¦¿à§à¦¾à¦®) à¦ªà¦¾à¦²à¦¨ à¦à¦°à¦¤à¥¤",,,Violence,Harmful
"à¦¤à¦¿à¦¨à¦¿ à¦¤à¦¾à¦¦à§à¦° (à¦¸à¦¾à¦à¦®à§à¦° à¦à¦¾à¦°à¦¨) à¦à¦¿à¦à§à¦à§à¦¸ à¦à¦°à¦²à§à¦¨à¥¤ à¦¤à¦¾à¦°à¦¾ à¦¬à¦²à¦², à¦ à¦¦à¦¿à¦¨à§ à¦®à§à¦¸à¦¾ (à¦à¦²à¦¾à¦à¦¹à¦¿à¦¸ à¦¸à¦¾à¦²à¦¾à¦®) à¦«à¦¿à¦°à¦¾à¦à¦¨à§à¦° à¦à¦ªà¦° à¦à§ à¦²à¦¾à¦­ à¦à¦°à§à¦à¦¿à¦²à§à¦¨à¥¤ à¦¤à¦à¦¨ à¦¨à¦¬à§ à¦¸à¦¾à¦²à§à¦²à¦¾à¦²à§à¦²à¦¾à¦¹à§ à¦à¦²à¦¾à¦à¦¹à¦¿ à¦à§à¦¾à¦¸à¦¾à¦²à§à¦²à¦¾à¦® à¦¬à¦²à¦²à§à¦¨, à¦à¦®à¦°à¦¾à¦ à¦¤à§ à¦¤à¦¾à¦¦à§à¦° à¦à¦¾à¦à¦¤à§ à¦®à§à¦¸à¦¾ (à¦à¦²à¦¾à¦à¦¹à¦¿à¦¸ à¦¸à¦¾à¦²à¦¾à¦®) à¦à¦° à¦¨à¦¿à¦à¦à¦¬à¦°à§à¦¤à§à¥¤ à¦à¦°à¦ªà¦° à¦®à§à¦¸à¦²à¦¿à¦®à¦¦à§à¦° à¦¨à¦¿à¦°à§à¦¦à§à¦¶ à¦¦à¦¿à¦²à§à¦¨, à¦¤à§à¦®à¦°à¦¾ à¦ à¦¦à¦¿à¦¨ à¦¸à¦¿à§à¦¾à¦® à¦ªà¦¾à¦²à¦¨ à¦à¦°à¥¤",,,Sexual Harassments,Sexual Harassments
"à¦¸à§ à¦¯à§à¦¨ à¦à¦¿à¦à§à¦¤à§à¦ à¦¤à§à¦®à¦¾à¦¦à§à¦° à¦à¦¾à¦¨à§à¦¨à¦¾à¦¤ à¦¥à§à¦à§ à¦¬à§à¦° à¦à¦°à§ à¦¨à¦¾ à¦¦à§à§, à¦¯à¦¾à¦¤à§ à¦¤à§à¦®à¦°à¦¾ à¦à¦·à§à¦à§ à¦ªà¦¤à¦¿à¦¤ à¦¹à¦",,,Sexual Harassments,Sexual Harassments
"à¦¤à¦¿à¦¨à¦¿ à¦¬à¦²à§à¦¨, à¦°à¦¾à¦¸à§à¦²à§à¦²à§à¦²à¦¾à¦¹ à¦¸à¦¾à¦²à§à¦²à¦¾à¦²à§à¦²à¦¾à¦¹à§ à¦à¦²à¦¾à¦à¦¹à¦¿ à¦à§à¦¾à¦¸à¦¾à¦²à§à¦²à¦¾à¦® à¦¬à¦²à§à¦à§à¦¨, à¦®à§à¦¸à¦¾ (à¦à¦²à¦¾à¦à¦¹à¦¿à¦¸ à¦¸à¦¾à¦²à¦¾à¦®) à¦à¦¦à¦® (à¦à¦²à¦¾à¦à¦¹à¦¿à¦¸ à¦¸à¦¾à¦²à¦¾à¦®) à¦à¦° à¦¸à¦à§à¦à§ à¦¯à§à¦à§à¦¤à¦¿ à¦à¦¤à§à¦¥à¦¾à¦ªà¦¨ à¦à¦°à§ à¦¬à¦²à¦²à§à¦¨, à¦à¦ªà¦¨à¦¿ à¦¤à§ à¦¸à§ à¦¬à§à¦¯à¦¾à¦à§à¦¤à¦¿, à¦à¦ªà¦¨à¦¾à¦° à¦à§à¦¨à¦¾à¦¹ à¦¦à§à¦¬à¦¾à¦°à¦¾ à¦®à¦¾à¦¨à¦¬ à¦à¦¾à¦¤à¦¿à¦à§ à¦à¦¾à¦¨à§à¦¨à¦¾à¦¤ à¦¥à§à¦à§ à¦¬à§à¦° à¦à¦°à§à¦à§à¦¨ à¦à¦¬à¦ à¦¤à¦¾à¦¦à§à¦° à¦¦à§à¦à¦ à¦à¦·à§à¦à§ à¦«à§à¦²à§à¦à§à¦¨à¥¤",,,Violence,Violence
"à¦°à¦¾à¦¸à§à¦²à§à¦²à§à¦²à¦¾à¦¹ à¦¸à¦¾à¦²à§à¦²à¦¾à¦²à§à¦²à¦¾à¦¹à§ à¦à¦²à¦¾à¦à¦¹à¦¿ à¦à§à¦¾à¦¸à¦¾à¦²à§à¦²à¦¾à¦® à¦¬à¦²à§à¦¨, à¦à¦¦à¦® (à¦à¦²à¦¾à¦à¦¹à¦¿à¦¸ à¦¸à¦¾à¦²à¦¾à¦®) à¦¬à¦²à§à¦¨, à¦¹à§ à¦®à§à¦¸à¦¾! à¦à¦ªà¦¨à¦¿ à¦¤à§ à¦¸à§ à¦¬à§à¦¯à¦¾à¦à§à¦¤à¦¿, à¦à¦²à§à¦²à¦¾à¦¹ à¦ªà¦¾à¦ à¦à¦ªà¦¨à¦¾à¦à§ à¦°à¦¿à¦¸à¦¾à¦²à¦¾à¦¤ à¦à¦° à¦¦à¦¾à§à¦¿à¦¤à§à¦¬ à¦à¦°à§à¦ªà¦£ à¦à¦°à¦¾à¦° à¦à¦¨à§à¦¯ à¦à¦¬à¦ à¦¤à¦¾à¦à¦° à¦¸à¦à§à¦à§ à¦à¦¥à¦¾ à¦¬à¦²à¦¾à¦° à¦à¦¨à§à¦¯ à¦®à¦¨à§à¦¨à§à¦¤ à¦à¦°à§à¦à§à¦¨à¥¤",,,Sexual Harassments,Sexual Harassments
"à¦¤à¦¬à§à¦ à¦à¦¿ à¦à¦ªà¦¨à¦¿ à¦à¦®à¦¾à¦à§ à¦à¦®à¦¨ à¦¬à¦¿à¦·à§à§à¦° à¦à¦¨à§à¦¯ à¦­à§à¦¸à¦¨à¦¾ à¦à¦°à¦¬à§à¦¨, à¦¯à¦¾ à¦à¦²à§à¦²à¦¾à¦¹ à¦à¦®à¦¾à¦° à¦¸à§à¦·à§à¦à¦¿à¦° à¦à¦à§à¦ à¦à¦®à¦¾à¦° à¦¸à¦®à§à¦ªà¦°à§à¦à§ à¦²à¦¿à¦ªà¦¿à¦¬à¦¦à§à¦§ à¦à¦°à§ à¦°à§à¦à§à¦à§à¦¨, à¦à¦¥à¦¬à¦¾ à¦¬à¦²à¦²à§à¦¨, à¦à¦®à¦¾à¦° à¦¸à§à¦·à§à¦à¦¿à¦° à¦ªà§à¦°à§à¦¬à§à¦ à¦¤à¦¾ à¦à¦®à¦¾à¦° à¦¸à¦®à§à¦ªà¦°à§à¦à§ à¦¨à¦¿à¦°à§à¦§à¦¾à¦°à¦£ à¦à¦°à§ à¦°à§à¦à§à¦à§à¦¨à¥¤",,,Sexual Harassments,Sexual Harassments
"à¦¸à§à¦°à¦¾ à¦¬à¦¨à§ à¦à¦¸à¦°à¦¾à¦à¦², à¦à¦¾à¦¹à¦«, à¦®à¦°à¦¿à§à¦®, à¦¤à¦¾à¦¹à¦¾ à¦à¦¬à¦ à¦à¦®à§à¦¬à¦¿à§à¦¾ à¦ªà§à¦°à¦¥à¦®à§ à¦à¦¬à¦¤à§à¦°à§à¦£ à¦à¦¤à¦¿ à¦à¦¤à§à¦¤à¦® à¦¸à§à¦°à¦¾à¥¤",,,Sexual Harassments,Sexual Harassments
"à¦¤à¦¿à¦¨à¦¿ à¦¬à¦²à§à¦¨, à¦°à¦¾à¦¸à§à¦²à§à¦²à§à¦²à¦¾à¦¹ à¦¸à¦¾à¦²à§à¦²à¦¾à¦²à§à¦²à¦¾à¦¹à§ à¦à¦²à¦¾à¦à¦¹à¦¿ à¦à§à¦¾à¦¸à¦¾à¦²à§à¦²à¦¾à¦® à¦à¦ à¦­à¦¾à¦·à¦£à§ à¦¬à¦²à§à¦¨, à¦à¦¿à§à¦¾à¦®à¦¤à§à¦° à¦¦à§à¦¬à§à¦¨ à¦¤à§à¦®à¦°à¦¾ à¦à¦²à§à¦²à¦¾à¦¹ à¦¤à¦¾âà¦à¦²à¦¾à¦° à¦¸à¦¾à¦®à¦¨à§ à¦¬à¦¿à¦¬à¦¸à§à¦¤à§à¦° à¦à¦¬à¦ à¦à¦¾à¦¤à¦¨à¦¾ à¦¬à¦¿à¦¹à§à¦¨ à¦à¦¬à¦¸à§à¦¥à¦¾à§ à¦à¦à¦¤à§à¦°à¦¿à¦¤ à¦¹à¦¬à§à¥¤",,,Violence,Violence
à¦¯à§à¦­à¦¾à¦¬à§ à¦à¦®à¦¿ à¦ªà§à¦°à¦¥à¦® à¦¸à§à¦·à§à¦à¦¿à¦° à¦¸à§à¦à¦¨à¦¾ à¦à¦°à§à¦à¦¿à¦²à¦¾à¦® à¦¸à§à¦­à¦¾à¦¬à§ à¦ªà§à¦¨à¦°à¦¾à§ à¦¸à§à¦·à§à¦à¦¿ à¦à¦°à¦¬; à¦à¦®à¦¾à¦° à¦à¦ªà¦° à¦ à¦à§à¦¾à¦¦à¦¾ à¦°à¦à¦²; à¦à¦¬à¦¶à§à¦¯à¦ à¦à¦®à¦¿ à¦¤à¦¾ à¦à¦¾à¦°à§à¦¯à¦à¦° à¦à¦°à¦¬,,,Sexual Harassments,Sexual Harassments
à¦à¦°à¦ªà¦° à¦à¦¿à§à¦¾à¦®à¦¤à§à¦° à¦¦à§à¦¬à§à¦¨ à¦¸à¦°à§à¦¬à¦ªà§à¦°à¦¥à¦® à¦ªà§à¦¶à¦¾à¦ à¦ªà¦°à¦¿à¦§à¦¾à¦¨ à¦à¦°à¦¾à¦¨à§ à¦¹à¦¬à§ à¦à¦¬à§à¦°à¦¾à¦¹à¦¿à¦® (à¦à¦²à¦¾à¦à¦¹à¦¿à¦¸ à¦¸à¦¾à¦²à¦¾à¦®) à¦à§à¥¤,,,Sexual Harassments,Sexual Harassments
"à¦à¦®à¦¾à¦° à¦à¦®à§à¦®à¦¤à§à¦° à¦®à¦§à§à¦¯ à¦¥à§à¦à§ à¦¬à¦¹à§ à¦²à§à¦à¦à§ à¦à¦ªà¦¸à§à¦¥à¦¿à¦¤ à¦à¦°à¦¾ à¦¹à¦¬à§à¥¤ à¦à¦°à¦ªà¦° à¦¤à¦¾à¦¦à§à¦° à¦§à¦°à§ à¦¬à¦¾à¦® (à¦à¦¾à¦¹à¦¾à¦¨à§à¦¨à¦¾à¦®à§à¦°) à¦¦à¦¿à¦à§ à¦¨à¦¿à§à§ à¦¯à¦¾à¦à§à¦¾ à¦¹à¦¬à§à¥¤ à¦à¦®à¦¿ à¦¬à¦²à¦¬, à¦¹à§ à¦°à¦¬! à¦à¦°à¦¾ à¦¤à§ à¦à¦®à¦¾à¦° à¦¸à¦à§à¦à§-à¦¸à¦¾à¦¥à¦¿ (à¦à¦®à§à¦®à¦¤)à¥¤",,,Sexual Harassments,Sexual Harassments
"à¦à¦°à¦ªà¦° à¦¬à¦²à¦¾ à¦¹à¦¬à§, à¦à¦ªà¦¨à¦¿ à¦à¦¾à¦¨à§à¦¨ à¦¨à¦¾ à¦à¦ªà¦¨à¦¾à¦° à¦ªà¦°à§ à¦à¦°à¦¾ à¦¨à¦¤à§à¦¨ à¦à¦¾à¦à§ (à¦à¦¸à¦²à¦¾à¦®à§à¦° à¦®à¦§à§à¦¯à§) (à¦¬à¦¿à¦¦à¦à¦¤) à¦²à¦¿à¦ªà§à¦¤ à¦¹à§à§à¦à§à¥¤ à¦¤à¦à¦¨ à¦à¦®à¦¿ à¦¸à§ à¦à¦¥à¦¾ à¦¬à¦²à¦¬ à¦¯à§à¦®à¦¨ à¦à¦²à§à¦²à¦¾à¦¹à¦° à¦¨à§à¦ à¦¬à¦¾à¦¨à§à¦¦à¦¾",,,Sexual Harassments,Violence
"à¦¯à¦¤à¦¦à¦¿à¦¨ à¦à¦®à¦¿ à¦¤à¦¾à¦¦à§à¦° à¦®à¦§à§à¦¯à§ à¦à¦¿à¦²à¦¾à¦®, à¦¤à¦¤à¦¦à¦¿à¦¨ à¦à¦®à¦¿ à¦à¦¿à¦²à¦¾à¦® à¦¤à¦¾à¦¦à§à¦° à¦à¦¾à¦°à§à¦¯à¦¾à¦¬à¦²à§à¦° à¦ªà§à¦°à¦¤à§à¦¯à¦à§à¦·à¦¦à¦°à§à¦¶à§à¥¤ à¦à¦¿à¦¨à§à¦¤à§ à¦¯à¦à¦¨ à¦¤à§à¦®à¦¿ à¦à¦®à¦¾à¦à§ à¦¤à§à¦²à§ à¦¨à¦¿à¦²à§, à¦¤à¦à¦¨ à¦¤à§à¦®à¦¿à¦ à¦à¦¿à¦²à§ à¦¤à¦¾à¦¦à§à¦° à¦à¦¾à¦°à§à¦¯à¦¾à¦¬à¦²à§à¦° à¦ªà§à¦°à¦¤à§à¦¯à¦à§à¦·à¦à¦¾à¦°à§ à¦à¦¬à¦ à¦¤à§à¦®à¦¿à¦ à¦¸à¦°à§à¦¬à¦¬à¦¿à¦·à§à§ à¦¸à¦¾à¦à§à¦·à§",,,Sexual Harassments,Violence
"à¦¯à¦à¦¨ à¦¤à¦¿à¦¨à¦¿ à¦à§à¦¨ à¦à¦¥à¦¾ à¦¬à¦²à§à¦¨, à¦¤à¦à¦¨ à¦¶à¦¾à§à¦¤à§à¦¬à¦¨ à¦¤à¦¾à¦à¦° à¦à¦¥à¦¾à¦° à¦¸à¦à§à¦à§ à¦¨à¦¿à¦à§à¦° à¦à¦¥à¦¾ à¦®à¦¿à¦²à¦¿à§à§ à¦¦à§à§à¥¤ à¦à¦°à¦ªà¦° à¦à¦²à§à¦²à¦¾à¦¹à§ à¦¤à¦¾âà¦à¦²à¦¾ à¦¶à§à¦¤à¦¾à¦¨à§à¦° à¦¸à§ à¦®à¦¿à¦²à¦¾à¦¨à§ à¦à¦¥à¦¾ à¦®à¦¿à¦à¦¿à§à§ à¦¦à¦¿à§à§ à¦¤à¦¾à¦à¦° à¦à§à¦¾à¦¤à¦à§ à¦¸à§à¦¦à§à§ à¦à¦°à§à¦¨à¥¤",,,Sexual Harassments,Sexual Harassments
"à¦à¦¿à§à¦¾à¦®à¦¤à§à¦° à¦¦à¦¿à¦¨ à¦à¦²à§à¦²à¦¾à¦¹ à¦¤à¦¾âà¦à¦²à¦¾ à¦¬à¦²à¦¬à§à¦¨, à¦¹à§ à¦à¦¦à¦®! à¦¤à¦¿à¦¨à¦¿ à¦¬à¦²à¦¬à§à¦¨, à¦¹à§ à¦°à¦¬! à¦à¦®à¦¾à¦° à¦¸à§à¦­à¦¾à¦à§à¦¯, à¦à¦®à¦¿ à¦¹à¦¾à¦à¦¿à¦°à¥¤ à¦¤à¦¾à¦°à¦ªà¦° à¦¤à¦¾à¦à§ à¦à¦à§à¦à¦¸à§à¦¬à¦°à§ à¦¡à§à¦à§ à¦¬à¦²à¦¾ à¦¹à¦¬à§, à¦¨à¦¿à¦¶à§à¦à§à¦ à¦à¦²à§à¦²à¦¾à¦¹ à¦¤à¦¾âà¦à¦²à¦¾ à¦¤à§à¦®à¦¾à¦à§ à¦¨à¦¿à¦°à§à¦¦à§à¦¶ à¦¦à¦¿à§à§à¦à§à¦¨ à¦¯à§, à¦¤à§à¦®à¦¾à¦° à¦¬à¦à¦¶à¦§à¦° à¦¥à§à¦à§ à¦à¦à¦¦à¦²à¦à§ à¦¬à§à¦° à¦à¦°à§ à¦à¦¾à¦¹à¦¾à¦¨à§à¦¨à¦¾à¦®à§à¦° à¦¦à¦¿à¦à§ à¦¨à¦¿à§à§ à¦à¦¸à¥¤",,,Offensive,Offensive
"à¦à¦¦à¦® (à¦à¦²à¦¾à¦à¦¹à¦¿à¦¸ à¦¸à¦¾à¦²à¦¾à¦®) à¦¬à¦²à¦¬à§à¦¨, à¦¹à§ à¦°à¦¬! à¦à¦¾à¦¹à¦¾à¦¨à§à¦¨à¦¾à¦®à§à¦° à¦¦à¦²à§à¦° à¦ªà¦°à¦¿à¦®à¦¾à¦¨ à¦à¦¿? à¦¬à¦²à¦¬à§, à¦ªà§à¦°à¦¤à¦¿ à¦¹à¦¾à¦à¦¾à¦° à¦¥à§à¦à§ à¦à¦®à¦¾à¦° à¦§à¦¾à¦°à¦¨à¦¾ à¦¯à§, à¦¬à¦²à¦²à§à¦¨, à¦¨à§à¦¶à¦¤ à¦¨à¦¿à¦°à¦¾à¦¨à¦¬à§à¦¬à¦, à¦ à¦¸à¦®à§ à¦à¦°à§à¦­à¦¬à¦¤à§ à¦®à¦¹à¦¿à¦²à¦¾ à¦à¦°à§à¦­à¦ªà¦¾à¦¤ à¦à¦°à¦¬à§, à¦¶à¦¿à¦¶à§à¦°à¦¾ à¦¬à§à¦¦à§à¦§ à¦¹à§à§ à¦¯à¦¾à¦¬à§ à¦à¦¬à¦ à¦¤à§à¦®à¦¿ à¦®à¦¾à¦¨à§à¦·à¦à§ à¦¦à§à¦à§à¦¬à§ à¦®à¦¾à¦¤à¦¾à¦²; à¦à¦¥à¦ à¦¤à¦¾à¦°à¦¾ à¦¨à§à¦¶à¦¾à¦à§à¦°à¦¸à§à¦¤ à¦¨à§à¥¤ à¦¬à¦¸à§à¦¤à§à¦¤ à¦à¦²à§à¦²à¦¾à¦¹à¦° à¦¶à¦¾à¦¸à§à¦¤à¦¿ à¦à¦ à¦¿à¦¨à¥¤",,,Offensive,Offensive
"à¦à¦°à¦ªà¦° à¦¨à¦¬à§ à¦¸à¦¾à¦²à§à¦²à¦¾à¦²à§à¦²à¦¾à¦¹à§ à¦à¦²à¦¾à¦à¦¹à¦¿ à¦à§à¦¾à¦¸à¦¾à¦²à§à¦²à¦¾à¦® à¦¬à¦²à¦²à§à¦¨, à¦ªà§à¦°à¦¤à¦¿ à¦¹à¦¾à¦à¦¾à¦°à§ à¦¨à§à¦¶à¦¤ à¦¨à¦¿à¦°à¦¾à¦¨à¦¬à§à¦¬à¦ à¦à¦¨ à¦¤à§ à¦à§à¦¾à¦à§à¦ à¦®à¦¾à¦à§à¦ à¦¥à§à¦à§ à¦¨à§à¦à§à¦¾ à¦¹à¦¬à§ à¦à¦¬à¦ à¦¤à§à¦®à¦¾à¦¦à§à¦° à¦®à¦§à§à¦¯ à¦¥à§à¦à§ à¦à¦à¦à¦¨à¥¤",,,Violence,Violence
"à¦à¦®à¦¿ à¦à¦¬à¦¶à§à¦¯ à¦à¦¶à¦¾ à¦°à¦¾à¦à¦¿ à¦¯à§ à¦à¦¾à¦¨à§à¦¨à¦¾à¦¤à¦¬à¦¾à¦¸à§à¦¦à§à¦° à¦®à¦§à§à¦¯à§ à¦¤à§à¦®à¦°à¦¾à¦ à¦¹à¦¬à§ à¦à¦ à¦à¦¤à§à¦°à§à¦¥à¦¾à¦à¦¶à¥¤ (à¦°à¦¾à¦¬à¦¿ à¦¬à¦²à§à¦¨) à¦à¦®à¦°à¦¾ à¦¸à¦¬à¦¾à¦ à¦à§à¦¶à¦¿à¦¤à§ à¦¬à¦²à§ à¦à¦ à¦²à¦¾à¦®, à¦à¦²à§à¦²à¦¾à¦¹à§ à¦à¦à¦¬à¦°à¥¤",,,Sexual Harassments,Violence
"à¦à¦°à¦ªà¦° à¦°à¦¾à¦¸à§à¦²à§à¦²à§à¦²à¦¾à¦¹ à¦¸à¦¾à¦²à§à¦²à¦¾à¦²à§à¦²à¦¾à¦¹à§ à¦à¦²à¦¾à¦à¦¹à¦¿ à¦à§à¦¾à¦¸à¦¾à¦²à§à¦²à¦¾à¦® à¦¬à¦²à¦²à§à¦¨, à¦¤à§à¦®à¦°à¦¾ à¦¹à¦¬à§ à¦à¦¾à¦¨à§à¦¨à¦¾à¦¤à¦¬à¦¾à¦¸à§à¦¦à§à¦° à¦à¦ à¦¤à§à¦¤à§à§à¦¾à¦à¦¶à¥¤",,,Sexual Harassments,Sexual Harassments
"à¦¤à§à¦®à¦°à¦¾ à¦¹à¦¬à§ à¦à¦¾à¦¨à§à¦¨à¦¾à¦¤à¦¬à¦¾à¦¸à§à¦¦à§à¦° à¦à¦°à§à¦§à§à¦à¥¤ à¦à¦®à¦°à¦¾ à¦¬à¦²à§ à¦à¦ à¦²à¦¾à¦®, à¦à¦²à§à¦²à¦¾à¦¹à§ à¦à¦à¦¬à¦°à¥¤",,,Sexual Harassments,Sexual Harassments
à¦¯à¦à¦¨ à¦¤à¦¾à¦° à¦à¦²à§à¦¯à¦¾à¦£ à¦¹à§ à¦¤à¦à¦¨ à¦¤à¦¾à¦° à¦à¦¿à¦¤à§à¦¤ à¦ªà§à¦°à¦¶à¦¾à¦¨à§à¦¤ à¦¹à§ à¦à¦¬à¦ à¦¯à¦à¦¨ à¦à§à¦¨ à¦¬à¦¿à¦ªà¦°à§à¦¯à§ à¦à¦à§ à¦¤à¦à¦¨ à¦¸à§ à¦¤à¦¾à¦° à¦ªà§à¦°à§à¦¬à¦¾à¦¬à¦¸à§à¦¥à¦¾à§ à¦«à¦¿à¦°à§ à¦¯à¦¾à§à¥¤ à¦¸à§ à¦à§à¦·à¦¤à¦¿à¦à§à¦°à¦¸à§à¦¤ à¦¹à§ à¦¦à§à¦¨à¦¿à§à¦¾ à¦ à¦à¦à¦¿à¦°à¦¾à¦¤à§,,,Violence,Sexual Harassments
"à¦à§à¦¨ à¦¬à§à¦¯à¦¾à¦à§à¦¤à¦¿ à¦®à¦¦à¦¿à¦¨à¦¾à§ à¦à¦¸à¦¾à¦° à¦ªà¦° à¦¯à¦¦à¦¿ à¦¤à¦¾à¦° à¦¸à§à¦¤à§à¦°à§ à¦ªà§à¦¤à§à¦°-à¦¸à¦¨à§à¦¤à¦¾à¦¨ à¦ªà§à¦°à¦¸à¦¬ à¦à¦°à¦¤ à¦à¦¬à¦ à¦¤à¦¾à¦° à¦à§à§à¦¾à§ à¦¬à¦¾à¦à§à¦à¦¾ à¦¦à¦¿à¦¤, à¦¤à¦à¦¨ à¦¬à¦²à¦¤ à¦ à¦¦à§à¦¬à§à¦¨ à¦­à¦¾à¦²à¥¤ à¦à¦° à¦¯à¦¦à¦¿ à¦¤à¦¾à¦° à¦¸à§à¦¤à§à¦°à§ à¦à¦°à§à¦­à§ à¦ªà§à¦¤à§à¦° à¦¸à¦¨à§à¦¤à¦¾à¦¨ à¦¨à¦¾ à¦¹à¦¤ à¦à¦¬à¦ à¦¤à¦¾à¦° à¦à§à§à¦¾à¦ à¦¬à¦¾à¦à§à¦à¦¾ à¦¨à¦¾ à¦¦à¦¿à¦¤, à¦¤à¦à¦¨ à¦¬à¦²à¦¤ à¦ à¦§à¦°à§à¦® à¦à¦¾à¦°à¦¾à¦ªà¥¤",,,Sexual Harassments,Violence
"à¦à¦°à¦¾ à¦¦à§à¦à¦¿ à¦¬à¦¿à¦¬à¦¾à¦¦à¦®à¦¾à¦¨ à¦ªà¦à§à¦·, à¦¤à¦¾à¦°à¦¾ à¦¤à¦¾à¦¦à§à¦° à¦ªà§à¦°à¦¤à¦¿à¦ªà¦¾à¦²à¦à§à¦° à¦¬à§à¦¯à¦ªà¦¾à¦°à§ à¦¬à¦¿à¦¤à¦°à§à¦ à¦à¦°à¦à§",,,Sexual Harassments,Violence
"à¦¤à¦¿à¦¨à¦¿ à¦¬à¦²à§à¦¨, à¦à¦°à¦¾à¦ à¦¬à¦¦à¦°à§à¦° à¦¯à§à¦¦à§à¦§à§ à¦¸à¦°à§à¦¬à¦ªà§à¦°à¦¥à¦® à¦ªà§à¦°à¦¤à¦¿à¦ªà¦à§à¦·à§à¦° à¦¸à¦¾à¦¥à§ à¦¸à¦®à§à¦®à§à¦ à¦¯à§à¦¦à§à¦§à§ à¦à¦¬à¦¤à§à¦°à§à¦£ à¦¹à§à§à¦à¦¿à¦²à¥¤ à¦à¦°à§à¦¥à¦¾à§ à¦à¦²à§, à¦¹à¦¾à¦®à¦¯à¦¾ à¦ à¦à¦¬à¦¾à§à¦¦à¦¾, à¦¶à¦¾à§à¦¬à¦¾ à¦à¦¬à¦¨à§ à¦°à¦¾à¦¬à¦¿à§à¦¾, à¦à¦¤à¦¬à¦¾ à¦à¦¬à¦¨à§ à¦°à¦¾à¦¬à¦¿à§à¦¾ à¦à¦¬à¦ à¦à§à¦¾à¦²à¦¿à¦¦ à¦à¦¬à¦¨à§ à¦à¦¤à¦¬à¦¾à¥¤",,,Violence,Violence
"à¦¯à¦¾à¦°à¦¾ à¦¨à¦¿à¦à§à¦¦à§à¦° à¦¸à§à¦¤à§à¦°à§à¦° à¦ªà§à¦°à¦¤à¦¿ à¦à¦ªà¦¬à¦¾à¦¦ à¦à¦°à§à¦ª à¦à¦°à§, à¦à¦¥à¦ à¦¨à¦¿à¦à§à¦°à¦¾ à¦¬à§à¦¯à¦¤à§à¦¤ à¦¤à¦¾à¦¦à§à¦° à¦à§à¦¨ à¦¸à¦¾à¦à§à¦·à§ à¦¨à§à¦, à¦¤à¦¾à¦¦à§à¦° à¦ªà§à¦°à¦¤à§à¦¯à§à¦à§à¦° à¦¸à¦¾à¦à§à¦· à¦ à¦¹à¦¬à§ à¦¯à§, à¦¸à§ à¦à¦²à§à¦²à¦¾à¦¹à¦° à¦¨à¦¾à¦®à§ à¦à¦¾à¦°à¦¬à¦¾à¦° à¦¶à¦ªà¦¥ à¦à¦°à§ à¦¬à¦²à¦¬à§ à¦¯à§, à¦¸à§ à¦à¦¬à¦¶à§à¦¯à¦ à¦¸à¦¤à§à¦¯à¦¬à¦¾à¦¦à§",,,Sexual Harassments,Sexual Harassments
"à¦¤à¦¿à¦¨à¦¿ à¦à¦à¦²à¦¾à¦¨ à¦à§à¦¤à§à¦°à§à¦° à¦¸à¦°à§à¦¦à¦¾à¦°à¥¤ à¦à§à¦¾à¦à¦®à¦¿à¦° à¦¤à¦¾à¦à§ à¦¬à¦²à¦²à§à¦¨, à¦¤à§à¦®à¦°à¦¾ à¦ à¦¬à§à¦¯à¦¾à¦à§à¦¤à¦¿ à¦¸à¦®à§à¦ªà¦°à§à¦à§ à¦à¦¿ à¦¬à¦², à¦¯à§ à¦¤à¦¾à¦° à¦¸à§à¦¤à§à¦°à§à¦° à¦¸à¦¾à¦¥à§ à¦à¦¨à§à¦¯ à¦ªà§à¦°à§à¦· à¦¦à§à¦à¦¤à§ à¦ªà¦¾à§à¥¤ à¦¸à§à¦à¦¿ à¦¤à¦¾à¦à§ à¦¹à¦¤à§à¦¯à¦¾ à¦à¦°à¦¬à§? à¦à¦°à¦ªà¦° à¦¤à§ à¦¤à§à¦®à¦°à¦¾ à¦¤à¦¾à¦à§à¦ à¦¹à¦¤à§à¦¯à¦¾ à¦à¦°à¦¬à§ à¦à¦¥à¦¬à¦¾ à¦¸à§ à¦à¦¿ à¦à¦°à¦¬à§?",,,Sexual Harassments,Offensive
"à¦¤à¦¾à¦°à¦ªà¦° à¦à§à¦¾à¦à¦®à¦¿à¦° (à¦°à¦¾à¦) à¦¤à¦¾à¦à§ à¦ªà§à¦°à¦¶à§à¦¨ à¦à¦°à¦²à§à¦¨à¥¤ à¦¤à¦¿à¦¨à¦¿ à¦¬à¦²à§à¦¨, à¦°à¦¾à¦¸à§à¦²à§à¦²à§à¦²à¦¾à¦¹ à¦¸à¦¾à¦²à§à¦²à¦¾à¦²à§à¦²à¦¾à¦¹à§ à¦à¦²à¦¾à¦à¦¹à¦¿ à¦à§à¦¾à¦¸à¦¾à¦²à§à¦²à¦¾à¦® à¦ à¦§à¦°à¦¨à§à¦° à¦ªà§à¦°à¦¶à§à¦¨ à¦¨à¦¾-à¦ªà¦à¦¨à§à¦¦ à¦à¦°à§à¦à§à¦¨ à¦ à¦¦à§à¦·à¦£à§à§ à¦®à¦¨à§ à¦à¦°à§à¦à§à¦¨à¥¤ à¦¤à¦à¦¨ à¦à§à¦¾à¦à¦®à¦¿à¦° à¦¬à¦²à¦²à§à¦¨, à¦à¦²à§à¦²à¦¾à¦¹à¦° à¦¶à¦ªà¦¥! à¦à¦®à¦¿ à¦ à¦¬à¦¿à¦·à§à¦à¦¿ à¦°à¦¾à¦¸à§à¦²à§à¦²à§à¦²à¦¾à¦¹ à¦¸à¦¾à¦²à§à¦²à¦¾à¦²à§à¦²à¦¾à¦¹à§ à¦à¦²à¦¾à¦à¦¹à¦¿ à¦à§à¦¾à¦¸à¦¾à¦²à§à¦²à¦¾à¦® à¦à¦° à¦¨à¦¿à¦à¦ à¦à¦¿à¦à§à¦à§à¦¸ à¦¨à¦¾ à¦à¦°à¦¾ à¦ªà¦°à§à¦¯à¦¨à§à¦¤ à¦¬à¦¿à¦°à¦¤ à¦¹à¦¬à¦¨à¦¾à¥¤",,,Sexual Harassments,Sexual Harassments
à¦à§à¦¨ à¦¬à§à¦¯à¦¾à¦à§à¦¤à¦¿ à¦¤à¦¾à¦° à¦¸à§à¦¤à§à¦°à§à¦° à¦¸à¦¾à¦¥à§ à¦à¦¨à§à¦¯ à¦à¦à¦à¦¿ à¦ªà§à¦°à§à¦·à¦à§ à¦¦à§à¦à¦¤à§ à¦ªà§à¦²à§ à¦¸à§ à¦à¦¿ à¦¤à¦¾à¦à§ à¦¹à¦¤à§à¦¯à¦¾ à¦à¦°à¦¬à§? à¦¤à¦à¦¨ à¦¤à§ à¦à¦ªà¦¨à¦¾à¦°à¦¾ à¦¤à¦¾à¦à§ (à¦à¦¿à¦¸à¦¾à¦¸ à¦¸à§à¦¬à¦°à§à¦ª) à¦¹à¦¤à§à¦¯à¦¾ à¦à¦°à§ à¦«à§à¦²à¦¬à§à¦¨à¥¤ à¦à¦¥à¦¬à¦¾ à¦¸à§ à¦à¦¿ à¦à¦°à¦¬à§?,,,Sexual Harassments,Sexual Harassments
"à¦¤à¦à¦¨ à¦°à¦¾à¦¸à§à¦²à§à¦²à§à¦²à¦¾à¦¹ à¦¸à¦¾à¦²à§à¦²à¦¾à¦²à§à¦²à¦¾à¦¹à§ à¦à¦²à¦¾à¦à¦¹à¦¿ à¦à§à¦¾à¦¸à¦¾à¦²à§à¦²à¦¾à¦® à¦¬à¦²à¦²à§à¦¨, à¦¤à§à¦®à¦¾à¦° à¦ à¦¤à§à¦®à¦¾à¦° à¦¸à§à¦¤à§à¦°à§ à¦¸à¦®à§à¦ªà¦°à§à¦à§ à¦à¦²à§à¦²à¦¾à¦¹ à¦¤à¦¾âà¦à¦²à¦¾ à¦à§à¦°à¦à¦¨ à¦à¦¬à¦¤à§à¦°à§à¦£ à¦à¦°à§à¦à§à¦¨à¥¤ à¦°à¦¾à¦¸à§à¦²à§à¦²à§à¦²à¦¾à¦¹ à¦¸à¦¾à¦²à§à¦²à¦¾à¦²à§à¦²à¦¾à¦¹à§ à¦à¦²à¦¾à¦à¦¹à¦¿ à¦à§à¦¾à¦¸à¦¾à¦²à§à¦²à¦¾à¦® à¦¸à§à¦¬à¦¾à¦®à§ à¦¸à§à¦¤à§à¦°à§ à¦¦à§à¦à¦¨à¦à§ âà¦²à¦¿à§à¦¾à¦¨â à¦à¦°à¦¾à¦° à¦¨à¦¿à¦°à§à¦¦à§à¦¶ à¦¦à¦¿à¦²à§à¦¨, à¦¯à§à¦­à¦¾à¦¬à§ à¦à¦²à§à¦²à¦¾à¦¹ à¦¤à¦¾âà¦à¦²à¦¾ à¦¤à¦¾à¦° à¦à¦¿à¦¤à¦¾à¦¬à§ à¦à¦²à§à¦²à§à¦ à¦à¦°à§à¦à§à¦¨à¥¤",,,Sexual Harassments,Sexual Harassments
"à¦¤à¦¾à¦°à¦ªà¦° à¦à§à¦¾à¦à¦®à¦¿à¦° à¦¤à¦¾à¦° à¦¸à§à¦¤à§à¦°à§à¦° à¦¸à¦¾à¦¥à§ à¦²à¦¿à§à¦¾à¦¨ à¦à¦°à¦²à§à¦¨à¥¤ à¦à¦°à¦ªà¦° à¦¬à¦²à¦²à§à¦¨, à¦à§à¦¾ à¦°à¦¾à¦¸à§à¦²à¦¾à¦²à§à¦²à¦¾à¦¹! (à¦à¦°à¦ªà¦°à¦) à¦¯à¦¦à¦¿ à¦à¦®à¦¿ à¦¤à¦¾à¦à§ à¦°à¦¾à¦à¦¿ à¦¤à¦¬à§ à¦¤à¦¾à¦° à¦ªà§à¦°à¦¤à¦¿ à¦à¦®à¦¿ à¦à¦¾à¦²à¦¿à¦® à¦¹à¦¬à¥¤ à¦¤à¦¾à¦°à¦ªà¦° à¦¤à¦¿à¦¨à¦¿ à¦¤à¦¾à¦à§ à¦¤à¦¾à¦²à¦¾à¦ à¦¦à¦¿à§à§ à¦¦à¦¿à¦²à§à¦¨à¥¤ à¦à¦¤à¦à¦¬, à¦¤à¦¾à¦¦à§à¦° à¦ªà¦°à¦¬à¦°à§à¦¤à§ à¦²à§à¦à¦¦à§à¦° à¦à¦¨à§à¦¯, à¦¯à¦¾à¦°à¦¾ à¦ªà¦°à¦¸à§à¦ªà¦° âà¦²à¦¿à§à¦¾à¦¨â à¦à¦°à§, à¦à¦à¦ à¦¸à§à¦¨à§à¦¨à¦¤à§ à¦ªà¦°à¦¿à¦¨à¦¤ à¦¹à¦²à¥¤",,,Sexual Harassments,Offensive
"à¦°à¦¾à¦¸à§à¦²à§à¦²à§à¦²à¦¾à¦¹ à¦¸à¦¾à¦²à§à¦²à¦¾à¦²à§à¦²à¦¾à¦¹à§ à¦à¦²à¦¾à¦à¦¹à¦¿ à¦à§à¦¾à¦¸à¦¾à¦²à§à¦²à¦¾à¦® à¦¬à¦²à¦²à§à¦¨, à¦²à¦à§à¦·à§à¦¯ à¦à¦°, à¦¯à¦¦à¦¿ à¦®à¦¹à¦¿à¦²à¦¾à¦à¦¿ à¦à¦à¦à¦¿ à¦à¦¾à¦²à§ à¦¡à¦¾à¦à¦° à¦à¦à§à¦·à§, à¦¬à§ à¦ªà¦¾à¦à¦¾ à¦ à¦¬à§ à¦ªà¦¾ à¦¬à¦¿à¦¶à¦¿à¦·à§à¦ à¦¸à¦¨à§à¦¤à¦¾à¦¨ à¦à¦¨à§à¦® à¦¦à§à§, à¦¤à¦¬à§ à¦à¦®à¦¿ à¦®à¦¨à§ à¦à¦°à¦¬, à¦à§à¦¾à¦à¦®à¦¿à¦°à¦ à¦¤à¦¾à¦° à¦¸à¦®à§à¦ªà¦°à§à¦à§ à¦¸à¦¤à§à¦¯ à¦¬à¦²à§à¦à§à¥¤ à¦à¦¬à¦ à¦¯à¦¦à¦¿ à¦¸à§ à¦²à¦¾à¦² à¦à¦¿à¦°à¦à¦¿à¦à¦¿à¦° à¦®à¦¤ à¦à¦à¦à¦¿ à¦²à¦¾à¦² à¦¬à¦°à§à¦£à§à¦° à¦¸à¦¨à§à¦¤à¦¾à¦¨ à¦ªà§à¦°à¦¸à¦¬ à¦à¦°à§ à¦¤à¦¬à§ à¦à¦®à¦¿ à¦®à¦¨à§ à¦à¦°à¦¬, à¦à§à¦¾à¦à¦®à¦¿à¦° à¦¤à¦¾à¦° à¦¸à¦®à§à¦ªà¦°à§à¦à§ à¦®à¦¿à¦¥à§à¦¯à¦¾ à¦¬à¦²à§à¦à§à¥¤",,,Offensive,Offensive
"à¦à¦°à¦ªà¦° à¦¸à§ à¦à¦®à¦¨ à¦à¦à¦à¦¿ à¦¸à¦¨à§à¦¤à¦¾à¦¨ à¦ªà§à¦°à¦¸à¦¬ à¦à¦°à¦², à¦¯à¦¾à¦° à¦à§à¦¨à¦¾à¦¬à¦²à¦¿ à¦°à¦¾à¦¸à§à¦²à§à¦²à§à¦²à¦¾à¦¹ à¦¸à¦¾à¦²à§à¦²à¦¾à¦²à§à¦²à¦¾à¦¹à§ à¦à¦²à¦¾à¦à¦¹à¦¿ à¦à§à¦¾à¦¸à¦¾à¦²à§à¦²à¦¾à¦® à¦à§à¦¾à¦à¦®à¦¿à¦° à¦¸à¦¤à§à¦¯à¦¬à¦¾à¦¦à§ à¦¹à¦à§à¦¾à¦° à¦ªà¦à§à¦·à§ à¦¬à¦²à§à¦à¦¿à¦²à§à¦¨à¥¤ à¦¤à¦¾à¦°à¦ªà¦° à¦¸à¦¨à§à¦¤à¦¾à¦¨à¦à¦¿à¦à§ à¦®à¦¾à§à§à¦° à¦¦à¦¿à¦à§ à¦¸à¦®à§à¦ªà§à¦à§à¦¤ à¦à¦°à§ à¦ªà¦°à¦¿à¦à§ à¦¦à§à¦à§à¦¾ à¦¹à¦¤à¥¤",,,Sexual Harassments,Sexual Harassments
à¦à¦ à¦¬à§à¦¯à¦¾à¦à§à¦¤à¦¿ à¦°à¦¾à¦¸à§à¦²à§à¦²à§à¦²à¦¾à¦¹ à¦¸à¦¾à¦²à§à¦²à¦¾à¦²à§à¦²à¦¾à¦¹à§ à¦à¦²à¦¾à¦à¦¹à¦¿ à¦à§à¦¾à¦¸à¦¾à¦²à§à¦²à¦¾à¦® à¦à¦° à¦¯à§à¦à§ à¦¤à¦¾à¦° à¦¸à§à¦¤à§à¦°à§à¦° à¦à¦ªà¦° (à¦¯à§à¦¨à¦¾à¦°) à¦à¦­à¦¿à¦¯à§à¦ à¦à¦¨à§ à¦à¦¬à¦ à¦¸à§ à¦¤à¦¾à¦° à¦¸à§à¦¤à§à¦°à§ à¦¸à¦¨à§à¦¤à¦¾à¦¨à§à¦° à¦à¦¸à§à¦¬à§à¦à¦¾à¦° à¦à¦°à§à¥¤ à¦°à¦¾à¦¸à§à¦² à¦¸à¦¾à¦²à§à¦²à¦¾à¦²à§à¦²à¦¾à¦¹à§ à¦à¦²à¦¾à¦à¦¹à¦¿ à¦à§à¦¾à¦¸à¦¾à¦²à§à¦²à¦¾à¦® à¦à¦­à§à¦à§ à¦²à¦¿à§à¦¾à¦¨ à¦à¦°à¦¤à§ à¦à¦¦à§à¦¶ à¦¦à§à¦¨à¥¤,,,Sexual Harassments,Sexual Harassments
"à¦¯à¦¾à¦°à¦¾ à¦ à¦à¦ªà¦¬à¦¾à¦¦ à¦°à¦à¦¨à¦¾ à¦à¦°à§à¦à§ , à¦¤à¦¾à¦°à¦¾ à¦¤à§ à¦¤à§à¦®à¦¾à¦¦à§à¦°à¦ à¦à¦à¦à¦¿ à¦¦à¦²; à¦à¦à§ à¦¤à§à¦®à¦°à¦¾ à¦¤à§à¦®à¦¾à¦¦à§à¦° à¦à¦¨à§à¦¯ à¦à¦¨à¦¿à¦·à§à¦à¦à¦° à¦®à¦¨à§ à¦à¦°à§à¦¨à¦¾; à¦¬à¦°à¦ à¦ à¦¤à§ à¦¤à§à¦®à¦¾à¦¦à§à¦° à¦à¦¨à§à¦¯ à¦à¦²à§à¦¯à¦¾à¦£à¦à¦°à¥¤ à¦¤à¦¾à¦¦à§à¦° à¦ªà§à¦°à¦¤à§à¦¯à§à¦à§à¦° à¦à¦¨à§à¦¯ à¦à¦à§ à¦¤à¦¾à¦¦à§à¦° à¦à§à¦¤ à¦ªà¦¾à¦ªà¦à¦°à§à¦®à§à¦° à¦«à¦² à¦à¦¬à¦ à¦¤à¦¾à¦¦à§à¦° à¦®à¦§à§à¦¯à§ à¦¯à§ à¦ à¦¬à§à¦¯à¦¾à¦ªà¦¾à¦°à§ à¦ªà§à¦°à¦§à¦¾à¦¨ à¦­à§à¦®à¦¿à¦à¦¾ à¦ªà¦¾à¦²à¦¨ à¦à¦°à§à¦à§, à¦¤à¦¾à¦° à¦à¦¨à§à¦¯ à¦à¦à§ à¦à¦ à¦¿à¦¨ à¦¶à¦¾à¦¸à§à¦¤à¦¿",,,Sexual Harassments,Sexual Harassments
"à¦¯à§ à¦ à¦à¦ªà¦¬à¦¾à¦¦à§à¦° à¦ªà§à¦°à¦§à¦¾à¦¨ à¦­à§à¦®à¦¿à¦à¦¾ à¦¨à¦¿à§à§à¦à¦¿à¦², à¦¸à§ à¦¹à¦² à¦à¦¬à¦¦à§à¦²à§à¦²à¦¾à¦¹ à¦à¦¬à¦¨à§ à¦à¦¬à¦¾à§à¥¤ à¦¯à¦à¦¨ à¦¤à§à¦®à¦°à¦¾ à¦¤à¦¾ à¦¶à§à¦°à¦¬à¦¨ à¦à¦°à¦²à§, à¦¤à¦à¦¨ à¦à§à¦¨ à¦¬à¦²à¦²à§ à¦¨à¦¾, à¦ à¦¬à¦¿à¦·à§à§ à¦¬à¦²à¦¾à¦¬à¦²à¦¿ à¦à¦°à¦¾ à¦à¦®à¦¾à¦¦à§à¦° à¦à¦à¦¿à¦¤ à¦¨à§à¥¤",,,Sexual Harassments,Violence
"à¦°à¦¾à¦¸à§à¦²à§à¦²à§à¦²à¦¾à¦¹ à¦¸à¦¾à¦²à§à¦²à¦¾à¦²à§à¦²à¦¾à¦¹à§ à¦à¦²à¦¾à¦à¦¹à¦¿ à¦à§à¦¾à¦¸à¦¾à¦²à§à¦²à¦¾à¦® à¦¯à¦à¦¨ à¦à¦¥à¦¾à¦ à¦¸à¦«à¦°à§ à¦¬à§à¦° à¦¹à¦¤à§à¦¨, à¦¤à¦à¦¨ à¦¤à¦¿à¦¨à¦¿ à¦¤à¦¾à¦° à¦¸à§à¦¤à§à¦°à§ à¦à¦¨à§à¦° à¦®à¦§à§à¦¯à§ à¦²à¦à¦¾à¦°à¦¿ à¦¦à¦¿à¦¤à§à¦¨à¥¤ à¦à¦¤à§ à¦¯à¦¾à¦° à¦¨à¦¾à¦® à¦à¦ à¦¤, à¦¤à¦¾à¦à¦à§ à¦¸à¦à§à¦à§ à¦¨à¦¿à§à§ à¦°à¦¾à¦¸à§à¦²à§à¦²à§à¦²à¦¾à¦¹ à¦¸à¦¾à¦²à§à¦²à¦¾à¦²à§à¦²à¦¾à¦¹à§ à¦à¦²à¦¾à¦à¦¹à¦¿ à¦à§à¦¾à¦¸à¦¾à¦²à§à¦²à¦¾à¦® à¦¬à§à¦° à¦¹à¦¤à§à¦¨à¥¤",,,Sexual Harassments,Violence
", à¦à§à¦¨ à¦à¦ à¦¯à§à¦¦à§à¦§à§ à¦¯à¦¾à¦à§à¦¾à¦° à¦¸à¦®à§ à¦à¦®à¦¾à¦¦à§à¦° à¦®à¦§à§à¦¯à§ à¦²à¦à¦¾à¦°à¦¿ à¦¦à¦¿à¦²à§à¦¨à¥¤ à¦¤à¦¾à¦¤à§ à¦à¦®à¦¾à¦° à¦¨à¦¾à¦® à¦à¦ à¦²à¥¤ à¦à¦®à¦¿ à¦°à¦¾à¦¸à§à¦²à§à¦²à§à¦²à¦¾à¦¹ à¦¸à¦¾à¦²à§à¦²à¦¾à¦²à§à¦²à¦¾à¦¹à§ à¦à¦²à¦¾à¦à¦¹à¦¿ à¦à§à¦¾à¦¸à¦¾à¦²à§à¦²à¦¾à¦® à¦à¦° à¦¸à¦à§à¦à§ à¦¬à§à¦° à¦¹à¦²à¦¾à¦®, à¦ªà¦°à§à¦¦à¦¾à¦° à¦à§à¦¾à¦¤ à¦à¦¬à¦¤à§à¦°à§à¦£ à¦¹à¦à§à¦¾à¦° à¦ªà¦°à§",,,Violence,Violence
à¦à¦¸à¦²à¦¾à¦®à§ à¦«à¦¿à¦à¦¾à¦¹à¦¬à¦¿à¦¦à¦¦à§à¦° à¦¸à¦°à§à¦¬à¦¸à¦®à§à¦®à¦¤à¦¿à¦à§à¦°à¦®à§ à¦¦à¦¾à§à¦¿ à¦¬à¦²à¦¾ à¦¹à§â à¦¦à§à¦ à¦à§à§à¦¾à¦²à§à¦° à¦¦à¦¾à¦à¦¤à¦¬à¦¿à¦¶à¦¿à¦·à§à¦ à¦¹à¦¾à§à§à¦° à¦à¦ªà¦° à¦à¦à¦¾à¦¨à§ à¦ªà¦¶à¦® à¦à¦¬à¦ à¦à¦¾à¦¨ à¦ à¦à§à¦à§à¦° à¦®à¦§à§à¦¯à¦¬à¦°à§à¦¤à§ à¦¸à§à¦¥à¦¾à¦¨à§ à¦à¦à¦¾à¦¨à§ à¦¸à¦¾à¦°à¦¿à¦¬à¦¦à§à¦§ à¦ªà¦¶à¦®à¦à§,,,Sexual Harassments,Violence
"à¦¸à§à¦¸à§à¦¬à¦¾à¦¦à§ à¦à¦¾à¦¬à¦¾à¦° à¦¹à¦¿à¦¸à§à¦¬à§à¦ à¦à¦°à¦à§à¦¶à§à¦° à¦à§à¦¶à¦¤à§à¦° à¦¬à§à¦¶ à¦¸à§à¦¨à¦¾à¦® à¦°à§à§à¦à§à¥¤ à¦°à¦¾à¦¸à§à¦² à¦¸à¦¾à¦²à§à¦²à¦¾à¦²à§à¦²à¦¾à¦¹à§ à¦à¦²à¦¾à¦à¦¹à¦¿ à¦à§à¦¾à¦¸à¦¾à¦²à§à¦²à¦¾à¦®à§à¦° à¦¯à§à¦à§ à¦¸à¦¾à¦¹à¦¾à¦¬à¦¿à¦°à¦¾ à¦à¦° à¦à§à¦¶à¦¤ à¦à§à§à§à¦à§à¦¨, à¦°à¦¾à¦¸à§à¦² à¦¸à¦¾.-à¦à§ à¦à¦ªà¦¹à¦¾à¦° à¦¦à¦¿à§à§à¦à§à¦¨, à¦¤à¦¿à¦¨à¦¿à¦ à¦à§à§à§à¦à§à¦¨ à¦¬à¦²à§ à¦¹à¦¾à¦¦à¦¿à¦¸à§ à¦¬à¦°à§à¦£à¦¿à¦¤ à¦¹à§à§à¦à§à¥¤",,,Sexual Harassments,Violence
